time,electricity
2015-01-01 00:00,0.844
2015-01-01 01:00,0.833
2015-01-01 02:00,0.803
2015-01-01 03:00,0.748
2015-01-01 04:00,0.770
2015-01-01 05:00,0.775
2015-01-01 06:00,0.808
2015-01-01 07:00,0.872
2015-01-01 08:00,0.883
2015-01-01 09:00,0.873
2015-01-01 10:00,0.916
2015-01-01 11:00,0.962
2015-01-01 12:00,0.984
2015-01-01 13:00,0.990
2015-01-01 14:00,0.992
2015-01-01 15:00,0.990
2015-01-01 16:00,0.988
2015-01-01 17:00,0.985
2015-01-01 18:00,0.983
2015-01-01 19:00,0.984
2015-01-01 20:00,0.985
2015-01-01 21:00,0.984
2015-01-01 22:00,0.984
2015-01-01 23:00,0.988
2015-01-02 00:00,0.988
2015-01-02 01:00,0.984
2015-01-02 02:00,0.977
2015-01-02 03:00,0.969
2015-01-02 04:00,0.957
2015-01-02 05:00,0.950
2015-01-02 06:00,0.944
2015-01-02 07:00,0.942
2015-01-02 08:00,0.941
2015-01-02 09:00,0.938
2015-01-02 10:00,0.938
2015-01-02 11:00,0.946
2015-01-02 12:00,0.946
2015-01-02 13:00,0.944
2015-01-02 14:00,0.925
2015-01-02 15:00,0.878
2015-01-02 16:00,0.816
2015-01-02 17:00,0.743
2015-01-02 18:00,0.692
2015-01-02 19:00,0.686
2015-01-02 20:00,0.694
2015-01-02 21:00,0.694
2015-01-02 22:00,0.692
2015-01-02 23:00,0.703
2015-01-03 00:00,0.708
2015-01-03 01:00,0.711
2015-01-03 02:00,0.704
2015-01-03 03:00,0.670
2015-01-03 04:00,0.614
2015-01-03 05:00,0.489
2015-01-03 06:00,0.374
2015-01-03 07:00,0.248
2015-01-03 08:00,0.155
2015-01-03 09:00,0.078
2015-01-03 10:00,0.036
2015-01-03 11:00,0.026
2015-01-03 12:00,0.044
2015-01-03 13:00,0.110
2015-01-03 14:00,0.195
2015-01-03 15:00,0.300
2015-01-03 16:00,0.409
2015-01-03 17:00,0.460
2015-01-03 18:00,0.483
2015-01-03 19:00,0.473
2015-01-03 20:00,0.439
2015-01-03 21:00,0.406
2015-01-03 22:00,0.364
2015-01-03 23:00,0.336
2015-01-04 00:00,0.336
2015-01-04 01:00,0.352
2015-01-04 02:00,0.352
2015-01-04 03:00,0.315
2015-01-04 04:00,0.260
2015-01-04 05:00,0.209
2015-01-04 06:00,0.174
2015-01-04 07:00,0.162
2015-01-04 08:00,0.177
2015-01-04 09:00,0.204
2015-01-04 10:00,0.184
2015-01-04 11:00,0.149
2015-01-04 12:00,0.149
2015-01-04 13:00,0.182
2015-01-04 14:00,0.276
2015-01-04 15:00,0.418
2015-01-04 16:00,0.463
2015-01-04 17:00,0.393
2015-01-04 18:00,0.317
2015-01-04 19:00,0.268
2015-01-04 20:00,0.259
2015-01-04 21:00,0.272
2015-01-04 22:00,0.294
2015-01-04 23:00,0.321
2015-01-05 00:00,0.355
2015-01-05 01:00,0.390
2015-01-05 02:00,0.410
2015-01-05 03:00,0.417
2015-01-05 04:00,0.394
2015-01-05 05:00,0.377
2015-01-05 06:00,0.370
2015-01-05 07:00,0.351
2015-01-05 08:00,0.321
2015-01-05 09:00,0.290
2015-01-05 10:00,0.281
2015-01-05 11:00,0.271
2015-01-05 12:00,0.272
2015-01-05 13:00,0.276
2015-01-05 14:00,0.298
2015-01-05 15:00,0.351
2015-01-05 16:00,0.382
2015-01-05 17:00,0.397
2015-01-05 18:00,0.406
2015-01-05 19:00,0.413
2015-01-05 20:00,0.439
2015-01-05 21:00,0.430
2015-01-05 22:00,0.418
2015-01-05 23:00,0.461
2015-01-06 00:00,0.469
2015-01-06 01:00,0.441
2015-01-06 02:00,0.440
2015-01-06 03:00,0.483
2015-01-06 04:00,0.643
2015-01-06 05:00,0.666
2015-01-06 06:00,0.747
2015-01-06 07:00,0.769
2015-01-06 08:00,0.774
2015-01-06 09:00,0.741
2015-01-06 10:00,0.758
2015-01-06 11:00,0.764
2015-01-06 12:00,0.722
2015-01-06 13:00,0.707
2015-01-06 14:00,0.676
2015-01-06 15:00,0.645
2015-01-06 16:00,0.594
2015-01-06 17:00,0.556
2015-01-06 18:00,0.574
2015-01-06 19:00,0.566
2015-01-06 20:00,0.489
2015-01-06 21:00,0.463
2015-01-06 22:00,0.472
2015-01-06 23:00,0.481
2015-01-07 00:00,0.473
2015-01-07 01:00,0.486
2015-01-07 02:00,0.493
2015-01-07 03:00,0.468
2015-01-07 04:00,0.489
2015-01-07 05:00,0.492
2015-01-07 06:00,0.546
2015-01-07 07:00,0.625
2015-01-07 08:00,0.692
2015-01-07 09:00,0.748
2015-01-07 10:00,0.818
2015-01-07 11:00,0.869
2015-01-07 12:00,0.910
2015-01-07 13:00,0.959
2015-01-07 14:00,0.959
2015-01-07 15:00,0.963
2015-01-07 16:00,0.969
2015-01-07 17:00,0.972
2015-01-07 18:00,0.972
2015-01-07 19:00,0.968
2015-01-07 20:00,0.961
2015-01-07 21:00,0.940
2015-01-07 22:00,0.909
2015-01-07 23:00,0.874
2015-01-08 00:00,0.833
2015-01-08 01:00,0.817
2015-01-08 02:00,0.817
2015-01-08 03:00,0.809
2015-01-08 04:00,0.795
2015-01-08 05:00,0.774
2015-01-08 06:00,0.754
2015-01-08 07:00,0.705
2015-01-08 08:00,0.593
2015-01-08 09:00,0.513
2015-01-08 10:00,0.487
2015-01-08 11:00,0.507
2015-01-08 12:00,0.580
2015-01-08 13:00,0.577
2015-01-08 14:00,0.580
2015-01-08 15:00,0.604
2015-01-08 16:00,0.613
2015-01-08 17:00,0.607
2015-01-08 18:00,0.562
2015-01-08 19:00,0.539
2015-01-08 20:00,0.602
2015-01-08 21:00,0.692
2015-01-08 22:00,0.799
2015-01-08 23:00,0.907
2015-01-09 00:00,0.984
2015-01-09 01:00,0.992
2015-01-09 02:00,0.993
2015-01-09 03:00,0.993
2015-01-09 04:00,0.993
2015-01-09 05:00,0.990
2015-01-09 06:00,0.985
2015-01-09 07:00,0.981
2015-01-09 08:00,0.976
2015-01-09 09:00,0.958
2015-01-09 10:00,0.938
2015-01-09 11:00,0.924
2015-01-09 12:00,0.899
2015-01-09 13:00,0.901
2015-01-09 14:00,0.961
2015-01-09 15:00,0.993
2015-01-09 16:00,0.987
2015-01-09 17:00,0.992
2015-01-09 18:00,0.993
2015-01-09 19:00,0.993
2015-01-09 20:00,0.993
2015-01-09 21:00,0.992
2015-01-09 22:00,0.993
2015-01-09 23:00,0.993
2015-01-10 00:00,0.993
2015-01-10 01:00,0.993
2015-01-10 02:00,0.993
2015-01-10 03:00,0.993
2015-01-10 04:00,0.992
2015-01-10 05:00,0.987
2015-01-10 06:00,0.988
2015-01-10 07:00,0.990
2015-01-10 08:00,0.993
2015-01-10 09:00,0.993
2015-01-10 10:00,0.993
2015-01-10 11:00,0.993
2015-01-10 12:00,0.991
2015-01-10 13:00,0.987
2015-01-10 14:00,0.978
2015-01-10 15:00,0.959
2015-01-10 16:00,0.947
2015-01-10 17:00,0.941
2015-01-10 18:00,0.939
2015-01-10 19:00,0.935
2015-01-10 20:00,0.925
2015-01-10 21:00,0.926
2015-01-10 22:00,0.933
2015-01-10 23:00,0.939
2015-01-11 00:00,0.945
2015-01-11 01:00,0.943
2015-01-11 02:00,0.939
2015-01-11 03:00,0.943
2015-01-11 04:00,0.946
2015-01-11 05:00,0.942
2015-01-11 06:00,0.940
2015-01-11 07:00,0.937
2015-01-11 08:00,0.933
2015-01-11 09:00,0.932
2015-01-11 10:00,0.937
2015-01-11 11:00,0.952
2015-01-11 12:00,0.961
2015-01-11 13:00,0.965
2015-01-11 14:00,0.966
2015-01-11 15:00,0.963
2015-01-11 16:00,0.957
2015-01-11 17:00,0.950
2015-01-11 18:00,0.939
2015-01-11 19:00,0.931
2015-01-11 20:00,0.929
2015-01-11 21:00,0.932
2015-01-11 22:00,0.936
2015-01-11 23:00,0.946
2015-01-12 00:00,0.961
2015-01-12 01:00,0.974
2015-01-12 02:00,0.983
2015-01-12 03:00,0.989
2015-01-12 04:00,0.991
2015-01-12 05:00,0.991
2015-01-12 06:00,0.986
2015-01-12 07:00,0.989
2015-01-12 08:00,0.988
2015-01-12 09:00,0.982
2015-01-12 10:00,0.970
2015-01-12 11:00,0.955
2015-01-12 12:00,0.926
2015-01-12 13:00,0.888
2015-01-12 14:00,0.815
2015-01-12 15:00,0.705
2015-01-12 16:00,0.590
2015-01-12 17:00,0.502
2015-01-12 18:00,0.479
2015-01-12 19:00,0.454
2015-01-12 20:00,0.421
2015-01-12 21:00,0.410
2015-01-12 22:00,0.432
2015-01-12 23:00,0.473
2015-01-13 00:00,0.501
2015-01-13 01:00,0.522
2015-01-13 02:00,0.554
2015-01-13 03:00,0.621
2015-01-13 04:00,0.712
2015-01-13 05:00,0.689
2015-01-13 06:00,0.654
2015-01-13 07:00,0.621
2015-01-13 08:00,0.582
2015-01-13 09:00,0.473
2015-01-13 10:00,0.346
2015-01-13 11:00,0.403
2015-01-13 12:00,0.536
2015-01-13 13:00,0.562
2015-01-13 14:00,0.650
2015-01-13 15:00,0.772
2015-01-13 16:00,0.774
2015-01-13 17:00,0.738
2015-01-13 18:00,0.688
2015-01-13 19:00,0.612
2015-01-13 20:00,0.618
2015-01-13 21:00,0.620
2015-01-13 22:00,0.612
2015-01-13 23:00,0.590
2015-01-14 00:00,0.581
2015-01-14 01:00,0.588
2015-01-14 02:00,0.594
2015-01-14 03:00,0.563
2015-01-14 04:00,0.524
2015-01-14 05:00,0.553
2015-01-14 06:00,0.574
2015-01-14 07:00,0.542
2015-01-14 08:00,0.523
2015-01-14 09:00,0.555
2015-01-14 10:00,0.665
2015-01-14 11:00,0.769
2015-01-14 12:00,0.802
2015-01-14 13:00,0.781
2015-01-14 14:00,0.767
2015-01-14 15:00,0.759
2015-01-14 16:00,0.826
2015-01-14 17:00,0.911
2015-01-14 18:00,0.962
2015-01-14 19:00,0.986
2015-01-14 20:00,0.992
2015-01-14 21:00,0.993
2015-01-14 22:00,0.992
2015-01-14 23:00,0.992
2015-01-15 00:00,0.992
2015-01-15 01:00,0.988
2015-01-15 02:00,0.966
2015-01-15 03:00,0.930
2015-01-15 04:00,0.924
2015-01-15 05:00,0.933
2015-01-15 06:00,0.931
2015-01-15 07:00,0.935
2015-01-15 08:00,0.944
2015-01-15 09:00,0.950
2015-01-15 10:00,0.956
2015-01-15 11:00,0.964
2015-01-15 12:00,0.975
2015-01-15 13:00,0.980
2015-01-15 14:00,0.984
2015-01-15 15:00,0.989
2015-01-15 16:00,0.992
2015-01-15 17:00,0.993
2015-01-15 18:00,0.993
2015-01-15 19:00,0.993
2015-01-15 20:00,0.990
2015-01-15 21:00,0.985
2015-01-15 22:00,0.978
2015-01-15 23:00,0.965
2015-01-16 00:00,0.941
2015-01-16 01:00,0.907
2015-01-16 02:00,0.838
2015-01-16 03:00,0.769
2015-01-16 04:00,0.726
2015-01-16 05:00,0.669
2015-01-16 06:00,0.609
2015-01-16 07:00,0.572
2015-01-16 08:00,0.562
2015-01-16 09:00,0.462
2015-01-16 10:00,0.376
2015-01-16 11:00,0.460
2015-01-16 12:00,0.542
2015-01-16 13:00,0.511
2015-01-16 14:00,0.499
2015-01-16 15:00,0.524
2015-01-16 16:00,0.534
2015-01-16 17:00,0.542
2015-01-16 18:00,0.536
2015-01-16 19:00,0.549
2015-01-16 20:00,0.581
2015-01-16 21:00,0.600
2015-01-16 22:00,0.612
2015-01-16 23:00,0.603
2015-01-17 00:00,0.588
2015-01-17 01:00,0.572
2015-01-17 02:00,0.578
2015-01-17 03:00,0.582
2015-01-17 04:00,0.551
2015-01-17 05:00,0.547
2015-01-17 06:00,0.539
2015-01-17 07:00,0.559
2015-01-17 08:00,0.524
2015-01-17 09:00,0.492
2015-01-17 10:00,0.418
2015-01-17 11:00,0.452
2015-01-17 12:00,0.459
2015-01-17 13:00,0.483
2015-01-17 14:00,0.523
2015-01-17 15:00,0.536
2015-01-17 16:00,0.497
2015-01-17 17:00,0.458
2015-01-17 18:00,0.429
2015-01-17 19:00,0.394
2015-01-17 20:00,0.361
2015-01-17 21:00,0.324
2015-01-17 22:00,0.297
2015-01-17 23:00,0.268
2015-01-18 00:00,0.248
2015-01-18 01:00,0.227
2015-01-18 02:00,0.220
2015-01-18 03:00,0.205
2015-01-18 04:00,0.181
2015-01-18 05:00,0.148
2015-01-18 06:00,0.135
2015-01-18 07:00,0.131
2015-01-18 08:00,0.134
2015-01-18 09:00,0.140
2015-01-18 10:00,0.157
2015-01-18 11:00,0.181
2015-01-18 12:00,0.257
2015-01-18 13:00,0.380
2015-01-18 14:00,0.493
2015-01-18 15:00,0.586
2015-01-18 16:00,0.651
2015-01-18 17:00,0.662
2015-01-18 18:00,0.634
2015-01-18 19:00,0.565
2015-01-18 20:00,0.530
2015-01-18 21:00,0.514
2015-01-18 22:00,0.436
2015-01-18 23:00,0.387
2015-01-19 00:00,0.374
2015-01-19 01:00,0.378
2015-01-19 02:00,0.340
2015-01-19 03:00,0.352
2015-01-19 04:00,0.331
2015-01-19 05:00,0.299
2015-01-19 06:00,0.256
2015-01-19 07:00,0.215
2015-01-19 08:00,0.194
2015-01-19 09:00,0.151
2015-01-19 10:00,0.116
2015-01-19 11:00,0.102
2015-01-19 12:00,0.104
2015-01-19 13:00,0.110
2015-01-19 14:00,0.117
2015-01-19 15:00,0.142
2015-01-19 16:00,0.158
2015-01-19 17:00,0.141
2015-01-19 18:00,0.111
2015-01-19 19:00,0.079
2015-01-19 20:00,0.056
2015-01-19 21:00,0.047
2015-01-19 22:00,0.046
2015-01-19 23:00,0.047
2015-01-20 00:00,0.052
2015-01-20 01:00,0.057
2015-01-20 02:00,0.063
2015-01-20 03:00,0.069
2015-01-20 04:00,0.069
2015-01-20 05:00,0.062
2015-01-20 06:00,0.056
2015-01-20 07:00,0.065
2015-01-20 08:00,0.100
2015-01-20 09:00,0.113
2015-01-20 10:00,0.119
2015-01-20 11:00,0.162
2015-01-20 12:00,0.204
2015-01-20 13:00,0.214
2015-01-20 14:00,0.201
2015-01-20 15:00,0.246
2015-01-20 16:00,0.335
2015-01-20 17:00,0.379
2015-01-20 18:00,0.390
2015-01-20 19:00,0.416
2015-01-20 20:00,0.452
2015-01-20 21:00,0.430
2015-01-20 22:00,0.466
2015-01-20 23:00,0.497
2015-01-21 00:00,0.551
2015-01-21 01:00,0.589
2015-01-21 02:00,0.595
2015-01-21 03:00,0.576
2015-01-21 04:00,0.587
2015-01-21 05:00,0.534
2015-01-21 06:00,0.481
2015-01-21 07:00,0.446
2015-01-21 08:00,0.432
2015-01-21 09:00,0.393
2015-01-21 10:00,0.335
2015-01-21 11:00,0.321
2015-01-21 12:00,0.304
2015-01-21 13:00,0.256
2015-01-21 14:00,0.222
2015-01-21 15:00,0.235
2015-01-21 16:00,0.260
2015-01-21 17:00,0.246
2015-01-21 18:00,0.221
2015-01-21 19:00,0.194
2015-01-21 20:00,0.181
2015-01-21 21:00,0.170
2015-01-21 22:00,0.156
2015-01-21 23:00,0.134
2015-01-22 00:00,0.105
2015-01-22 01:00,0.090
2015-01-22 02:00,0.079
2015-01-22 03:00,0.065
2015-01-22 04:00,0.058
2015-01-22 05:00,0.058
2015-01-22 06:00,0.056
2015-01-22 07:00,0.054
2015-01-22 08:00,0.049
2015-01-22 09:00,0.034
2015-01-22 10:00,0.028
2015-01-22 11:00,0.049
2015-01-22 12:00,0.065
2015-01-22 13:00,0.063
2015-01-22 14:00,0.055
2015-01-22 15:00,0.055
2015-01-22 16:00,0.058
2015-01-22 17:00,0.069
2015-01-22 18:00,0.082
2015-01-22 19:00,0.095
2015-01-22 20:00,0.115
2015-01-22 21:00,0.139
2015-01-22 22:00,0.172
2015-01-22 23:00,0.218
2015-01-23 00:00,0.255
2015-01-23 01:00,0.285
2015-01-23 02:00,0.314
2015-01-23 03:00,0.325
2015-01-23 04:00,0.348
2015-01-23 05:00,0.342
2015-01-23 06:00,0.339
2015-01-23 07:00,0.370
2015-01-23 08:00,0.423
2015-01-23 09:00,0.430
2015-01-23 10:00,0.499
2015-01-23 11:00,0.611
2015-01-23 12:00,0.640
2015-01-23 13:00,0.697
2015-01-23 14:00,0.730
2015-01-23 15:00,0.791
2015-01-23 16:00,0.815
2015-01-23 17:00,0.837
2015-01-23 18:00,0.864
2015-01-23 19:00,0.817
2015-01-23 20:00,0.735
2015-01-23 21:00,0.729
2015-01-23 22:00,0.675
2015-01-23 23:00,0.683
2015-01-24 00:00,0.704
2015-01-24 01:00,0.705
2015-01-24 02:00,0.709
2015-01-24 03:00,0.721
2015-01-24 04:00,0.731
2015-01-24 05:00,0.739
2015-01-24 06:00,0.735
2015-01-24 07:00,0.713
2015-01-24 08:00,0.679
2015-01-24 09:00,0.581
2015-01-24 10:00,0.510
2015-01-24 11:00,0.487
2015-01-24 12:00,0.476
2015-01-24 13:00,0.483
2015-01-24 14:00,0.510
2015-01-24 15:00,0.574
2015-01-24 16:00,0.640
2015-01-24 17:00,0.645
2015-01-24 18:00,0.646
2015-01-24 19:00,0.645
2015-01-24 20:00,0.634
2015-01-24 21:00,0.628
2015-01-24 22:00,0.629
2015-01-24 23:00,0.629
2015-01-25 00:00,0.609
2015-01-25 01:00,0.599
2015-01-25 02:00,0.571
2015-01-25 03:00,0.549
2015-01-25 04:00,0.538
2015-01-25 05:00,0.529
2015-01-25 06:00,0.533
2015-01-25 07:00,0.544
2015-01-25 08:00,0.528
2015-01-25 09:00,0.462
2015-01-25 10:00,0.416
2015-01-25 11:00,0.413
2015-01-25 12:00,0.546
2015-01-25 13:00,0.581
2015-01-25 14:00,0.601
2015-01-25 15:00,0.666
2015-01-25 16:00,0.658
2015-01-25 17:00,0.647
2015-01-25 18:00,0.625
2015-01-25 19:00,0.606
2015-01-25 20:00,0.600
2015-01-25 21:00,0.613
2015-01-25 22:00,0.606
2015-01-25 23:00,0.625
2015-01-26 00:00,0.689
2015-01-26 01:00,0.739
2015-01-26 02:00,0.719
2015-01-26 03:00,0.677
2015-01-26 04:00,0.568
2015-01-26 05:00,0.628
2015-01-26 06:00,0.653
2015-01-26 07:00,0.628
2015-01-26 08:00,0.594
2015-01-26 09:00,0.567
2015-01-26 10:00,0.678
2015-01-26 11:00,0.797
2015-01-26 12:00,0.815
2015-01-26 13:00,0.813
2015-01-26 14:00,0.791
2015-01-26 15:00,0.764
2015-01-26 16:00,0.744
2015-01-26 17:00,0.680
2015-01-26 18:00,0.646
2015-01-26 19:00,0.588
2015-01-26 20:00,0.561
2015-01-26 21:00,0.536
2015-01-26 22:00,0.476
2015-01-26 23:00,0.417
2015-01-27 00:00,0.380
2015-01-27 01:00,0.366
2015-01-27 02:00,0.365
2015-01-27 03:00,0.370
2015-01-27 04:00,0.403
2015-01-27 05:00,0.434
2015-01-27 06:00,0.470
2015-01-27 07:00,0.516
2015-01-27 08:00,0.522
2015-01-27 09:00,0.433
2015-01-27 10:00,0.430
2015-01-27 11:00,0.520
2015-01-27 12:00,0.524
2015-01-27 13:00,0.486
2015-01-27 14:00,0.452
2015-01-27 15:00,0.482
2015-01-27 16:00,0.508
2015-01-27 17:00,0.521
2015-01-27 18:00,0.533
2015-01-27 19:00,0.545
2015-01-27 20:00,0.577
2015-01-27 21:00,0.616
2015-01-27 22:00,0.627
2015-01-27 23:00,0.616
2015-01-28 00:00,0.672
2015-01-28 01:00,0.748
2015-01-28 02:00,0.817
2015-01-28 03:00,0.805
2015-01-28 04:00,0.847
2015-01-28 05:00,0.911
2015-01-28 06:00,0.950
2015-01-28 07:00,0.968
2015-01-28 08:00,0.980
2015-01-28 09:00,0.974
2015-01-28 10:00,0.978
2015-01-28 11:00,0.990
2015-01-28 12:00,0.988
2015-01-28 13:00,0.990
2015-01-28 14:00,0.981
2015-01-28 15:00,0.965
2015-01-28 16:00,0.960
2015-01-28 17:00,0.963
2015-01-28 18:00,0.967
2015-01-28 19:00,0.956
2015-01-28 20:00,0.949
2015-01-28 21:00,0.955
2015-01-28 22:00,0.956
2015-01-28 23:00,0.963
2015-01-29 00:00,0.964
2015-01-29 01:00,0.955
2015-01-29 02:00,0.941
2015-01-29 03:00,0.926
2015-01-29 04:00,0.910
2015-01-29 05:00,0.906
2015-01-29 06:00,0.919
2015-01-29 07:00,0.893
2015-01-29 08:00,0.831
2015-01-29 09:00,0.794
2015-01-29 10:00,0.773
2015-01-29 11:00,0.764
2015-01-29 12:00,0.750
2015-01-29 13:00,0.694
2015-01-29 14:00,0.649
2015-01-29 15:00,0.616
2015-01-29 16:00,0.600
2015-01-29 17:00,0.612
2015-01-29 18:00,0.643
2015-01-29 19:00,0.625
2015-01-29 20:00,0.539
2015-01-29 21:00,0.435
2015-01-29 22:00,0.374
2015-01-29 23:00,0.332
2015-01-30 00:00,0.247
2015-01-30 01:00,0.215
2015-01-30 02:00,0.227
2015-01-30 03:00,0.254
2015-01-30 04:00,0.257
2015-01-30 05:00,0.294
2015-01-30 06:00,0.356
2015-01-30 07:00,0.469
2015-01-30 08:00,0.510
2015-01-30 09:00,0.572
2015-01-30 10:00,0.646
2015-01-30 11:00,0.703
2015-01-30 12:00,0.725
2015-01-30 13:00,0.710
2015-01-30 14:00,0.663
2015-01-30 15:00,0.656
2015-01-30 16:00,0.666
2015-01-30 17:00,0.620
2015-01-30 18:00,0.609
2015-01-30 19:00,0.591
2015-01-30 20:00,0.563
2015-01-30 21:00,0.544
2015-01-30 22:00,0.518
2015-01-30 23:00,0.492
2015-01-31 00:00,0.480
2015-01-31 01:00,0.476
2015-01-31 02:00,0.483
2015-01-31 03:00,0.489
2015-01-31 04:00,0.497
2015-01-31 05:00,0.574
2015-01-31 06:00,0.620
2015-01-31 07:00,0.715
2015-01-31 08:00,0.781
2015-01-31 09:00,0.849
2015-01-31 10:00,0.881
2015-01-31 11:00,0.902
2015-01-31 12:00,0.913
2015-01-31 13:00,0.915
2015-01-31 14:00,0.905
2015-01-31 15:00,0.888
2015-01-31 16:00,0.882
2015-01-31 17:00,0.893
2015-01-31 18:00,0.913
2015-01-31 19:00,0.932
2015-01-31 20:00,0.949
2015-01-31 21:00,0.957
2015-01-31 22:00,0.961
2015-01-31 23:00,0.960
2015-02-01 00:00,0.959
2015-02-01 01:00,0.960
2015-02-01 02:00,0.963
2015-02-01 03:00,0.962
2015-02-01 04:00,0.955
2015-02-01 05:00,0.944
2015-02-01 06:00,0.932
2015-02-01 07:00,0.921
2015-02-01 08:00,0.911
2015-02-01 09:00,0.900
2015-02-01 10:00,0.881
2015-02-01 11:00,0.847
2015-02-01 12:00,0.791
2015-02-01 13:00,0.727
2015-02-01 14:00,0.668
2015-02-01 15:00,0.624
2015-02-01 16:00,0.612
2015-02-01 17:00,0.589
2015-02-01 18:00,0.554
2015-02-01 19:00,0.556
2015-02-01 20:00,0.555
2015-02-01 21:00,0.576
2015-02-01 22:00,0.542
2015-02-01 23:00,0.502
2015-02-02 00:00,0.489
2015-02-02 01:00,0.465
2015-02-02 02:00,0.433
2015-02-02 03:00,0.406
2015-02-02 04:00,0.382
2015-02-02 05:00,0.374
2015-02-02 06:00,0.375
2015-02-02 07:00,0.377
2015-02-02 08:00,0.321
2015-02-02 09:00,0.243
2015-02-02 10:00,0.263
2015-02-02 11:00,0.333
2015-02-02 12:00,0.342
2015-02-02 13:00,0.317
2015-02-02 14:00,0.262
2015-02-02 15:00,0.303
2015-02-02 16:00,0.374
2015-02-02 17:00,0.396
2015-02-02 18:00,0.414
2015-02-02 19:00,0.428
2015-02-02 20:00,0.422
2015-02-02 21:00,0.415
2015-02-02 22:00,0.400
2015-02-02 23:00,0.379
2015-02-03 00:00,0.352
2015-02-03 01:00,0.326
2015-02-03 02:00,0.285
2015-02-03 03:00,0.268
2015-02-03 04:00,0.251
2015-02-03 05:00,0.246
2015-02-03 06:00,0.248
2015-02-03 07:00,0.265
2015-02-03 08:00,0.281
2015-02-03 09:00,0.241
2015-02-03 10:00,0.242
2015-02-03 11:00,0.261
2015-02-03 12:00,0.293
2015-02-03 13:00,0.302
2015-02-03 14:00,0.275
2015-02-03 15:00,0.312
2015-02-03 16:00,0.445
2015-02-03 17:00,0.528
2015-02-03 18:00,0.545
2015-02-03 19:00,0.519
2015-02-03 20:00,0.505
2015-02-03 21:00,0.480
2015-02-03 22:00,0.457
2015-02-03 23:00,0.462
2015-02-04 00:00,0.417
2015-02-04 01:00,0.409
2015-02-04 02:00,0.403
2015-02-04 03:00,0.410
2015-02-04 04:00,0.435
2015-02-04 05:00,0.429
2015-02-04 06:00,0.455
2015-02-04 07:00,0.460
2015-02-04 08:00,0.433
2015-02-04 09:00,0.473
2015-02-04 10:00,0.486
2015-02-04 11:00,0.481
2015-02-04 12:00,0.476
2015-02-04 13:00,0.476
2015-02-04 14:00,0.447
2015-02-04 15:00,0.464
2015-02-04 16:00,0.516
2015-02-04 17:00,0.530
2015-02-04 18:00,0.513
2015-02-04 19:00,0.486
2015-02-04 20:00,0.432
2015-02-04 21:00,0.393
2015-02-04 22:00,0.393
2015-02-04 23:00,0.392
2015-02-05 00:00,0.394
2015-02-05 01:00,0.408
2015-02-05 02:00,0.417
2015-02-05 03:00,0.413
2015-02-05 04:00,0.414
2015-02-05 05:00,0.423
2015-02-05 06:00,0.418
2015-02-05 07:00,0.400
2015-02-05 08:00,0.338
2015-02-05 09:00,0.239
2015-02-05 10:00,0.195
2015-02-05 11:00,0.219
2015-02-05 12:00,0.224
2015-02-05 13:00,0.232
2015-02-05 14:00,0.222
2015-02-05 15:00,0.246
2015-02-05 16:00,0.302
2015-02-05 17:00,0.353
2015-02-05 18:00,0.351
2015-02-05 19:00,0.316
2015-02-05 20:00,0.285
2015-02-05 21:00,0.231
2015-02-05 22:00,0.182
2015-02-05 23:00,0.148
2015-02-06 00:00,0.126
2015-02-06 01:00,0.120
2015-02-06 02:00,0.129
2015-02-06 03:00,0.150
2015-02-06 04:00,0.185
2015-02-06 05:00,0.221
2015-02-06 06:00,0.238
2015-02-06 07:00,0.239
2015-02-06 08:00,0.212
2015-02-06 09:00,0.126
2015-02-06 10:00,0.138
2015-02-06 11:00,0.158
2015-02-06 12:00,0.152
2015-02-06 13:00,0.144
2015-02-06 14:00,0.133
2015-02-06 15:00,0.135
2015-02-06 16:00,0.148
2015-02-06 17:00,0.164
2015-02-06 18:00,0.181
2015-02-06 19:00,0.203
2015-02-06 20:00,0.218
2015-02-06 21:00,0.221
2015-02-06 22:00,0.209
2015-02-06 23:00,0.195
2015-02-07 00:00,0.178
2015-02-07 01:00,0.169
2015-02-07 02:00,0.192
2015-02-07 03:00,0.224
2015-02-07 04:00,0.232
2015-02-07 05:00,0.218
2015-02-07 06:00,0.204
2015-02-07 07:00,0.189
2015-02-07 08:00,0.147
2015-02-07 09:00,0.090
2015-02-07 10:00,0.073
2015-02-07 11:00,0.072
2015-02-07 12:00,0.093
2015-02-07 13:00,0.131
2015-02-07 14:00,0.147
2015-02-07 15:00,0.208
2015-02-07 16:00,0.297
2015-02-07 17:00,0.370
2015-02-07 18:00,0.416
2015-02-07 19:00,0.370
2015-02-07 20:00,0.272
2015-02-07 21:00,0.226
2015-02-07 22:00,0.215
2015-02-07 23:00,0.209
2015-02-08 00:00,0.220
2015-02-08 01:00,0.227
2015-02-08 02:00,0.215
2015-02-08 03:00,0.193
2015-02-08 04:00,0.161
2015-02-08 05:00,0.145
2015-02-08 06:00,0.137
2015-02-08 07:00,0.137
2015-02-08 08:00,0.131
2015-02-08 09:00,0.133
2015-02-08 10:00,0.153
2015-02-08 11:00,0.207
2015-02-08 12:00,0.281
2015-02-08 13:00,0.353
2015-02-08 14:00,0.383
2015-02-08 15:00,0.367
2015-02-08 16:00,0.410
2015-02-08 17:00,0.463
2015-02-08 18:00,0.468
2015-02-08 19:00,0.475
2015-02-08 20:00,0.495
2015-02-08 21:00,0.498
2015-02-08 22:00,0.494
2015-02-08 23:00,0.515
2015-02-09 00:00,0.528
2015-02-09 01:00,0.523
2015-02-09 02:00,0.513
2015-02-09 03:00,0.503
2015-02-09 04:00,0.493
2015-02-09 05:00,0.497
2015-02-09 06:00,0.489
2015-02-09 07:00,0.459
2015-02-09 08:00,0.426
2015-02-09 09:00,0.413
2015-02-09 10:00,0.406
2015-02-09 11:00,0.396
2015-02-09 12:00,0.373
2015-02-09 13:00,0.352
2015-02-09 14:00,0.327
2015-02-09 15:00,0.309
2015-02-09 16:00,0.342
2015-02-09 17:00,0.350
2015-02-09 18:00,0.310
2015-02-09 19:00,0.260
2015-02-09 20:00,0.220
2015-02-09 21:00,0.187
2015-02-09 22:00,0.174
2015-02-09 23:00,0.177
2015-02-10 00:00,0.185
2015-02-10 01:00,0.183
2015-02-10 02:00,0.166
2015-02-10 03:00,0.139
2015-02-10 04:00,0.111
2015-02-10 05:00,0.093
2015-02-10 06:00,0.085
2015-02-10 07:00,0.073
2015-02-10 08:00,0.056
2015-02-10 09:00,0.042
2015-02-10 10:00,0.036
2015-02-10 11:00,0.037
2015-02-10 12:00,0.037
2015-02-10 13:00,0.039
2015-02-10 14:00,0.041
2015-02-10 15:00,0.043
2015-02-10 16:00,0.050
2015-02-10 17:00,0.065
2015-02-10 18:00,0.084
2015-02-10 19:00,0.106
2015-02-10 20:00,0.130
2015-02-10 21:00,0.148
2015-02-10 22:00,0.166
2015-02-10 23:00,0.188
2015-02-11 00:00,0.218
2015-02-11 01:00,0.235
2015-02-11 02:00,0.244
2015-02-11 03:00,0.235
2015-02-11 04:00,0.208
2015-02-11 05:00,0.191
2015-02-11 06:00,0.181
2015-02-11 07:00,0.171
2015-02-11 08:00,0.134
2015-02-11 09:00,0.112
2015-02-11 10:00,0.167
2015-02-11 11:00,0.169
2015-02-11 12:00,0.165
2015-02-11 13:00,0.155
2015-02-11 14:00,0.140
2015-02-11 15:00,0.118
2015-02-11 16:00,0.120
2015-02-11 17:00,0.121
2015-02-11 18:00,0.128
2015-02-11 19:00,0.141
2015-02-11 20:00,0.157
2015-02-11 21:00,0.170
2015-02-11 22:00,0.175
2015-02-11 23:00,0.170
2015-02-12 00:00,0.159
2015-02-12 01:00,0.145
2015-02-12 02:00,0.129
2015-02-12 03:00,0.110
2015-02-12 04:00,0.091
2015-02-12 05:00,0.083
2015-02-12 06:00,0.083
2015-02-12 07:00,0.089
2015-02-12 08:00,0.088
2015-02-12 09:00,0.062
2015-02-12 10:00,0.064
2015-02-12 11:00,0.066
2015-02-12 12:00,0.077
2015-02-12 13:00,0.101
2015-02-12 14:00,0.133
2015-02-12 15:00,0.161
2015-02-12 16:00,0.248
2015-02-12 17:00,0.365
2015-02-12 18:00,0.429
2015-02-12 19:00,0.438
2015-02-12 20:00,0.439
2015-02-12 21:00,0.402
2015-02-12 22:00,0.387
2015-02-12 23:00,0.387
2015-02-13 00:00,0.407
2015-02-13 01:00,0.413
2015-02-13 02:00,0.450
2015-02-13 03:00,0.564
2015-02-13 04:00,0.635
2015-02-13 05:00,0.681
2015-02-13 06:00,0.733
2015-02-13 07:00,0.700
2015-02-13 08:00,0.674
2015-02-13 09:00,0.685
2015-02-13 10:00,0.672
2015-02-13 11:00,0.719
2015-02-13 12:00,0.754
2015-02-13 13:00,0.767
2015-02-13 14:00,0.778
2015-02-13 15:00,0.759
2015-02-13 16:00,0.692
2015-02-13 17:00,0.591
2015-02-13 18:00,0.475
2015-02-13 19:00,0.407
2015-02-13 20:00,0.360
2015-02-13 21:00,0.319
2015-02-13 22:00,0.311
2015-02-13 23:00,0.310
2015-02-14 00:00,0.302
2015-02-14 01:00,0.302
2015-02-14 02:00,0.309
2015-02-14 03:00,0.315
2015-02-14 04:00,0.352
2015-02-14 05:00,0.406
2015-02-14 06:00,0.463
2015-02-14 07:00,0.488
2015-02-14 08:00,0.446
2015-02-14 09:00,0.352
2015-02-14 10:00,0.347
2015-02-14 11:00,0.363
2015-02-14 12:00,0.314
2015-02-14 13:00,0.289
2015-02-14 14:00,0.280
2015-02-14 15:00,0.265
2015-02-14 16:00,0.314
2015-02-14 17:00,0.355
2015-02-14 18:00,0.334
2015-02-14 19:00,0.297
2015-02-14 20:00,0.259
2015-02-14 21:00,0.239
2015-02-14 22:00,0.247
2015-02-14 23:00,0.254
2015-02-15 00:00,0.231
2015-02-15 01:00,0.214
2015-02-15 02:00,0.196
2015-02-15 03:00,0.174
2015-02-15 04:00,0.156
2015-02-15 05:00,0.136
2015-02-15 06:00,0.126
2015-02-15 07:00,0.119
2015-02-15 08:00,0.125
2015-02-15 09:00,0.143
2015-02-15 10:00,0.173
2015-02-15 11:00,0.219
2015-02-15 12:00,0.240
2015-02-15 13:00,0.263
2015-02-15 14:00,0.285
2015-02-15 15:00,0.283
2015-02-15 16:00,0.314
2015-02-15 17:00,0.339
2015-02-15 18:00,0.312
2015-02-15 19:00,0.316
2015-02-15 20:00,0.325
2015-02-15 21:00,0.335
2015-02-15 22:00,0.374
2015-02-15 23:00,0.416
2015-02-16 00:00,0.437
2015-02-16 01:00,0.446
2015-02-16 02:00,0.426
2015-02-16 03:00,0.450
2015-02-16 04:00,0.486
2015-02-16 05:00,0.516
2015-02-16 06:00,0.528
2015-02-16 07:00,0.476
2015-02-16 08:00,0.393
2015-02-16 09:00,0.367
2015-02-16 10:00,0.294
2015-02-16 11:00,0.222
2015-02-16 12:00,0.206
2015-02-16 13:00,0.202
2015-02-16 14:00,0.221
2015-02-16 15:00,0.309
2015-02-16 16:00,0.430
2015-02-16 17:00,0.549
2015-02-16 18:00,0.579
2015-02-16 19:00,0.594
2015-02-16 20:00,0.562
2015-02-16 21:00,0.532
2015-02-16 22:00,0.520
2015-02-16 23:00,0.506
2015-02-17 00:00,0.479
2015-02-17 01:00,0.451
2015-02-17 02:00,0.451
2015-02-17 03:00,0.463
2015-02-17 04:00,0.449
2015-02-17 05:00,0.429
2015-02-17 06:00,0.439
2015-02-17 07:00,0.452
2015-02-17 08:00,0.416
2015-02-17 09:00,0.361
2015-02-17 10:00,0.572
2015-02-17 11:00,0.649
2015-02-17 12:00,0.685
2015-02-17 13:00,0.691
2015-02-17 14:00,0.632
2015-02-17 15:00,0.546
2015-02-17 16:00,0.511
2015-02-17 17:00,0.501
2015-02-17 18:00,0.483
2015-02-17 19:00,0.506
2015-02-17 20:00,0.523
2015-02-17 21:00,0.530
2015-02-17 22:00,0.550
2015-02-17 23:00,0.563
2015-02-18 00:00,0.552
2015-02-18 01:00,0.523
2015-02-18 02:00,0.492
2015-02-18 03:00,0.505
2015-02-18 04:00,0.505
2015-02-18 05:00,0.501
2015-02-18 06:00,0.503
2015-02-18 07:00,0.498
2015-02-18 08:00,0.502
2015-02-18 09:00,0.501
2015-02-18 10:00,0.546
2015-02-18 11:00,0.640
2015-02-18 12:00,0.675
2015-02-18 13:00,0.672
2015-02-18 14:00,0.657
2015-02-18 15:00,0.620
2015-02-18 16:00,0.663
2015-02-18 17:00,0.698
2015-02-18 18:00,0.687
2015-02-18 19:00,0.699
2015-02-18 20:00,0.725
2015-02-18 21:00,0.793
2015-02-18 22:00,0.853
2015-02-18 23:00,0.887
2015-02-19 00:00,0.861
2015-02-19 01:00,0.854
2015-02-19 02:00,0.868
2015-02-19 03:00,0.879
2015-02-19 04:00,0.878
2015-02-19 05:00,0.861
2015-02-19 06:00,0.822
2015-02-19 07:00,0.799
2015-02-19 08:00,0.772
2015-02-19 09:00,0.716
2015-02-19 10:00,0.646
2015-02-19 11:00,0.612
2015-02-19 12:00,0.594
2015-02-19 13:00,0.567
2015-02-19 14:00,0.549
2015-02-19 15:00,0.556
2015-02-19 16:00,0.497
2015-02-19 17:00,0.423
2015-02-19 18:00,0.388
2015-02-19 19:00,0.396
2015-02-19 20:00,0.380
2015-02-19 21:00,0.356
2015-02-19 22:00,0.352
2015-02-19 23:00,0.332
2015-02-20 00:00,0.302
2015-02-20 01:00,0.298
2015-02-20 02:00,0.314
2015-02-20 03:00,0.333
2015-02-20 04:00,0.325
2015-02-20 05:00,0.330
2015-02-20 06:00,0.367
2015-02-20 07:00,0.355
2015-02-20 08:00,0.271
2015-02-20 09:00,0.322
2015-02-20 10:00,0.417
2015-02-20 11:00,0.433
2015-02-20 12:00,0.432
2015-02-20 13:00,0.406
2015-02-20 14:00,0.317
2015-02-20 15:00,0.262
2015-02-20 16:00,0.293
2015-02-20 17:00,0.356
2015-02-20 18:00,0.377
2015-02-20 19:00,0.380
2015-02-20 20:00,0.355
2015-02-20 21:00,0.365
2015-02-20 22:00,0.380
2015-02-20 23:00,0.390
2015-02-21 00:00,0.397
2015-02-21 01:00,0.419
2015-02-21 02:00,0.446
2015-02-21 03:00,0.439
2015-02-21 04:00,0.459
2015-02-21 05:00,0.467
2015-02-21 06:00,0.480
2015-02-21 07:00,0.466
2015-02-21 08:00,0.390
2015-02-21 09:00,0.429
2015-02-21 10:00,0.492
2015-02-21 11:00,0.505
2015-02-21 12:00,0.502
2015-02-21 13:00,0.505
2015-02-21 14:00,0.507
2015-02-21 15:00,0.444
2015-02-21 16:00,0.436
2015-02-21 17:00,0.511
2015-02-21 18:00,0.515
2015-02-21 19:00,0.516
2015-02-21 20:00,0.501
2015-02-21 21:00,0.559
2015-02-21 22:00,0.581
2015-02-21 23:00,0.578
2015-02-22 00:00,0.516
2015-02-22 01:00,0.472
2015-02-22 02:00,0.441
2015-02-22 03:00,0.402
2015-02-22 04:00,0.368
2015-02-22 05:00,0.370
2015-02-22 06:00,0.380
2015-02-22 07:00,0.374
2015-02-22 08:00,0.377
2015-02-22 09:00,0.459
2015-02-22 10:00,0.637
2015-02-22 11:00,0.795
2015-02-22 12:00,0.873
2015-02-22 13:00,0.938
2015-02-22 14:00,0.968
2015-02-22 15:00,0.980
2015-02-22 16:00,0.975
2015-02-22 17:00,0.948
2015-02-22 18:00,0.909
2015-02-22 19:00,0.871
2015-02-22 20:00,0.901
2015-02-22 21:00,0.907
2015-02-22 22:00,0.882
2015-02-22 23:00,0.889
2015-02-23 00:00,0.883
2015-02-23 01:00,0.871
2015-02-23 02:00,0.855
2015-02-23 03:00,0.831
2015-02-23 04:00,0.826
2015-02-23 05:00,0.824
2015-02-23 06:00,0.828
2015-02-23 07:00,0.831
2015-02-23 08:00,0.832
2015-02-23 09:00,0.857
2015-02-23 10:00,0.897
2015-02-23 11:00,0.915
2015-02-23 12:00,0.913
2015-02-23 13:00,0.907
2015-02-23 14:00,0.900
2015-02-23 15:00,0.895
2015-02-23 16:00,0.904
2015-02-23 17:00,0.922
2015-02-23 18:00,0.935
2015-02-23 19:00,0.946
2015-02-23 20:00,0.951
2015-02-23 21:00,0.948
2015-02-23 22:00,0.936
2015-02-23 23:00,0.933
2015-02-24 00:00,0.940
2015-02-24 01:00,0.938
2015-02-24 02:00,0.919
2015-02-24 03:00,0.899
2015-02-24 04:00,0.900
2015-02-24 05:00,0.903
2015-02-24 06:00,0.910
2015-02-24 07:00,0.911
2015-02-24 08:00,0.915
2015-02-24 09:00,0.937
2015-02-24 10:00,0.958
2015-02-24 11:00,0.965
2015-02-24 12:00,0.962
2015-02-24 13:00,0.955
2015-02-24 14:00,0.941
2015-02-24 15:00,0.922
2015-02-24 16:00,0.896
2015-02-24 17:00,0.861
2015-02-24 18:00,0.803
2015-02-24 19:00,0.711
2015-02-24 20:00,0.635
2015-02-24 21:00,0.586
2015-02-24 22:00,0.556
2015-02-24 23:00,0.559
2015-02-25 00:00,0.518
2015-02-25 01:00,0.492
2015-02-25 02:00,0.476
2015-02-25 03:00,0.405
2015-02-25 04:00,0.371
2015-02-25 05:00,0.364
2015-02-25 06:00,0.374
2015-02-25 07:00,0.320
2015-02-25 08:00,0.219
2015-02-25 09:00,0.151
2015-02-25 10:00,0.133
2015-02-25 11:00,0.115
2015-02-25 12:00,0.116
2015-02-25 13:00,0.123
2015-02-25 14:00,0.114
2015-02-25 15:00,0.081
2015-02-25 16:00,0.088
2015-02-25 17:00,0.248
2015-02-25 18:00,0.449
2015-02-25 19:00,0.517
2015-02-25 20:00,0.550
2015-02-25 21:00,0.580
2015-02-25 22:00,0.572
2015-02-25 23:00,0.582
2015-02-26 00:00,0.587
2015-02-26 01:00,0.625
2015-02-26 02:00,0.677
2015-02-26 03:00,0.716
2015-02-26 04:00,0.716
2015-02-26 05:00,0.714
2015-02-26 06:00,0.792
2015-02-26 07:00,0.682
2015-02-26 08:00,0.637
2015-02-26 09:00,0.689
2015-02-26 10:00,0.729
2015-02-26 11:00,0.752
2015-02-26 12:00,0.810
2015-02-26 13:00,0.849
2015-02-26 14:00,0.861
2015-02-26 15:00,0.838
2015-02-26 16:00,0.761
2015-02-26 17:00,0.689
2015-02-26 18:00,0.645
2015-02-26 19:00,0.594
2015-02-26 20:00,0.565
2015-02-26 21:00,0.586
2015-02-26 22:00,0.616
2015-02-26 23:00,0.634
2015-02-27 00:00,0.642
2015-02-27 01:00,0.656
2015-02-27 02:00,0.641
2015-02-27 03:00,0.617
2015-02-27 04:00,0.619
2015-02-27 05:00,0.594
2015-02-27 06:00,0.578
2015-02-27 07:00,0.510
2015-02-27 08:00,0.442
2015-02-27 09:00,0.549
2015-02-27 10:00,0.495
2015-02-27 11:00,0.439
2015-02-27 12:00,0.445
2015-02-27 13:00,0.467
2015-02-27 14:00,0.489
2015-02-27 15:00,0.467
2015-02-27 16:00,0.396
2015-02-27 17:00,0.406
2015-02-27 18:00,0.522
2015-02-27 19:00,0.582
2015-02-27 20:00,0.612
2015-02-27 21:00,0.629
2015-02-27 22:00,0.628
2015-02-27 23:00,0.624
2015-02-28 00:00,0.657
2015-02-28 01:00,0.757
2015-02-28 02:00,0.756
2015-02-28 03:00,0.795
2015-02-28 04:00,0.713
2015-02-28 05:00,0.729
2015-02-28 06:00,0.729
2015-02-28 07:00,0.625
2015-02-28 08:00,0.544
2015-02-28 09:00,0.440
2015-02-28 10:00,0.401
2015-02-28 11:00,0.447
2015-02-28 12:00,0.554
2015-02-28 13:00,0.539
2015-02-28 14:00,0.546
2015-02-28 15:00,0.697
2015-02-28 16:00,0.803
2015-02-28 17:00,0.860
2015-02-28 18:00,0.916
2015-02-28 19:00,0.957
2015-02-28 20:00,0.972
2015-02-28 21:00,0.959
2015-02-28 22:00,0.972
2015-02-28 23:00,0.986
2015-03-01 00:00,0.983
2015-03-01 01:00,0.980
2015-03-01 02:00,0.979
2015-03-01 03:00,0.978
2015-03-01 04:00,0.973
2015-03-01 05:00,0.968
2015-03-01 06:00,0.962
2015-03-01 07:00,0.955
2015-03-01 08:00,0.956
2015-03-01 09:00,0.961
2015-03-01 10:00,0.953
2015-03-01 11:00,0.946
2015-03-01 12:00,0.946
2015-03-01 13:00,0.932
2015-03-01 14:00,0.857
2015-03-01 15:00,0.572
2015-03-01 16:00,0.269
2015-03-01 17:00,0.232
2015-03-01 18:00,0.396
2015-03-01 19:00,0.653
2015-03-01 20:00,0.814
2015-03-01 21:00,0.875
2015-03-01 22:00,0.893
2015-03-01 23:00,0.880
2015-03-02 00:00,0.847
2015-03-02 01:00,0.805
2015-03-02 02:00,0.759
2015-03-02 03:00,0.677
2015-03-02 04:00,0.609
2015-03-02 05:00,0.609
2015-03-02 06:00,0.723
2015-03-02 07:00,0.828
2015-03-02 08:00,0.854
2015-03-02 09:00,0.933
2015-03-02 10:00,0.951
2015-03-02 11:00,0.958
2015-03-02 12:00,0.965
2015-03-02 13:00,0.965
2015-03-02 14:00,0.955
2015-03-02 15:00,0.926
2015-03-02 16:00,0.872
2015-03-02 17:00,0.824
2015-03-02 18:00,0.789
2015-03-02 19:00,0.767
2015-03-02 20:00,0.694
2015-03-02 21:00,0.656
2015-03-02 22:00,0.673
2015-03-02 23:00,0.661
2015-03-03 00:00,0.633
2015-03-03 01:00,0.587
2015-03-03 02:00,0.567
2015-03-03 03:00,0.557
2015-03-03 04:00,0.526
2015-03-03 05:00,0.502
2015-03-03 06:00,0.491
2015-03-03 07:00,0.529
2015-03-03 08:00,0.598
2015-03-03 09:00,0.675
2015-03-03 10:00,0.809
2015-03-03 11:00,0.862
2015-03-03 12:00,0.875
2015-03-03 13:00,0.869
2015-03-03 14:00,0.858
2015-03-03 15:00,0.846
2015-03-03 16:00,0.841
2015-03-03 17:00,0.868
2015-03-03 18:00,0.884
2015-03-03 19:00,0.904
2015-03-03 20:00,0.908
2015-03-03 21:00,0.916
2015-03-03 22:00,0.924
2015-03-03 23:00,0.927
2015-03-04 00:00,0.924
2015-03-04 01:00,0.924
2015-03-04 02:00,0.922
2015-03-04 03:00,0.915
2015-03-04 04:00,0.902
2015-03-04 05:00,0.893
2015-03-04 06:00,0.889
2015-03-04 07:00,0.874
2015-03-04 08:00,0.850
2015-03-04 09:00,0.863
2015-03-04 10:00,0.862
2015-03-04 11:00,0.837
2015-03-04 12:00,0.811
2015-03-04 13:00,0.786
2015-03-04 14:00,0.743
2015-03-04 15:00,0.668
2015-03-04 16:00,0.556
2015-03-04 17:00,0.541
2015-03-04 18:00,0.546
2015-03-04 19:00,0.525
2015-03-04 20:00,0.513
2015-03-04 21:00,0.527
2015-03-04 22:00,0.524
2015-03-04 23:00,0.510
2015-03-05 00:00,0.508
2015-03-05 01:00,0.511
2015-03-05 02:00,0.518
2015-03-05 03:00,0.510
2015-03-05 04:00,0.494
2015-03-05 05:00,0.479
2015-03-05 06:00,0.471
2015-03-05 07:00,0.471
2015-03-05 08:00,0.430
2015-03-05 09:00,0.449
2015-03-05 10:00,0.612
2015-03-05 11:00,0.738
2015-03-05 12:00,0.803
2015-03-05 13:00,0.833
2015-03-05 14:00,0.827
2015-03-05 15:00,0.780
2015-03-05 16:00,0.725
2015-03-05 17:00,0.702
2015-03-05 18:00,0.669
2015-03-05 19:00,0.653
2015-03-05 20:00,0.617
2015-03-05 21:00,0.579
2015-03-05 22:00,0.564
2015-03-05 23:00,0.562
2015-03-06 00:00,0.591
2015-03-06 01:00,0.548
2015-03-06 02:00,0.526
2015-03-06 03:00,0.497
2015-03-06 04:00,0.465
2015-03-06 05:00,0.448
2015-03-06 06:00,0.449
2015-03-06 07:00,0.505
2015-03-06 08:00,0.503
2015-03-06 09:00,0.597
2015-03-06 10:00,0.779
2015-03-06 11:00,0.831
2015-03-06 12:00,0.836
2015-03-06 13:00,0.838
2015-03-06 14:00,0.835
2015-03-06 15:00,0.828
2015-03-06 16:00,0.833
2015-03-06 17:00,0.855
2015-03-06 18:00,0.869
2015-03-06 19:00,0.868
2015-03-06 20:00,0.871
2015-03-06 21:00,0.875
2015-03-06 22:00,0.887
2015-03-06 23:00,0.894
2015-03-07 00:00,0.902
2015-03-07 01:00,0.912
2015-03-07 02:00,0.908
2015-03-07 03:00,0.894
2015-03-07 04:00,0.889
2015-03-07 05:00,0.879
2015-03-07 06:00,0.863
2015-03-07 07:00,0.858
2015-03-07 08:00,0.849
2015-03-07 09:00,0.864
2015-03-07 10:00,0.895
2015-03-07 11:00,0.902
2015-03-07 12:00,0.901
2015-03-07 13:00,0.898
2015-03-07 14:00,0.891
2015-03-07 15:00,0.877
2015-03-07 16:00,0.866
2015-03-07 17:00,0.867
2015-03-07 18:00,0.858
2015-03-07 19:00,0.848
2015-03-07 20:00,0.840
2015-03-07 21:00,0.824
2015-03-07 22:00,0.813
2015-03-07 23:00,0.804
2015-03-08 00:00,0.799
2015-03-08 01:00,0.801
2015-03-08 02:00,0.797
2015-03-08 03:00,0.789
2015-03-08 04:00,0.825
2015-03-08 05:00,0.817
2015-03-08 06:00,0.798
2015-03-08 07:00,0.758
2015-03-08 08:00,0.672
2015-03-08 09:00,0.604
2015-03-08 10:00,0.559
2015-03-08 11:00,0.516
2015-03-08 12:00,0.503
2015-03-08 13:00,0.533
2015-03-08 14:00,0.614
2015-03-08 15:00,0.690
2015-03-08 16:00,0.552
2015-03-08 17:00,0.501
2015-03-08 18:00,0.454
2015-03-08 19:00,0.370
2015-03-08 20:00,0.311
2015-03-08 21:00,0.245
2015-03-08 22:00,0.133
2015-03-08 23:00,0.069
2015-03-09 00:00,0.074
2015-03-09 01:00,0.088
2015-03-09 02:00,0.149
2015-03-09 03:00,0.195
2015-03-09 04:00,0.289
2015-03-09 05:00,0.423
2015-03-09 06:00,0.486
2015-03-09 07:00,0.502
2015-03-09 08:00,0.647
2015-03-09 09:00,0.840
2015-03-09 10:00,0.903
2015-03-09 11:00,0.920
2015-03-09 12:00,0.922
2015-03-09 13:00,0.925
2015-03-09 14:00,0.930
2015-03-09 15:00,0.933
2015-03-09 16:00,0.927
2015-03-09 17:00,0.929
2015-03-09 18:00,0.904
2015-03-09 19:00,0.907
2015-03-09 20:00,0.878
2015-03-09 21:00,0.855
2015-03-09 22:00,0.817
2015-03-09 23:00,0.823
2015-03-10 00:00,0.789
2015-03-10 01:00,0.729
2015-03-10 02:00,0.676
2015-03-10 03:00,0.649
2015-03-10 04:00,0.594
2015-03-10 05:00,0.533
2015-03-10 06:00,0.486
2015-03-10 07:00,0.422
2015-03-10 08:00,0.352
2015-03-10 09:00,0.412
2015-03-10 10:00,0.349
2015-03-10 11:00,0.278
2015-03-10 12:00,0.231
2015-03-10 13:00,0.211
2015-03-10 14:00,0.184
2015-03-10 15:00,0.142
2015-03-10 16:00,0.097
2015-03-10 17:00,0.070
2015-03-10 18:00,0.039
2015-03-10 19:00,0.019
2015-03-10 20:00,0.024
2015-03-10 21:00,0.081
2015-03-10 22:00,0.194
2015-03-10 23:00,0.342
2015-03-11 00:00,0.477
2015-03-11 01:00,0.565
2015-03-11 02:00,0.597
2015-03-11 03:00,0.558
2015-03-11 04:00,0.557
2015-03-11 05:00,0.581
2015-03-11 06:00,0.574
2015-03-11 07:00,0.499
2015-03-11 08:00,0.528
2015-03-11 09:00,0.715
2015-03-11 10:00,0.812
2015-03-11 11:00,0.847
2015-03-11 12:00,0.859
2015-03-11 13:00,0.862
2015-03-11 14:00,0.857
2015-03-11 15:00,0.839
2015-03-11 16:00,0.781
2015-03-11 17:00,0.676
2015-03-11 18:00,0.483
2015-03-11 19:00,0.311
2015-03-11 20:00,0.217
2015-03-11 21:00,0.228
2015-03-11 22:00,0.302
2015-03-11 23:00,0.413
2015-03-12 00:00,0.485
2015-03-12 01:00,0.536
2015-03-12 02:00,0.515
2015-03-12 03:00,0.451
2015-03-12 04:00,0.454
2015-03-12 05:00,0.454
2015-03-12 06:00,0.436
2015-03-12 07:00,0.423
2015-03-12 08:00,0.501
2015-03-12 09:00,0.682
2015-03-12 10:00,0.772
2015-03-12 11:00,0.818
2015-03-12 12:00,0.847
2015-03-12 13:00,0.851
2015-03-12 14:00,0.831
2015-03-12 15:00,0.817
2015-03-12 16:00,0.805
2015-03-12 17:00,0.797
2015-03-12 18:00,0.759
2015-03-12 19:00,0.754
2015-03-12 20:00,0.705
2015-03-12 21:00,0.597
2015-03-12 22:00,0.410
2015-03-12 23:00,0.297
2015-03-13 00:00,0.202
2015-03-13 01:00,0.112
2015-03-13 02:00,0.054
2015-03-13 03:00,0.046
2015-03-13 04:00,0.069
2015-03-13 05:00,0.148
2015-03-13 06:00,0.243
2015-03-13 07:00,0.307
2015-03-13 08:00,0.361
2015-03-13 09:00,0.426
2015-03-13 10:00,0.452
2015-03-13 11:00,0.417
2015-03-13 12:00,0.357
2015-03-13 13:00,0.295
2015-03-13 14:00,0.248
2015-03-13 15:00,0.213
2015-03-13 16:00,0.222
2015-03-13 17:00,0.332
2015-03-13 18:00,0.410
2015-03-13 19:00,0.361
2015-03-13 20:00,0.330
2015-03-13 21:00,0.324
2015-03-13 22:00,0.360
2015-03-13 23:00,0.410
2015-03-14 00:00,0.451
2015-03-14 01:00,0.473
2015-03-14 02:00,0.451
2015-03-14 03:00,0.393
2015-03-14 04:00,0.365
2015-03-14 05:00,0.374
2015-03-14 06:00,0.384
2015-03-14 07:00,0.333
2015-03-14 08:00,0.334
2015-03-14 09:00,0.393
2015-03-14 10:00,0.370
2015-03-14 11:00,0.371
2015-03-14 12:00,0.393
2015-03-14 13:00,0.428
2015-03-14 14:00,0.465
2015-03-14 15:00,0.483
2015-03-14 16:00,0.480
2015-03-14 17:00,0.477
2015-03-14 18:00,0.505
2015-03-14 19:00,0.497
2015-03-14 20:00,0.466
2015-03-14 21:00,0.472
2015-03-14 22:00,0.497
2015-03-14 23:00,0.510
2015-03-15 00:00,0.468
2015-03-15 01:00,0.463
2015-03-15 02:00,0.445
2015-03-15 03:00,0.394
2015-03-15 04:00,0.367
2015-03-15 05:00,0.357
2015-03-15 06:00,0.382
2015-03-15 07:00,0.345
2015-03-15 08:00,0.426
2015-03-15 09:00,0.464
2015-03-15 10:00,0.479
2015-03-15 11:00,0.493
2015-03-15 12:00,0.510
2015-03-15 13:00,0.533
2015-03-15 14:00,0.559
2015-03-15 15:00,0.556
2015-03-15 16:00,0.487
2015-03-15 17:00,0.403
2015-03-15 18:00,0.370
2015-03-15 19:00,0.374
2015-03-15 20:00,0.335
2015-03-15 21:00,0.334
2015-03-15 22:00,0.344
2015-03-15 23:00,0.339
2015-03-16 00:00,0.342
2015-03-16 01:00,0.361
2015-03-16 02:00,0.348
2015-03-16 03:00,0.364
2015-03-16 04:00,0.372
2015-03-16 05:00,0.326
2015-03-16 06:00,0.322
2015-03-16 07:00,0.292
2015-03-16 08:00,0.272
2015-03-16 09:00,0.281
2015-03-16 10:00,0.251
2015-03-16 11:00,0.224
2015-03-16 12:00,0.197
2015-03-16 13:00,0.169
2015-03-16 14:00,0.153
2015-03-16 15:00,0.141
2015-03-16 16:00,0.132
2015-03-16 17:00,0.178
2015-03-16 18:00,0.254
2015-03-16 19:00,0.297
2015-03-16 20:00,0.299
2015-03-16 21:00,0.265
2015-03-16 22:00,0.196
2015-03-16 23:00,0.120
2015-03-17 00:00,0.084
2015-03-17 01:00,0.078
2015-03-17 02:00,0.080
2015-03-17 03:00,0.080
2015-03-17 04:00,0.077
2015-03-17 05:00,0.072
2015-03-17 06:00,0.062
2015-03-17 07:00,0.044
2015-03-17 08:00,0.037
2015-03-17 09:00,0.036
2015-03-17 10:00,0.042
2015-03-17 11:00,0.050
2015-03-17 12:00,0.049
2015-03-17 13:00,0.041
2015-03-17 14:00,0.030
2015-03-17 15:00,0.021
2015-03-17 16:00,0.014
2015-03-17 17:00,0.010
2015-03-17 18:00,0.010
2015-03-17 19:00,0.012
2015-03-17 20:00,0.016
2015-03-17 21:00,0.020
2015-03-17 22:00,0.025
2015-03-17 23:00,0.041
2015-03-18 00:00,0.070
2015-03-18 01:00,0.114
2015-03-18 02:00,0.169
2015-03-18 03:00,0.213
2015-03-18 04:00,0.235
2015-03-18 05:00,0.233
2015-03-18 06:00,0.194
2015-03-18 07:00,0.116
2015-03-18 08:00,0.083
2015-03-18 09:00,0.113
2015-03-18 10:00,0.113
2015-03-18 11:00,0.096
2015-03-18 12:00,0.090
2015-03-18 13:00,0.095
2015-03-18 14:00,0.118
2015-03-18 15:00,0.146
2015-03-18 16:00,0.177
2015-03-18 17:00,0.236
2015-03-18 18:00,0.276
2015-03-18 19:00,0.276
2015-03-18 20:00,0.227
2015-03-18 21:00,0.198
2015-03-18 22:00,0.178
2015-03-18 23:00,0.145
2015-03-19 00:00,0.134
2015-03-19 01:00,0.140
2015-03-19 02:00,0.135
2015-03-19 03:00,0.118
2015-03-19 04:00,0.108
2015-03-19 05:00,0.101
2015-03-19 06:00,0.094
2015-03-19 07:00,0.073
2015-03-19 08:00,0.056
2015-03-19 09:00,0.055
2015-03-19 10:00,0.073
2015-03-19 11:00,0.071
2015-03-19 12:00,0.055
2015-03-19 13:00,0.041
2015-03-19 14:00,0.028
2015-03-19 15:00,0.018
2015-03-19 16:00,0.013
2015-03-19 17:00,0.016
2015-03-19 18:00,0.022
2015-03-19 19:00,0.028
2015-03-19 20:00,0.035
2015-03-19 21:00,0.047
2015-03-19 22:00,0.065
2015-03-19 23:00,0.082
2015-03-20 00:00,0.097
2015-03-20 01:00,0.122
2015-03-20 02:00,0.169
2015-03-20 03:00,0.206
2015-03-20 04:00,0.238
2015-03-20 05:00,0.254
2015-03-20 06:00,0.280
2015-03-20 07:00,0.254
2015-03-20 08:00,0.192
2015-03-20 09:00,0.254
2015-03-20 10:00,0.279
2015-03-20 11:00,0.282
2015-03-20 12:00,0.319
2015-03-20 13:00,0.374
2015-03-20 14:00,0.430
2015-03-20 15:00,0.510
2015-03-20 16:00,0.516
2015-03-20 17:00,0.501
2015-03-20 18:00,0.546
2015-03-20 19:00,0.526
2015-03-20 20:00,0.541
2015-03-20 21:00,0.520
2015-03-20 22:00,0.495
2015-03-20 23:00,0.456
2015-03-21 00:00,0.415
2015-03-21 01:00,0.362
2015-03-21 02:00,0.340
2015-03-21 03:00,0.337
2015-03-21 04:00,0.370
2015-03-21 05:00,0.396
2015-03-21 06:00,0.461
2015-03-21 07:00,0.524
2015-03-21 08:00,0.668
2015-03-21 09:00,0.675
2015-03-21 10:00,0.619
2015-03-21 11:00,0.574
2015-03-21 12:00,0.539
2015-03-21 13:00,0.497
2015-03-21 14:00,0.475
2015-03-21 15:00,0.442
2015-03-21 16:00,0.400
2015-03-21 17:00,0.361
2015-03-21 18:00,0.333
2015-03-21 19:00,0.279
2015-03-21 20:00,0.224
2015-03-21 21:00,0.177
2015-03-21 22:00,0.148
2015-03-21 23:00,0.116
2015-03-22 00:00,0.085
2015-03-22 01:00,0.059
2015-03-22 02:00,0.036
2015-03-22 03:00,0.025
2015-03-22 04:00,0.027
2015-03-22 05:00,0.032
2015-03-22 06:00,0.037
2015-03-22 07:00,0.035
2015-03-22 08:00,0.036
2015-03-22 09:00,0.041
2015-03-22 10:00,0.055
2015-03-22 11:00,0.074
2015-03-22 12:00,0.094
2015-03-22 13:00,0.109
2015-03-22 14:00,0.120
2015-03-22 15:00,0.121
2015-03-22 16:00,0.122
2015-03-22 17:00,0.160
2015-03-22 18:00,0.253
2015-03-22 19:00,0.366
2015-03-22 20:00,0.460
2015-03-22 21:00,0.516
2015-03-22 22:00,0.545
2015-03-22 23:00,0.552
2015-03-23 00:00,0.554
2015-03-23 01:00,0.553
2015-03-23 02:00,0.525
2015-03-23 03:00,0.491
2015-03-23 04:00,0.499
2015-03-23 05:00,0.433
2015-03-23 06:00,0.389
2015-03-23 07:00,0.374
2015-03-23 08:00,0.377
2015-03-23 09:00,0.382
2015-03-23 10:00,0.393
2015-03-23 11:00,0.373
2015-03-23 12:00,0.342
2015-03-23 13:00,0.323
2015-03-23 14:00,0.314
2015-03-23 15:00,0.318
2015-03-23 16:00,0.325
2015-03-23 17:00,0.363
2015-03-23 18:00,0.463
2015-03-23 19:00,0.487
2015-03-23 20:00,0.442
2015-03-23 21:00,0.399
2015-03-23 22:00,0.360
2015-03-23 23:00,0.333
2015-03-24 00:00,0.297
2015-03-24 01:00,0.249
2015-03-24 02:00,0.212
2015-03-24 03:00,0.186
2015-03-24 04:00,0.160
2015-03-24 05:00,0.140
2015-03-24 06:00,0.132
2015-03-24 07:00,0.127
2015-03-24 08:00,0.151
2015-03-24 09:00,0.164
2015-03-24 10:00,0.150
2015-03-24 11:00,0.143
2015-03-24 12:00,0.140
2015-03-24 13:00,0.136
2015-03-24 14:00,0.127
2015-03-24 15:00,0.122
2015-03-24 16:00,0.120
2015-03-24 17:00,0.122
2015-03-24 18:00,0.146
2015-03-24 19:00,0.164
2015-03-24 20:00,0.169
2015-03-24 21:00,0.172
2015-03-24 22:00,0.177
2015-03-24 23:00,0.177
2015-03-25 00:00,0.170
2015-03-25 01:00,0.167
2015-03-25 02:00,0.165
2015-03-25 03:00,0.169
2015-03-25 04:00,0.173
2015-03-25 05:00,0.163
2015-03-25 06:00,0.114
2015-03-25 07:00,0.067
2015-03-25 08:00,0.081
2015-03-25 09:00,0.087
2015-03-25 10:00,0.070
2015-03-25 11:00,0.043
2015-03-25 12:00,0.020
2015-03-25 13:00,0.007
2015-03-25 14:00,0.005
2015-03-25 15:00,0.009
2015-03-25 16:00,0.020
2015-03-25 17:00,0.054
2015-03-25 18:00,0.152
2015-03-25 19:00,0.314
2015-03-25 20:00,0.446
2015-03-25 21:00,0.502
2015-03-25 22:00,0.482
2015-03-25 23:00,0.453
2015-03-26 00:00,0.426
2015-03-26 01:00,0.429
2015-03-26 02:00,0.423
2015-03-26 03:00,0.494
2015-03-26 04:00,0.573
2015-03-26 05:00,0.546
2015-03-26 06:00,0.442
2015-03-26 07:00,0.352
2015-03-26 08:00,0.579
2015-03-26 09:00,0.816
2015-03-26 10:00,0.930
2015-03-26 11:00,0.955
2015-03-26 12:00,0.965
2015-03-26 13:00,0.973
2015-03-26 14:00,0.980
2015-03-26 15:00,0.980
2015-03-26 16:00,0.970
2015-03-26 17:00,0.956
2015-03-26 18:00,0.939
2015-03-26 19:00,0.923
2015-03-26 20:00,0.907
2015-03-26 21:00,0.884
2015-03-26 22:00,0.855
2015-03-26 23:00,0.813
2015-03-27 00:00,0.696
2015-03-27 01:00,0.638
2015-03-27 02:00,0.606
2015-03-27 03:00,0.553
2015-03-27 04:00,0.479
2015-03-27 05:00,0.360
2015-03-27 06:00,0.303
2015-03-27 07:00,0.270
2015-03-27 08:00,0.195
2015-03-27 09:00,0.211
2015-03-27 10:00,0.232
2015-03-27 11:00,0.271
2015-03-27 12:00,0.310
2015-03-27 13:00,0.280
2015-03-27 14:00,0.224
2015-03-27 15:00,0.170
2015-03-27 16:00,0.140
2015-03-27 17:00,0.086
2015-03-27 18:00,0.031
2015-03-27 19:00,0.020
2015-03-27 20:00,0.054
2015-03-27 21:00,0.110
2015-03-27 22:00,0.183
2015-03-27 23:00,0.293
2015-03-28 00:00,0.413
2015-03-28 01:00,0.466
2015-03-28 02:00,0.493
2015-03-28 03:00,0.572
2015-03-28 04:00,0.680
2015-03-28 05:00,0.739
2015-03-28 06:00,0.795
2015-03-28 07:00,0.838
2015-03-28 08:00,0.838
2015-03-28 09:00,0.883
2015-03-28 10:00,0.938
2015-03-28 11:00,0.943
2015-03-28 12:00,0.946
2015-03-28 13:00,0.965
2015-03-28 14:00,0.970
2015-03-28 15:00,0.956
2015-03-28 16:00,0.923
2015-03-28 17:00,0.903
2015-03-28 18:00,0.871
2015-03-28 19:00,0.808
2015-03-28 20:00,0.803
2015-03-28 21:00,0.827
2015-03-28 22:00,0.861
2015-03-28 23:00,0.901
2015-03-29 00:00,0.947
2015-03-29 01:00,0.957
2015-03-29 02:00,0.954
2015-03-29 03:00,0.933
2015-03-29 04:00,0.901
2015-03-29 05:00,0.852
2015-03-29 06:00,0.773
2015-03-29 07:00,0.607
2015-03-29 08:00,0.434
2015-03-29 09:00,0.297
2015-03-29 10:00,0.260
2015-03-29 11:00,0.410
2015-03-29 12:00,0.707
2015-03-29 13:00,0.862
2015-03-29 14:00,0.924
2015-03-29 15:00,0.945
2015-03-29 16:00,0.936
2015-03-29 17:00,0.950
2015-03-29 18:00,0.955
2015-03-29 19:00,0.947
2015-03-29 20:00,0.927
2015-03-29 21:00,0.901
2015-03-29 22:00,0.896
2015-03-29 23:00,0.888
2015-03-30 00:00,0.883
2015-03-30 01:00,0.890
2015-03-30 02:00,0.905
2015-03-30 03:00,0.899
2015-03-30 04:00,0.874
2015-03-30 05:00,0.856
2015-03-30 06:00,0.814
2015-03-30 07:00,0.765
2015-03-30 08:00,0.752
2015-03-30 09:00,0.767
2015-03-30 10:00,0.761
2015-03-30 11:00,0.779
2015-03-30 12:00,0.791
2015-03-30 13:00,0.774
2015-03-30 14:00,0.767
2015-03-30 15:00,0.741
2015-03-30 16:00,0.661
2015-03-30 17:00,0.669
2015-03-30 18:00,0.769
2015-03-30 19:00,0.870
2015-03-30 20:00,0.953
2015-03-30 21:00,0.981
2015-03-30 22:00,0.992
2015-03-30 23:00,0.990
2015-03-31 00:00,0.986
2015-03-31 01:00,0.992
2015-03-31 02:00,0.992
2015-03-31 03:00,0.992
2015-03-31 04:00,0.993
2015-03-31 05:00,0.992
2015-03-31 06:00,0.990
2015-03-31 07:00,0.988
2015-03-31 08:00,0.988
2015-03-31 09:00,0.989
2015-03-31 10:00,0.993
2015-03-31 11:00,0.992
2015-03-31 12:00,0.993
2015-03-31 13:00,0.993
2015-03-31 14:00,0.993
2015-03-31 15:00,0.993
2015-03-31 16:00,0.991
2015-03-31 17:00,0.984
2015-03-31 18:00,0.986
2015-03-31 19:00,0.987
2015-03-31 20:00,0.981
2015-03-31 21:00,0.975
2015-03-31 22:00,0.971
2015-03-31 23:00,0.967
2015-04-01 00:00,0.961
2015-04-01 01:00,0.953
2015-04-01 02:00,0.945
2015-04-01 03:00,0.935
2015-04-01 04:00,0.920
2015-04-01 05:00,0.893
2015-04-01 06:00,0.851
2015-04-01 07:00,0.826
2015-04-01 08:00,0.891
2015-04-01 09:00,0.917
2015-04-01 10:00,0.920
2015-04-01 11:00,0.925
2015-04-01 12:00,0.937
2015-04-01 13:00,0.948
2015-04-01 14:00,0.953
2015-04-01 15:00,0.945
2015-04-01 16:00,0.900
2015-04-01 17:00,0.839
2015-04-01 18:00,0.800
2015-04-01 19:00,0.725
2015-04-01 20:00,0.645
2015-04-01 21:00,0.516
2015-04-01 22:00,0.467
2015-04-01 23:00,0.463
2015-04-02 00:00,0.485
2015-04-02 01:00,0.490
2015-04-02 02:00,0.468
2015-04-02 03:00,0.393
2015-04-02 04:00,0.336
2015-04-02 05:00,0.305
2015-04-02 06:00,0.226
2015-04-02 07:00,0.134
2015-04-02 08:00,0.131
2015-04-02 09:00,0.097
2015-04-02 10:00,0.076
2015-04-02 11:00,0.061
2015-04-02 12:00,0.050
2015-04-02 13:00,0.037
2015-04-02 14:00,0.026
2015-04-02 15:00,0.022
2015-04-02 16:00,0.021
2015-04-02 17:00,0.028
2015-04-02 18:00,0.036
2015-04-02 19:00,0.058
2015-04-02 20:00,0.118
2015-04-02 21:00,0.212
2015-04-02 22:00,0.302
2015-04-02 23:00,0.340
2015-04-03 00:00,0.340
2015-04-03 01:00,0.310
2015-04-03 02:00,0.283
2015-04-03 03:00,0.271
2015-04-03 04:00,0.270
2015-04-03 05:00,0.269
2015-04-03 06:00,0.250
2015-04-03 07:00,0.200
2015-04-03 08:00,0.160
2015-04-03 09:00,0.131
2015-04-03 10:00,0.089
2015-04-03 11:00,0.054
2015-04-03 12:00,0.032
2015-04-03 13:00,0.024
2015-04-03 14:00,0.027
2015-04-03 15:00,0.052
2015-04-03 16:00,0.086
2015-04-03 17:00,0.113
2015-04-03 18:00,0.158
2015-04-03 19:00,0.209
2015-04-03 20:00,0.254
2015-04-03 21:00,0.309
2015-04-03 22:00,0.321
2015-04-03 23:00,0.338
2015-04-04 00:00,0.330
2015-04-04 01:00,0.303
2015-04-04 02:00,0.270
2015-04-04 03:00,0.221
2015-04-04 04:00,0.199
2015-04-04 05:00,0.204
2015-04-04 06:00,0.186
2015-04-04 07:00,0.177
2015-04-04 08:00,0.241
2015-04-04 09:00,0.217
2015-04-04 10:00,0.170
2015-04-04 11:00,0.147
2015-04-04 12:00,0.138
2015-04-04 13:00,0.133
2015-04-04 14:00,0.129
2015-04-04 15:00,0.126
2015-04-04 16:00,0.113
2015-04-04 17:00,0.098
2015-04-04 18:00,0.099
2015-04-04 19:00,0.097
2015-04-04 20:00,0.095
2015-04-04 21:00,0.102
2015-04-04 22:00,0.113
2015-04-04 23:00,0.121
2015-04-05 00:00,0.126
2015-04-05 01:00,0.127
2015-04-05 02:00,0.129
2015-04-05 03:00,0.121
2015-04-05 04:00,0.109
2015-04-05 05:00,0.095
2015-04-05 06:00,0.065
2015-04-05 07:00,0.037
2015-04-05 08:00,0.030
2015-04-05 09:00,0.047
2015-04-05 10:00,0.060
2015-04-05 11:00,0.063
2015-04-05 12:00,0.061
2015-04-05 13:00,0.051
2015-04-05 14:00,0.039
2015-04-05 15:00,0.028
2015-04-05 16:00,0.018
2015-04-05 17:00,0.013
2015-04-05 18:00,0.029
2015-04-05 19:00,0.067
2015-04-05 20:00,0.115
2015-04-05 21:00,0.174
2015-04-05 22:00,0.232
2015-04-05 23:00,0.260
2015-04-06 00:00,0.285
2015-04-06 01:00,0.294
2015-04-06 02:00,0.245
2015-04-06 03:00,0.213
2015-04-06 04:00,0.181
2015-04-06 05:00,0.144
2015-04-06 06:00,0.118
2015-04-06 07:00,0.114
2015-04-06 08:00,0.082
2015-04-06 09:00,0.051
2015-04-06 10:00,0.028
2015-04-06 11:00,0.018
2015-04-06 12:00,0.020
2015-04-06 13:00,0.022
2015-04-06 14:00,0.022
2015-04-06 15:00,0.030
2015-04-06 16:00,0.040
2015-04-06 17:00,0.048
2015-04-06 18:00,0.065
2015-04-06 19:00,0.083
2015-04-06 20:00,0.088
2015-04-06 21:00,0.093
2015-04-06 22:00,0.103
2015-04-06 23:00,0.118
2015-04-07 00:00,0.127
2015-04-07 01:00,0.136
2015-04-07 02:00,0.149
2015-04-07 03:00,0.140
2015-04-07 04:00,0.124
2015-04-07 05:00,0.113
2015-04-07 06:00,0.082
2015-04-07 07:00,0.060
2015-04-07 08:00,0.071
2015-04-07 09:00,0.097
2015-04-07 10:00,0.138
2015-04-07 11:00,0.178
2015-04-07 12:00,0.221
2015-04-07 13:00,0.265
2015-04-07 14:00,0.309
2015-04-07 15:00,0.333
2015-04-07 16:00,0.321
2015-04-07 17:00,0.276
2015-04-07 18:00,0.257
2015-04-07 19:00,0.238
2015-04-07 20:00,0.205
2015-04-07 21:00,0.178
2015-04-07 22:00,0.154
2015-04-07 23:00,0.133
2015-04-08 00:00,0.118
2015-04-08 01:00,0.111
2015-04-08 02:00,0.108
2015-04-08 03:00,0.106
2015-04-08 04:00,0.102
2015-04-08 05:00,0.102
2015-04-08 06:00,0.096
2015-04-08 07:00,0.065
2015-04-08 08:00,0.082
2015-04-08 09:00,0.090
2015-04-08 10:00,0.097
2015-04-08 11:00,0.103
2015-04-08 12:00,0.106
2015-04-08 13:00,0.107
2015-04-08 14:00,0.106
2015-04-08 15:00,0.107
2015-04-08 16:00,0.112
2015-04-08 17:00,0.138
2015-04-08 18:00,0.229
2015-04-08 19:00,0.343
2015-04-08 20:00,0.380
2015-04-08 21:00,0.331
2015-04-08 22:00,0.253
2015-04-08 23:00,0.183
2015-04-09 00:00,0.133
2015-04-09 01:00,0.101
2015-04-09 02:00,0.077
2015-04-09 03:00,0.059
2015-04-09 04:00,0.046
2015-04-09 05:00,0.034
2015-04-09 06:00,0.024
2015-04-09 07:00,0.020
2015-04-09 08:00,0.021
2015-04-09 09:00,0.016
2015-04-09 10:00,0.014
2015-04-09 11:00,0.017
2015-04-09 12:00,0.025
2015-04-09 13:00,0.035
2015-04-09 14:00,0.044
2015-04-09 15:00,0.054
2015-04-09 16:00,0.063
2015-04-09 17:00,0.072
2015-04-09 18:00,0.074
2015-04-09 19:00,0.084
2015-04-09 20:00,0.114
2015-04-09 21:00,0.159
2015-04-09 22:00,0.204
2015-04-09 23:00,0.238
2015-04-10 00:00,0.246
2015-04-10 01:00,0.233
2015-04-10 02:00,0.208
2015-04-10 03:00,0.182
2015-04-10 04:00,0.162
2015-04-10 05:00,0.157
2015-04-10 06:00,0.164
2015-04-10 07:00,0.109
2015-04-10 08:00,0.131
2015-04-10 09:00,0.355
2015-04-10 10:00,0.414
2015-04-10 11:00,0.459
2015-04-10 12:00,0.515
2015-04-10 13:00,0.571
2015-04-10 14:00,0.604
2015-04-10 15:00,0.598
2015-04-10 16:00,0.581
2015-04-10 17:00,0.610
2015-04-10 18:00,0.692
2015-04-10 19:00,0.665
2015-04-10 20:00,0.630
2015-04-10 21:00,0.597
2015-04-10 22:00,0.597
2015-04-10 23:00,0.613
2015-04-11 00:00,0.636
2015-04-11 01:00,0.587
2015-04-11 02:00,0.520
2015-04-11 03:00,0.497
2015-04-11 04:00,0.549
2015-04-11 05:00,0.625
2015-04-11 06:00,0.651
2015-04-11 07:00,0.790
2015-04-11 08:00,0.872
2015-04-11 09:00,0.857
2015-04-11 10:00,0.850
2015-04-11 11:00,0.857
2015-04-11 12:00,0.846
2015-04-11 13:00,0.861
2015-04-11 14:00,0.862
2015-04-11 15:00,0.843
2015-04-11 16:00,0.802
2015-04-11 17:00,0.712
2015-04-11 18:00,0.646
2015-04-11 19:00,0.634
2015-04-11 20:00,0.572
2015-04-11 21:00,0.562
2015-04-11 22:00,0.558
2015-04-11 23:00,0.549
2015-04-12 00:00,0.530
2015-04-12 01:00,0.516
2015-04-12 02:00,0.499
2015-04-12 03:00,0.478
2015-04-12 04:00,0.476
2015-04-12 05:00,0.466
2015-04-12 06:00,0.480
2015-04-12 07:00,0.562
2015-04-12 08:00,0.748
2015-04-12 09:00,0.875
2015-04-12 10:00,0.945
2015-04-12 11:00,0.978
2015-04-12 12:00,0.986
2015-04-12 13:00,0.979
2015-04-12 14:00,0.951
2015-04-12 15:00,0.889
2015-04-12 16:00,0.759
2015-04-12 17:00,0.626
2015-04-12 18:00,0.554
2015-04-12 19:00,0.509
2015-04-12 20:00,0.444
2015-04-12 21:00,0.418
2015-04-12 22:00,0.380
2015-04-12 23:00,0.353
2015-04-13 00:00,0.327
2015-04-13 01:00,0.278
2015-04-13 02:00,0.210
2015-04-13 03:00,0.135
2015-04-13 04:00,0.092
2015-04-13 05:00,0.073
2015-04-13 06:00,0.066
2015-04-13 07:00,0.086
2015-04-13 08:00,0.162
2015-04-13 09:00,0.271
2015-04-13 10:00,0.317
2015-04-13 11:00,0.369
2015-04-13 12:00,0.423
2015-04-13 13:00,0.440
2015-04-13 14:00,0.419
2015-04-13 15:00,0.359
2015-04-13 16:00,0.330
2015-04-13 17:00,0.406
2015-04-13 18:00,0.497
2015-04-13 19:00,0.540
2015-04-13 20:00,0.562
2015-04-13 21:00,0.597
2015-04-13 22:00,0.574
2015-04-13 23:00,0.571
2015-04-14 00:00,0.576
2015-04-14 01:00,0.564
2015-04-14 02:00,0.545
2015-04-14 03:00,0.523
2015-04-14 04:00,0.493
2015-04-14 05:00,0.503
2015-04-14 06:00,0.531
2015-04-14 07:00,0.583
2015-04-14 08:00,0.710
2015-04-14 09:00,0.715
2015-04-14 10:00,0.682
2015-04-14 11:00,0.645
2015-04-14 12:00,0.609
2015-04-14 13:00,0.581
2015-04-14 14:00,0.569
2015-04-14 15:00,0.564
2015-04-14 16:00,0.533
2015-04-14 17:00,0.416
2015-04-14 18:00,0.413
2015-04-14 19:00,0.483
2015-04-14 20:00,0.532
2015-04-14 21:00,0.572
2015-04-14 22:00,0.594
2015-04-14 23:00,0.597
2015-04-15 00:00,0.591
2015-04-15 01:00,0.578
2015-04-15 02:00,0.549
2015-04-15 03:00,0.490
2015-04-15 04:00,0.424
2015-04-15 05:00,0.468
2015-04-15 06:00,0.489
2015-04-15 07:00,0.510
2015-04-15 08:00,0.523
2015-04-15 09:00,0.504
2015-04-15 10:00,0.458
2015-04-15 11:00,0.416
2015-04-15 12:00,0.397
2015-04-15 13:00,0.390
2015-04-15 14:00,0.361
2015-04-15 15:00,0.330
2015-04-15 16:00,0.299
2015-04-15 17:00,0.257
2015-04-15 18:00,0.248
2015-04-15 19:00,0.268
2015-04-15 20:00,0.257
2015-04-15 21:00,0.220
2015-04-15 22:00,0.198
2015-04-15 23:00,0.201
2015-04-16 00:00,0.214
2015-04-16 01:00,0.224
2015-04-16 02:00,0.230
2015-04-16 03:00,0.224
2015-04-16 04:00,0.204
2015-04-16 05:00,0.166
2015-04-16 06:00,0.102
2015-04-16 07:00,0.048
2015-04-16 08:00,0.044
2015-04-16 09:00,0.044
2015-04-16 10:00,0.043
2015-04-16 11:00,0.039
2015-04-16 12:00,0.037
2015-04-16 13:00,0.039
2015-04-16 14:00,0.046
2015-04-16 15:00,0.062
2015-04-16 16:00,0.097
2015-04-16 17:00,0.177
2015-04-16 18:00,0.285
2015-04-16 19:00,0.363
2015-04-16 20:00,0.361
2015-04-16 21:00,0.339
2015-04-16 22:00,0.328
2015-04-16 23:00,0.321
2015-04-17 00:00,0.320
2015-04-17 01:00,0.302
2015-04-17 02:00,0.306
2015-04-17 03:00,0.314
2015-04-17 04:00,0.325
2015-04-17 05:00,0.338
2015-04-17 06:00,0.275
2015-04-17 07:00,0.291
2015-04-17 08:00,0.305
2015-04-17 09:00,0.288
2015-04-17 10:00,0.284
2015-04-17 11:00,0.296
2015-04-17 12:00,0.318
2015-04-17 13:00,0.335
2015-04-17 14:00,0.352
2015-04-17 15:00,0.368
2015-04-17 16:00,0.388
2015-04-17 17:00,0.409
2015-04-17 18:00,0.430
2015-04-17 19:00,0.473
2015-04-17 20:00,0.449
2015-04-17 21:00,0.421
2015-04-17 22:00,0.407
2015-04-17 23:00,0.376
2015-04-18 00:00,0.330
2015-04-18 01:00,0.309
2015-04-18 02:00,0.312
2015-04-18 03:00,0.305
2015-04-18 04:00,0.299
2015-04-18 05:00,0.311
2015-04-18 06:00,0.257
2015-04-18 07:00,0.340
2015-04-18 08:00,0.355
2015-04-18 09:00,0.328
2015-04-18 10:00,0.302
2015-04-18 11:00,0.284
2015-04-18 12:00,0.268
2015-04-18 13:00,0.273
2015-04-18 14:00,0.322
2015-04-18 15:00,0.380
2015-04-18 16:00,0.383
2015-04-18 17:00,0.362
2015-04-18 18:00,0.376
2015-04-18 19:00,0.432
2015-04-18 20:00,0.439
2015-04-18 21:00,0.399
2015-04-18 22:00,0.353
2015-04-18 23:00,0.302
2015-04-19 00:00,0.261
2015-04-19 01:00,0.246
2015-04-19 02:00,0.224
2015-04-19 03:00,0.194
2015-04-19 04:00,0.198
2015-04-19 05:00,0.212
2015-04-19 06:00,0.204
2015-04-19 07:00,0.260
2015-04-19 08:00,0.476
2015-04-19 09:00,0.559
2015-04-19 10:00,0.612
2015-04-19 11:00,0.666
2015-04-19 12:00,0.689
2015-04-19 13:00,0.663
2015-04-19 14:00,0.637
2015-04-19 15:00,0.629
2015-04-19 16:00,0.594
2015-04-19 17:00,0.486
2015-04-19 18:00,0.354
2015-04-19 19:00,0.317
2015-04-19 20:00,0.278
2015-04-19 21:00,0.225
2015-04-19 22:00,0.183
2015-04-19 23:00,0.146
2015-04-20 00:00,0.103
2015-04-20 01:00,0.062
2015-04-20 02:00,0.028
2015-04-20 03:00,0.012
2015-04-20 04:00,0.008
2015-04-20 05:00,0.008
2015-04-20 06:00,0.008
2015-04-20 07:00,0.010
2015-04-20 08:00,0.017
2015-04-20 09:00,0.022
2015-04-20 10:00,0.021
2015-04-20 11:00,0.019
2015-04-20 12:00,0.018
2015-04-20 13:00,0.019
2015-04-20 14:00,0.019
2015-04-20 15:00,0.018
2015-04-20 16:00,0.016
2015-04-20 17:00,0.019
2015-04-20 18:00,0.036
2015-04-20 19:00,0.068
2015-04-20 20:00,0.096
2015-04-20 21:00,0.095
2015-04-20 22:00,0.066
2015-04-20 23:00,0.033
2015-04-21 00:00,0.018
2015-04-21 01:00,0.014
2015-04-21 02:00,0.024
2015-04-21 03:00,0.050
2015-04-21 04:00,0.083
2015-04-21 05:00,0.123
2015-04-21 06:00,0.120
2015-04-21 07:00,0.058
2015-04-21 08:00,0.064
2015-04-21 09:00,0.055
2015-04-21 10:00,0.042
2015-04-21 11:00,0.036
2015-04-21 12:00,0.036
2015-04-21 13:00,0.041
2015-04-21 14:00,0.054
2015-04-21 15:00,0.073
2015-04-21 16:00,0.104
2015-04-21 17:00,0.161
2015-04-21 18:00,0.289
2015-04-21 19:00,0.409
2015-04-21 20:00,0.395
2015-04-21 21:00,0.306
2015-04-21 22:00,0.221
2015-04-21 23:00,0.158
2015-04-22 00:00,0.116
2015-04-22 01:00,0.089
2015-04-22 02:00,0.071
2015-04-22 03:00,0.058
2015-04-22 04:00,0.051
2015-04-22 05:00,0.055
2015-04-22 06:00,0.048
2015-04-22 07:00,0.031
2015-04-22 08:00,0.091
2015-04-22 09:00,0.105
2015-04-22 10:00,0.101
2015-04-22 11:00,0.094
2015-04-22 12:00,0.090
2015-04-22 13:00,0.091
2015-04-22 14:00,0.098
2015-04-22 15:00,0.102
2015-04-22 16:00,0.101
2015-04-22 17:00,0.100
2015-04-22 18:00,0.125
2015-04-22 19:00,0.155
2015-04-22 20:00,0.149
2015-04-22 21:00,0.117
2015-04-22 22:00,0.077
2015-04-22 23:00,0.046
2015-04-23 00:00,0.031
2015-04-23 01:00,0.026
2015-04-23 02:00,0.025
2015-04-23 03:00,0.025
2015-04-23 04:00,0.025
2015-04-23 05:00,0.026
2015-04-23 06:00,0.020
2015-04-23 07:00,0.010
2015-04-23 08:00,0.004
2015-04-23 09:00,0.004
2015-04-23 10:00,0.003
2015-04-23 11:00,0.003
2015-04-23 12:00,0.005
2015-04-23 13:00,0.013
2015-04-23 14:00,0.019
2015-04-23 15:00,0.026
2015-04-23 16:00,0.035
2015-04-23 17:00,0.051
2015-04-23 18:00,0.091
2015-04-23 19:00,0.132
2015-04-23 20:00,0.145
2015-04-23 21:00,0.141
2015-04-23 22:00,0.134
2015-04-23 23:00,0.127
2015-04-24 00:00,0.129
2015-04-24 01:00,0.139
2015-04-24 02:00,0.150
2015-04-24 03:00,0.149
2015-04-24 04:00,0.147
2015-04-24 05:00,0.157
2015-04-24 06:00,0.116
2015-04-24 07:00,0.075
2015-04-24 08:00,0.111
2015-04-24 09:00,0.139
2015-04-24 10:00,0.171
2015-04-24 11:00,0.215
2015-04-24 12:00,0.280
2015-04-24 13:00,0.360
2015-04-24 14:00,0.446
2015-04-24 15:00,0.476
2015-04-24 16:00,0.463
2015-04-24 17:00,0.439
2015-04-24 18:00,0.442
2015-04-24 19:00,0.510
2015-04-24 20:00,0.581
2015-04-24 21:00,0.614
2015-04-24 22:00,0.625
2015-04-24 23:00,0.643
2015-04-25 00:00,0.647
2015-04-25 01:00,0.661
2015-04-25 02:00,0.643
2015-04-25 03:00,0.600
2015-04-25 04:00,0.559
2015-04-25 05:00,0.526
2015-04-25 06:00,0.502
2015-04-25 07:00,0.600
2015-04-25 08:00,0.727
2015-04-25 09:00,0.756
2015-04-25 10:00,0.745
2015-04-25 11:00,0.708
2015-04-25 12:00,0.637
2015-04-25 13:00,0.546
2015-04-25 14:00,0.439
2015-04-25 15:00,0.348
2015-04-25 16:00,0.277
2015-04-25 17:00,0.204
2015-04-25 18:00,0.133
2015-04-25 19:00,0.084
2015-04-25 20:00,0.048
2015-04-25 21:00,0.035
2015-04-25 22:00,0.029
2015-04-25 23:00,0.026
2015-04-26 00:00,0.029
2015-04-26 01:00,0.051
2015-04-26 02:00,0.102
2015-04-26 03:00,0.179
2015-04-26 04:00,0.265
2015-04-26 05:00,0.288
2015-04-26 06:00,0.169
2015-04-26 07:00,0.158
2015-04-26 08:00,0.119
2015-04-26 09:00,0.093
2015-04-26 10:00,0.108
2015-04-26 11:00,0.145
2015-04-26 12:00,0.190
2015-04-26 13:00,0.243
2015-04-26 14:00,0.298
2015-04-26 15:00,0.355
2015-04-26 16:00,0.408
2015-04-26 17:00,0.437
2015-04-26 18:00,0.408
2015-04-26 19:00,0.395
2015-04-26 20:00,0.432
2015-04-26 21:00,0.448
2015-04-26 22:00,0.449
2015-04-26 23:00,0.426
2015-04-27 00:00,0.395
2015-04-27 01:00,0.375
2015-04-27 02:00,0.321
2015-04-27 03:00,0.251
2015-04-27 04:00,0.174
2015-04-27 05:00,0.104
2015-04-27 06:00,0.032
2015-04-27 07:00,0.015
2015-04-27 08:00,0.015
2015-04-27 09:00,0.024
2015-04-27 10:00,0.057
2015-04-27 11:00,0.118
2015-04-27 12:00,0.198
2015-04-27 13:00,0.281
2015-04-27 14:00,0.355
2015-04-27 15:00,0.413
2015-04-27 16:00,0.439
2015-04-27 17:00,0.403
2015-04-27 18:00,0.379
2015-04-27 19:00,0.380
2015-04-27 20:00,0.381
2015-04-27 21:00,0.416
2015-04-27 22:00,0.479
2015-04-27 23:00,0.536
2015-04-28 00:00,0.564
2015-04-28 01:00,0.576
2015-04-28 02:00,0.600
2015-04-28 03:00,0.622
2015-04-28 04:00,0.669
2015-04-28 05:00,0.674
2015-04-28 06:00,0.675
2015-04-28 07:00,0.811
2015-04-28 08:00,0.845
2015-04-28 09:00,0.845
2015-04-28 10:00,0.833
2015-04-28 11:00,0.808
2015-04-28 12:00,0.787
2015-04-28 13:00,0.769
2015-04-28 14:00,0.742
2015-04-28 15:00,0.704
2015-04-28 16:00,0.653
2015-04-28 17:00,0.582
2015-04-28 18:00,0.552
2015-04-28 19:00,0.543
2015-04-28 20:00,0.527
2015-04-28 21:00,0.520
2015-04-28 22:00,0.499
2015-04-28 23:00,0.476
2015-04-29 00:00,0.482
2015-04-29 01:00,0.517
2015-04-29 02:00,0.576
2015-04-29 03:00,0.623
2015-04-29 04:00,0.641
2015-04-29 05:00,0.691
2015-04-29 06:00,0.616
2015-04-29 07:00,0.600
2015-04-29 08:00,0.632
2015-04-29 09:00,0.674
2015-04-29 10:00,0.692
2015-04-29 11:00,0.692
2015-04-29 12:00,0.696
2015-04-29 13:00,0.692
2015-04-29 14:00,0.673
2015-04-29 15:00,0.658
2015-04-29 16:00,0.643
2015-04-29 17:00,0.592
2015-04-29 18:00,0.558
2015-04-29 19:00,0.587
2015-04-29 20:00,0.563
2015-04-29 21:00,0.573
2015-04-29 22:00,0.587
2015-04-29 23:00,0.559
2015-04-30 00:00,0.529
2015-04-30 01:00,0.530
2015-04-30 02:00,0.497
2015-04-30 03:00,0.502
2015-04-30 04:00,0.539
2015-04-30 05:00,0.505
2015-04-30 06:00,0.448
2015-04-30 07:00,0.450
2015-04-30 08:00,0.405
2015-04-30 09:00,0.356
2015-04-30 10:00,0.335
2015-04-30 11:00,0.335
2015-04-30 12:00,0.350
2015-04-30 13:00,0.383
2015-04-30 14:00,0.423
2015-04-30 15:00,0.451
2015-04-30 16:00,0.439
2015-04-30 17:00,0.362
2015-04-30 18:00,0.279
2015-04-30 19:00,0.253
2015-04-30 20:00,0.226
2015-04-30 21:00,0.203
2015-04-30 22:00,0.181
2015-04-30 23:00,0.149
2015-05-01 00:00,0.131
2015-05-01 01:00,0.143
2015-05-01 02:00,0.204
2015-05-01 03:00,0.251
2015-05-01 04:00,0.285
2015-05-01 05:00,0.284
2015-05-01 06:00,0.170
2015-05-01 07:00,0.232
2015-05-01 08:00,0.247
2015-05-01 09:00,0.235
2015-05-01 10:00,0.199
2015-05-01 11:00,0.173
2015-05-01 12:00,0.159
2015-05-01 13:00,0.149
2015-05-01 14:00,0.142
2015-05-01 15:00,0.155
2015-05-01 16:00,0.182
2015-05-01 17:00,0.212
2015-05-01 18:00,0.254
2015-05-01 19:00,0.311
2015-05-01 20:00,0.336
2015-05-01 21:00,0.325
2015-05-01 22:00,0.270
2015-05-01 23:00,0.219
2015-05-02 00:00,0.188
2015-05-02 01:00,0.177
2015-05-02 02:00,0.189
2015-05-02 03:00,0.221
2015-05-02 04:00,0.254
2015-05-02 05:00,0.254
2015-05-02 06:00,0.221
2015-05-02 07:00,0.377
2015-05-02 08:00,0.446
2015-05-02 09:00,0.479
2015-05-02 10:00,0.503
2015-05-02 11:00,0.517
2015-05-02 12:00,0.531
2015-05-02 13:00,0.543
2015-05-02 14:00,0.559
2015-05-02 15:00,0.582
2015-05-02 16:00,0.601
2015-05-02 17:00,0.604
2015-05-02 18:00,0.629
2015-05-02 19:00,0.685
2015-05-02 20:00,0.681
2015-05-02 21:00,0.679
2015-05-02 22:00,0.655
2015-05-02 23:00,0.654
2015-05-03 00:00,0.666
2015-05-03 01:00,0.689
2015-05-03 02:00,0.726
2015-05-03 03:00,0.780
2015-05-03 04:00,0.826
2015-05-03 05:00,0.851
2015-05-03 06:00,0.853
2015-05-03 07:00,0.842
2015-05-03 08:00,0.762
2015-05-03 09:00,0.625
2015-05-03 10:00,0.484
2015-05-03 11:00,0.400
2015-05-03 12:00,0.411
2015-05-03 13:00,0.516
2015-05-03 14:00,0.621
2015-05-03 15:00,0.661
2015-05-03 16:00,0.663
2015-05-03 17:00,0.609
2015-05-03 18:00,0.566
2015-05-03 19:00,0.522
2015-05-03 20:00,0.516
2015-05-03 21:00,0.546
2015-05-03 22:00,0.623
2015-05-03 23:00,0.690
2015-05-04 00:00,0.738
2015-05-04 01:00,0.740
2015-05-04 02:00,0.787
2015-05-04 03:00,0.761
2015-05-04 04:00,0.704
2015-05-04 05:00,0.635
2015-05-04 06:00,0.588
2015-05-04 07:00,0.586
2015-05-04 08:00,0.509
2015-05-04 09:00,0.393
2015-05-04 10:00,0.309
2015-05-04 11:00,0.246
2015-05-04 12:00,0.208
2015-05-04 13:00,0.197
2015-05-04 14:00,0.209
2015-05-04 15:00,0.219
2015-05-04 16:00,0.224
2015-05-04 17:00,0.227
2015-05-04 18:00,0.290
2015-05-04 19:00,0.369
2015-05-04 20:00,0.440
2015-05-04 21:00,0.436
2015-05-04 22:00,0.399
2015-05-04 23:00,0.403
2015-05-05 00:00,0.426
2015-05-05 01:00,0.463
2015-05-05 02:00,0.530
2015-05-05 03:00,0.666
2015-05-05 04:00,0.686
2015-05-05 05:00,0.632
2015-05-05 06:00,0.612
2015-05-05 07:00,0.599
2015-05-05 08:00,0.673
2015-05-05 09:00,0.847
2015-05-05 10:00,0.951
2015-05-05 11:00,0.976
2015-05-05 12:00,0.983
2015-05-05 13:00,0.981
2015-05-05 14:00,0.975
2015-05-05 15:00,0.973
2015-05-05 16:00,0.966
2015-05-05 17:00,0.952
2015-05-05 18:00,0.948
2015-05-05 19:00,0.946
2015-05-05 20:00,0.936
2015-05-05 21:00,0.924
2015-05-05 22:00,0.884
2015-05-05 23:00,0.828
2015-05-06 00:00,0.766
2015-05-06 01:00,0.691
2015-05-06 02:00,0.625
2015-05-06 03:00,0.647
2015-05-06 04:00,0.679
2015-05-06 05:00,0.753
2015-05-06 06:00,0.824
2015-05-06 07:00,0.883
2015-05-06 08:00,0.926
2015-05-06 09:00,0.942
2015-05-06 10:00,0.941
2015-05-06 11:00,0.913
2015-05-06 12:00,0.901
2015-05-06 13:00,0.909
2015-05-06 14:00,0.902
2015-05-06 15:00,0.900
2015-05-06 16:00,0.913
2015-05-06 17:00,0.893
2015-05-06 18:00,0.874
2015-05-06 19:00,0.858
2015-05-06 20:00,0.819
2015-05-06 21:00,0.755
2015-05-06 22:00,0.694
2015-05-06 23:00,0.618
2015-05-07 00:00,0.581
2015-05-07 01:00,0.541
2015-05-07 02:00,0.500
2015-05-07 03:00,0.450
2015-05-07 04:00,0.408
2015-05-07 05:00,0.294
2015-05-07 06:00,0.224
2015-05-07 07:00,0.251
2015-05-07 08:00,0.262
2015-05-07 09:00,0.240
2015-05-07 10:00,0.224
2015-05-07 11:00,0.236
2015-05-07 12:00,0.243
2015-05-07 13:00,0.235
2015-05-07 14:00,0.214
2015-05-07 15:00,0.185
2015-05-07 16:00,0.148
2015-05-07 17:00,0.109
2015-05-07 18:00,0.090
2015-05-07 19:00,0.091
2015-05-07 20:00,0.093
2015-05-07 21:00,0.091
2015-05-07 22:00,0.091
2015-05-07 23:00,0.096
2015-05-08 00:00,0.101
2015-05-08 01:00,0.102
2015-05-08 02:00,0.103
2015-05-08 03:00,0.108
2015-05-08 04:00,0.115
2015-05-08 05:00,0.116
2015-05-08 06:00,0.084
2015-05-08 07:00,0.094
2015-05-08 08:00,0.113
2015-05-08 09:00,0.122
2015-05-08 10:00,0.154
2015-05-08 11:00,0.205
2015-05-08 12:00,0.270
2015-05-08 13:00,0.338
2015-05-08 14:00,0.409
2015-05-08 15:00,0.483
2015-05-08 16:00,0.588
2015-05-08 17:00,0.637
2015-05-08 18:00,0.655
2015-05-08 19:00,0.696
2015-05-08 20:00,0.685
2015-05-08 21:00,0.646
2015-05-08 22:00,0.649
2015-05-08 23:00,0.658
2015-05-09 00:00,0.660
2015-05-09 01:00,0.639
2015-05-09 02:00,0.686
2015-05-09 03:00,0.746
2015-05-09 04:00,0.794
2015-05-09 05:00,0.822
2015-05-09 06:00,0.863
2015-05-09 07:00,0.887
2015-05-09 08:00,0.894
2015-05-09 09:00,0.879
2015-05-09 10:00,0.844
2015-05-09 11:00,0.802
2015-05-09 12:00,0.716
2015-05-09 13:00,0.595
2015-05-09 14:00,0.465
2015-05-09 15:00,0.362
2015-05-09 16:00,0.324
2015-05-09 17:00,0.258
2015-05-09 18:00,0.209
2015-05-09 19:00,0.179
2015-05-09 20:00,0.146
2015-05-09 21:00,0.134
2015-05-09 22:00,0.143
2015-05-09 23:00,0.177
2015-05-10 00:00,0.247
2015-05-10 01:00,0.299
2015-05-10 02:00,0.330
2015-05-10 03:00,0.357
2015-05-10 04:00,0.390
2015-05-10 05:00,0.301
2015-05-10 06:00,0.227
2015-05-10 07:00,0.262
2015-05-10 08:00,0.409
2015-05-10 09:00,0.510
2015-05-10 10:00,0.597
2015-05-10 11:00,0.651
2015-05-10 12:00,0.697
2015-05-10 13:00,0.752
2015-05-10 14:00,0.807
2015-05-10 15:00,0.813
2015-05-10 16:00,0.811
2015-05-10 17:00,0.778
2015-05-10 18:00,0.752
2015-05-10 19:00,0.756
2015-05-10 20:00,0.735
2015-05-10 21:00,0.734
2015-05-10 22:00,0.689
2015-05-10 23:00,0.665
2015-05-11 00:00,0.680
2015-05-11 01:00,0.678
2015-05-11 02:00,0.702
2015-05-11 03:00,0.634
2015-05-11 04:00,0.587
2015-05-11 05:00,0.553
2015-05-11 06:00,0.566
2015-05-11 07:00,0.616
2015-05-11 08:00,0.691
2015-05-11 09:00,0.786
2015-05-11 10:00,0.834
2015-05-11 11:00,0.841
2015-05-11 12:00,0.845
2015-05-11 13:00,0.853
2015-05-11 14:00,0.855
2015-05-11 15:00,0.861
2015-05-11 16:00,0.853
2015-05-11 17:00,0.817
2015-05-11 18:00,0.780
2015-05-11 19:00,0.773
2015-05-11 20:00,0.735
2015-05-11 21:00,0.707
2015-05-11 22:00,0.692
2015-05-11 23:00,0.666
2015-05-12 00:00,0.625
2015-05-12 01:00,0.587
2015-05-12 02:00,0.574
2015-05-12 03:00,0.574
2015-05-12 04:00,0.576
2015-05-12 05:00,0.581
2015-05-12 06:00,0.607
2015-05-12 07:00,0.750
2015-05-12 08:00,0.855
2015-05-12 09:00,0.883
2015-05-12 10:00,0.895
2015-05-12 11:00,0.909
2015-05-12 12:00,0.922
2015-05-12 13:00,0.940
2015-05-12 14:00,0.955
2015-05-12 15:00,0.957
2015-05-12 16:00,0.944
2015-05-12 17:00,0.906
2015-05-12 18:00,0.840
2015-05-12 19:00,0.772
2015-05-12 20:00,0.690
2015-05-12 21:00,0.628
2015-05-12 22:00,0.573
2015-05-12 23:00,0.520
2015-05-13 00:00,0.473
2015-05-13 01:00,0.447
2015-05-13 02:00,0.400
2015-05-13 03:00,0.345
2015-05-13 04:00,0.270
2015-05-13 05:00,0.178
2015-05-13 06:00,0.146
2015-05-13 07:00,0.124
2015-05-13 08:00,0.082
2015-05-13 09:00,0.054
2015-05-13 10:00,0.039
2015-05-13 11:00,0.029
2015-05-13 12:00,0.022
2015-05-13 13:00,0.018
2015-05-13 14:00,0.018
2015-05-13 15:00,0.027
2015-05-13 16:00,0.056
2015-05-13 17:00,0.123
2015-05-13 18:00,0.254
2015-05-13 19:00,0.400
2015-05-13 20:00,0.449
2015-05-13 21:00,0.373
2015-05-13 22:00,0.300
2015-05-13 23:00,0.270
2015-05-14 00:00,0.277
2015-05-14 01:00,0.250
2015-05-14 02:00,0.235
2015-05-14 03:00,0.204
2015-05-14 04:00,0.216
2015-05-14 05:00,0.268
2015-05-14 06:00,0.387
2015-05-14 07:00,0.445
2015-05-14 08:00,0.497
2015-05-14 09:00,0.551
2015-05-14 10:00,0.599
2015-05-14 11:00,0.625
2015-05-14 12:00,0.619
2015-05-14 13:00,0.581
2015-05-14 14:00,0.526
2015-05-14 15:00,0.478
2015-05-14 16:00,0.443
2015-05-14 17:00,0.410
2015-05-14 18:00,0.358
2015-05-14 19:00,0.302
2015-05-14 20:00,0.281
2015-05-14 21:00,0.259
2015-05-14 22:00,0.239
2015-05-14 23:00,0.216
2015-05-15 00:00,0.198
2015-05-15 01:00,0.182
2015-05-15 02:00,0.162
2015-05-15 03:00,0.120
2015-05-15 04:00,0.070
2015-05-15 05:00,0.031
2015-05-15 06:00,0.009
2015-05-15 07:00,0.007
2015-05-15 08:00,0.017
2015-05-15 09:00,0.046
2015-05-15 10:00,0.091
2015-05-15 11:00,0.144
2015-05-15 12:00,0.211
2015-05-15 13:00,0.297
2015-05-15 14:00,0.382
2015-05-15 15:00,0.423
2015-05-15 16:00,0.447
2015-05-15 17:00,0.426
2015-05-15 18:00,0.403
2015-05-15 19:00,0.435
2015-05-15 20:00,0.510
2015-05-15 21:00,0.544
2015-05-15 22:00,0.630
2015-05-15 23:00,0.648
2015-05-16 00:00,0.622
2015-05-16 01:00,0.586
2015-05-16 02:00,0.614
2015-05-16 03:00,0.689
2015-05-16 04:00,0.725
2015-05-16 05:00,0.667
2015-05-16 06:00,0.713
2015-05-16 07:00,0.797
2015-05-16 08:00,0.802
2015-05-16 09:00,0.800
2015-05-16 10:00,0.800
2015-05-16 11:00,0.797
2015-05-16 12:00,0.800
2015-05-16 13:00,0.819
2015-05-16 14:00,0.820
2015-05-16 15:00,0.821
2015-05-16 16:00,0.808
2015-05-16 17:00,0.754
2015-05-16 18:00,0.630
2015-05-16 19:00,0.526
2015-05-16 20:00,0.494
2015-05-16 21:00,0.533
2015-05-16 22:00,0.571
2015-05-16 23:00,0.594
2015-05-17 00:00,0.584
2015-05-17 01:00,0.536
2015-05-17 02:00,0.524
2015-05-17 03:00,0.506
2015-05-17 04:00,0.526
2015-05-17 05:00,0.504
2015-05-17 06:00,0.591
2015-05-17 07:00,0.686
2015-05-17 08:00,0.732
2015-05-17 09:00,0.749
2015-05-17 10:00,0.762
2015-05-17 11:00,0.771
2015-05-17 12:00,0.757
2015-05-17 13:00,0.721
2015-05-17 14:00,0.653
2015-05-17 15:00,0.544
2015-05-17 16:00,0.391
2015-05-17 17:00,0.284
2015-05-17 18:00,0.261
2015-05-17 19:00,0.281
2015-05-17 20:00,0.312
2015-05-17 21:00,0.352
2015-05-17 22:00,0.377
2015-05-17 23:00,0.398
2015-05-18 00:00,0.438
2015-05-18 01:00,0.476
2015-05-18 02:00,0.513
2015-05-18 03:00,0.493
2015-05-18 04:00,0.445
2015-05-18 05:00,0.401
2015-05-18 06:00,0.369
2015-05-18 07:00,0.348
2015-05-18 08:00,0.355
2015-05-18 09:00,0.417
2015-05-18 10:00,0.556
2015-05-18 11:00,0.702
2015-05-18 12:00,0.788
2015-05-18 13:00,0.814
2015-05-18 14:00,0.812
2015-05-18 15:00,0.805
2015-05-18 16:00,0.791
2015-05-18 17:00,0.729
2015-05-18 18:00,0.604
2015-05-18 19:00,0.556
2015-05-18 20:00,0.487
2015-05-18 21:00,0.456
2015-05-18 22:00,0.436
2015-05-18 23:00,0.438
2015-05-19 00:00,0.442
2015-05-19 01:00,0.439
2015-05-19 02:00,0.473
2015-05-19 03:00,0.491
2015-05-19 04:00,0.498
2015-05-19 05:00,0.462
2015-05-19 06:00,0.492
2015-05-19 07:00,0.531
2015-05-19 08:00,0.559
2015-05-19 09:00,0.603
2015-05-19 10:00,0.616
2015-05-19 11:00,0.618
2015-05-19 12:00,0.612
2015-05-19 13:00,0.611
2015-05-19 14:00,0.623
2015-05-19 15:00,0.647
2015-05-19 16:00,0.669
2015-05-19 17:00,0.648
2015-05-19 18:00,0.597
2015-05-19 19:00,0.616
2015-05-19 20:00,0.603
2015-05-19 21:00,0.597
2015-05-19 22:00,0.600
2015-05-19 23:00,0.608
2015-05-20 00:00,0.609
2015-05-20 01:00,0.585
2015-05-20 02:00,0.564
2015-05-20 03:00,0.546
2015-05-20 04:00,0.535
2015-05-20 05:00,0.508
2015-05-20 06:00,0.502
2015-05-20 07:00,0.502
2015-05-20 08:00,0.454
2015-05-20 09:00,0.430
2015-05-20 10:00,0.440
2015-05-20 11:00,0.463
2015-05-20 12:00,0.488
2015-05-20 13:00,0.516
2015-05-20 14:00,0.537
2015-05-20 15:00,0.556
2015-05-20 16:00,0.566
2015-05-20 17:00,0.553
2015-05-20 18:00,0.499
2015-05-20 19:00,0.499
2015-05-20 20:00,0.504
2015-05-20 21:00,0.471
2015-05-20 22:00,0.442
2015-05-20 23:00,0.422
2015-05-21 00:00,0.406
2015-05-21 01:00,0.394
2015-05-21 02:00,0.381
2015-05-21 03:00,0.351
2015-05-21 04:00,0.328
2015-05-21 05:00,0.258
2015-05-21 06:00,0.224
2015-05-21 07:00,0.312
2015-05-21 08:00,0.390
2015-05-21 09:00,0.430
2015-05-21 10:00,0.413
2015-05-21 11:00,0.378
2015-05-21 12:00,0.370
2015-05-21 13:00,0.387
2015-05-21 14:00,0.411
2015-05-21 15:00,0.439
2015-05-21 16:00,0.454
2015-05-21 17:00,0.446
2015-05-21 18:00,0.380
2015-05-21 19:00,0.297
2015-05-21 20:00,0.293
2015-05-21 21:00,0.313
2015-05-21 22:00,0.355
2015-05-21 23:00,0.387
2015-05-22 00:00,0.406
2015-05-22 01:00,0.422
2015-05-22 02:00,0.403
2015-05-22 03:00,0.402
2015-05-22 04:00,0.373
2015-05-22 05:00,0.251
2015-05-22 06:00,0.199
2015-05-22 07:00,0.260
2015-05-22 08:00,0.283
2015-05-22 09:00,0.313
2015-05-22 10:00,0.350
2015-05-22 11:00,0.387
2015-05-22 12:00,0.439
2015-05-22 13:00,0.511
2015-05-22 14:00,0.581
2015-05-22 15:00,0.600
2015-05-22 16:00,0.569
2015-05-22 17:00,0.505
2015-05-22 18:00,0.396
2015-05-22 19:00,0.329
2015-05-22 20:00,0.359
2015-05-22 21:00,0.374
2015-05-22 22:00,0.348
2015-05-22 23:00,0.316
2015-05-23 00:00,0.272
2015-05-23 01:00,0.226
2015-05-23 02:00,0.166
2015-05-23 03:00,0.120
2015-05-23 04:00,0.084
2015-05-23 05:00,0.043
2015-05-23 06:00,0.028
2015-05-23 07:00,0.019
2015-05-23 08:00,0.014
2015-05-23 09:00,0.012
2015-05-23 10:00,0.013
2015-05-23 11:00,0.015
2015-05-23 12:00,0.020
2015-05-23 13:00,0.027
2015-05-23 14:00,0.036
2015-05-23 15:00,0.046
2015-05-23 16:00,0.059
2015-05-23 17:00,0.072
2015-05-23 18:00,0.085
2015-05-23 19:00,0.123
2015-05-23 20:00,0.171
2015-05-23 21:00,0.230
2015-05-23 22:00,0.304
2015-05-23 23:00,0.380
2015-05-24 00:00,0.410
2015-05-24 01:00,0.413
2015-05-24 02:00,0.423
2015-05-24 03:00,0.423
2015-05-24 04:00,0.382
2015-05-24 05:00,0.321
2015-05-24 06:00,0.288
2015-05-24 07:00,0.263
2015-05-24 08:00,0.320
2015-05-24 09:00,0.419
2015-05-24 10:00,0.464
2015-05-24 11:00,0.497
2015-05-24 12:00,0.516
2015-05-24 13:00,0.549
2015-05-24 14:00,0.568
2015-05-24 15:00,0.562
2015-05-24 16:00,0.552
2015-05-24 17:00,0.551
2015-05-24 18:00,0.524
2015-05-24 19:00,0.430
2015-05-24 20:00,0.410
2015-05-24 21:00,0.382
2015-05-24 22:00,0.372
2015-05-24 23:00,0.372
2015-05-25 00:00,0.371
2015-05-25 01:00,0.360
2015-05-25 02:00,0.361
2015-05-25 03:00,0.377
2015-05-25 04:00,0.374
2015-05-25 05:00,0.267
2015-05-25 06:00,0.333
2015-05-25 07:00,0.338
2015-05-25 08:00,0.320
2015-05-25 09:00,0.321
2015-05-25 10:00,0.336
2015-05-25 11:00,0.360
2015-05-25 12:00,0.387
2015-05-25 13:00,0.411
2015-05-25 14:00,0.429
2015-05-25 15:00,0.438
2015-05-25 16:00,0.434
2015-05-25 17:00,0.406
2015-05-25 18:00,0.352
2015-05-25 19:00,0.358
2015-05-25 20:00,0.423
2015-05-25 21:00,0.450
2015-05-25 22:00,0.499
2015-05-25 23:00,0.497
2015-05-26 00:00,0.440
2015-05-26 01:00,0.387
2015-05-26 02:00,0.341
2015-05-26 03:00,0.287
2015-05-26 04:00,0.261
2015-05-26 05:00,0.251
2015-05-26 06:00,0.281
2015-05-26 07:00,0.285
2015-05-26 08:00,0.276
2015-05-26 09:00,0.268
2015-05-26 10:00,0.279
2015-05-26 11:00,0.324
2015-05-26 12:00,0.377
2015-05-26 13:00,0.440
2015-05-26 14:00,0.507
2015-05-26 15:00,0.563
2015-05-26 16:00,0.602
2015-05-26 17:00,0.609
2015-05-26 18:00,0.564
2015-05-26 19:00,0.523
2015-05-26 20:00,0.547
2015-05-26 21:00,0.523
2015-05-26 22:00,0.483
2015-05-26 23:00,0.473
2015-05-27 00:00,0.470
2015-05-27 01:00,0.479
2015-05-27 02:00,0.460
2015-05-27 03:00,0.423
2015-05-27 04:00,0.374
2015-05-27 05:00,0.226
2015-05-27 06:00,0.175
2015-05-27 07:00,0.141
2015-05-27 08:00,0.143
2015-05-27 09:00,0.163
2015-05-27 10:00,0.213
2015-05-27 11:00,0.281
2015-05-27 12:00,0.354
2015-05-27 13:00,0.426
2015-05-27 14:00,0.457
2015-05-27 15:00,0.497
2015-05-27 16:00,0.667
2015-05-27 17:00,0.802
2015-05-27 18:00,0.786
2015-05-27 19:00,0.734
2015-05-27 20:00,0.758
2015-05-27 21:00,0.788
2015-05-27 22:00,0.804
2015-05-27 23:00,0.814
2015-05-28 00:00,0.801
2015-05-28 01:00,0.761
2015-05-28 02:00,0.733
2015-05-28 03:00,0.706
2015-05-28 04:00,0.694
2015-05-28 05:00,0.713
2015-05-28 06:00,0.750
2015-05-28 07:00,0.765
2015-05-28 08:00,0.777
2015-05-28 09:00,0.777
2015-05-28 10:00,0.774
2015-05-28 11:00,0.773
2015-05-28 12:00,0.776
2015-05-28 13:00,0.791
2015-05-28 14:00,0.800
2015-05-28 15:00,0.793
2015-05-28 16:00,0.772
2015-05-28 17:00,0.721
2015-05-28 18:00,0.587
2015-05-28 19:00,0.463
2015-05-28 20:00,0.406
2015-05-28 21:00,0.403
2015-05-28 22:00,0.410
2015-05-28 23:00,0.399
2015-05-29 00:00,0.377
2015-05-29 01:00,0.350
2015-05-29 02:00,0.355
2015-05-29 03:00,0.328
2015-05-29 04:00,0.262
2015-05-29 05:00,0.190
2015-05-29 06:00,0.163
2015-05-29 07:00,0.170
2015-05-29 08:00,0.170
2015-05-29 09:00,0.195
2015-05-29 10:00,0.262
2015-05-29 11:00,0.389
2015-05-29 12:00,0.533
2015-05-29 13:00,0.626
2015-05-29 14:00,0.683
2015-05-29 15:00,0.710
2015-05-29 16:00,0.710
2015-05-29 17:00,0.694
2015-05-29 18:00,0.628
2015-05-29 19:00,0.558
2015-05-29 20:00,0.493
2015-05-29 21:00,0.488
2015-05-29 22:00,0.483
2015-05-29 23:00,0.476
2015-05-30 00:00,0.466
2015-05-30 01:00,0.460
2015-05-30 02:00,0.456
2015-05-30 03:00,0.448
2015-05-30 04:00,0.409
2015-05-30 05:00,0.325
2015-05-30 06:00,0.391
2015-05-30 07:00,0.367
2015-05-30 08:00,0.337
2015-05-30 09:00,0.312
2015-05-30 10:00,0.299
2015-05-30 11:00,0.296
2015-05-30 12:00,0.287
2015-05-30 13:00,0.270
2015-05-30 14:00,0.243
2015-05-30 15:00,0.202
2015-05-30 16:00,0.170
2015-05-30 17:00,0.133
2015-05-30 18:00,0.083
2015-05-30 19:00,0.076
2015-05-30 20:00,0.155
2015-05-30 21:00,0.273
2015-05-30 22:00,0.350
2015-05-30 23:00,0.397
2015-05-31 00:00,0.430
2015-05-31 01:00,0.513
2015-05-31 02:00,0.562
2015-05-31 03:00,0.597
2015-05-31 04:00,0.609
2015-05-31 05:00,0.574
2015-05-31 06:00,0.471
2015-05-31 07:00,0.625
2015-05-31 08:00,0.827
2015-05-31 09:00,0.867
2015-05-31 10:00,0.891
2015-05-31 11:00,0.893
2015-05-31 12:00,0.892
2015-05-31 13:00,0.891
2015-05-31 14:00,0.883
2015-05-31 15:00,0.874
2015-05-31 16:00,0.861
2015-05-31 17:00,0.834
2015-05-31 18:00,0.752
2015-05-31 19:00,0.660
2015-05-31 20:00,0.615
2015-05-31 21:00,0.546
2015-05-31 22:00,0.528
2015-05-31 23:00,0.538
2015-06-01 00:00,0.557
2015-06-01 01:00,0.545
2015-06-01 02:00,0.497
2015-06-01 03:00,0.471
2015-06-01 04:00,0.439
2015-06-01 05:00,0.380
2015-06-01 06:00,0.497
2015-06-01 07:00,0.603
2015-06-01 08:00,0.616
2015-06-01 09:00,0.649
2015-06-01 10:00,0.725
2015-06-01 11:00,0.814
2015-06-01 12:00,0.873
2015-06-01 13:00,0.897
2015-06-01 14:00,0.895
2015-06-01 15:00,0.907
2015-06-01 16:00,0.944
2015-06-01 17:00,0.971
2015-06-01 18:00,0.990
2015-06-01 19:00,0.993
2015-06-01 20:00,0.993
2015-06-01 21:00,0.979
2015-06-01 22:00,0.935
2015-06-01 23:00,0.869
2015-06-02 00:00,0.772
2015-06-02 01:00,0.708
2015-06-02 02:00,0.638
2015-06-02 03:00,0.618
2015-06-02 04:00,0.572
2015-06-02 05:00,0.550
2015-06-02 06:00,0.613
2015-06-02 07:00,0.661
2015-06-02 08:00,0.651
2015-06-02 09:00,0.676
2015-06-02 10:00,0.840
2015-06-02 11:00,0.947
2015-06-02 12:00,0.983
2015-06-02 13:00,0.988
2015-06-02 14:00,0.987
2015-06-02 15:00,0.982
2015-06-02 16:00,0.970
2015-06-02 17:00,0.947
2015-06-02 18:00,0.923
2015-06-02 19:00,0.897
2015-06-02 20:00,0.879
2015-06-02 21:00,0.855
2015-06-02 22:00,0.834
2015-06-02 23:00,0.798
2015-06-03 00:00,0.746
2015-06-03 01:00,0.705
2015-06-03 02:00,0.620
2015-06-03 03:00,0.572
2015-06-03 04:00,0.499
2015-06-03 05:00,0.430
2015-06-03 06:00,0.505
2015-06-03 07:00,0.506
2015-06-03 08:00,0.482
2015-06-03 09:00,0.469
2015-06-03 10:00,0.465
2015-06-03 11:00,0.460
2015-06-03 12:00,0.449
2015-06-03 13:00,0.439
2015-06-03 14:00,0.430
2015-06-03 15:00,0.400
2015-06-03 16:00,0.343
2015-06-03 17:00,0.267
2015-06-03 18:00,0.183
2015-06-03 19:00,0.134
2015-06-03 20:00,0.082
2015-06-03 21:00,0.044
2015-06-03 22:00,0.026
2015-06-03 23:00,0.019
2015-06-04 00:00,0.018
2015-06-04 01:00,0.025
2015-06-04 02:00,0.036
2015-06-04 03:00,0.047
2015-06-04 04:00,0.063
2015-06-04 05:00,0.075
2015-06-04 06:00,0.066
2015-06-04 07:00,0.126
2015-06-04 08:00,0.164
2015-06-04 09:00,0.181
2015-06-04 10:00,0.193
2015-06-04 11:00,0.209
2015-06-04 12:00,0.229
2015-06-04 13:00,0.248
2015-06-04 14:00,0.265
2015-06-04 15:00,0.281
2015-06-04 16:00,0.288
2015-06-04 17:00,0.262
2015-06-04 18:00,0.262
2015-06-04 19:00,0.380
2015-06-04 20:00,0.502
2015-06-04 21:00,0.543
2015-06-04 22:00,0.515
2015-06-04 23:00,0.476
2015-06-05 00:00,0.432
2015-06-05 01:00,0.383
2015-06-05 02:00,0.333
2015-06-05 03:00,0.295
2015-06-05 04:00,0.235
2015-06-05 05:00,0.227
2015-06-05 06:00,0.278
2015-06-05 07:00,0.238
2015-06-05 08:00,0.238
2015-06-05 09:00,0.355
2015-06-05 10:00,0.489
2015-06-05 11:00,0.600
2015-06-05 12:00,0.643
2015-06-05 13:00,0.662
2015-06-05 14:00,0.690
2015-06-05 15:00,0.709
2015-06-05 16:00,0.692
2015-06-05 17:00,0.643
2015-06-05 18:00,0.569
2015-06-05 19:00,0.502
2015-06-05 20:00,0.502
2015-06-05 21:00,0.586
2015-06-05 22:00,0.637
2015-06-05 23:00,0.634
2015-06-06 00:00,0.626
2015-06-06 01:00,0.612
2015-06-06 02:00,0.600
2015-06-06 03:00,0.589
2015-06-06 04:00,0.553
2015-06-06 05:00,0.545
2015-06-06 06:00,0.774
2015-06-06 07:00,0.881
2015-06-06 08:00,0.907
2015-06-06 09:00,0.923
2015-06-06 10:00,0.933
2015-06-06 11:00,0.940
2015-06-06 12:00,0.943
2015-06-06 13:00,0.946
2015-06-06 14:00,0.949
2015-06-06 15:00,0.949
2015-06-06 16:00,0.942
2015-06-06 17:00,0.916
2015-06-06 18:00,0.857
2015-06-06 19:00,0.783
2015-06-06 20:00,0.726
2015-06-06 21:00,0.630
2015-06-06 22:00,0.580
2015-06-06 23:00,0.556
2015-06-07 00:00,0.539
2015-06-07 01:00,0.543
2015-06-07 02:00,0.533
2015-06-07 03:00,0.533
2015-06-07 04:00,0.474
2015-06-07 05:00,0.325
2015-06-07 06:00,0.473
2015-06-07 07:00,0.492
2015-06-07 08:00,0.473
2015-06-07 09:00,0.455
2015-06-07 10:00,0.447
2015-06-07 11:00,0.442
2015-06-07 12:00,0.436
2015-06-07 13:00,0.438
2015-06-07 14:00,0.438
2015-06-07 15:00,0.432
2015-06-07 16:00,0.419
2015-06-07 17:00,0.390
2015-06-07 18:00,0.330
2015-06-07 19:00,0.293
2015-06-07 20:00,0.334
2015-06-07 21:00,0.398
2015-06-07 22:00,0.441
2015-06-07 23:00,0.454
2015-06-08 00:00,0.472
2015-06-08 01:00,0.468
2015-06-08 02:00,0.456
2015-06-08 03:00,0.429
2015-06-08 04:00,0.335
2015-06-08 05:00,0.163
2015-06-08 06:00,0.121
2015-06-08 07:00,0.089
2015-06-08 08:00,0.062
2015-06-08 09:00,0.055
2015-06-08 10:00,0.056
2015-06-08 11:00,0.063
2015-06-08 12:00,0.076
2015-06-08 13:00,0.092
2015-06-08 14:00,0.113
2015-06-08 15:00,0.145
2015-06-08 16:00,0.181
2015-06-08 17:00,0.208
2015-06-08 18:00,0.206
2015-06-08 19:00,0.204
2015-06-08 20:00,0.224
2015-06-08 21:00,0.208
2015-06-08 22:00,0.169
2015-06-08 23:00,0.132
2015-06-09 00:00,0.112
2015-06-09 01:00,0.110
2015-06-09 02:00,0.126
2015-06-09 03:00,0.157
2015-06-09 04:00,0.179
2015-06-09 05:00,0.130
2015-06-09 06:00,0.160
2015-06-09 07:00,0.235
2015-06-09 08:00,0.303
2015-06-09 09:00,0.330
2015-06-09 10:00,0.321
2015-06-09 11:00,0.303
2015-06-09 12:00,0.287
2015-06-09 13:00,0.273
2015-06-09 14:00,0.262
2015-06-09 15:00,0.253
2015-06-09 16:00,0.246
2015-06-09 17:00,0.237
2015-06-09 18:00,0.223
2015-06-09 19:00,0.232
2015-06-09 20:00,0.246
2015-06-09 21:00,0.219
2015-06-09 22:00,0.171
2015-06-09 23:00,0.118
2015-06-10 00:00,0.069
2015-06-10 01:00,0.034
2015-06-10 02:00,0.020
2015-06-10 03:00,0.024
2015-06-10 04:00,0.039
2015-06-10 05:00,0.043
2015-06-10 06:00,0.069
2015-06-10 07:00,0.102
2015-06-10 08:00,0.123
2015-06-10 09:00,0.134
2015-06-10 10:00,0.140
2015-06-10 11:00,0.149
2015-06-10 12:00,0.159
2015-06-10 13:00,0.171
2015-06-10 14:00,0.186
2015-06-10 15:00,0.207
2015-06-10 16:00,0.232
2015-06-10 17:00,0.255
2015-06-10 18:00,0.262
2015-06-10 19:00,0.294
2015-06-10 20:00,0.348
2015-06-10 21:00,0.331
2015-06-10 22:00,0.272
2015-06-10 23:00,0.212
2015-06-11 00:00,0.169
2015-06-11 01:00,0.147
2015-06-11 02:00,0.146
2015-06-11 03:00,0.158
2015-06-11 04:00,0.154
2015-06-11 05:00,0.133
2015-06-11 06:00,0.135
2015-06-11 07:00,0.175
2015-06-11 08:00,0.194
2015-06-11 09:00,0.198
2015-06-11 10:00,0.203
2015-06-11 11:00,0.204
2015-06-11 12:00,0.203
2015-06-11 13:00,0.199
2015-06-11 14:00,0.203
2015-06-11 15:00,0.213
2015-06-11 16:00,0.234
2015-06-11 17:00,0.272
2015-06-11 18:00,0.311
2015-06-11 19:00,0.377
2015-06-11 20:00,0.429
2015-06-11 21:00,0.406
2015-06-11 22:00,0.355
2015-06-11 23:00,0.309
2015-06-12 00:00,0.265
2015-06-12 01:00,0.231
2015-06-12 02:00,0.215
2015-06-12 03:00,0.213
2015-06-12 04:00,0.204
2015-06-12 05:00,0.138
2015-06-12 06:00,0.101
2015-06-12 07:00,0.102
2015-06-12 08:00,0.114
2015-06-12 09:00,0.114
2015-06-12 10:00,0.113
2015-06-12 11:00,0.117
2015-06-12 12:00,0.123
2015-06-12 13:00,0.126
2015-06-12 14:00,0.123
2015-06-12 15:00,0.122
2015-06-12 16:00,0.133
2015-06-12 17:00,0.157
2015-06-12 18:00,0.193
2015-06-12 19:00,0.242
2015-06-12 20:00,0.284
2015-06-12 21:00,0.262
2015-06-12 22:00,0.218
2015-06-12 23:00,0.191
2015-06-13 00:00,0.173
2015-06-13 01:00,0.162
2015-06-13 02:00,0.170
2015-06-13 03:00,0.180
2015-06-13 04:00,0.178
2015-06-13 05:00,0.145
2015-06-13 06:00,0.114
2015-06-13 07:00,0.103
2015-06-13 08:00,0.089
2015-06-13 09:00,0.064
2015-06-13 10:00,0.037
2015-06-13 11:00,0.017
2015-06-13 12:00,0.006
2015-06-13 13:00,0.006
2015-06-13 14:00,0.016
2015-06-13 15:00,0.033
2015-06-13 16:00,0.054
2015-06-13 17:00,0.072
2015-06-13 18:00,0.088
2015-06-13 19:00,0.113
2015-06-13 20:00,0.150
2015-06-13 21:00,0.185
2015-06-13 22:00,0.208
2015-06-13 23:00,0.224
2015-06-14 00:00,0.224
2015-06-14 01:00,0.227
2015-06-14 02:00,0.245
2015-06-14 03:00,0.237
2015-06-14 04:00,0.181
2015-06-14 05:00,0.134
2015-06-14 06:00,0.127
2015-06-14 07:00,0.115
2015-06-14 08:00,0.123
2015-06-14 09:00,0.145
2015-06-14 10:00,0.181
2015-06-14 11:00,0.218
2015-06-14 12:00,0.252
2015-06-14 13:00,0.286
2015-06-14 14:00,0.311
2015-06-14 15:00,0.321
2015-06-14 16:00,0.331
2015-06-14 17:00,0.335
2015-06-14 18:00,0.327
2015-06-14 19:00,0.288
2015-06-14 20:00,0.263
2015-06-14 21:00,0.233
2015-06-14 22:00,0.181
2015-06-14 23:00,0.130
2015-06-15 00:00,0.087
2015-06-15 01:00,0.056
2015-06-15 02:00,0.039
2015-06-15 03:00,0.030
2015-06-15 04:00,0.026
2015-06-15 05:00,0.018
2015-06-15 06:00,0.017
2015-06-15 07:00,0.017
2015-06-15 08:00,0.017
2015-06-15 09:00,0.017
2015-06-15 10:00,0.017
2015-06-15 11:00,0.016
2015-06-15 12:00,0.018
2015-06-15 13:00,0.023
2015-06-15 14:00,0.028
2015-06-15 15:00,0.032
2015-06-15 16:00,0.034
2015-06-15 17:00,0.033
2015-06-15 18:00,0.032
2015-06-15 19:00,0.041
2015-06-15 20:00,0.053
2015-06-15 21:00,0.060
2015-06-15 22:00,0.067
2015-06-15 23:00,0.070
2015-06-16 00:00,0.073
2015-06-16 01:00,0.069
2015-06-16 02:00,0.059
2015-06-16 03:00,0.039
2015-06-16 04:00,0.026
2015-06-16 05:00,0.016
2015-06-16 06:00,0.019
2015-06-16 07:00,0.022
2015-06-16 08:00,0.028
2015-06-16 09:00,0.037
2015-06-16 10:00,0.042
2015-06-16 11:00,0.046
2015-06-16 12:00,0.061
2015-06-16 13:00,0.083
2015-06-16 14:00,0.093
2015-06-16 15:00,0.097
2015-06-16 16:00,0.112
2015-06-16 17:00,0.127
2015-06-16 18:00,0.128
2015-06-16 19:00,0.141
2015-06-16 20:00,0.169
2015-06-16 21:00,0.220
2015-06-16 22:00,0.292
2015-06-16 23:00,0.365
2015-06-17 00:00,0.432
2015-06-17 01:00,0.462
2015-06-17 02:00,0.483
2015-06-17 03:00,0.487
2015-06-17 04:00,0.519
2015-06-17 05:00,0.441
2015-06-17 06:00,0.511
2015-06-17 07:00,0.637
2015-06-17 08:00,0.729
2015-06-17 09:00,0.780
2015-06-17 10:00,0.792
2015-06-17 11:00,0.795
2015-06-17 12:00,0.800
2015-06-17 13:00,0.787
2015-06-17 14:00,0.755
2015-06-17 15:00,0.731
2015-06-17 16:00,0.733
2015-06-17 17:00,0.682
2015-06-17 18:00,0.640
2015-06-17 19:00,0.580
2015-06-17 20:00,0.524
2015-06-17 21:00,0.487
2015-06-17 22:00,0.476
2015-06-17 23:00,0.449
2015-06-18 00:00,0.448
2015-06-18 01:00,0.459
2015-06-18 02:00,0.457
2015-06-18 03:00,0.513
2015-06-18 04:00,0.489
2015-06-18 05:00,0.456
2015-06-18 06:00,0.604
2015-06-18 07:00,0.628
2015-06-18 08:00,0.625
2015-06-18 09:00,0.628
2015-06-18 10:00,0.649
2015-06-18 11:00,0.666
2015-06-18 12:00,0.693
2015-06-18 13:00,0.726
2015-06-18 14:00,0.748
2015-06-18 15:00,0.750
2015-06-18 16:00,0.738
2015-06-18 17:00,0.706
2015-06-18 18:00,0.631
2015-06-18 19:00,0.525
2015-06-18 20:00,0.495
2015-06-18 21:00,0.502
2015-06-18 22:00,0.497
2015-06-18 23:00,0.479
2015-06-19 00:00,0.483
2015-06-19 01:00,0.486
2015-06-19 02:00,0.497
2015-06-19 03:00,0.499
2015-06-19 04:00,0.457
2015-06-19 05:00,0.422
2015-06-19 06:00,0.516
2015-06-19 07:00,0.505
2015-06-19 08:00,0.489
2015-06-19 09:00,0.479
2015-06-19 10:00,0.470
2015-06-19 11:00,0.479
2015-06-19 12:00,0.504
2015-06-19 13:00,0.542
2015-06-19 14:00,0.581
2015-06-19 15:00,0.600
2015-06-19 16:00,0.582
2015-06-19 17:00,0.539
2015-06-19 18:00,0.429
2015-06-19 19:00,0.304
2015-06-19 20:00,0.279
2015-06-19 21:00,0.303
2015-06-19 22:00,0.300
2015-06-19 23:00,0.262
2015-06-20 00:00,0.232
2015-06-20 01:00,0.181
2015-06-20 02:00,0.134
2015-06-20 03:00,0.096
2015-06-20 04:00,0.061
2015-06-20 05:00,0.030
2015-06-20 06:00,0.022
2015-06-20 07:00,0.027
2015-06-20 08:00,0.040
2015-06-20 09:00,0.060
2015-06-20 10:00,0.085
2015-06-20 11:00,0.109
2015-06-20 12:00,0.138
2015-06-20 13:00,0.193
2015-06-20 14:00,0.258
2015-06-20 15:00,0.330
2015-06-20 16:00,0.411
2015-06-20 17:00,0.393
2015-06-20 18:00,0.313
2015-06-20 19:00,0.248
2015-06-20 20:00,0.226
2015-06-20 21:00,0.270
2015-06-20 22:00,0.338
2015-06-20 23:00,0.409
2015-06-21 00:00,0.461
2015-06-21 01:00,0.531
2015-06-21 02:00,0.571
2015-06-21 03:00,0.602
2015-06-21 04:00,0.568
2015-06-21 05:00,0.542
2015-06-21 06:00,0.680
2015-06-21 07:00,0.713
2015-06-21 08:00,0.732
2015-06-21 09:00,0.752
2015-06-21 10:00,0.762
2015-06-21 11:00,0.768
2015-06-21 12:00,0.767
2015-06-21 13:00,0.769
2015-06-21 14:00,0.771
2015-06-21 15:00,0.757
2015-06-21 16:00,0.745
2015-06-21 17:00,0.718
2015-06-21 18:00,0.611
2015-06-21 19:00,0.546
2015-06-21 20:00,0.546
2015-06-21 21:00,0.521
2015-06-21 22:00,0.493
2015-06-21 23:00,0.464
2015-06-22 00:00,0.456
2015-06-22 01:00,0.468
2015-06-22 02:00,0.456
2015-06-22 03:00,0.425
2015-06-22 04:00,0.386
2015-06-22 05:00,0.299
2015-06-22 06:00,0.340
2015-06-22 07:00,0.357
2015-06-22 08:00,0.367
2015-06-22 09:00,0.393
2015-06-22 10:00,0.436
2015-06-22 11:00,0.490
2015-06-22 12:00,0.546
2015-06-22 13:00,0.606
2015-06-22 14:00,0.669
2015-06-22 15:00,0.703
2015-06-22 16:00,0.697
2015-06-22 17:00,0.654
2015-06-22 18:00,0.559
2015-06-22 19:00,0.488
2015-06-22 20:00,0.451
2015-06-22 21:00,0.431
2015-06-22 22:00,0.450
2015-06-22 23:00,0.430
2015-06-23 00:00,0.406
2015-06-23 01:00,0.376
2015-06-23 02:00,0.349
2015-06-23 03:00,0.309
2015-06-23 04:00,0.234
2015-06-23 05:00,0.163
2015-06-23 06:00,0.161
2015-06-23 07:00,0.122
2015-06-23 08:00,0.103
2015-06-23 09:00,0.091
2015-06-23 10:00,0.081
2015-06-23 11:00,0.073
2015-06-23 12:00,0.065
2015-06-23 13:00,0.058
2015-06-23 14:00,0.051
2015-06-23 15:00,0.048
2015-06-23 16:00,0.052
2015-06-23 17:00,0.056
2015-06-23 18:00,0.054
2015-06-23 19:00,0.048
2015-06-23 20:00,0.043
2015-06-23 21:00,0.051
2015-06-23 22:00,0.063
2015-06-23 23:00,0.083
2015-06-24 00:00,0.108
2015-06-24 01:00,0.139
2015-06-24 02:00,0.170
2015-06-24 03:00,0.191
2015-06-24 04:00,0.194
2015-06-24 05:00,0.126
2015-06-24 06:00,0.105
2015-06-24 07:00,0.142
2015-06-24 08:00,0.156
2015-06-24 09:00,0.164
2015-06-24 10:00,0.170
2015-06-24 11:00,0.184
2015-06-24 12:00,0.204
2015-06-24 13:00,0.224
2015-06-24 14:00,0.235
2015-06-24 15:00,0.238
2015-06-24 16:00,0.239
2015-06-24 17:00,0.233
2015-06-24 18:00,0.238
2015-06-24 19:00,0.248
2015-06-24 20:00,0.211
2015-06-24 21:00,0.184
2015-06-24 22:00,0.196
2015-06-24 23:00,0.200
2015-06-25 00:00,0.235
2015-06-25 01:00,0.265
2015-06-25 02:00,0.297
2015-06-25 03:00,0.312
2015-06-25 04:00,0.296
2015-06-25 05:00,0.208
2015-06-25 06:00,0.124
2015-06-25 07:00,0.109
2015-06-25 08:00,0.104
2015-06-25 09:00,0.122
2015-06-25 10:00,0.146
2015-06-25 11:00,0.170
2015-06-25 12:00,0.183
2015-06-25 13:00,0.191
2015-06-25 14:00,0.179
2015-06-25 15:00,0.153
2015-06-25 16:00,0.106
2015-06-25 17:00,0.051
2015-06-25 18:00,0.022
2015-06-25 19:00,0.013
2015-06-25 20:00,0.049
2015-06-25 21:00,0.137
2015-06-25 22:00,0.230
2015-06-25 23:00,0.297
2015-06-26 00:00,0.340
2015-06-26 01:00,0.367
2015-06-26 02:00,0.380
2015-06-26 03:00,0.390
2015-06-26 04:00,0.356
2015-06-26 05:00,0.295
2015-06-26 06:00,0.214
2015-06-26 07:00,0.269
2015-06-26 08:00,0.337
2015-06-26 09:00,0.352
2015-06-26 10:00,0.390
2015-06-26 11:00,0.420
2015-06-26 12:00,0.436
2015-06-26 13:00,0.430
2015-06-26 14:00,0.432
2015-06-26 15:00,0.430
2015-06-26 16:00,0.426
2015-06-26 17:00,0.398
2015-06-26 18:00,0.310
2015-06-26 19:00,0.299
2015-06-26 20:00,0.333
2015-06-26 21:00,0.353
2015-06-26 22:00,0.393
2015-06-26 23:00,0.432
2015-06-27 00:00,0.436
2015-06-27 01:00,0.424
2015-06-27 02:00,0.429
2015-06-27 03:00,0.445
2015-06-27 04:00,0.406
2015-06-27 05:00,0.261
2015-06-27 06:00,0.241
2015-06-27 07:00,0.299
2015-06-27 08:00,0.322
2015-06-27 09:00,0.360
2015-06-27 10:00,0.360
2015-06-27 11:00,0.364
2015-06-27 12:00,0.361
2015-06-27 13:00,0.348
2015-06-27 14:00,0.342
2015-06-27 15:00,0.330
2015-06-27 16:00,0.295
2015-06-27 17:00,0.258
2015-06-27 18:00,0.217
2015-06-27 19:00,0.216
2015-06-27 20:00,0.240
2015-06-27 21:00,0.254
2015-06-27 22:00,0.270
2015-06-27 23:00,0.291
2015-06-28 00:00,0.337
2015-06-28 01:00,0.353
2015-06-28 02:00,0.356
2015-06-28 03:00,0.419
2015-06-28 04:00,0.430
2015-06-28 05:00,0.373
2015-06-28 06:00,0.433
2015-06-28 07:00,0.601
2015-06-28 08:00,0.666
2015-06-28 09:00,0.750
2015-06-28 10:00,0.796
2015-06-28 11:00,0.808
2015-06-28 12:00,0.798
2015-06-28 13:00,0.768
2015-06-28 14:00,0.742
2015-06-28 15:00,0.701
2015-06-28 16:00,0.644
2015-06-28 17:00,0.576
2015-06-28 18:00,0.450
2015-06-28 19:00,0.361
2015-06-28 20:00,0.347
2015-06-28 21:00,0.385
2015-06-28 22:00,0.453
2015-06-28 23:00,0.458
2015-06-29 00:00,0.429
2015-06-29 01:00,0.365
2015-06-29 02:00,0.348
2015-06-29 03:00,0.320
2015-06-29 04:00,0.276
2015-06-29 05:00,0.165
2015-06-29 06:00,0.098
2015-06-29 07:00,0.106
2015-06-29 08:00,0.122
2015-06-29 09:00,0.125
2015-06-29 10:00,0.119
2015-06-29 11:00,0.105
2015-06-29 12:00,0.104
2015-06-29 13:00,0.122
2015-06-29 14:00,0.131
2015-06-29 15:00,0.114
2015-06-29 16:00,0.084
2015-06-29 17:00,0.044
2015-06-29 18:00,0.022
2015-06-29 19:00,0.036
2015-06-29 20:00,0.098
2015-06-29 21:00,0.209
2015-06-29 22:00,0.319
2015-06-29 23:00,0.378
2015-06-30 00:00,0.374
2015-06-30 01:00,0.333
2015-06-30 02:00,0.302
2015-06-30 03:00,0.279
2015-06-30 04:00,0.248
2015-06-30 05:00,0.161
2015-06-30 06:00,0.102
2015-06-30 07:00,0.140
2015-06-30 08:00,0.203
2015-06-30 09:00,0.244
2015-06-30 10:00,0.271
2015-06-30 11:00,0.297
2015-06-30 12:00,0.320
2015-06-30 13:00,0.342
2015-06-30 14:00,0.364
2015-06-30 15:00,0.387
2015-06-30 16:00,0.392
2015-06-30 17:00,0.338
2015-06-30 18:00,0.341
2015-06-30 19:00,0.479
2015-06-30 20:00,0.587
2015-06-30 21:00,0.587
2015-06-30 22:00,0.553
2015-06-30 23:00,0.513
2015-07-01 00:00,0.467
2015-07-01 01:00,0.442
2015-07-01 02:00,0.433
2015-07-01 03:00,0.416
2015-07-01 04:00,0.374
2015-07-01 05:00,0.286
2015-07-01 06:00,0.238
2015-07-01 07:00,0.244
2015-07-01 08:00,0.475
2015-07-01 09:00,0.565
2015-07-01 10:00,0.631
2015-07-01 11:00,0.677
2015-07-01 12:00,0.700
2015-07-01 13:00,0.594
2015-07-01 14:00,0.358
2015-07-01 15:00,0.291
2015-07-01 16:00,0.323
2015-07-01 17:00,0.309
2015-07-01 18:00,0.276
2015-07-01 19:00,0.291
2015-07-01 20:00,0.299
2015-07-01 21:00,0.311
2015-07-01 22:00,0.276
2015-07-01 23:00,0.302
2015-07-02 00:00,0.378
2015-07-02 01:00,0.421
2015-07-02 02:00,0.412
2015-07-02 03:00,0.356
2015-07-02 04:00,0.252
2015-07-02 05:00,0.156
2015-07-02 06:00,0.141
2015-07-02 07:00,0.220
2015-07-02 08:00,0.264
2015-07-02 09:00,0.223
2015-07-02 10:00,0.174
2015-07-02 11:00,0.118
2015-07-02 12:00,0.092
2015-07-02 13:00,0.064
2015-07-02 14:00,0.112
2015-07-02 15:00,0.104
2015-07-02 16:00,0.072
2015-07-02 17:00,0.086
2015-07-02 18:00,0.134
2015-07-02 19:00,0.196
2015-07-02 20:00,0.230
2015-07-02 21:00,0.236
2015-07-02 22:00,0.217
2015-07-02 23:00,0.204
2015-07-03 00:00,0.186
2015-07-03 01:00,0.171
2015-07-03 02:00,0.153
2015-07-03 03:00,0.127
2015-07-03 04:00,0.101
2015-07-03 05:00,0.058
2015-07-03 06:00,0.024
2015-07-03 07:00,0.009
2015-07-03 08:00,0.026
2015-07-03 09:00,0.042
2015-07-03 10:00,0.052
2015-07-03 11:00,0.068
2015-07-03 12:00,0.096
2015-07-03 13:00,0.147
2015-07-03 14:00,0.211
2015-07-03 15:00,0.297
2015-07-03 16:00,0.390
2015-07-03 17:00,0.446
2015-07-03 18:00,0.466
2015-07-03 19:00,0.492
2015-07-03 20:00,0.490
2015-07-03 21:00,0.429
2015-07-03 22:00,0.455
2015-07-03 23:00,0.500
2015-07-04 00:00,0.616
2015-07-04 01:00,0.634
2015-07-04 02:00,0.650
2015-07-04 03:00,0.527
2015-07-04 04:00,0.466
2015-07-04 05:00,0.345
2015-07-04 06:00,0.229
2015-07-04 07:00,0.224
2015-07-04 08:00,0.326
2015-07-04 09:00,0.442
2015-07-04 10:00,0.487
2015-07-04 11:00,0.520
2015-07-04 12:00,0.565
2015-07-04 13:00,0.617
2015-07-04 14:00,0.650
2015-07-04 15:00,0.658
2015-07-04 16:00,0.628
2015-07-04 17:00,0.549
2015-07-04 18:00,0.423
2015-07-04 19:00,0.325
2015-07-04 20:00,0.272
2015-07-04 21:00,0.208
2015-07-04 22:00,0.142
2015-07-04 23:00,0.089
2015-07-05 00:00,0.053
2015-07-05 01:00,0.032
2015-07-05 02:00,0.031
2015-07-05 03:00,0.056
2015-07-05 04:00,0.087
2015-07-05 05:00,0.083
2015-07-05 06:00,0.069
2015-07-05 07:00,0.114
2015-07-05 08:00,0.110
2015-07-05 09:00,0.123
2015-07-05 10:00,0.195
2015-07-05 11:00,0.157
2015-07-05 12:00,0.155
2015-07-05 13:00,0.159
2015-07-05 14:00,0.169
2015-07-05 15:00,0.239
2015-07-05 16:00,0.322
2015-07-05 17:00,0.367
2015-07-05 18:00,0.330
2015-07-05 19:00,0.298
2015-07-05 20:00,0.314
2015-07-05 21:00,0.390
2015-07-05 22:00,0.458
2015-07-05 23:00,0.481
2015-07-06 00:00,0.471
2015-07-06 01:00,0.456
2015-07-06 02:00,0.451
2015-07-06 03:00,0.439
2015-07-06 04:00,0.393
2015-07-06 05:00,0.276
2015-07-06 06:00,0.290
2015-07-06 07:00,0.351
2015-07-06 08:00,0.387
2015-07-06 09:00,0.430
2015-07-06 10:00,0.449
2015-07-06 11:00,0.449
2015-07-06 12:00,0.442
2015-07-06 13:00,0.470
2015-07-06 14:00,0.512
2015-07-06 15:00,0.540
2015-07-06 16:00,0.536
2015-07-06 17:00,0.527
2015-07-06 18:00,0.561
2015-07-06 19:00,0.606
2015-07-06 20:00,0.640
2015-07-06 21:00,0.646
2015-07-06 22:00,0.663
2015-07-06 23:00,0.658
2015-07-07 00:00,0.644
2015-07-07 01:00,0.594
2015-07-07 02:00,0.556
2015-07-07 03:00,0.561
2015-07-07 04:00,0.526
2015-07-07 05:00,0.533
2015-07-07 06:00,0.447
2015-07-07 07:00,0.545
2015-07-07 08:00,0.559
2015-07-07 09:00,0.572
2015-07-07 10:00,0.617
2015-07-07 11:00,0.667
2015-07-07 12:00,0.725
2015-07-07 13:00,0.772
2015-07-07 14:00,0.791
2015-07-07 15:00,0.799
2015-07-07 16:00,0.803
2015-07-07 17:00,0.774
2015-07-07 18:00,0.686
2015-07-07 19:00,0.635
2015-07-07 20:00,0.587
2015-07-07 21:00,0.524
2015-07-07 22:00,0.512
2015-07-07 23:00,0.483
2015-07-08 00:00,0.462
2015-07-08 01:00,0.479
2015-07-08 02:00,0.500
2015-07-08 03:00,0.501
2015-07-08 04:00,0.466
2015-07-08 05:00,0.390
2015-07-08 06:00,0.426
2015-07-08 07:00,0.469
2015-07-08 08:00,0.436
2015-07-08 09:00,0.417
2015-07-08 10:00,0.420
2015-07-08 11:00,0.442
2015-07-08 12:00,0.464
2015-07-08 13:00,0.497
2015-07-08 14:00,0.546
2015-07-08 15:00,0.570
2015-07-08 16:00,0.594
2015-07-08 17:00,0.572
2015-07-08 18:00,0.513
2015-07-08 19:00,0.466
2015-07-08 20:00,0.463
2015-07-08 21:00,0.449
2015-07-08 22:00,0.430
2015-07-08 23:00,0.397
2015-07-09 00:00,0.361
2015-07-09 01:00,0.339
2015-07-09 02:00,0.326
2015-07-09 03:00,0.299
2015-07-09 04:00,0.246
2015-07-09 05:00,0.137
2015-07-09 06:00,0.103
2015-07-09 07:00,0.095
2015-07-09 08:00,0.091
2015-07-09 09:00,0.089
2015-07-09 10:00,0.093
2015-07-09 11:00,0.116
2015-07-09 12:00,0.155
2015-07-09 13:00,0.196
2015-07-09 14:00,0.235
2015-07-09 15:00,0.251
2015-07-09 16:00,0.247
2015-07-09 17:00,0.223
2015-07-09 18:00,0.181
2015-07-09 19:00,0.159
2015-07-09 20:00,0.131
2015-07-09 21:00,0.091
2015-07-09 22:00,0.082
2015-07-09 23:00,0.068
2015-07-10 00:00,0.058
2015-07-10 01:00,0.050
2015-07-10 02:00,0.042
2015-07-10 03:00,0.037
2015-07-10 04:00,0.050
2015-07-10 05:00,0.062
2015-07-10 06:00,0.084
2015-07-10 07:00,0.136
2015-07-10 08:00,0.184
2015-07-10 09:00,0.221
2015-07-10 10:00,0.254
2015-07-10 11:00,0.294
2015-07-10 12:00,0.344
2015-07-10 13:00,0.383
2015-07-10 14:00,0.423
2015-07-10 15:00,0.457
2015-07-10 16:00,0.460
2015-07-10 17:00,0.368
2015-07-10 18:00,0.354
2015-07-10 19:00,0.418
2015-07-10 20:00,0.468
2015-07-10 21:00,0.460
2015-07-10 22:00,0.409
2015-07-10 23:00,0.374
2015-07-11 00:00,0.349
2015-07-11 01:00,0.326
2015-07-11 02:00,0.305
2015-07-11 03:00,0.330
2015-07-11 04:00,0.333
2015-07-11 05:00,0.243
2015-07-11 06:00,0.322
2015-07-11 07:00,0.335
2015-07-11 08:00,0.356
2015-07-11 09:00,0.406
2015-07-11 10:00,0.509
2015-07-11 11:00,0.523
2015-07-11 12:00,0.469
2015-07-11 13:00,0.458
2015-07-11 14:00,0.476
2015-07-11 15:00,0.476
2015-07-11 16:00,0.427
2015-07-11 17:00,0.324
2015-07-11 18:00,0.290
2015-07-11 19:00,0.337
2015-07-11 20:00,0.381
2015-07-11 21:00,0.438
2015-07-11 22:00,0.464
2015-07-11 23:00,0.479
2015-07-12 00:00,0.513
2015-07-12 01:00,0.617
2015-07-12 02:00,0.677
2015-07-12 03:00,0.609
2015-07-12 04:00,0.510
2015-07-12 05:00,0.400
2015-07-12 06:00,0.403
2015-07-12 07:00,0.455
2015-07-12 08:00,0.464
2015-07-12 09:00,0.476
2015-07-12 10:00,0.510
2015-07-12 11:00,0.548
2015-07-12 12:00,0.562
2015-07-12 13:00,0.540
2015-07-12 14:00,0.516
2015-07-12 15:00,0.493
2015-07-12 16:00,0.429
2015-07-12 17:00,0.382
2015-07-12 18:00,0.286
2015-07-12 19:00,0.224
2015-07-12 20:00,0.186
2015-07-12 21:00,0.159
2015-07-12 22:00,0.124
2015-07-12 23:00,0.093
2015-07-13 00:00,0.077
2015-07-13 01:00,0.090
2015-07-13 02:00,0.142
2015-07-13 03:00,0.206
2015-07-13 04:00,0.235
2015-07-13 05:00,0.207
2015-07-13 06:00,0.196
2015-07-13 07:00,0.263
2015-07-13 08:00,0.324
2015-07-13 09:00,0.348
2015-07-13 10:00,0.381
2015-07-13 11:00,0.400
2015-07-13 12:00,0.424
2015-07-13 13:00,0.505
2015-07-13 14:00,0.587
2015-07-13 15:00,0.637
2015-07-13 16:00,0.612
2015-07-13 17:00,0.526
2015-07-13 18:00,0.393
2015-07-13 19:00,0.324
2015-07-13 20:00,0.373
2015-07-13 21:00,0.402
2015-07-13 22:00,0.390
2015-07-13 23:00,0.358
2015-07-14 00:00,0.314
2015-07-14 01:00,0.265
2015-07-14 02:00,0.210
2015-07-14 03:00,0.166
2015-07-14 04:00,0.115
2015-07-14 05:00,0.048
2015-07-14 06:00,0.016
2015-07-14 07:00,0.011
2015-07-14 08:00,0.019
2015-07-14 09:00,0.046
2015-07-14 10:00,0.074
2015-07-14 11:00,0.118
2015-07-14 12:00,0.144
2015-07-14 13:00,0.160
2015-07-14 14:00,0.165
2015-07-14 15:00,0.160
2015-07-14 16:00,0.151
2015-07-14 17:00,0.109
2015-07-14 18:00,0.097
2015-07-14 19:00,0.114
2015-07-14 20:00,0.137
2015-07-14 21:00,0.143
2015-07-14 22:00,0.156
2015-07-14 23:00,0.174
2015-07-15 00:00,0.188
2015-07-15 01:00,0.205
2015-07-15 02:00,0.232
2015-07-15 03:00,0.246
2015-07-15 04:00,0.241
2015-07-15 05:00,0.209
2015-07-15 06:00,0.217
2015-07-15 07:00,0.269
2015-07-15 08:00,0.295
2015-07-15 09:00,0.304
2015-07-15 10:00,0.321
2015-07-15 11:00,0.335
2015-07-15 12:00,0.341
2015-07-15 13:00,0.326
2015-07-15 14:00,0.305
2015-07-15 15:00,0.274
2015-07-15 16:00,0.224
2015-07-15 17:00,0.181
2015-07-15 18:00,0.152
2015-07-15 19:00,0.156
2015-07-15 20:00,0.164
2015-07-15 21:00,0.142
2015-07-15 22:00,0.108
2015-07-15 23:00,0.084
2015-07-16 00:00,0.081
2015-07-16 01:00,0.113
2015-07-16 02:00,0.164
2015-07-16 03:00,0.200
2015-07-16 04:00,0.204
2015-07-16 05:00,0.139
2015-07-16 06:00,0.124
2015-07-16 07:00,0.145
2015-07-16 08:00,0.178
2015-07-16 09:00,0.206
2015-07-16 10:00,0.227
2015-07-16 11:00,0.246
2015-07-16 12:00,0.259
2015-07-16 13:00,0.262
2015-07-16 14:00,0.273
2015-07-16 15:00,0.335
2015-07-16 16:00,0.457
2015-07-16 17:00,0.594
2015-07-16 18:00,0.682
2015-07-16 19:00,0.708
2015-07-16 20:00,0.678
2015-07-16 21:00,0.618
2015-07-16 22:00,0.580
2015-07-16 23:00,0.516
2015-07-17 00:00,0.454
2015-07-17 01:00,0.419
2015-07-17 02:00,0.413
2015-07-17 03:00,0.354
2015-07-17 04:00,0.342
2015-07-17 05:00,0.355
2015-07-17 06:00,0.326
2015-07-17 07:00,0.285
2015-07-17 08:00,0.349
2015-07-17 09:00,0.520
2015-07-17 10:00,0.671
2015-07-17 11:00,0.761
2015-07-17 12:00,0.799
2015-07-17 13:00,0.826
2015-07-17 14:00,0.846
2015-07-17 15:00,0.862
2015-07-17 16:00,0.867
2015-07-17 17:00,0.851
2015-07-17 18:00,0.797
2015-07-17 19:00,0.741
2015-07-17 20:00,0.732
2015-07-17 21:00,0.710
2015-07-17 22:00,0.708
2015-07-17 23:00,0.714
2015-07-18 00:00,0.712
2015-07-18 01:00,0.680
2015-07-18 02:00,0.654
2015-07-18 03:00,0.645
2015-07-18 04:00,0.623
2015-07-18 05:00,0.550
2015-07-18 06:00,0.698
2015-07-18 07:00,0.778
2015-07-18 08:00,0.795
2015-07-18 09:00,0.799
2015-07-18 10:00,0.789
2015-07-18 11:00,0.774
2015-07-18 12:00,0.754
2015-07-18 13:00,0.729
2015-07-18 14:00,0.721
2015-07-18 15:00,0.706
2015-07-18 16:00,0.629
2015-07-18 17:00,0.513
2015-07-18 18:00,0.429
2015-07-18 19:00,0.429
2015-07-18 20:00,0.442
2015-07-18 21:00,0.448
2015-07-18 22:00,0.432
2015-07-18 23:00,0.385
2015-07-19 00:00,0.345
2015-07-19 01:00,0.315
2015-07-19 02:00,0.305
2015-07-19 03:00,0.335
2015-07-19 04:00,0.373
2015-07-19 05:00,0.384
2015-07-19 06:00,0.483
2015-07-19 07:00,0.651
2015-07-19 08:00,0.723
2015-07-19 09:00,0.752
2015-07-19 10:00,0.778
2015-07-19 11:00,0.793
2015-07-19 12:00,0.793
2015-07-19 13:00,0.791
2015-07-19 14:00,0.774
2015-07-19 15:00,0.736
2015-07-19 16:00,0.637
2015-07-19 17:00,0.499
2015-07-19 18:00,0.329
2015-07-19 19:00,0.235
2015-07-19 20:00,0.191
2015-07-19 21:00,0.145
2015-07-19 22:00,0.118
2015-07-19 23:00,0.123
2015-07-20 00:00,0.112
2015-07-20 01:00,0.069
2015-07-20 02:00,0.042
2015-07-20 03:00,0.048
2015-07-20 04:00,0.091
2015-07-20 05:00,0.111
2015-07-20 06:00,0.127
2015-07-20 07:00,0.246
2015-07-20 08:00,0.329
2015-07-20 09:00,0.389
2015-07-20 10:00,0.444
2015-07-20 11:00,0.497
2015-07-20 12:00,0.549
2015-07-20 13:00,0.569
2015-07-20 14:00,0.552
2015-07-20 15:00,0.520
2015-07-20 16:00,0.545
2015-07-20 17:00,0.700
2015-07-20 18:00,0.786
2015-07-20 19:00,0.741
2015-07-20 20:00,0.725
2015-07-20 21:00,0.665
2015-07-20 22:00,0.616
2015-07-20 23:00,0.609
2015-07-21 00:00,0.609
2015-07-21 01:00,0.606
2015-07-21 02:00,0.616
2015-07-21 03:00,0.597
2015-07-21 04:00,0.536
2015-07-21 05:00,0.466
2015-07-21 06:00,0.572
2015-07-21 07:00,0.754
2015-07-21 08:00,0.818
2015-07-21 09:00,0.837
2015-07-21 10:00,0.844
2015-07-21 11:00,0.833
2015-07-21 12:00,0.820
2015-07-21 13:00,0.803
2015-07-21 14:00,0.786
2015-07-21 15:00,0.762
2015-07-21 16:00,0.725
2015-07-21 17:00,0.651
2015-07-21 18:00,0.528
2015-07-21 19:00,0.456
2015-07-21 20:00,0.454
2015-07-21 21:00,0.453
2015-07-21 22:00,0.419
2015-07-21 23:00,0.378
2015-07-22 00:00,0.333
2015-07-22 01:00,0.275
2015-07-22 02:00,0.241
2015-07-22 03:00,0.187
2015-07-22 04:00,0.126
2015-07-22 05:00,0.069
2015-07-22 06:00,0.036
2015-07-22 07:00,0.030
2015-07-22 08:00,0.039
2015-07-22 09:00,0.060
2015-07-22 10:00,0.094
2015-07-22 11:00,0.140
2015-07-22 12:00,0.194
2015-07-22 13:00,0.254
2015-07-22 14:00,0.314
2015-07-22 15:00,0.356
2015-07-22 16:00,0.387
2015-07-22 17:00,0.394
2015-07-22 18:00,0.358
2015-07-22 19:00,0.311
2015-07-22 20:00,0.284
2015-07-22 21:00,0.270
2015-07-22 22:00,0.289
2015-07-22 23:00,0.358
2015-07-23 00:00,0.436
2015-07-23 01:00,0.460
2015-07-23 02:00,0.431
2015-07-23 03:00,0.409
2015-07-23 04:00,0.381
2015-07-23 05:00,0.253
2015-07-23 06:00,0.234
2015-07-23 07:00,0.307
2015-07-23 08:00,0.369
2015-07-23 09:00,0.400
2015-07-23 10:00,0.418
2015-07-23 11:00,0.436
2015-07-23 12:00,0.450
2015-07-23 13:00,0.463
2015-07-23 14:00,0.452
2015-07-23 15:00,0.430
2015-07-23 16:00,0.393
2015-07-23 17:00,0.322
2015-07-23 18:00,0.219
2015-07-23 19:00,0.159
2015-07-23 20:00,0.112
2015-07-23 21:00,0.075
2015-07-23 22:00,0.050
2015-07-23 23:00,0.034
2015-07-24 00:00,0.027
2015-07-24 01:00,0.021
2015-07-24 02:00,0.015
2015-07-24 03:00,0.016
2015-07-24 04:00,0.019
2015-07-24 05:00,0.022
2015-07-24 06:00,0.021
2015-07-24 07:00,0.032
2015-07-24 08:00,0.038
2015-07-24 09:00,0.039
2015-07-24 10:00,0.042
2015-07-24 11:00,0.047
2015-07-24 12:00,0.072
2015-07-24 13:00,0.127
2015-07-24 14:00,0.191
2015-07-24 15:00,0.250
2015-07-24 16:00,0.254
2015-07-24 17:00,0.221
2015-07-24 18:00,0.237
2015-07-24 19:00,0.279
2015-07-24 20:00,0.312
2015-07-24 21:00,0.302
2015-07-24 22:00,0.309
2015-07-24 23:00,0.338
2015-07-25 00:00,0.373
2015-07-25 01:00,0.391
2015-07-25 02:00,0.410
2015-07-25 03:00,0.439
2015-07-25 04:00,0.443
2015-07-25 05:00,0.408
2015-07-25 06:00,0.383
2015-07-25 07:00,0.506
2015-07-25 08:00,0.536
2015-07-25 09:00,0.468
2015-07-25 10:00,0.388
2015-07-25 11:00,0.335
2015-07-25 12:00,0.310
2015-07-25 13:00,0.303
2015-07-25 14:00,0.310
2015-07-25 15:00,0.338
2015-07-25 16:00,0.383
2015-07-25 17:00,0.388
2015-07-25 18:00,0.333
2015-07-25 19:00,0.302
2015-07-25 20:00,0.274
2015-07-25 21:00,0.232
2015-07-25 22:00,0.184
2015-07-25 23:00,0.129
2015-07-26 00:00,0.079
2015-07-26 01:00,0.059
2015-07-26 02:00,0.043
2015-07-26 03:00,0.024
2015-07-26 04:00,0.042
2015-07-26 05:00,0.087
2015-07-26 06:00,0.133
2015-07-26 07:00,0.248
2015-07-26 08:00,0.321
2015-07-26 09:00,0.394
2015-07-26 10:00,0.484
2015-07-26 11:00,0.542
2015-07-26 12:00,0.577
2015-07-26 13:00,0.601
2015-07-26 14:00,0.612
2015-07-26 15:00,0.616
2015-07-26 16:00,0.581
2015-07-26 17:00,0.499
2015-07-26 18:00,0.401
2015-07-26 19:00,0.327
2015-07-26 20:00,0.238
2015-07-26 21:00,0.172
2015-07-26 22:00,0.141
2015-07-26 23:00,0.120
2015-07-27 00:00,0.111
2015-07-27 01:00,0.114
2015-07-27 02:00,0.128
2015-07-27 03:00,0.160
2015-07-27 04:00,0.194
2015-07-27 05:00,0.212
2015-07-27 06:00,0.191
2015-07-27 07:00,0.208
2015-07-27 08:00,0.219
2015-07-27 09:00,0.210
2015-07-27 10:00,0.204
2015-07-27 11:00,0.211
2015-07-27 12:00,0.212
2015-07-27 13:00,0.210
2015-07-27 14:00,0.199
2015-07-27 15:00,0.177
2015-07-27 16:00,0.141
2015-07-27 17:00,0.096
2015-07-27 18:00,0.062
2015-07-27 19:00,0.048
2015-07-27 20:00,0.040
2015-07-27 21:00,0.038
2015-07-27 22:00,0.037
2015-07-27 23:00,0.045
2015-07-28 00:00,0.056
2015-07-28 01:00,0.060
2015-07-28 02:00,0.069
2015-07-28 03:00,0.081
2015-07-28 04:00,0.086
2015-07-28 05:00,0.085
2015-07-28 06:00,0.089
2015-07-28 07:00,0.121
2015-07-28 08:00,0.178
2015-07-28 09:00,0.241
2015-07-28 10:00,0.326
2015-07-28 11:00,0.413
2015-07-28 12:00,0.463
2015-07-28 13:00,0.507
2015-07-28 14:00,0.574
2015-07-28 15:00,0.622
2015-07-28 16:00,0.630
2015-07-28 17:00,0.586
2015-07-28 18:00,0.450
2015-07-28 19:00,0.369
2015-07-28 20:00,0.359
2015-07-28 21:00,0.352
2015-07-28 22:00,0.335
2015-07-28 23:00,0.310
2015-07-29 00:00,0.277
2015-07-29 01:00,0.250
2015-07-29 02:00,0.238
2015-07-29 03:00,0.242
2015-07-29 04:00,0.259
2015-07-29 05:00,0.232
2015-07-29 06:00,0.234
2015-07-29 07:00,0.298
2015-07-29 08:00,0.327
2015-07-29 09:00,0.311
2015-07-29 10:00,0.286
2015-07-29 11:00,0.279
2015-07-29 12:00,0.293
2015-07-29 13:00,0.312
2015-07-29 14:00,0.325
2015-07-29 15:00,0.335
2015-07-29 16:00,0.334
2015-07-29 17:00,0.302
2015-07-29 18:00,0.276
2015-07-29 19:00,0.314
2015-07-29 20:00,0.361
2015-07-29 21:00,0.370
2015-07-29 22:00,0.360
2015-07-29 23:00,0.343
2015-07-30 00:00,0.336
2015-07-30 01:00,0.325
2015-07-30 02:00,0.319
2015-07-30 03:00,0.299
2015-07-30 04:00,0.274
2015-07-30 05:00,0.204
2015-07-30 06:00,0.150
2015-07-30 07:00,0.138
2015-07-30 08:00,0.131
2015-07-30 09:00,0.132
2015-07-30 10:00,0.142
2015-07-30 11:00,0.161
2015-07-30 12:00,0.194
2015-07-30 13:00,0.226
2015-07-30 14:00,0.251
2015-07-30 15:00,0.256
2015-07-30 16:00,0.252
2015-07-30 17:00,0.243
2015-07-30 18:00,0.235
2015-07-30 19:00,0.269
2015-07-30 20:00,0.321
2015-07-30 21:00,0.323
2015-07-30 22:00,0.288
2015-07-30 23:00,0.252
2015-07-31 00:00,0.232
2015-07-31 01:00,0.226
2015-07-31 02:00,0.223
2015-07-31 03:00,0.204
2015-07-31 04:00,0.171
2015-07-31 05:00,0.145
2015-07-31 06:00,0.100
2015-07-31 07:00,0.094
2015-07-31 08:00,0.112
2015-07-31 09:00,0.134
2015-07-31 10:00,0.162
2015-07-31 11:00,0.189
2015-07-31 12:00,0.213
2015-07-31 13:00,0.233
2015-07-31 14:00,0.251
2015-07-31 15:00,0.273
2015-07-31 16:00,0.284
2015-07-31 17:00,0.233
2015-07-31 18:00,0.191
2015-07-31 19:00,0.204
2015-07-31 20:00,0.238
2015-07-31 21:00,0.286
2015-07-31 22:00,0.338
2015-07-31 23:00,0.382
2015-08-01 00:00,0.410
2015-08-01 01:00,0.436
2015-08-01 02:00,0.452
2015-08-01 03:00,0.423
2015-08-01 04:00,0.378
2015-08-01 05:00,0.299
2015-08-01 06:00,0.238
2015-08-01 07:00,0.304
2015-08-01 08:00,0.371
2015-08-01 09:00,0.426
2015-08-01 10:00,0.475
2015-08-01 11:00,0.523
2015-08-01 12:00,0.576
2015-08-01 13:00,0.571
2015-08-01 14:00,0.548
2015-08-01 15:00,0.513
2015-08-01 16:00,0.449
2015-08-01 17:00,0.356
2015-08-01 18:00,0.285
2015-08-01 19:00,0.279
2015-08-01 20:00,0.291
2015-08-01 21:00,0.283
2015-08-01 22:00,0.294
2015-08-01 23:00,0.335
2015-08-02 00:00,0.349
2015-08-02 01:00,0.319
2015-08-02 02:00,0.279
2015-08-02 03:00,0.229
2015-08-02 04:00,0.182
2015-08-02 05:00,0.134
2015-08-02 06:00,0.081
2015-08-02 07:00,0.106
2015-08-02 08:00,0.156
2015-08-02 09:00,0.193
2015-08-02 10:00,0.234
2015-08-02 11:00,0.275
2015-08-02 12:00,0.308
2015-08-02 13:00,0.352
2015-08-02 14:00,0.393
2015-08-02 15:00,0.420
2015-08-02 16:00,0.401
2015-08-02 17:00,0.377
2015-08-02 18:00,0.499
2015-08-02 19:00,0.623
2015-08-02 20:00,0.650
2015-08-02 21:00,0.606
2015-08-02 22:00,0.585
2015-08-02 23:00,0.612
2015-08-03 00:00,0.612
2015-08-03 01:00,0.604
2015-08-03 02:00,0.611
2015-08-03 03:00,0.586
2015-08-03 04:00,0.543
2015-08-03 05:00,0.410
2015-08-03 06:00,0.323
2015-08-03 07:00,0.443
2015-08-03 08:00,0.643
2015-08-03 09:00,0.707
2015-08-03 10:00,0.724
2015-08-03 11:00,0.729
2015-08-03 12:00,0.709
2015-08-03 13:00,0.690
2015-08-03 14:00,0.684
2015-08-03 15:00,0.663
2015-08-03 16:00,0.590
2015-08-03 17:00,0.487
2015-08-03 18:00,0.476
2015-08-03 19:00,0.523
2015-08-03 20:00,0.562
2015-08-03 21:00,0.549
2015-08-03 22:00,0.522
2015-08-03 23:00,0.502
2015-08-04 00:00,0.510
2015-08-04 01:00,0.532
2015-08-04 02:00,0.551
2015-08-04 03:00,0.563
2015-08-04 04:00,0.570
2015-08-04 05:00,0.533
2015-08-04 06:00,0.644
2015-08-04 07:00,0.804
2015-08-04 08:00,0.826
2015-08-04 09:00,0.828
2015-08-04 10:00,0.845
2015-08-04 11:00,0.862
2015-08-04 12:00,0.875
2015-08-04 13:00,0.873
2015-08-04 14:00,0.860
2015-08-04 15:00,0.830
2015-08-04 16:00,0.788
2015-08-04 17:00,0.685
2015-08-04 18:00,0.636
2015-08-04 19:00,0.615
2015-08-04 20:00,0.569
2015-08-04 21:00,0.505
2015-08-04 22:00,0.466
2015-08-04 23:00,0.435
2015-08-05 00:00,0.419
2015-08-05 01:00,0.442
2015-08-05 02:00,0.436
2015-08-05 03:00,0.430
2015-08-05 04:00,0.403
2015-08-05 05:00,0.301
2015-08-05 06:00,0.285
2015-08-05 07:00,0.400
2015-08-05 08:00,0.422
2015-08-05 09:00,0.449
2015-08-05 10:00,0.487
2015-08-05 11:00,0.533
2015-08-05 12:00,0.575
2015-08-05 13:00,0.627
2015-08-05 14:00,0.682
2015-08-05 15:00,0.713
2015-08-05 16:00,0.709
2015-08-05 17:00,0.646
2015-08-05 18:00,0.493
2015-08-05 19:00,0.387
2015-08-05 20:00,0.430
2015-08-05 21:00,0.497
2015-08-05 22:00,0.522
2015-08-05 23:00,0.520
2015-08-06 00:00,0.524
2015-08-06 01:00,0.533
2015-08-06 02:00,0.502
2015-08-06 03:00,0.438
2015-08-06 04:00,0.351
2015-08-06 05:00,0.311
2015-08-06 06:00,0.290
2015-08-06 07:00,0.302
2015-08-06 08:00,0.321
2015-08-06 09:00,0.302
2015-08-06 10:00,0.299
2015-08-06 11:00,0.330
2015-08-06 12:00,0.375
2015-08-06 13:00,0.433
2015-08-06 14:00,0.462
2015-08-06 15:00,0.444
2015-08-06 16:00,0.410
2015-08-06 17:00,0.380
2015-08-06 18:00,0.348
2015-08-06 19:00,0.357
2015-08-06 20:00,0.352
2015-08-06 21:00,0.310
2015-08-06 22:00,0.266
2015-08-06 23:00,0.230
2015-08-07 00:00,0.199
2015-08-07 01:00,0.168
2015-08-07 02:00,0.141
2015-08-07 03:00,0.115
2015-08-07 04:00,0.093
2015-08-07 05:00,0.071
2015-08-07 06:00,0.033
2015-08-07 07:00,0.019
2015-08-07 08:00,0.011
2015-08-07 09:00,0.006
2015-08-07 10:00,0.006
2015-08-07 11:00,0.006
2015-08-07 12:00,0.007
2015-08-07 13:00,0.008
2015-08-07 14:00,0.009
2015-08-07 15:00,0.009
2015-08-07 16:00,0.011
2015-08-07 17:00,0.017
2015-08-07 18:00,0.026
2015-08-07 19:00,0.047
2015-08-07 20:00,0.055
2015-08-07 21:00,0.049
2015-08-07 22:00,0.040
2015-08-07 23:00,0.036
2015-08-08 00:00,0.033
2015-08-08 01:00,0.033
2015-08-08 02:00,0.044
2015-08-08 03:00,0.060
2015-08-08 04:00,0.068
2015-08-08 05:00,0.061
2015-08-08 06:00,0.029
2015-08-08 07:00,0.019
2015-08-08 08:00,0.034
2015-08-08 09:00,0.072
2015-08-08 10:00,0.123
2015-08-08 11:00,0.181
2015-08-08 12:00,0.230
2015-08-08 13:00,0.251
2015-08-08 14:00,0.270
2015-08-08 15:00,0.293
2015-08-08 16:00,0.302
2015-08-08 17:00,0.261
2015-08-08 18:00,0.287
2015-08-08 19:00,0.359
2015-08-08 20:00,0.367
2015-08-08 21:00,0.325
2015-08-08 22:00,0.321
2015-08-08 23:00,0.319
2015-08-09 00:00,0.326
2015-08-09 01:00,0.354
2015-08-09 02:00,0.361
2015-08-09 03:00,0.342
2015-08-09 04:00,0.325
2015-08-09 05:00,0.265
2015-08-09 06:00,0.260
2015-08-09 07:00,0.339
2015-08-09 08:00,0.365
2015-08-09 09:00,0.374
2015-08-09 10:00,0.391
2015-08-09 11:00,0.420
2015-08-09 12:00,0.429
2015-08-09 13:00,0.423
2015-08-09 14:00,0.421
2015-08-09 15:00,0.394
2015-08-09 16:00,0.338
2015-08-09 17:00,0.270
2015-08-09 18:00,0.251
2015-08-09 19:00,0.281
2015-08-09 20:00,0.322
2015-08-09 21:00,0.347
2015-08-09 22:00,0.345
2015-08-09 23:00,0.325
2015-08-10 00:00,0.326
2015-08-10 01:00,0.342
2015-08-10 02:00,0.345
2015-08-10 03:00,0.338
2015-08-10 04:00,0.366
2015-08-10 05:00,0.363
2015-08-10 06:00,0.297
2015-08-10 07:00,0.345
2015-08-10 08:00,0.416
2015-08-10 09:00,0.498
2015-08-10 10:00,0.663
2015-08-10 11:00,0.779
2015-08-10 12:00,0.817
2015-08-10 13:00,0.830
2015-08-10 14:00,0.813
2015-08-10 15:00,0.756
2015-08-10 16:00,0.700
2015-08-10 17:00,0.621
2015-08-10 18:00,0.516
2015-08-10 19:00,0.457
2015-08-10 20:00,0.432
2015-08-10 21:00,0.409
2015-08-10 22:00,0.380
2015-08-10 23:00,0.342
2015-08-11 00:00,0.314
2015-08-11 01:00,0.303
2015-08-11 02:00,0.292
2015-08-11 03:00,0.287
2015-08-11 04:00,0.285
2015-08-11 05:00,0.243
2015-08-11 06:00,0.134
2015-08-11 07:00,0.108
2015-08-11 08:00,0.093
2015-08-11 09:00,0.079
2015-08-11 10:00,0.070
2015-08-11 11:00,0.064
2015-08-11 12:00,0.065
2015-08-11 13:00,0.069
2015-08-11 14:00,0.071
2015-08-11 15:00,0.086
2015-08-11 16:00,0.097
2015-08-11 17:00,0.111
2015-08-11 18:00,0.160
2015-08-11 19:00,0.237
2015-08-11 20:00,0.279
2015-08-11 21:00,0.295
2015-08-11 22:00,0.298
2015-08-11 23:00,0.279
2015-08-12 00:00,0.254
2015-08-12 01:00,0.233
2015-08-12 02:00,0.216
2015-08-12 03:00,0.212
2015-08-12 04:00,0.220
2015-08-12 05:00,0.197
2015-08-12 06:00,0.102
2015-08-12 07:00,0.056
2015-08-12 08:00,0.023
2015-08-12 09:00,0.007
2015-08-12 10:00,0.005
2015-08-12 11:00,0.008
2015-08-12 12:00,0.013
2015-08-12 13:00,0.018
2015-08-12 14:00,0.029
2015-08-12 15:00,0.048
2015-08-12 16:00,0.078
2015-08-12 17:00,0.140
2015-08-12 18:00,0.257
2015-08-12 19:00,0.403
2015-08-12 20:00,0.454
2015-08-12 21:00,0.409
2015-08-12 22:00,0.342
2015-08-12 23:00,0.290
2015-08-13 00:00,0.270
2015-08-13 01:00,0.279
2015-08-13 02:00,0.305
2015-08-13 03:00,0.334
2015-08-13 04:00,0.374
2015-08-13 05:00,0.338
2015-08-13 06:00,0.238
2015-08-13 07:00,0.254
2015-08-13 08:00,0.270
2015-08-13 09:00,0.276
2015-08-13 10:00,0.284
2015-08-13 11:00,0.297
2015-08-13 12:00,0.318
2015-08-13 13:00,0.348
2015-08-13 14:00,0.380
2015-08-13 15:00,0.393
2015-08-13 16:00,0.381
2015-08-13 17:00,0.349
2015-08-13 18:00,0.292
2015-08-13 19:00,0.270
2015-08-13 20:00,0.276
2015-08-13 21:00,0.304
2015-08-13 22:00,0.330
2015-08-13 23:00,0.367
2015-08-14 00:00,0.380
2015-08-14 01:00,0.403
2015-08-14 02:00,0.441
2015-08-14 03:00,0.453
2015-08-14 04:00,0.450
2015-08-14 05:00,0.425
2015-08-14 06:00,0.374
2015-08-14 07:00,0.301
2015-08-14 08:00,0.292
2015-08-14 09:00,0.238
2015-08-14 10:00,0.187
2015-08-14 11:00,0.216
2015-08-14 12:00,0.339
2015-08-14 13:00,0.479
2015-08-14 14:00,0.559
2015-08-14 15:00,0.588
2015-08-14 16:00,0.563
2015-08-14 17:00,0.450
2015-08-14 18:00,0.321
2015-08-14 19:00,0.285
2015-08-14 20:00,0.277
2015-08-14 21:00,0.291
2015-08-14 22:00,0.317
2015-08-14 23:00,0.335
2015-08-15 00:00,0.343
2015-08-15 01:00,0.364
2015-08-15 02:00,0.383
2015-08-15 03:00,0.403
2015-08-15 04:00,0.426
2015-08-15 05:00,0.413
2015-08-15 06:00,0.348
2015-08-15 07:00,0.374
2015-08-15 08:00,0.339
2015-08-15 09:00,0.333
2015-08-15 10:00,0.359
2015-08-15 11:00,0.387
2015-08-15 12:00,0.385
2015-08-15 13:00,0.367
2015-08-15 14:00,0.353
2015-08-15 15:00,0.338
2015-08-15 16:00,0.323
2015-08-15 17:00,0.287
2015-08-15 18:00,0.232
2015-08-15 19:00,0.200
2015-08-15 20:00,0.148
2015-08-15 21:00,0.116
2015-08-15 22:00,0.104
2015-08-15 23:00,0.101
2015-08-16 00:00,0.102
2015-08-16 01:00,0.106
2015-08-16 02:00,0.111
2015-08-16 03:00,0.104
2015-08-16 04:00,0.092
2015-08-16 05:00,0.085
2015-08-16 06:00,0.046
2015-08-16 07:00,0.020
2015-08-16 08:00,0.011
2015-08-16 09:00,0.007
2015-08-16 10:00,0.005
2015-08-16 11:00,0.004
2015-08-16 12:00,0.004
2015-08-16 13:00,0.004
2015-08-16 14:00,0.004
2015-08-16 15:00,0.007
2015-08-16 16:00,0.012
2015-08-16 17:00,0.021
2015-08-16 18:00,0.034
2015-08-16 19:00,0.059
2015-08-16 20:00,0.083
2015-08-16 21:00,0.089
2015-08-16 22:00,0.075
2015-08-16 23:00,0.053
2015-08-17 00:00,0.030
2015-08-17 01:00,0.012
2015-08-17 02:00,0.007
2015-08-17 03:00,0.015
2015-08-17 04:00,0.031
2015-08-17 05:00,0.054
2015-08-17 06:00,0.054
2015-08-17 07:00,0.055
2015-08-17 08:00,0.078
2015-08-17 09:00,0.096
2015-08-17 10:00,0.114
2015-08-17 11:00,0.134
2015-08-17 12:00,0.149
2015-08-17 13:00,0.165
2015-08-17 14:00,0.182
2015-08-17 15:00,0.195
2015-08-17 16:00,0.207
2015-08-17 17:00,0.201
2015-08-17 18:00,0.190
2015-08-17 19:00,0.194
2015-08-17 20:00,0.198
2015-08-17 21:00,0.238
2015-08-17 22:00,0.309
2015-08-17 23:00,0.369
2015-08-18 00:00,0.407
2015-08-18 01:00,0.430
2015-08-18 02:00,0.450
2015-08-18 03:00,0.450
2015-08-18 04:00,0.460
2015-08-18 05:00,0.447
2015-08-18 06:00,0.390
2015-08-18 07:00,0.396
2015-08-18 08:00,0.520
2015-08-18 09:00,0.604
2015-08-18 10:00,0.651
2015-08-18 11:00,0.669
2015-08-18 12:00,0.690
2015-08-18 13:00,0.722
2015-08-18 14:00,0.742
2015-08-18 15:00,0.728
2015-08-18 16:00,0.692
2015-08-18 17:00,0.663
2015-08-18 18:00,0.639
2015-08-18 19:00,0.594
2015-08-18 20:00,0.497
2015-08-18 21:00,0.493
2015-08-18 22:00,0.489
2015-08-18 23:00,0.470
2015-08-19 00:00,0.439
2015-08-19 01:00,0.397
2015-08-19 02:00,0.359
2015-08-19 03:00,0.341
2015-08-19 04:00,0.339
2015-08-19 05:00,0.296
2015-08-19 06:00,0.211
2015-08-19 07:00,0.198
2015-08-19 08:00,0.209
2015-08-19 09:00,0.260
2015-08-19 10:00,0.358
2015-08-19 11:00,0.460
2015-08-19 12:00,0.552
2015-08-19 13:00,0.628
2015-08-19 14:00,0.676
2015-08-19 15:00,0.690
2015-08-19 16:00,0.669
2015-08-19 17:00,0.640
2015-08-19 18:00,0.634
2015-08-19 19:00,0.609
2015-08-19 20:00,0.586
2015-08-19 21:00,0.499
2015-08-19 22:00,0.429
2015-08-19 23:00,0.399
2015-08-20 00:00,0.320
2015-08-20 01:00,0.284
2015-08-20 02:00,0.268
2015-08-20 03:00,0.264
2015-08-20 04:00,0.265
2015-08-20 05:00,0.253
2015-08-20 06:00,0.159
2015-08-20 07:00,0.145
2015-08-20 08:00,0.181
2015-08-20 09:00,0.238
2015-08-20 10:00,0.302
2015-08-20 11:00,0.350
2015-08-20 12:00,0.377
2015-08-20 13:00,0.396
2015-08-20 14:00,0.416
2015-08-20 15:00,0.419
2015-08-20 16:00,0.368
2015-08-20 17:00,0.323
2015-08-20 18:00,0.410
2015-08-20 19:00,0.579
2015-08-20 20:00,0.637
2015-08-20 21:00,0.643
2015-08-20 22:00,0.634
2015-08-20 23:00,0.650
2015-08-21 00:00,0.664
2015-08-21 01:00,0.600
2015-08-21 02:00,0.539
2015-08-21 03:00,0.542
2015-08-21 04:00,0.569
2015-08-21 05:00,0.524
2015-08-21 06:00,0.457
2015-08-21 07:00,0.488
2015-08-21 08:00,0.604
2015-08-21 09:00,0.674
2015-08-21 10:00,0.709
2015-08-21 11:00,0.725
2015-08-21 12:00,0.748
2015-08-21 13:00,0.767
2015-08-21 14:00,0.762
2015-08-21 15:00,0.729
2015-08-21 16:00,0.650
2015-08-21 17:00,0.546
2015-08-21 18:00,0.513
2015-08-21 19:00,0.489
2015-08-21 20:00,0.505
2015-08-21 21:00,0.473
2015-08-21 22:00,0.436
2015-08-21 23:00,0.370
2015-08-22 00:00,0.318
2015-08-22 01:00,0.279
2015-08-22 02:00,0.240
2015-08-22 03:00,0.199
2015-08-22 04:00,0.160
2015-08-22 05:00,0.120
2015-08-22 06:00,0.058
2015-08-22 07:00,0.046
2015-08-22 08:00,0.101
2015-08-22 09:00,0.163
2015-08-22 10:00,0.197
2015-08-22 11:00,0.232
2015-08-22 12:00,0.252
2015-08-22 13:00,0.269
2015-08-22 14:00,0.293
2015-08-22 15:00,0.258
2015-08-22 16:00,0.187
2015-08-22 17:00,0.238
2015-08-22 18:00,0.393
2015-08-22 19:00,0.560
2015-08-22 20:00,0.597
2015-08-22 21:00,0.551
2015-08-22 22:00,0.577
2015-08-22 23:00,0.600
2015-08-23 00:00,0.609
2015-08-23 01:00,0.591
2015-08-23 02:00,0.563
2015-08-23 03:00,0.577
2015-08-23 04:00,0.609
2015-08-23 05:00,0.609
2015-08-23 06:00,0.552
2015-08-23 07:00,0.574
2015-08-23 08:00,0.746
2015-08-23 09:00,0.826
2015-08-23 10:00,0.888
2015-08-23 11:00,0.922
2015-08-23 12:00,0.932
2015-08-23 13:00,0.926
2015-08-23 14:00,0.901
2015-08-23 15:00,0.824
2015-08-23 16:00,0.612
2015-08-23 17:00,0.409
2015-08-23 18:00,0.273
2015-08-23 19:00,0.248
2015-08-23 20:00,0.267
2015-08-23 21:00,0.252
2015-08-23 22:00,0.250
2015-08-23 23:00,0.246
2015-08-24 00:00,0.233
2015-08-24 01:00,0.201
2015-08-24 02:00,0.142
2015-08-24 03:00,0.088
2015-08-24 04:00,0.041
2015-08-24 05:00,0.018
2015-08-24 06:00,0.011
2015-08-24 07:00,0.006
2015-08-24 08:00,0.008
2015-08-24 09:00,0.009
2015-08-24 10:00,0.011
2015-08-24 11:00,0.013
2015-08-24 12:00,0.011
2015-08-24 13:00,0.011
2015-08-24 14:00,0.023
2015-08-24 15:00,0.038
2015-08-24 16:00,0.067
2015-08-24 17:00,0.122
2015-08-24 18:00,0.243
2015-08-24 19:00,0.415
2015-08-24 20:00,0.513
2015-08-24 21:00,0.569
2015-08-24 22:00,0.600
2015-08-24 23:00,0.587
2015-08-25 00:00,0.566
2015-08-25 01:00,0.538
2015-08-25 02:00,0.519
2015-08-25 03:00,0.516
2015-08-25 04:00,0.509
2015-08-25 05:00,0.460
2015-08-25 06:00,0.324
2015-08-25 07:00,0.394
2015-08-25 08:00,0.488
2015-08-25 09:00,0.516
2015-08-25 10:00,0.536
2015-08-25 11:00,0.521
2015-08-25 12:00,0.466
2015-08-25 13:00,0.439
2015-08-25 14:00,0.377
2015-08-25 15:00,0.309
2015-08-25 16:00,0.302
2015-08-25 17:00,0.295
2015-08-25 18:00,0.321
2015-08-25 19:00,0.414
2015-08-25 20:00,0.569
2015-08-25 21:00,0.702
2015-08-25 22:00,0.686
2015-08-25 23:00,0.628
2015-08-26 00:00,0.568
2015-08-26 01:00,0.473
2015-08-26 02:00,0.450
2015-08-26 03:00,0.448
2015-08-26 04:00,0.520
2015-08-26 05:00,0.652
2015-08-26 06:00,0.858
2015-08-26 07:00,0.884
2015-08-26 08:00,0.886
2015-08-26 09:00,0.880
2015-08-26 10:00,0.868
2015-08-26 11:00,0.844
2015-08-26 12:00,0.807
2015-08-26 13:00,0.758
2015-08-26 14:00,0.689
2015-08-26 15:00,0.637
2015-08-26 16:00,0.575
2015-08-26 17:00,0.502
2015-08-26 18:00,0.510
2015-08-26 19:00,0.584
2015-08-26 20:00,0.625
2015-08-26 21:00,0.612
2015-08-26 22:00,0.614
2015-08-26 23:00,0.604
2015-08-27 00:00,0.612
2015-08-27 01:00,0.597
2015-08-27 02:00,0.517
2015-08-27 03:00,0.479
2015-08-27 04:00,0.469
2015-08-27 05:00,0.442
2015-08-27 06:00,0.369
2015-08-27 07:00,0.455
2015-08-27 08:00,0.582
2015-08-27 09:00,0.603
2015-08-27 10:00,0.603
2015-08-27 11:00,0.600
2015-08-27 12:00,0.594
2015-08-27 13:00,0.572
2015-08-27 14:00,0.537
2015-08-27 15:00,0.506
2015-08-27 16:00,0.486
2015-08-27 17:00,0.442
2015-08-27 18:00,0.466
2015-08-27 19:00,0.528
2015-08-27 20:00,0.539
2015-08-27 21:00,0.525
2015-08-27 22:00,0.514
2015-08-27 23:00,0.502
2015-08-28 00:00,0.489
2015-08-28 01:00,0.479
2015-08-28 02:00,0.473
2015-08-28 03:00,0.464
2015-08-28 04:00,0.460
2015-08-28 05:00,0.440
2015-08-28 06:00,0.357
2015-08-28 07:00,0.388
2015-08-28 08:00,0.533
2015-08-28 09:00,0.600
2015-08-28 10:00,0.625
2015-08-28 11:00,0.636
2015-08-28 12:00,0.639
2015-08-28 13:00,0.645
2015-08-28 14:00,0.650
2015-08-28 15:00,0.637
2015-08-28 16:00,0.572
2015-08-28 17:00,0.488
2015-08-28 18:00,0.518
2015-08-28 19:00,0.587
2015-08-28 20:00,0.584
2015-08-28 21:00,0.528
2015-08-28 22:00,0.503
2015-08-28 23:00,0.492
2015-08-29 00:00,0.479
2015-08-29 01:00,0.463
2015-08-29 02:00,0.466
2015-08-29 03:00,0.460
2015-08-29 04:00,0.468
2015-08-29 05:00,0.456
2015-08-29 06:00,0.345
2015-08-29 07:00,0.339
2015-08-29 08:00,0.425
2015-08-29 09:00,0.450
2015-08-29 10:00,0.466
2015-08-29 11:00,0.473
2015-08-29 12:00,0.475
2015-08-29 13:00,0.466
2015-08-29 14:00,0.454
2015-08-29 15:00,0.420
2015-08-29 16:00,0.311
2015-08-29 17:00,0.211
2015-08-29 18:00,0.186
2015-08-29 19:00,0.163
2015-08-29 20:00,0.138
2015-08-29 21:00,0.118
2015-08-29 22:00,0.107
2015-08-29 23:00,0.094
2015-08-30 00:00,0.078
2015-08-30 01:00,0.060
2015-08-30 02:00,0.047
2015-08-30 03:00,0.041
2015-08-30 04:00,0.034
2015-08-30 05:00,0.031
2015-08-30 06:00,0.030
2015-08-30 07:00,0.019
2015-08-30 08:00,0.013
2015-08-30 09:00,0.013
2015-08-30 10:00,0.008
2015-08-30 11:00,0.008
2015-08-30 12:00,0.013
2015-08-30 13:00,0.013
2015-08-30 14:00,0.008
2015-08-30 15:00,0.007
2015-08-30 16:00,0.007
2015-08-30 17:00,0.010
2015-08-30 18:00,0.016
2015-08-30 19:00,0.038
2015-08-30 20:00,0.061
2015-08-30 21:00,0.059
2015-08-30 22:00,0.070
2015-08-30 23:00,0.093
2015-08-31 00:00,0.110
2015-08-31 01:00,0.126
2015-08-31 02:00,0.156
2015-08-31 03:00,0.181
2015-08-31 04:00,0.188
2015-08-31 05:00,0.194
2015-08-31 06:00,0.181
2015-08-31 07:00,0.169
2015-08-31 08:00,0.166
2015-08-31 09:00,0.169
2015-08-31 10:00,0.159
2015-08-31 11:00,0.169
2015-08-31 12:00,0.151
2015-08-31 13:00,0.136
2015-08-31 14:00,0.123
2015-08-31 15:00,0.124
2015-08-31 16:00,0.134
2015-08-31 17:00,0.128
2015-08-31 18:00,0.154
2015-08-31 19:00,0.210
2015-08-31 20:00,0.250
2015-08-31 21:00,0.277
2015-08-31 22:00,0.292
2015-08-31 23:00,0.297
2015-09-01 00:00,0.297
2015-09-01 01:00,0.290
2015-09-01 02:00,0.281
2015-09-01 03:00,0.273
2015-09-01 04:00,0.270
2015-09-01 05:00,0.265
2015-09-01 06:00,0.181
2015-09-01 07:00,0.137
2015-09-01 08:00,0.164
2015-09-01 09:00,0.158
2015-09-01 10:00,0.146
2015-09-01 11:00,0.140
2015-09-01 12:00,0.154
2015-09-01 13:00,0.187
2015-09-01 14:00,0.227
2015-09-01 15:00,0.267
2015-09-01 16:00,0.290
2015-09-01 17:00,0.273
2015-09-01 18:00,0.328
2015-09-01 19:00,0.409
2015-09-01 20:00,0.429
2015-09-01 21:00,0.424
2015-09-01 22:00,0.410
2015-09-01 23:00,0.390
2015-09-02 00:00,0.367
2015-09-02 01:00,0.347
2015-09-02 02:00,0.326
2015-09-02 03:00,0.302
2015-09-02 04:00,0.276
2015-09-02 05:00,0.248
2015-09-02 06:00,0.161
2015-09-02 07:00,0.102
2015-09-02 08:00,0.104
2015-09-02 09:00,0.089
2015-09-02 10:00,0.077
2015-09-02 11:00,0.080
2015-09-02 12:00,0.099
2015-09-02 13:00,0.132
2015-09-02 14:00,0.166
2015-09-02 15:00,0.204
2015-09-02 16:00,0.228
2015-09-02 17:00,0.213
2015-09-02 18:00,0.256
2015-09-02 19:00,0.302
2015-09-02 20:00,0.295
2015-09-02 21:00,0.268
2015-09-02 22:00,0.249
2015-09-02 23:00,0.248
2015-09-03 00:00,0.257
2015-09-03 01:00,0.266
2015-09-03 02:00,0.268
2015-09-03 03:00,0.283
2015-09-03 04:00,0.285
2015-09-03 05:00,0.285
2015-09-03 06:00,0.230
2015-09-03 07:00,0.204
2015-09-03 08:00,0.275
2015-09-03 09:00,0.281
2015-09-03 10:00,0.279
2015-09-03 11:00,0.294
2015-09-03 12:00,0.319
2015-09-03 13:00,0.339
2015-09-03 14:00,0.360
2015-09-03 15:00,0.373
2015-09-03 16:00,0.326
2015-09-03 17:00,0.257
2015-09-03 18:00,0.305
2015-09-03 19:00,0.378
2015-09-03 20:00,0.390
2015-09-03 21:00,0.418
2015-09-03 22:00,0.429
2015-09-03 23:00,0.436
2015-09-04 00:00,0.423
2015-09-04 01:00,0.401
2015-09-04 02:00,0.402
2015-09-04 03:00,0.400
2015-09-04 04:00,0.417
2015-09-04 05:00,0.424
2015-09-04 06:00,0.387
2015-09-04 07:00,0.406
2015-09-04 08:00,0.469
2015-09-04 09:00,0.453
2015-09-04 10:00,0.420
2015-09-04 11:00,0.392
2015-09-04 12:00,0.371
2015-09-04 13:00,0.366
2015-09-04 14:00,0.365
2015-09-04 15:00,0.354
2015-09-04 16:00,0.301
2015-09-04 17:00,0.237
2015-09-04 18:00,0.272
2015-09-04 19:00,0.347
2015-09-04 20:00,0.414
2015-09-04 21:00,0.448
2015-09-04 22:00,0.440
2015-09-04 23:00,0.428
2015-09-05 00:00,0.397
2015-09-05 01:00,0.391
2015-09-05 02:00,0.406
2015-09-05 03:00,0.413
2015-09-05 04:00,0.430
2015-09-05 05:00,0.433
2015-09-05 06:00,0.410
2015-09-05 07:00,0.517
2015-09-05 08:00,0.546
2015-09-05 09:00,0.514
2015-09-05 10:00,0.445
2015-09-05 11:00,0.364
2015-09-05 12:00,0.309
2015-09-05 13:00,0.281
2015-09-05 14:00,0.271
2015-09-05 15:00,0.273
2015-09-05 16:00,0.265
2015-09-05 17:00,0.213
2015-09-05 18:00,0.178
2015-09-05 19:00,0.162
2015-09-05 20:00,0.172
2015-09-05 21:00,0.204
2015-09-05 22:00,0.225
2015-09-05 23:00,0.233
2015-09-06 00:00,0.241
2015-09-06 01:00,0.248
2015-09-06 02:00,0.244
2015-09-06 03:00,0.229
2015-09-06 04:00,0.207
2015-09-06 05:00,0.190
2015-09-06 06:00,0.144
2015-09-06 07:00,0.078
2015-09-06 08:00,0.125
2015-09-06 09:00,0.143
2015-09-06 10:00,0.160
2015-09-06 11:00,0.191
2015-09-06 12:00,0.236
2015-09-06 13:00,0.284
2015-09-06 14:00,0.327
2015-09-06 15:00,0.361
2015-09-06 16:00,0.374
2015-09-06 17:00,0.352
2015-09-06 18:00,0.394
2015-09-06 19:00,0.451
2015-09-06 20:00,0.454
2015-09-06 21:00,0.442
2015-09-06 22:00,0.438
2015-09-06 23:00,0.429
2015-09-07 00:00,0.410
2015-09-07 01:00,0.380
2015-09-07 02:00,0.345
2015-09-07 03:00,0.295
2015-09-07 04:00,0.246
2015-09-07 05:00,0.204
2015-09-07 06:00,0.127
2015-09-07 07:00,0.059
2015-09-07 08:00,0.043
2015-09-07 09:00,0.038
2015-09-07 10:00,0.041
2015-09-07 11:00,0.047
2015-09-07 12:00,0.054
2015-09-07 13:00,0.060
2015-09-07 14:00,0.068
2015-09-07 15:00,0.074
2015-09-07 16:00,0.073
2015-09-07 17:00,0.077
2015-09-07 18:00,0.099
2015-09-07 19:00,0.125
2015-09-07 20:00,0.138
2015-09-07 21:00,0.130
2015-09-07 22:00,0.099
2015-09-07 23:00,0.062
2015-09-08 00:00,0.038
2015-09-08 01:00,0.028
2015-09-08 02:00,0.022
2015-09-08 03:00,0.018
2015-09-08 04:00,0.019
2015-09-08 05:00,0.033
2015-09-08 06:00,0.049
2015-09-08 07:00,0.053
2015-09-08 08:00,0.069
2015-09-08 09:00,0.074
2015-09-08 10:00,0.073
2015-09-08 11:00,0.070
2015-09-08 12:00,0.069
2015-09-08 13:00,0.069
2015-09-08 14:00,0.074
2015-09-08 15:00,0.089
2015-09-08 16:00,0.113
2015-09-08 17:00,0.148
2015-09-08 18:00,0.218
2015-09-08 19:00,0.252
2015-09-08 20:00,0.218
2015-09-08 21:00,0.177
2015-09-08 22:00,0.142
2015-09-08 23:00,0.122
2015-09-09 00:00,0.124
2015-09-09 01:00,0.129
2015-09-09 02:00,0.134
2015-09-09 03:00,0.137
2015-09-09 04:00,0.136
2015-09-09 05:00,0.127
2015-09-09 06:00,0.105
2015-09-09 07:00,0.103
2015-09-09 08:00,0.127
2015-09-09 09:00,0.159
2015-09-09 10:00,0.200
2015-09-09 11:00,0.244
2015-09-09 12:00,0.291
2015-09-09 13:00,0.338
2015-09-09 14:00,0.381
2015-09-09 15:00,0.403
2015-09-09 16:00,0.370
2015-09-09 17:00,0.338
2015-09-09 18:00,0.409
2015-09-09 19:00,0.467
2015-09-09 20:00,0.480
2015-09-09 21:00,0.466
2015-09-09 22:00,0.436
2015-09-09 23:00,0.443
2015-09-10 00:00,0.448
2015-09-10 01:00,0.442
2015-09-10 02:00,0.446
2015-09-10 03:00,0.439
2015-09-10 04:00,0.439
2015-09-10 05:00,0.433
2015-09-10 06:00,0.356
2015-09-10 07:00,0.254
2015-09-10 08:00,0.383
2015-09-10 09:00,0.427
2015-09-10 10:00,0.460
2015-09-10 11:00,0.487
2015-09-10 12:00,0.504
2015-09-10 13:00,0.515
2015-09-10 14:00,0.520
2015-09-10 15:00,0.530
2015-09-10 16:00,0.536
2015-09-10 17:00,0.530
2015-09-10 18:00,0.588
2015-09-10 19:00,0.598
2015-09-10 20:00,0.562
2015-09-10 21:00,0.542
2015-09-10 22:00,0.533
2015-09-10 23:00,0.523
2015-09-11 00:00,0.510
2015-09-11 01:00,0.507
2015-09-11 02:00,0.542
2015-09-11 03:00,0.556
2015-09-11 04:00,0.562
2015-09-11 05:00,0.549
2015-09-11 06:00,0.468
2015-09-11 07:00,0.383
2015-09-11 08:00,0.565
2015-09-11 09:00,0.658
2015-09-11 10:00,0.702
2015-09-11 11:00,0.700
2015-09-11 12:00,0.679
2015-09-11 13:00,0.658
2015-09-11 14:00,0.645
2015-09-11 15:00,0.640
2015-09-11 16:00,0.636
2015-09-11 17:00,0.674
2015-09-11 18:00,0.703
2015-09-11 19:00,0.683
2015-09-11 20:00,0.625
2015-09-11 21:00,0.581
2015-09-11 22:00,0.539
2015-09-11 23:00,0.510
2015-09-12 00:00,0.486
2015-09-12 01:00,0.478
2015-09-12 02:00,0.570
2015-09-12 03:00,0.597
2015-09-12 04:00,0.649
2015-09-12 05:00,0.713
2015-09-12 06:00,0.732
2015-09-12 07:00,0.715
2015-09-12 08:00,0.690
2015-09-12 09:00,0.643
2015-09-12 10:00,0.577
2015-09-12 11:00,0.546
2015-09-12 12:00,0.594
2015-09-12 13:00,0.685
2015-09-12 14:00,0.767
2015-09-12 15:00,0.767
2015-09-12 16:00,0.644
2015-09-12 17:00,0.400
2015-09-12 18:00,0.272
2015-09-12 19:00,0.229
2015-09-12 20:00,0.228
2015-09-12 21:00,0.257
2015-09-12 22:00,0.301
2015-09-12 23:00,0.345
2015-09-13 00:00,0.348
2015-09-13 01:00,0.314
2015-09-13 02:00,0.284
2015-09-13 03:00,0.254
2015-09-13 04:00,0.234
2015-09-13 05:00,0.238
2015-09-13 06:00,0.190
2015-09-13 07:00,0.118
2015-09-13 08:00,0.173
2015-09-13 09:00,0.209
2015-09-13 10:00,0.194
2015-09-13 11:00,0.162
2015-09-13 12:00,0.125
2015-09-13 13:00,0.100
2015-09-13 14:00,0.094
2015-09-13 15:00,0.093
2015-09-13 16:00,0.093
2015-09-13 17:00,0.118
2015-09-13 18:00,0.192
2015-09-13 19:00,0.272
2015-09-13 20:00,0.292
2015-09-13 21:00,0.265
2015-09-13 22:00,0.216
2015-09-13 23:00,0.150
2015-09-14 00:00,0.102
2015-09-14 01:00,0.081
2015-09-14 02:00,0.071
2015-09-14 03:00,0.066
2015-09-14 04:00,0.078
2015-09-14 05:00,0.100
2015-09-14 06:00,0.099
2015-09-14 07:00,0.085
2015-09-14 08:00,0.109
2015-09-14 09:00,0.140
2015-09-14 10:00,0.168
2015-09-14 11:00,0.187
2015-09-14 12:00,0.210
2015-09-14 13:00,0.212
2015-09-14 14:00,0.194
2015-09-14 15:00,0.167
2015-09-14 16:00,0.156
2015-09-14 17:00,0.181
2015-09-14 18:00,0.177
2015-09-14 19:00,0.163
2015-09-14 20:00,0.163
2015-09-14 21:00,0.156
2015-09-14 22:00,0.139
2015-09-14 23:00,0.127
2015-09-15 00:00,0.118
2015-09-15 01:00,0.104
2015-09-15 02:00,0.093
2015-09-15 03:00,0.103
2015-09-15 04:00,0.131
2015-09-15 05:00,0.170
2015-09-15 06:00,0.224
2015-09-15 07:00,0.247
2015-09-15 08:00,0.274
2015-09-15 09:00,0.369
2015-09-15 10:00,0.417
2015-09-15 11:00,0.406
2015-09-15 12:00,0.391
2015-09-15 13:00,0.411
2015-09-15 14:00,0.431
2015-09-15 15:00,0.413
2015-09-15 16:00,0.352
2015-09-15 17:00,0.293
2015-09-15 18:00,0.311
2015-09-15 19:00,0.291
2015-09-15 20:00,0.223
2015-09-15 21:00,0.142
2015-09-15 22:00,0.082
2015-09-15 23:00,0.041
2015-09-16 00:00,0.027
2015-09-16 01:00,0.030
2015-09-16 02:00,0.042
2015-09-16 03:00,0.073
2015-09-16 04:00,0.113
2015-09-16 05:00,0.138
2015-09-16 06:00,0.156
2015-09-16 07:00,0.136
2015-09-16 08:00,0.133
2015-09-16 09:00,0.157
2015-09-16 10:00,0.166
2015-09-16 11:00,0.193
2015-09-16 12:00,0.216
2015-09-16 13:00,0.207
2015-09-16 14:00,0.230
2015-09-16 15:00,0.279
2015-09-16 16:00,0.290
2015-09-16 17:00,0.309
2015-09-16 18:00,0.368
2015-09-16 19:00,0.409
2015-09-16 20:00,0.430
2015-09-16 21:00,0.401
2015-09-16 22:00,0.369
2015-09-16 23:00,0.339
2015-09-17 00:00,0.309
2015-09-17 01:00,0.275
2015-09-17 02:00,0.245
2015-09-17 03:00,0.238
2015-09-17 04:00,0.229
2015-09-17 05:00,0.222
2015-09-17 06:00,0.216
2015-09-17 07:00,0.196
2015-09-17 08:00,0.232
2015-09-17 09:00,0.287
2015-09-17 10:00,0.321
2015-09-17 11:00,0.335
2015-09-17 12:00,0.350
2015-09-17 13:00,0.365
2015-09-17 14:00,0.370
2015-09-17 15:00,0.365
2015-09-17 16:00,0.302
2015-09-17 17:00,0.244
2015-09-17 18:00,0.206
2015-09-17 19:00,0.156
2015-09-17 20:00,0.137
2015-09-17 21:00,0.145
2015-09-17 22:00,0.150
2015-09-17 23:00,0.150
2015-09-18 00:00,0.143
2015-09-18 01:00,0.128
2015-09-18 02:00,0.102
2015-09-18 03:00,0.070
2015-09-18 04:00,0.046
2015-09-18 05:00,0.037
2015-09-18 06:00,0.062
2015-09-18 07:00,0.069
2015-09-18 08:00,0.064
2015-09-18 09:00,0.069
2015-09-18 10:00,0.066
2015-09-18 11:00,0.070
2015-09-18 12:00,0.072
2015-09-18 13:00,0.075
2015-09-18 14:00,0.082
2015-09-18 15:00,0.096
2015-09-18 16:00,0.124
2015-09-18 17:00,0.169
2015-09-18 18:00,0.215
2015-09-18 19:00,0.215
2015-09-18 20:00,0.198
2015-09-18 21:00,0.165
2015-09-18 22:00,0.112
2015-09-18 23:00,0.062
2015-09-19 00:00,0.032
2015-09-19 01:00,0.024
2015-09-19 02:00,0.030
2015-09-19 03:00,0.059
2015-09-19 04:00,0.090
2015-09-19 05:00,0.118
2015-09-19 06:00,0.135
2015-09-19 07:00,0.095
2015-09-19 08:00,0.066
2015-09-19 09:00,0.055
2015-09-19 10:00,0.043
2015-09-19 11:00,0.043
2015-09-19 12:00,0.055
2015-09-19 13:00,0.079
2015-09-19 14:00,0.107
2015-09-19 15:00,0.126
2015-09-19 16:00,0.121
2015-09-19 17:00,0.127
2015-09-19 18:00,0.124
2015-09-19 19:00,0.107
2015-09-19 20:00,0.084
2015-09-19 21:00,0.065
2015-09-19 22:00,0.059
2015-09-19 23:00,0.060
2015-09-20 00:00,0.069
2015-09-20 01:00,0.080
2015-09-20 02:00,0.090
2015-09-20 03:00,0.086
2015-09-20 04:00,0.082
2015-09-20 05:00,0.095
2015-09-20 06:00,0.128
2015-09-20 07:00,0.114
2015-09-20 08:00,0.114
2015-09-20 09:00,0.161
2015-09-20 10:00,0.204
2015-09-20 11:00,0.229
2015-09-20 12:00,0.246
2015-09-20 13:00,0.259
2015-09-20 14:00,0.276
2015-09-20 15:00,0.272
2015-09-20 16:00,0.214
2015-09-20 17:00,0.187
2015-09-20 18:00,0.223
2015-09-20 19:00,0.258
2015-09-20 20:00,0.289
2015-09-20 21:00,0.311
2015-09-20 22:00,0.342
2015-09-20 23:00,0.372
2015-09-21 00:00,0.388
2015-09-21 01:00,0.379
2015-09-21 02:00,0.367
2015-09-21 03:00,0.363
2015-09-21 04:00,0.369
2015-09-21 05:00,0.380
2015-09-21 06:00,0.393
2015-09-21 07:00,0.393
2015-09-21 08:00,0.429
2015-09-21 09:00,0.396
2015-09-21 10:00,0.413
2015-09-21 11:00,0.390
2015-09-21 12:00,0.377
2015-09-21 13:00,0.370
2015-09-21 14:00,0.439
2015-09-21 15:00,0.522
2015-09-21 16:00,0.546
2015-09-21 17:00,0.466
2015-09-21 18:00,0.431
2015-09-21 19:00,0.403
2015-09-21 20:00,0.359
2015-09-21 21:00,0.323
2015-09-21 22:00,0.281
2015-09-21 23:00,0.237
2015-09-22 00:00,0.190
2015-09-22 01:00,0.143
2015-09-22 02:00,0.105
2015-09-22 03:00,0.079
2015-09-22 04:00,0.074
2015-09-22 05:00,0.099
2015-09-22 06:00,0.140
2015-09-22 07:00,0.123
2015-09-22 08:00,0.137
2015-09-22 09:00,0.173
2015-09-22 10:00,0.207
2015-09-22 11:00,0.238
2015-09-22 12:00,0.266
2015-09-22 13:00,0.292
2015-09-22 14:00,0.329
2015-09-22 15:00,0.395
2015-09-22 16:00,0.423
2015-09-22 17:00,0.450
2015-09-22 18:00,0.520
2015-09-22 19:00,0.535
2015-09-22 20:00,0.532
2015-09-22 21:00,0.529
2015-09-22 22:00,0.530
2015-09-22 23:00,0.570
2015-09-23 00:00,0.574
2015-09-23 01:00,0.551
2015-09-23 02:00,0.536
2015-09-23 03:00,0.511
2015-09-23 04:00,0.469
2015-09-23 05:00,0.462
2015-09-23 06:00,0.446
2015-09-23 07:00,0.339
2015-09-23 08:00,0.406
2015-09-23 09:00,0.437
2015-09-23 10:00,0.463
2015-09-23 11:00,0.486
2015-09-23 12:00,0.488
2015-09-23 13:00,0.451
2015-09-23 14:00,0.426
2015-09-23 15:00,0.439
2015-09-23 16:00,0.465
2015-09-23 17:00,0.513
2015-09-23 18:00,0.509
2015-09-23 19:00,0.493
2015-09-23 20:00,0.456
2015-09-23 21:00,0.479
2015-09-23 22:00,0.502
2015-09-23 23:00,0.516
2015-09-24 00:00,0.548
2015-09-24 01:00,0.520
2015-09-24 02:00,0.491
2015-09-24 03:00,0.528
2015-09-24 04:00,0.549
2015-09-24 05:00,0.577
2015-09-24 06:00,0.562
2015-09-24 07:00,0.513
2015-09-24 08:00,0.597
2015-09-24 09:00,0.696
2015-09-24 10:00,0.715
2015-09-24 11:00,0.729
2015-09-24 12:00,0.744
2015-09-24 13:00,0.754
2015-09-24 14:00,0.767
2015-09-24 15:00,0.759
2015-09-24 16:00,0.681
2015-09-24 17:00,0.597
2015-09-24 18:00,0.574
2015-09-24 19:00,0.563
2015-09-24 20:00,0.582
2015-09-24 21:00,0.572
2015-09-24 22:00,0.593
2015-09-24 23:00,0.600
2015-09-25 00:00,0.600
2015-09-25 01:00,0.588
2015-09-25 02:00,0.584
2015-09-25 03:00,0.594
2015-09-25 04:00,0.574
2015-09-25 05:00,0.572
2015-09-25 06:00,0.547
2015-09-25 07:00,0.413
2015-09-25 08:00,0.410
2015-09-25 09:00,0.432
2015-09-25 10:00,0.387
2015-09-25 11:00,0.364
2015-09-25 12:00,0.361
2015-09-25 13:00,0.367
2015-09-25 14:00,0.362
2015-09-25 15:00,0.345
2015-09-25 16:00,0.300
2015-09-25 17:00,0.295
2015-09-25 18:00,0.322
2015-09-25 19:00,0.319
2015-09-25 20:00,0.300
2015-09-25 21:00,0.280
2015-09-25 22:00,0.255
2015-09-25 23:00,0.226
2015-09-26 00:00,0.194
2015-09-26 01:00,0.161
2015-09-26 02:00,0.134
2015-09-26 03:00,0.104
2015-09-26 04:00,0.070
2015-09-26 05:00,0.041
2015-09-26 06:00,0.023
2015-09-26 07:00,0.013
2015-09-26 08:00,0.010
2015-09-26 09:00,0.016
2015-09-26 10:00,0.015
2015-09-26 11:00,0.015
2015-09-26 12:00,0.018
2015-09-26 13:00,0.022
2015-09-26 14:00,0.029
2015-09-26 15:00,0.043
2015-09-26 16:00,0.074
2015-09-26 17:00,0.155
2015-09-26 18:00,0.266
2015-09-26 19:00,0.353
2015-09-26 20:00,0.391
2015-09-26 21:00,0.373
2015-09-26 22:00,0.312
2015-09-26 23:00,0.243
2015-09-27 00:00,0.186
2015-09-27 01:00,0.140
2015-09-27 02:00,0.102
2015-09-27 03:00,0.069
2015-09-27 04:00,0.048
2015-09-27 05:00,0.037
2015-09-27 06:00,0.032
2015-09-27 07:00,0.030
2015-09-27 08:00,0.036
2015-09-27 09:00,0.063
2015-09-27 10:00,0.064
2015-09-27 11:00,0.065
2015-09-27 12:00,0.071
2015-09-27 13:00,0.081
2015-09-27 14:00,0.080
2015-09-27 15:00,0.060
2015-09-27 16:00,0.045
2015-09-27 17:00,0.078
2015-09-27 18:00,0.203
2015-09-27 19:00,0.320
2015-09-27 20:00,0.357
2015-09-27 21:00,0.377
2015-09-27 22:00,0.361
2015-09-27 23:00,0.310
2015-09-28 00:00,0.243
2015-09-28 01:00,0.174
2015-09-28 02:00,0.125
2015-09-28 03:00,0.102
2015-09-28 04:00,0.088
2015-09-28 05:00,0.086
2015-09-28 06:00,0.086
2015-09-28 07:00,0.073
2015-09-28 08:00,0.078
2015-09-28 09:00,0.129
2015-09-28 10:00,0.156
2015-09-28 11:00,0.183
2015-09-28 12:00,0.207
2015-09-28 13:00,0.218
2015-09-28 14:00,0.224
2015-09-28 15:00,0.218
2015-09-28 16:00,0.213
2015-09-28 17:00,0.299
2015-09-28 18:00,0.418
2015-09-28 19:00,0.468
2015-09-28 20:00,0.460
2015-09-28 21:00,0.439
2015-09-28 22:00,0.436
2015-09-28 23:00,0.421
2015-09-29 00:00,0.374
2015-09-29 01:00,0.317
2015-09-29 02:00,0.255
2015-09-29 03:00,0.216
2015-09-29 04:00,0.212
2015-09-29 05:00,0.218
2015-09-29 06:00,0.224
2015-09-29 07:00,0.187
2015-09-29 08:00,0.134
2015-09-29 09:00,0.164
2015-09-29 10:00,0.171
2015-09-29 11:00,0.169
2015-09-29 12:00,0.166
2015-09-29 13:00,0.161
2015-09-29 14:00,0.156
2015-09-29 15:00,0.159
2015-09-29 16:00,0.186
2015-09-29 17:00,0.281
2015-09-29 18:00,0.380
2015-09-29 19:00,0.403
2015-09-29 20:00,0.393
2015-09-29 21:00,0.387
2015-09-29 22:00,0.384
2015-09-29 23:00,0.369
2015-09-30 00:00,0.347
2015-09-30 01:00,0.327
2015-09-30 02:00,0.318
2015-09-30 03:00,0.320
2015-09-30 04:00,0.333
2015-09-30 05:00,0.355
2015-09-30 06:00,0.376
2015-09-30 07:00,0.312
2015-09-30 08:00,0.286
2015-09-30 09:00,0.374
2015-09-30 10:00,0.400
2015-09-30 11:00,0.400
2015-09-30 12:00,0.387
2015-09-30 13:00,0.368
2015-09-30 14:00,0.348
2015-09-30 15:00,0.330
2015-09-30 16:00,0.320
2015-09-30 17:00,0.394
2015-09-30 18:00,0.462
2015-09-30 19:00,0.460
2015-09-30 20:00,0.436
2015-09-30 21:00,0.406
2015-09-30 22:00,0.356
2015-09-30 23:00,0.294
2015-10-01 00:00,0.238
2015-10-01 01:00,0.209
2015-10-01 02:00,0.210
2015-10-01 03:00,0.224
2015-10-01 04:00,0.233
2015-10-01 05:00,0.226
2015-10-01 06:00,0.205
2015-10-01 07:00,0.143
2015-10-01 08:00,0.100
2015-10-01 09:00,0.101
2015-10-01 10:00,0.093
2015-10-01 11:00,0.086
2015-10-01 12:00,0.077
2015-10-01 13:00,0.067
2015-10-01 14:00,0.055
2015-10-01 15:00,0.044
2015-10-01 16:00,0.041
2015-10-01 17:00,0.049
2015-10-01 18:00,0.069
2015-10-01 19:00,0.096
2015-10-01 20:00,0.120
2015-10-01 21:00,0.127
2015-10-01 22:00,0.111
2015-10-01 23:00,0.088
2015-10-02 00:00,0.073
2015-10-02 01:00,0.059
2015-10-02 02:00,0.046
2015-10-02 03:00,0.035
2015-10-02 04:00,0.025
2015-10-02 05:00,0.019
2015-10-02 06:00,0.015
2015-10-02 07:00,0.011
2015-10-02 08:00,0.008
2015-10-02 09:00,0.007
2015-10-02 10:00,0.009
2015-10-02 11:00,0.010
2015-10-02 12:00,0.009
2015-10-02 13:00,0.007
2015-10-02 14:00,0.006
2015-10-02 15:00,0.005
2015-10-02 16:00,0.008
2015-10-02 17:00,0.014
2015-10-02 18:00,0.023
2015-10-02 19:00,0.033
2015-10-02 20:00,0.045
2015-10-02 21:00,0.055
2015-10-02 22:00,0.064
2015-10-02 23:00,0.068
2015-10-03 00:00,0.063
2015-10-03 01:00,0.050
2015-10-03 02:00,0.031
2015-10-03 03:00,0.019
2015-10-03 04:00,0.016
2015-10-03 05:00,0.015
2015-10-03 06:00,0.016
2015-10-03 07:00,0.012
2015-10-03 08:00,0.008
2015-10-03 09:00,0.006
2015-10-03 10:00,0.007
2015-10-03 11:00,0.008
2015-10-03 12:00,0.006
2015-10-03 13:00,0.004
2015-10-03 14:00,0.005
2015-10-03 15:00,0.009
2015-10-03 16:00,0.017
2015-10-03 17:00,0.028
2015-10-03 18:00,0.029
2015-10-03 19:00,0.026
2015-10-03 20:00,0.022
2015-10-03 21:00,0.021
2015-10-03 22:00,0.023
2015-10-03 23:00,0.029
2015-10-04 00:00,0.032
2015-10-04 01:00,0.034
2015-10-04 02:00,0.041
2015-10-04 03:00,0.042
2015-10-04 04:00,0.032
2015-10-04 05:00,0.017
2015-10-04 06:00,0.011
2015-10-04 07:00,0.013
2015-10-04 08:00,0.010
2015-10-04 09:00,0.015
2015-10-04 10:00,0.022
2015-10-04 11:00,0.028
2015-10-04 12:00,0.035
2015-10-04 13:00,0.045
2015-10-04 14:00,0.047
2015-10-04 15:00,0.041
2015-10-04 16:00,0.046
2015-10-04 17:00,0.093
2015-10-04 18:00,0.222
2015-10-04 19:00,0.400
2015-10-04 20:00,0.505
2015-10-04 21:00,0.506
2015-10-04 22:00,0.505
2015-10-04 23:00,0.516
2015-10-05 00:00,0.510
2015-10-05 01:00,0.508
2015-10-05 02:00,0.535
2015-10-05 03:00,0.604
2015-10-05 04:00,0.661
2015-10-05 05:00,0.702
2015-10-05 06:00,0.747
2015-10-05 07:00,0.786
2015-10-05 08:00,0.857
2015-10-05 09:00,0.843
2015-10-05 10:00,0.787
2015-10-05 11:00,0.742
2015-10-05 12:00,0.695
2015-10-05 13:00,0.661
2015-10-05 14:00,0.559
2015-10-05 15:00,0.499
2015-10-05 16:00,0.524
2015-10-05 17:00,0.581
2015-10-05 18:00,0.622
2015-10-05 19:00,0.617
2015-10-05 20:00,0.594
2015-10-05 21:00,0.574
2015-10-05 22:00,0.598
2015-10-05 23:00,0.594
2015-10-06 00:00,0.554
2015-10-06 01:00,0.521
2015-10-06 02:00,0.509
2015-10-06 03:00,0.452
2015-10-06 04:00,0.436
2015-10-06 05:00,0.419
2015-10-06 06:00,0.377
2015-10-06 07:00,0.315
2015-10-06 08:00,0.242
2015-10-06 09:00,0.257
2015-10-06 10:00,0.255
2015-10-06 11:00,0.230
2015-10-06 12:00,0.207
2015-10-06 13:00,0.158
2015-10-06 14:00,0.101
2015-10-06 15:00,0.102
2015-10-06 16:00,0.156
2015-10-06 17:00,0.212
2015-10-06 18:00,0.209
2015-10-06 19:00,0.166
2015-10-06 20:00,0.119
2015-10-06 21:00,0.093
2015-10-06 22:00,0.086
2015-10-06 23:00,0.090
2015-10-07 00:00,0.103
2015-10-07 01:00,0.114
2015-10-07 02:00,0.118
2015-10-07 03:00,0.114
2015-10-07 04:00,0.128
2015-10-07 05:00,0.176
2015-10-07 06:00,0.248
2015-10-07 07:00,0.318
2015-10-07 08:00,0.372
2015-10-07 09:00,0.463
2015-10-07 10:00,0.628
2015-10-07 11:00,0.732
2015-10-07 12:00,0.767
2015-10-07 13:00,0.776
2015-10-07 14:00,0.772
2015-10-07 15:00,0.738
2015-10-07 16:00,0.690
2015-10-07 17:00,0.650
2015-10-07 18:00,0.626
2015-10-07 19:00,0.609
2015-10-07 20:00,0.572
2015-10-07 21:00,0.529
2015-10-07 22:00,0.506
2015-10-07 23:00,0.466
2015-10-08 00:00,0.413
2015-10-08 01:00,0.366
2015-10-08 02:00,0.333
2015-10-08 03:00,0.299
2015-10-08 04:00,0.256
2015-10-08 05:00,0.209
2015-10-08 06:00,0.173
2015-10-08 07:00,0.139
2015-10-08 08:00,0.073
2015-10-08 09:00,0.069
2015-10-08 10:00,0.067
2015-10-08 11:00,0.065
2015-10-08 12:00,0.069
2015-10-08 13:00,0.071
2015-10-08 14:00,0.067
2015-10-08 15:00,0.055
2015-10-08 16:00,0.039
2015-10-08 17:00,0.023
2015-10-08 18:00,0.015
2015-10-08 19:00,0.016
2015-10-08 20:00,0.022
2015-10-08 21:00,0.035
2015-10-08 22:00,0.051
2015-10-08 23:00,0.070
2015-10-09 00:00,0.086
2015-10-09 01:00,0.095
2015-10-09 02:00,0.093
2015-10-09 03:00,0.084
2015-10-09 04:00,0.070
2015-10-09 05:00,0.059
2015-10-09 06:00,0.049
2015-10-09 07:00,0.045
2015-10-09 08:00,0.028
2015-10-09 09:00,0.029
2015-10-09 10:00,0.053
2015-10-09 11:00,0.055
2015-10-09 12:00,0.048
2015-10-09 13:00,0.043
2015-10-09 14:00,0.039
2015-10-09 15:00,0.039
2015-10-09 16:00,0.052
2015-10-09 17:00,0.085
2015-10-09 18:00,0.148
2015-10-09 19:00,0.221
2015-10-09 20:00,0.265
2015-10-09 21:00,0.260
2015-10-09 22:00,0.238
2015-10-09 23:00,0.216
2015-10-10 00:00,0.187
2015-10-10 01:00,0.157
2015-10-10 02:00,0.131
2015-10-10 03:00,0.108
2015-10-10 04:00,0.096
2015-10-10 05:00,0.100
2015-10-10 06:00,0.115
2015-10-10 07:00,0.123
2015-10-10 08:00,0.105
2015-10-10 09:00,0.112
2015-10-10 10:00,0.149
2015-10-10 11:00,0.174
2015-10-10 12:00,0.192
2015-10-10 13:00,0.204
2015-10-10 14:00,0.207
2015-10-10 15:00,0.206
2015-10-10 16:00,0.232
2015-10-10 17:00,0.298
2015-10-10 18:00,0.348
2015-10-10 19:00,0.365
2015-10-10 20:00,0.367
2015-10-10 21:00,0.356
2015-10-10 22:00,0.327
2015-10-10 23:00,0.304
2015-10-11 00:00,0.299
2015-10-11 01:00,0.272
2015-10-11 02:00,0.260
2015-10-11 03:00,0.254
2015-10-11 04:00,0.255
2015-10-11 05:00,0.270
2015-10-11 06:00,0.273
2015-10-11 07:00,0.256
2015-10-11 08:00,0.179
2015-10-11 09:00,0.257
2015-10-11 10:00,0.256
2015-10-11 11:00,0.223
2015-10-11 12:00,0.184
2015-10-11 13:00,0.157
2015-10-11 14:00,0.149
2015-10-11 15:00,0.161
2015-10-11 16:00,0.202
2015-10-11 17:00,0.281
2015-10-11 18:00,0.306
2015-10-11 19:00,0.265
2015-10-11 20:00,0.214
2015-10-11 21:00,0.177
2015-10-11 22:00,0.134
2015-10-11 23:00,0.084
2015-10-12 00:00,0.050
2015-10-12 01:00,0.052
2015-10-12 02:00,0.080
2015-10-12 03:00,0.105
2015-10-12 04:00,0.134
2015-10-12 05:00,0.158
2015-10-12 06:00,0.157
2015-10-12 07:00,0.133
2015-10-12 08:00,0.068
2015-10-12 09:00,0.050
2015-10-12 10:00,0.065
2015-10-12 11:00,0.097
2015-10-12 12:00,0.153
2015-10-12 13:00,0.238
2015-10-12 14:00,0.363
2015-10-12 15:00,0.466
2015-10-12 16:00,0.539
2015-10-12 17:00,0.612
2015-10-12 18:00,0.642
2015-10-12 19:00,0.640
2015-10-12 20:00,0.628
2015-10-12 21:00,0.595
2015-10-12 22:00,0.503
2015-10-12 23:00,0.449
2015-10-13 00:00,0.436
2015-10-13 01:00,0.426
2015-10-13 02:00,0.402
2015-10-13 03:00,0.377
2015-10-13 04:00,0.384
2015-10-13 05:00,0.390
2015-10-13 06:00,0.388
2015-10-13 07:00,0.382
2015-10-13 08:00,0.302
2015-10-13 09:00,0.354
2015-10-13 10:00,0.358
2015-10-13 11:00,0.335
2015-10-13 12:00,0.323
2015-10-13 13:00,0.315
2015-10-13 14:00,0.309
2015-10-13 15:00,0.292
2015-10-13 16:00,0.272
2015-10-13 17:00,0.309
2015-10-13 18:00,0.320
2015-10-13 19:00,0.304
2015-10-13 20:00,0.283
2015-10-13 21:00,0.265
2015-10-13 22:00,0.257
2015-10-13 23:00,0.251
2015-10-14 00:00,0.255
2015-10-14 01:00,0.272
2015-10-14 02:00,0.302
2015-10-14 03:00,0.331
2015-10-14 04:00,0.356
2015-10-14 05:00,0.380
2015-10-14 06:00,0.400
2015-10-14 07:00,0.380
2015-10-14 08:00,0.254
2015-10-14 09:00,0.265
2015-10-14 10:00,0.309
2015-10-14 11:00,0.311
2015-10-14 12:00,0.304
2015-10-14 13:00,0.306
2015-10-14 14:00,0.311
2015-10-14 15:00,0.305
2015-10-14 16:00,0.313
2015-10-14 17:00,0.391
2015-10-14 18:00,0.427
2015-10-14 19:00,0.423
2015-10-14 20:00,0.413
2015-10-14 21:00,0.408
2015-10-14 22:00,0.393
2015-10-14 23:00,0.369
2015-10-15 00:00,0.341
2015-10-15 01:00,0.327
2015-10-15 02:00,0.319
2015-10-15 03:00,0.320
2015-10-15 04:00,0.330
2015-10-15 05:00,0.353
2015-10-15 06:00,0.382
2015-10-15 07:00,0.386
2015-10-15 08:00,0.283
2015-10-15 09:00,0.281
2015-10-15 10:00,0.321
2015-10-15 11:00,0.327
2015-10-15 12:00,0.330
2015-10-15 13:00,0.330
2015-10-15 14:00,0.327
2015-10-15 15:00,0.304
2015-10-15 16:00,0.321
2015-10-15 17:00,0.415
2015-10-15 18:00,0.467
2015-10-15 19:00,0.481
2015-10-15 20:00,0.463
2015-10-15 21:00,0.436
2015-10-15 22:00,0.429
2015-10-15 23:00,0.423
2015-10-16 00:00,0.432
2015-10-16 01:00,0.435
2015-10-16 02:00,0.430
2015-10-16 03:00,0.425
2015-10-16 04:00,0.426
2015-10-16 05:00,0.439
2015-10-16 06:00,0.439
2015-10-16 07:00,0.404
2015-10-16 08:00,0.341
2015-10-16 09:00,0.416
2015-10-16 10:00,0.569
2015-10-16 11:00,0.531
2015-10-16 12:00,0.490
2015-10-16 13:00,0.450
2015-10-16 14:00,0.413
2015-10-16 15:00,0.352
2015-10-16 16:00,0.330
2015-10-16 17:00,0.356
2015-10-16 18:00,0.374
2015-10-16 19:00,0.369
2015-10-16 20:00,0.371
2015-10-16 21:00,0.358
2015-10-16 22:00,0.348
2015-10-16 23:00,0.349
2015-10-17 00:00,0.360
2015-10-17 01:00,0.379
2015-10-17 02:00,0.384
2015-10-17 03:00,0.381
2015-10-17 04:00,0.393
2015-10-17 05:00,0.394
2015-10-17 06:00,0.403
2015-10-17 07:00,0.385
2015-10-17 08:00,0.358
2015-10-17 09:00,0.356
2015-10-17 10:00,0.473
2015-10-17 11:00,0.516
2015-10-17 12:00,0.513
2015-10-17 13:00,0.510
2015-10-17 14:00,0.505
2015-10-17 15:00,0.463
2015-10-17 16:00,0.442
2015-10-17 17:00,0.488
2015-10-17 18:00,0.505
2015-10-17 19:00,0.464
2015-10-17 20:00,0.429
2015-10-17 21:00,0.413
2015-10-17 22:00,0.439
2015-10-17 23:00,0.395
2015-10-18 00:00,0.338
2015-10-18 01:00,0.318
2015-10-18 02:00,0.318
2015-10-18 03:00,0.323
2015-10-18 04:00,0.321
2015-10-18 05:00,0.331
2015-10-18 06:00,0.320
2015-10-18 07:00,0.282
2015-10-18 08:00,0.204
2015-10-18 09:00,0.197
2015-10-18 10:00,0.208
2015-10-18 11:00,0.188
2015-10-18 12:00,0.177
2015-10-18 13:00,0.178
2015-10-18 14:00,0.185
2015-10-18 15:00,0.179
2015-10-18 16:00,0.185
2015-10-18 17:00,0.238
2015-10-18 18:00,0.269
2015-10-18 19:00,0.283
2015-10-18 20:00,0.291
2015-10-18 21:00,0.299
2015-10-18 22:00,0.296
2015-10-18 23:00,0.285
2015-10-19 00:00,0.277
2015-10-19 01:00,0.271
2015-10-19 02:00,0.264
2015-10-19 03:00,0.257
2015-10-19 04:00,0.253
2015-10-19 05:00,0.236
2015-10-19 06:00,0.218
2015-10-19 07:00,0.189
2015-10-19 08:00,0.114
2015-10-19 09:00,0.086
2015-10-19 10:00,0.069
2015-10-19 11:00,0.040
2015-10-19 12:00,0.019
2015-10-19 13:00,0.012
2015-10-19 14:00,0.014
2015-10-19 15:00,0.020
2015-10-19 16:00,0.026
2015-10-19 17:00,0.021
2015-10-19 18:00,0.013
2015-10-19 19:00,0.013
2015-10-19 20:00,0.026
2015-10-19 21:00,0.067
2015-10-19 22:00,0.143
2015-10-19 23:00,0.221
2015-10-20 00:00,0.265
2015-10-20 01:00,0.268
2015-10-20 02:00,0.287
2015-10-20 03:00,0.332
2015-10-20 04:00,0.303
2015-10-20 05:00,0.282
2015-10-20 06:00,0.279
2015-10-20 07:00,0.265
2015-10-20 08:00,0.238
2015-10-20 09:00,0.220
2015-10-20 10:00,0.248
2015-10-20 11:00,0.208
2015-10-20 12:00,0.186
2015-10-20 13:00,0.232
2015-10-20 14:00,0.233
2015-10-20 15:00,0.181
2015-10-20 16:00,0.199
2015-10-20 17:00,0.273
2015-10-20 18:00,0.319
2015-10-20 19:00,0.325
2015-10-20 20:00,0.345
2015-10-20 21:00,0.383
2015-10-20 22:00,0.391
2015-10-20 23:00,0.430
2015-10-21 00:00,0.479
2015-10-21 01:00,0.521
2015-10-21 02:00,0.584
2015-10-21 03:00,0.636
2015-10-21 04:00,0.665
2015-10-21 05:00,0.716
2015-10-21 06:00,0.685
2015-10-21 07:00,0.685
2015-10-21 08:00,0.594
2015-10-21 09:00,0.529
2015-10-21 10:00,0.540
2015-10-21 11:00,0.642
2015-10-21 12:00,0.621
2015-10-21 13:00,0.562
2015-10-21 14:00,0.511
2015-10-21 15:00,0.436
2015-10-21 16:00,0.410
2015-10-21 17:00,0.497
2015-10-21 18:00,0.539
2015-10-21 19:00,0.574
2015-10-21 20:00,0.616
2015-10-21 21:00,0.711
2015-10-21 22:00,0.758
2015-10-21 23:00,0.803
2015-10-22 00:00,0.800
2015-10-22 01:00,0.814
2015-10-22 02:00,0.842
2015-10-22 03:00,0.886
2015-10-22 04:00,0.905
2015-10-22 05:00,0.909
2015-10-22 06:00,0.909
2015-10-22 07:00,0.905
2015-10-22 08:00,0.894
2015-10-22 09:00,0.891
2015-10-22 10:00,0.892
2015-10-22 11:00,0.881
2015-10-22 12:00,0.862
2015-10-22 13:00,0.835
2015-10-22 14:00,0.792
2015-10-22 15:00,0.720
2015-10-22 16:00,0.640
2015-10-22 17:00,0.565
2015-10-22 18:00,0.517
2015-10-22 19:00,0.486
2015-10-22 20:00,0.438
2015-10-22 21:00,0.374
2015-10-22 22:00,0.302
2015-10-22 23:00,0.244
2015-10-23 00:00,0.209
2015-10-23 01:00,0.210
2015-10-23 02:00,0.265
2015-10-23 03:00,0.341
2015-10-23 04:00,0.380
2015-10-23 05:00,0.393
2015-10-23 06:00,0.384
2015-10-23 07:00,0.382
2015-10-23 08:00,0.325
2015-10-23 09:00,0.291
2015-10-23 10:00,0.304
2015-10-23 11:00,0.440
2015-10-23 12:00,0.572
2015-10-23 13:00,0.615
2015-10-23 14:00,0.545
2015-10-23 15:00,0.497
2015-10-23 16:00,0.533
2015-10-23 17:00,0.554
2015-10-23 18:00,0.526
2015-10-23 19:00,0.549
2015-10-23 20:00,0.480
2015-10-23 21:00,0.447
2015-10-23 22:00,0.460
2015-10-23 23:00,0.497
2015-10-24 00:00,0.523
2015-10-24 01:00,0.526
2015-10-24 02:00,0.527
2015-10-24 03:00,0.518
2015-10-24 04:00,0.516
2015-10-24 05:00,0.525
2015-10-24 06:00,0.539
2015-10-24 07:00,0.533
2015-10-24 08:00,0.617
2015-10-24 09:00,0.595
2015-10-24 10:00,0.478
2015-10-24 11:00,0.510
2015-10-24 12:00,0.575
2015-10-24 13:00,0.532
2015-10-24 14:00,0.513
2015-10-24 15:00,0.511
2015-10-24 16:00,0.559
2015-10-24 17:00,0.614
2015-10-24 18:00,0.620
2015-10-24 19:00,0.612
2015-10-24 20:00,0.611
2015-10-24 21:00,0.642
2015-10-24 22:00,0.568
2015-10-24 23:00,0.497
2015-10-25 00:00,0.466
2015-10-25 01:00,0.485
2015-10-25 02:00,0.497
2015-10-25 03:00,0.469
2015-10-25 04:00,0.463
2015-10-25 05:00,0.471
2015-10-25 06:00,0.458
2015-10-25 07:00,0.413
2015-10-25 08:00,0.296
2015-10-25 09:00,0.213
2015-10-25 10:00,0.182
2015-10-25 11:00,0.251
2015-10-25 12:00,0.286
2015-10-25 13:00,0.285
2015-10-25 14:00,0.278
2015-10-25 15:00,0.239
2015-10-25 16:00,0.282
2015-10-25 17:00,0.395
2015-10-25 18:00,0.427
2015-10-25 19:00,0.410
2015-10-25 20:00,0.395
2015-10-25 21:00,0.394
2015-10-25 22:00,0.403
2015-10-25 23:00,0.408
2015-10-26 00:00,0.417
2015-10-26 01:00,0.426
2015-10-26 02:00,0.408
2015-10-26 03:00,0.359
2015-10-26 04:00,0.349
2015-10-26 05:00,0.358
2015-10-26 06:00,0.436
2015-10-26 07:00,0.487
2015-10-26 08:00,0.499
2015-10-26 09:00,0.483
2015-10-26 10:00,0.574
2015-10-26 11:00,0.614
2015-10-26 12:00,0.581
2015-10-26 13:00,0.570
2015-10-26 14:00,0.555
2015-10-26 15:00,0.474
2015-10-26 16:00,0.512
2015-10-26 17:00,0.619
2015-10-26 18:00,0.609
2015-10-26 19:00,0.577
2015-10-26 20:00,0.539
2015-10-26 21:00,0.505
2015-10-26 22:00,0.455
2015-10-26 23:00,0.436
2015-10-27 00:00,0.390
2015-10-27 01:00,0.400
2015-10-27 02:00,0.400
2015-10-27 03:00,0.400
2015-10-27 04:00,0.393
2015-10-27 05:00,0.387
2015-10-27 06:00,0.381
2015-10-27 07:00,0.374
2015-10-27 08:00,0.322
2015-10-27 09:00,0.267
2015-10-27 10:00,0.362
2015-10-27 11:00,0.408
2015-10-27 12:00,0.410
2015-10-27 13:00,0.410
2015-10-27 14:00,0.388
2015-10-27 15:00,0.357
2015-10-27 16:00,0.422
2015-10-27 17:00,0.490
2015-10-27 18:00,0.463
2015-10-27 19:00,0.439
2015-10-27 20:00,0.417
2015-10-27 21:00,0.384
2015-10-27 22:00,0.329
2015-10-27 23:00,0.265
2015-10-28 00:00,0.213
2015-10-28 01:00,0.179
2015-10-28 02:00,0.148
2015-10-28 03:00,0.122
2015-10-28 04:00,0.101
2015-10-28 05:00,0.089
2015-10-28 06:00,0.081
2015-10-28 07:00,0.064
2015-10-28 08:00,0.043
2015-10-28 09:00,0.024
2015-10-28 10:00,0.019
2015-10-28 11:00,0.016
2015-10-28 12:00,0.021
2015-10-28 13:00,0.046
2015-10-28 14:00,0.084
2015-10-28 15:00,0.113
2015-10-28 16:00,0.175
2015-10-28 17:00,0.259
2015-10-28 18:00,0.314
2015-10-28 19:00,0.367
2015-10-28 20:00,0.429
2015-10-28 21:00,0.477
2015-10-28 22:00,0.464
2015-10-28 23:00,0.455
2015-10-29 00:00,0.454
2015-10-29 01:00,0.479
2015-10-29 02:00,0.480
2015-10-29 03:00,0.502
2015-10-29 04:00,0.539
2015-10-29 05:00,0.550
2015-10-29 06:00,0.573
2015-10-29 07:00,0.613
2015-10-29 08:00,0.685
2015-10-29 09:00,0.732
2015-10-29 10:00,0.793
2015-10-29 11:00,0.772
2015-10-29 12:00,0.663
2015-10-29 13:00,0.453
2015-10-29 14:00,0.249
2015-10-29 15:00,0.145
2015-10-29 16:00,0.135
2015-10-29 17:00,0.113
2015-10-29 18:00,0.048
2015-10-29 19:00,0.030
2015-10-29 20:00,0.031
2015-10-29 21:00,0.055
2015-10-29 22:00,0.104
2015-10-29 23:00,0.173
2015-10-30 00:00,0.232
2015-10-30 01:00,0.257
2015-10-30 02:00,0.242
2015-10-30 03:00,0.228
2015-10-30 04:00,0.260
2015-10-30 05:00,0.382
2015-10-30 06:00,0.533
2015-10-30 07:00,0.748
2015-10-30 08:00,0.887
2015-10-30 09:00,0.892
2015-10-30 10:00,0.879
2015-10-30 11:00,0.843
2015-10-30 12:00,0.768
2015-10-30 13:00,0.685
2015-10-30 14:00,0.625
2015-10-30 15:00,0.574
2015-10-30 16:00,0.551
2015-10-30 17:00,0.577
2015-10-30 18:00,0.581
2015-10-30 19:00,0.577
2015-10-30 20:00,0.567
2015-10-30 21:00,0.542
2015-10-30 22:00,0.516
2015-10-30 23:00,0.497
2015-10-31 00:00,0.437
2015-10-31 01:00,0.373
2015-10-31 02:00,0.347
2015-10-31 03:00,0.346
2015-10-31 04:00,0.342
2015-10-31 05:00,0.331
2015-10-31 06:00,0.330
2015-10-31 07:00,0.323
2015-10-31 08:00,0.251
2015-10-31 09:00,0.216
2015-10-31 10:00,0.185
2015-10-31 11:00,0.171
2015-10-31 12:00,0.150
2015-10-31 13:00,0.127
2015-10-31 14:00,0.097
2015-10-31 15:00,0.074
2015-10-31 16:00,0.075
2015-10-31 17:00,0.084
2015-10-31 18:00,0.103
2015-10-31 19:00,0.125
2015-10-31 20:00,0.134
2015-10-31 21:00,0.138
2015-10-31 22:00,0.143
2015-10-31 23:00,0.132
2015-11-01 00:00,0.110
2015-11-01 01:00,0.088
2015-11-01 02:00,0.084
2015-11-01 03:00,0.077
2015-11-01 04:00,0.061
2015-11-01 05:00,0.052
2015-11-01 06:00,0.045
2015-11-01 07:00,0.037
2015-11-01 08:00,0.031
2015-11-01 09:00,0.019
2015-11-01 10:00,0.015
2015-11-01 11:00,0.024
2015-11-01 12:00,0.030
2015-11-01 13:00,0.037
2015-11-01 14:00,0.043
2015-11-01 15:00,0.060
2015-11-01 16:00,0.083
2015-11-01 17:00,0.098
2015-11-01 18:00,0.106
2015-11-01 19:00,0.104
2015-11-01 20:00,0.096
2015-11-01 21:00,0.085
2015-11-01 22:00,0.074
2015-11-01 23:00,0.067
2015-11-02 00:00,0.063
2015-11-02 01:00,0.068
2015-11-02 02:00,0.085
2015-11-02 03:00,0.107
2015-11-02 04:00,0.117
2015-11-02 05:00,0.114
2015-11-02 06:00,0.101
2015-11-02 07:00,0.083
2015-11-02 08:00,0.063
2015-11-02 09:00,0.050
2015-11-02 10:00,0.043
2015-11-02 11:00,0.042
2015-11-02 12:00,0.044
2015-11-02 13:00,0.055
2015-11-02 14:00,0.065
2015-11-02 15:00,0.072
2015-11-02 16:00,0.110
2015-11-02 17:00,0.157
2015-11-02 18:00,0.190
2015-11-02 19:00,0.189
2015-11-02 20:00,0.170
2015-11-02 21:00,0.146
2015-11-02 22:00,0.115
2015-11-02 23:00,0.087
2015-11-03 00:00,0.073
2015-11-03 01:00,0.068
2015-11-03 02:00,0.061
2015-11-03 03:00,0.054
2015-11-03 04:00,0.046
2015-11-03 05:00,0.044
2015-11-03 06:00,0.050
2015-11-03 07:00,0.064
2015-11-03 08:00,0.073
2015-11-03 09:00,0.078
2015-11-03 10:00,0.073
2015-11-03 11:00,0.068
2015-11-03 12:00,0.059
2015-11-03 13:00,0.032
2015-11-03 14:00,0.022
2015-11-03 15:00,0.036
2015-11-03 16:00,0.083
2015-11-03 17:00,0.133
2015-11-03 18:00,0.145
2015-11-03 19:00,0.133
2015-11-03 20:00,0.118
2015-11-03 21:00,0.115
2015-11-03 22:00,0.122
2015-11-03 23:00,0.127
2015-11-04 00:00,0.136
2015-11-04 01:00,0.150
2015-11-04 02:00,0.166
2015-11-04 03:00,0.182
2015-11-04 04:00,0.189
2015-11-04 05:00,0.175
2015-11-04 06:00,0.146
2015-11-04 07:00,0.115
2015-11-04 08:00,0.086
2015-11-04 09:00,0.059
2015-11-04 10:00,0.052
2015-11-04 11:00,0.054
2015-11-04 12:00,0.044
2015-11-04 13:00,0.037
2015-11-04 14:00,0.035
2015-11-04 15:00,0.044
2015-11-04 16:00,0.062
2015-11-04 17:00,0.093
2015-11-04 18:00,0.143
2015-11-04 19:00,0.205
2015-11-04 20:00,0.259
2015-11-04 21:00,0.290
2015-11-04 22:00,0.305
2015-11-04 23:00,0.314
2015-11-05 00:00,0.325
2015-11-05 01:00,0.341
2015-11-05 02:00,0.342
2015-11-05 03:00,0.302
2015-11-05 04:00,0.245
2015-11-05 05:00,0.251
2015-11-05 06:00,0.319
2015-11-05 07:00,0.396
2015-11-05 08:00,0.410
2015-11-05 09:00,0.370
2015-11-05 10:00,0.383
2015-11-05 11:00,0.452
2015-11-05 12:00,0.461
2015-11-05 13:00,0.440
2015-11-05 14:00,0.483
2015-11-05 15:00,0.508
2015-11-05 16:00,0.448
2015-11-05 17:00,0.417
2015-11-05 18:00,0.403
2015-11-05 19:00,0.440
2015-11-05 20:00,0.392
2015-11-05 21:00,0.308
2015-11-05 22:00,0.292
2015-11-05 23:00,0.309
2015-11-06 00:00,0.364
2015-11-06 01:00,0.398
2015-11-06 02:00,0.459
2015-11-06 03:00,0.461
2015-11-06 04:00,0.463
2015-11-06 05:00,0.479
2015-11-06 06:00,0.480
2015-11-06 07:00,0.530
2015-11-06 08:00,0.568
2015-11-06 09:00,0.571
2015-11-06 10:00,0.634
2015-11-06 11:00,0.799
2015-11-06 12:00,0.741
2015-11-06 13:00,0.689
2015-11-06 14:00,0.703
2015-11-06 15:00,0.721
2015-11-06 16:00,0.767
2015-11-06 17:00,0.766
2015-11-06 18:00,0.734
2015-11-06 19:00,0.700
2015-11-06 20:00,0.646
2015-11-06 21:00,0.608
2015-11-06 22:00,0.562
2015-11-06 23:00,0.558
2015-11-07 00:00,0.513
2015-11-07 01:00,0.486
2015-11-07 02:00,0.476
2015-11-07 03:00,0.425
2015-11-07 04:00,0.473
2015-11-07 05:00,0.393
2015-11-07 06:00,0.380
2015-11-07 07:00,0.418
2015-11-07 08:00,0.557
2015-11-07 09:00,0.803
2015-11-07 10:00,0.898
2015-11-07 11:00,0.945
2015-11-07 12:00,0.967
2015-11-07 13:00,0.971
2015-11-07 14:00,0.954
2015-11-07 15:00,0.900
2015-11-07 16:00,0.845
2015-11-07 17:00,0.829
2015-11-07 18:00,0.857
2015-11-07 19:00,0.846
2015-11-07 20:00,0.781
2015-11-07 21:00,0.701
2015-11-07 22:00,0.577
2015-11-07 23:00,0.513
2015-11-08 00:00,0.466
2015-11-08 01:00,0.374
2015-11-08 02:00,0.330
2015-11-08 03:00,0.348
2015-11-08 04:00,0.318
2015-11-08 05:00,0.302
2015-11-08 06:00,0.339
2015-11-08 07:00,0.345
2015-11-08 08:00,0.476
2015-11-08 09:00,0.553
2015-11-08 10:00,0.631
2015-11-08 11:00,0.735
2015-11-08 12:00,0.843
2015-11-08 13:00,0.903
2015-11-08 14:00,0.927
2015-11-08 15:00,0.954
2015-11-08 16:00,0.971
2015-11-08 17:00,0.965
2015-11-08 18:00,0.935
2015-11-08 19:00,0.885
2015-11-08 20:00,0.850
2015-11-08 21:00,0.789
2015-11-08 22:00,0.752
2015-11-08 23:00,0.664
2015-11-09 00:00,0.576
2015-11-09 01:00,0.536
2015-11-09 02:00,0.556
2015-11-09 03:00,0.577
2015-11-09 04:00,0.620
2015-11-09 05:00,0.712
2015-11-09 06:00,0.800
2015-11-09 07:00,0.851
2015-11-09 08:00,0.908
2015-11-09 09:00,0.941
2015-11-09 10:00,0.938
2015-11-09 11:00,0.946
2015-11-09 12:00,0.958
2015-11-09 13:00,0.959
2015-11-09 14:00,0.953
2015-11-09 15:00,0.944
2015-11-09 16:00,0.953
2015-11-09 17:00,0.974
2015-11-09 18:00,0.979
2015-11-09 19:00,0.980
2015-11-09 20:00,0.978
2015-11-09 21:00,0.979
2015-11-09 22:00,0.977
2015-11-09 23:00,0.972
2015-11-10 00:00,0.963
2015-11-10 01:00,0.952
2015-11-10 02:00,0.935
2015-11-10 03:00,0.919
2015-11-10 04:00,0.903
2015-11-10 05:00,0.899
2015-11-10 06:00,0.889
2015-11-10 07:00,0.876
2015-11-10 08:00,0.862
2015-11-10 09:00,0.844
2015-11-10 10:00,0.853
2015-11-10 11:00,0.886
2015-11-10 12:00,0.896
2015-11-10 13:00,0.899
2015-11-10 14:00,0.893
2015-11-10 15:00,0.886
2015-11-10 16:00,0.878
2015-11-10 17:00,0.865
2015-11-10 18:00,0.843
2015-11-10 19:00,0.808
2015-11-10 20:00,0.802
2015-11-10 21:00,0.800
2015-11-10 22:00,0.780
2015-11-10 23:00,0.780
2015-11-11 00:00,0.799
2015-11-11 01:00,0.777
2015-11-11 02:00,0.769
2015-11-11 03:00,0.741
2015-11-11 04:00,0.768
2015-11-11 05:00,0.760
2015-11-11 06:00,0.728
2015-11-11 07:00,0.730
2015-11-11 08:00,0.759
2015-11-11 09:00,0.753
2015-11-11 10:00,0.748
2015-11-11 11:00,0.769
2015-11-11 12:00,0.808
2015-11-11 13:00,0.824
2015-11-11 14:00,0.824
2015-11-11 15:00,0.817
2015-11-11 16:00,0.826
2015-11-11 17:00,0.805
2015-11-11 18:00,0.772
2015-11-11 19:00,0.772
2015-11-11 20:00,0.757
2015-11-11 21:00,0.738
2015-11-11 22:00,0.640
2015-11-11 23:00,0.632
2015-11-12 00:00,0.609
2015-11-12 01:00,0.582
2015-11-12 02:00,0.541
2015-11-12 03:00,0.497
2015-11-12 04:00,0.447
2015-11-12 05:00,0.416
2015-11-12 06:00,0.405
2015-11-12 07:00,0.389
2015-11-12 08:00,0.401
2015-11-12 09:00,0.406
2015-11-12 10:00,0.499
2015-11-12 11:00,0.715
2015-11-12 12:00,0.811
2015-11-12 13:00,0.850
2015-11-12 14:00,0.887
2015-11-12 15:00,0.919
2015-11-12 16:00,0.938
2015-11-12 17:00,0.949
2015-11-12 18:00,0.955
2015-11-12 19:00,0.950
2015-11-12 20:00,0.940
2015-11-12 21:00,0.926
2015-11-12 22:00,0.895
2015-11-12 23:00,0.832
2015-11-13 00:00,0.769
2015-11-13 01:00,0.718
2015-11-13 02:00,0.673
2015-11-13 03:00,0.694
2015-11-13 04:00,0.714
2015-11-13 05:00,0.739
2015-11-13 06:00,0.762
2015-11-13 07:00,0.773
2015-11-13 08:00,0.773
2015-11-13 09:00,0.817
2015-11-13 10:00,0.952
2015-11-13 11:00,0.974
2015-11-13 12:00,0.967
2015-11-13 13:00,0.941
2015-11-13 14:00,0.914
2015-11-13 15:00,0.914
2015-11-13 16:00,0.914
2015-11-13 17:00,0.916
2015-11-13 18:00,0.921
2015-11-13 19:00,0.920
2015-11-13 20:00,0.913
2015-11-13 21:00,0.916
2015-11-13 22:00,0.916
2015-11-13 23:00,0.926
2015-11-14 00:00,0.919
2015-11-14 01:00,0.904
2015-11-14 02:00,0.891
2015-11-14 03:00,0.875
2015-11-14 04:00,0.863
2015-11-14 05:00,0.838
2015-11-14 06:00,0.799
2015-11-14 07:00,0.742
2015-11-14 08:00,0.624
2015-11-14 09:00,0.528
2015-11-14 10:00,0.476
2015-11-14 11:00,0.431
2015-11-14 12:00,0.436
2015-11-14 13:00,0.365
2015-11-14 14:00,0.299
2015-11-14 15:00,0.319
2015-11-14 16:00,0.327
2015-11-14 17:00,0.317
2015-11-14 18:00,0.529
2015-11-14 19:00,0.775
2015-11-14 20:00,0.821
2015-11-14 21:00,0.893
2015-11-14 22:00,0.939
2015-11-14 23:00,0.957
2015-11-15 00:00,0.965
2015-11-15 01:00,0.974
2015-11-15 02:00,0.973
2015-11-15 03:00,0.973
2015-11-15 04:00,0.984
2015-11-15 05:00,0.986
2015-11-15 06:00,0.987
2015-11-15 07:00,0.985
2015-11-15 08:00,0.983
2015-11-15 09:00,0.977
2015-11-15 10:00,0.969
2015-11-15 11:00,0.957
2015-11-15 12:00,0.941
2015-11-15 13:00,0.913
2015-11-15 14:00,0.882
2015-11-15 15:00,0.870
2015-11-15 16:00,0.880
2015-11-15 17:00,0.888
2015-11-15 18:00,0.899
2015-11-15 19:00,0.906
2015-11-15 20:00,0.922
2015-11-15 21:00,0.941
2015-11-15 22:00,0.955
2015-11-15 23:00,0.966
2015-11-16 00:00,0.973
2015-11-16 01:00,0.978
2015-11-16 02:00,0.980
2015-11-16 03:00,0.978
2015-11-16 04:00,0.961
2015-11-16 05:00,0.932
2015-11-16 06:00,0.911
2015-11-16 07:00,0.880
2015-11-16 08:00,0.821
2015-11-16 09:00,0.740
2015-11-16 10:00,0.734
2015-11-16 11:00,0.791
2015-11-16 12:00,0.807
2015-11-16 13:00,0.760
2015-11-16 14:00,0.705
2015-11-16 15:00,0.681
2015-11-16 16:00,0.685
2015-11-16 17:00,0.595
2015-11-16 18:00,0.571
2015-11-16 19:00,0.546
2015-11-16 20:00,0.533
2015-11-16 21:00,0.510
2015-11-16 22:00,0.456
2015-11-16 23:00,0.413
2015-11-17 00:00,0.367
2015-11-17 01:00,0.320
2015-11-17 02:00,0.321
2015-11-17 03:00,0.361
2015-11-17 04:00,0.467
2015-11-17 05:00,0.492
2015-11-17 06:00,0.422
2015-11-17 07:00,0.420
2015-11-17 08:00,0.436
2015-11-17 09:00,0.333
2015-11-17 10:00,0.273
2015-11-17 11:00,0.429
2015-11-17 12:00,0.645
2015-11-17 13:00,0.848
2015-11-17 14:00,0.965
2015-11-17 15:00,0.991
2015-11-17 16:00,0.993
2015-11-17 17:00,0.993
2015-11-17 18:00,0.993
2015-11-17 19:00,0.990
2015-11-17 20:00,0.985
2015-11-17 21:00,0.987
2015-11-17 22:00,0.988
2015-11-17 23:00,0.956
2015-11-18 00:00,0.897
2015-11-18 01:00,0.864
2015-11-18 02:00,0.867
2015-11-18 03:00,0.818
2015-11-18 04:00,0.681
2015-11-18 05:00,0.538
2015-11-18 06:00,0.540
2015-11-18 07:00,0.597
2015-11-18 08:00,0.719
2015-11-18 09:00,0.803
2015-11-18 10:00,0.907
2015-11-18 11:00,0.968
2015-11-18 12:00,0.977
2015-11-18 13:00,0.970
2015-11-18 14:00,0.960
2015-11-18 15:00,0.937
2015-11-18 16:00,0.934
2015-11-18 17:00,0.943
2015-11-18 18:00,0.956
2015-11-18 19:00,0.976
2015-11-18 20:00,0.984
2015-11-18 21:00,0.986
2015-11-18 22:00,0.985
2015-11-18 23:00,0.985
2015-11-19 00:00,0.981
2015-11-19 01:00,0.973
2015-11-19 02:00,0.955
2015-11-19 03:00,0.938
2015-11-19 04:00,0.908
2015-11-19 05:00,0.863
2015-11-19 06:00,0.831
2015-11-19 07:00,0.805
2015-11-19 08:00,0.806
2015-11-19 09:00,0.800
2015-11-19 10:00,0.785
2015-11-19 11:00,0.782
2015-11-19 12:00,0.775
2015-11-19 13:00,0.745
2015-11-19 14:00,0.719
2015-11-19 15:00,0.678
2015-11-19 16:00,0.671
2015-11-19 17:00,0.710
2015-11-19 18:00,0.725
2015-11-19 19:00,0.753
2015-11-19 20:00,0.767
2015-11-19 21:00,0.764
2015-11-19 22:00,0.791
2015-11-19 23:00,0.818
2015-11-20 00:00,0.798
2015-11-20 01:00,0.775
2015-11-20 02:00,0.728
2015-11-20 03:00,0.663
2015-11-20 04:00,0.640
2015-11-20 05:00,0.620
2015-11-20 06:00,0.623
2015-11-20 07:00,0.645
2015-11-20 08:00,0.662
2015-11-20 09:00,0.650
2015-11-20 10:00,0.673
2015-11-20 11:00,0.795
2015-11-20 12:00,0.837
2015-11-20 13:00,0.833
2015-11-20 14:00,0.805
2015-11-20 15:00,0.795
2015-11-20 16:00,0.787
2015-11-20 17:00,0.774
2015-11-20 18:00,0.759
2015-11-20 19:00,0.730
2015-11-20 20:00,0.663
2015-11-20 21:00,0.634
2015-11-20 22:00,0.634
2015-11-20 23:00,0.664
2015-11-21 00:00,0.721
2015-11-21 01:00,0.795
2015-11-21 02:00,0.894
2015-11-21 03:00,0.963
2015-11-21 04:00,0.983
2015-11-21 05:00,0.983
2015-11-21 06:00,0.978
2015-11-21 07:00,0.953
2015-11-21 08:00,0.900
2015-11-21 09:00,0.831
2015-11-21 10:00,0.821
2015-11-21 11:00,0.829
2015-11-21 12:00,0.828
2015-11-21 13:00,0.798
2015-11-21 14:00,0.710
2015-11-21 15:00,0.612
2015-11-21 16:00,0.533
2015-11-21 17:00,0.431
2015-11-21 18:00,0.381
2015-11-21 19:00,0.339
2015-11-21 20:00,0.299
2015-11-21 21:00,0.270
2015-11-21 22:00,0.243
2015-11-21 23:00,0.213
2015-11-22 00:00,0.190
2015-11-22 01:00,0.178
2015-11-22 02:00,0.173
2015-11-22 03:00,0.169
2015-11-22 04:00,0.165
2015-11-22 05:00,0.161
2015-11-22 06:00,0.171
2015-11-22 07:00,0.176
2015-11-22 08:00,0.204
2015-11-22 09:00,0.203
2015-11-22 10:00,0.197
2015-11-22 11:00,0.221
2015-11-22 12:00,0.279
2015-11-22 13:00,0.303
2015-11-22 14:00,0.285
2015-11-22 15:00,0.328
2015-11-22 16:00,0.403
2015-11-22 17:00,0.433
2015-11-22 18:00,0.422
2015-11-22 19:00,0.399
2015-11-22 20:00,0.365
2015-11-22 21:00,0.330
2015-11-22 22:00,0.290
2015-11-22 23:00,0.237
2015-11-23 00:00,0.204
2015-11-23 01:00,0.203
2015-11-23 02:00,0.204
2015-11-23 03:00,0.199
2015-11-23 04:00,0.181
2015-11-23 05:00,0.162
2015-11-23 06:00,0.160
2015-11-23 07:00,0.179
2015-11-23 08:00,0.206
2015-11-23 09:00,0.230
2015-11-23 10:00,0.259
2015-11-23 11:00,0.290
2015-11-23 12:00,0.322
2015-11-23 13:00,0.374
2015-11-23 14:00,0.447
2015-11-23 15:00,0.520
2015-11-23 16:00,0.572
2015-11-23 17:00,0.604
2015-11-23 18:00,0.631
2015-11-23 19:00,0.653
2015-11-23 20:00,0.665
2015-11-23 21:00,0.692
2015-11-23 22:00,0.691
2015-11-23 23:00,0.707
2015-11-24 00:00,0.664
2015-11-24 01:00,0.544
2015-11-24 02:00,0.486
2015-11-24 03:00,0.525
2015-11-24 04:00,0.593
2015-11-24 05:00,0.597
2015-11-24 06:00,0.600
2015-11-24 07:00,0.587
2015-11-24 08:00,0.582
2015-11-24 09:00,0.579
2015-11-24 10:00,0.569
2015-11-24 11:00,0.602
2015-11-24 12:00,0.654
2015-11-24 13:00,0.689
2015-11-24 14:00,0.694
2015-11-24 15:00,0.702
2015-11-24 16:00,0.653
2015-11-24 17:00,0.658
2015-11-24 18:00,0.625
2015-11-24 19:00,0.612
2015-11-24 20:00,0.608
2015-11-24 21:00,0.582
2015-11-24 22:00,0.594
2015-11-24 23:00,0.605
2015-11-25 00:00,0.597
2015-11-25 01:00,0.610
2015-11-25 02:00,0.622
2015-11-25 03:00,0.641
2015-11-25 04:00,0.638
2015-11-25 05:00,0.625
2015-11-25 06:00,0.637
2015-11-25 07:00,0.637
2015-11-25 08:00,0.625
2015-11-25 09:00,0.559
2015-11-25 10:00,0.489
2015-11-25 11:00,0.513
2015-11-25 12:00,0.546
2015-11-25 13:00,0.502
2015-11-25 14:00,0.476
2015-11-25 15:00,0.489
2015-11-25 16:00,0.492
2015-11-25 17:00,0.524
2015-11-25 18:00,0.549
2015-11-25 19:00,0.536
2015-11-25 20:00,0.510
2015-11-25 21:00,0.483
2015-11-25 22:00,0.432
2015-11-25 23:00,0.360
2015-11-26 00:00,0.302
2015-11-26 01:00,0.279
2015-11-26 02:00,0.279
2015-11-26 03:00,0.292
2015-11-26 04:00,0.317
2015-11-26 05:00,0.314
2015-11-26 06:00,0.304
2015-11-26 07:00,0.317
2015-11-26 08:00,0.327
2015-11-26 09:00,0.276
2015-11-26 10:00,0.182
2015-11-26 11:00,0.153
2015-11-26 12:00,0.193
2015-11-26 13:00,0.240
2015-11-26 14:00,0.282
2015-11-26 15:00,0.355
2015-11-26 16:00,0.436
2015-11-26 17:00,0.487
2015-11-26 18:00,0.520
2015-11-26 19:00,0.515
2015-11-26 20:00,0.527
2015-11-26 21:00,0.517
2015-11-26 22:00,0.528
2015-11-26 23:00,0.545
2015-11-27 00:00,0.550
2015-11-27 01:00,0.580
2015-11-27 02:00,0.586
2015-11-27 03:00,0.631
2015-11-27 04:00,0.610
2015-11-27 05:00,0.610
2015-11-27 06:00,0.649
2015-11-27 07:00,0.674
2015-11-27 08:00,0.703
2015-11-27 09:00,0.733
2015-11-27 10:00,0.777
2015-11-27 11:00,0.814
2015-11-27 12:00,0.845
2015-11-27 13:00,0.853
2015-11-27 14:00,0.851
2015-11-27 15:00,0.821
2015-11-27 16:00,0.824
2015-11-27 17:00,0.853
2015-11-27 18:00,0.767
2015-11-27 19:00,0.702
2015-11-27 20:00,0.743
2015-11-27 21:00,0.791
2015-11-27 22:00,0.799
2015-11-27 23:00,0.795
2015-11-28 00:00,0.797
2015-11-28 01:00,0.795
2015-11-28 02:00,0.792
2015-11-28 03:00,0.773
2015-11-28 04:00,0.714
2015-11-28 05:00,0.675
2015-11-28 06:00,0.633
2015-11-28 07:00,0.647
2015-11-28 08:00,0.680
2015-11-28 09:00,0.715
2015-11-28 10:00,0.791
2015-11-28 11:00,0.847
2015-11-28 12:00,0.886
2015-11-28 13:00,0.914
2015-11-28 14:00,0.946
2015-11-28 15:00,0.950
2015-11-28 16:00,0.937
2015-11-28 17:00,0.932
2015-11-28 18:00,0.925
2015-11-28 19:00,0.913
2015-11-28 20:00,0.898
2015-11-28 21:00,0.874
2015-11-28 22:00,0.855
2015-11-28 23:00,0.887
2015-11-29 00:00,0.913
2015-11-29 01:00,0.916
2015-11-29 02:00,0.906
2015-11-29 03:00,0.886
2015-11-29 04:00,0.856
2015-11-29 05:00,0.827
2015-11-29 06:00,0.829
2015-11-29 07:00,0.901
2015-11-29 08:00,0.965
2015-11-29 09:00,0.982
2015-11-29 10:00,0.989
2015-11-29 11:00,0.993
2015-11-29 12:00,0.992
2015-11-29 13:00,0.990
2015-11-29 14:00,0.992
2015-11-29 15:00,0.992
2015-11-29 16:00,0.988
2015-11-29 17:00,0.984
2015-11-29 18:00,0.974
2015-11-29 19:00,0.966
2015-11-29 20:00,0.954
2015-11-29 21:00,0.938
2015-11-29 22:00,0.923
2015-11-29 23:00,0.905
2015-11-30 00:00,0.886
2015-11-30 01:00,0.848
2015-11-30 02:00,0.798
2015-11-30 03:00,0.722
2015-11-30 04:00,0.613
2015-11-30 05:00,0.502
2015-11-30 06:00,0.431
2015-11-30 07:00,0.354
2015-11-30 08:00,0.339
2015-11-30 09:00,0.410
2015-11-30 10:00,0.468
2015-11-30 11:00,0.721
2015-11-30 12:00,0.826
2015-11-30 13:00,0.883
2015-11-30 14:00,0.804
2015-11-30 15:00,0.591
2015-11-30 16:00,0.486
2015-11-30 17:00,0.400
2015-11-30 18:00,0.311
2015-11-30 19:00,0.256
2015-11-30 20:00,0.207
2015-11-30 21:00,0.185
2015-11-30 22:00,0.159
2015-11-30 23:00,0.139
2015-12-01 00:00,0.096
2015-12-01 01:00,0.081
2015-12-01 02:00,0.089
2015-12-01 03:00,0.108
2015-12-01 04:00,0.135
2015-12-01 05:00,0.172
2015-12-01 06:00,0.251
2015-12-01 07:00,0.370
2015-12-01 08:00,0.511
2015-12-01 09:00,0.665
2015-12-01 10:00,0.789
2015-12-01 11:00,0.864
2015-12-01 12:00,0.904
2015-12-01 13:00,0.895
2015-12-01 14:00,0.879
2015-12-01 15:00,0.873
2015-12-01 16:00,0.856
2015-12-01 17:00,0.839
2015-12-01 18:00,0.827
2015-12-01 19:00,0.807
2015-12-01 20:00,0.791
2015-12-01 21:00,0.776
2015-12-01 22:00,0.797
2015-12-01 23:00,0.806
2015-12-02 00:00,0.774
2015-12-02 01:00,0.770
2015-12-02 02:00,0.797
2015-12-02 03:00,0.853
2015-12-02 04:00,0.886
2015-12-02 05:00,0.894
2015-12-02 06:00,0.901
2015-12-02 07:00,0.879
2015-12-02 08:00,0.828
2015-12-02 09:00,0.846
2015-12-02 10:00,0.898
2015-12-02 11:00,0.887
2015-12-02 12:00,0.877
2015-12-02 13:00,0.845
2015-12-02 14:00,0.792
2015-12-02 15:00,0.667
2015-12-02 16:00,0.551
2015-12-02 17:00,0.401
2015-12-02 18:00,0.284
2015-12-02 19:00,0.190
2015-12-02 20:00,0.114
2015-12-02 21:00,0.067
2015-12-02 22:00,0.047
2015-12-02 23:00,0.052
2015-12-03 00:00,0.088
2015-12-03 01:00,0.136
2015-12-03 02:00,0.169
2015-12-03 03:00,0.191
2015-12-03 04:00,0.183
2015-12-03 05:00,0.137
2015-12-03 06:00,0.162
2015-12-03 07:00,0.296
2015-12-03 08:00,0.416
2015-12-03 09:00,0.539
2015-12-03 10:00,0.631
2015-12-03 11:00,0.683
2015-12-03 12:00,0.721
2015-12-03 13:00,0.799
2015-12-03 14:00,0.870
2015-12-03 15:00,0.931
2015-12-03 16:00,0.968
2015-12-03 17:00,0.979
2015-12-03 18:00,0.980
2015-12-03 19:00,0.971
2015-12-03 20:00,0.909
2015-12-03 21:00,0.829
2015-12-03 22:00,0.890
2015-12-03 23:00,0.876
2015-12-04 00:00,0.814
2015-12-04 01:00,0.796
2015-12-04 02:00,0.806
2015-12-04 03:00,0.820
2015-12-04 04:00,0.826
2015-12-04 05:00,0.824
2015-12-04 06:00,0.834
2015-12-04 07:00,0.817
2015-12-04 08:00,0.792
2015-12-04 09:00,0.759
2015-12-04 10:00,0.758
2015-12-04 11:00,0.783
2015-12-04 12:00,0.826
2015-12-04 13:00,0.879
2015-12-04 14:00,0.915
2015-12-04 15:00,0.941
2015-12-04 16:00,0.962
2015-12-04 17:00,0.976
2015-12-04 18:00,0.983
2015-12-04 19:00,0.987
2015-12-04 20:00,0.990
2015-12-04 21:00,0.991
2015-12-04 22:00,0.992
2015-12-04 23:00,0.993
2015-12-05 00:00,0.993
2015-12-05 01:00,0.993
2015-12-05 02:00,0.993
2015-12-05 03:00,0.993
2015-12-05 04:00,0.993
2015-12-05 05:00,0.993
2015-12-05 06:00,0.993
2015-12-05 07:00,0.993
2015-12-05 08:00,0.993
2015-12-05 09:00,0.993
2015-12-05 10:00,0.993
2015-12-05 11:00,0.993
2015-12-05 12:00,0.993
2015-12-05 13:00,0.993
2015-12-05 14:00,0.992
2015-12-05 15:00,0.991
2015-12-05 16:00,0.991
2015-12-05 17:00,0.992
2015-12-05 18:00,0.993
2015-12-05 19:00,0.993
2015-12-05 20:00,0.993
2015-12-05 21:00,0.993
2015-12-05 22:00,0.992
2015-12-05 23:00,0.991
2015-12-06 00:00,0.990
2015-12-06 01:00,0.990
2015-12-06 02:00,0.989
2015-12-06 03:00,0.990
2015-12-06 04:00,0.990
2015-12-06 05:00,0.987
2015-12-06 06:00,0.982
2015-12-06 07:00,0.974
2015-12-06 08:00,0.951
2015-12-06 09:00,0.879
2015-12-06 10:00,0.782
2015-12-06 11:00,0.668
2015-12-06 12:00,0.480
2015-12-06 13:00,0.355
2015-12-06 14:00,0.274
2015-12-06 15:00,0.211
2015-12-06 16:00,0.182
2015-12-06 17:00,0.108
2015-12-06 18:00,0.061
2015-12-06 19:00,0.028
2015-12-06 20:00,0.017
2015-12-06 21:00,0.038
2015-12-06 22:00,0.085
2015-12-06 23:00,0.173
2015-12-07 00:00,0.242
2015-12-07 01:00,0.301
2015-12-07 02:00,0.352
2015-12-07 03:00,0.383
2015-12-07 04:00,0.408
2015-12-07 05:00,0.431
2015-12-07 06:00,0.455
2015-12-07 07:00,0.479
2015-12-07 08:00,0.523
2015-12-07 09:00,0.512
2015-12-07 10:00,0.430
2015-12-07 11:00,0.410
2015-12-07 12:00,0.477
2015-12-07 13:00,0.655
2015-12-07 14:00,0.740
2015-12-07 15:00,0.819
2015-12-07 16:00,0.847
2015-12-07 17:00,0.855
2015-12-07 18:00,0.867
2015-12-07 19:00,0.873
2015-12-07 20:00,0.872
2015-12-07 21:00,0.855
2015-12-07 22:00,0.840
2015-12-07 23:00,0.839
2015-12-08 00:00,0.845
2015-12-08 01:00,0.848
2015-12-08 02:00,0.842
2015-12-08 03:00,0.826
2015-12-08 04:00,0.811
2015-12-08 05:00,0.792
2015-12-08 06:00,0.774
2015-12-08 07:00,0.776
2015-12-08 08:00,0.797
2015-12-08 09:00,0.788
2015-12-08 10:00,0.775
2015-12-08 11:00,0.768
2015-12-08 12:00,0.775
2015-12-08 13:00,0.781
2015-12-08 14:00,0.829
2015-12-08 15:00,0.875
2015-12-08 16:00,0.891
2015-12-08 17:00,0.886
2015-12-08 18:00,0.900
2015-12-08 19:00,0.914
2015-12-08 20:00,0.884
2015-12-08 21:00,0.825
2015-12-08 22:00,0.759
2015-12-08 23:00,0.643
2015-12-09 00:00,0.581
2015-12-09 01:00,0.556
2015-12-09 02:00,0.539
2015-12-09 03:00,0.526
2015-12-09 04:00,0.520
2015-12-09 05:00,0.539
2015-12-09 06:00,0.552
2015-12-09 07:00,0.646
2015-12-09 08:00,0.731
2015-12-09 09:00,0.780
2015-12-09 10:00,0.814
2015-12-09 11:00,0.831
2015-12-09 12:00,0.874
2015-12-09 13:00,0.900
2015-12-09 14:00,0.929
2015-12-09 15:00,0.952
2015-12-09 16:00,0.964
2015-12-09 17:00,0.970
2015-12-09 18:00,0.975
2015-12-09 19:00,0.979
2015-12-09 20:00,0.977
2015-12-09 21:00,0.975
2015-12-09 22:00,0.971
2015-12-09 23:00,0.970
2015-12-10 00:00,0.972
2015-12-10 01:00,0.972
2015-12-10 02:00,0.971
2015-12-10 03:00,0.965
2015-12-10 04:00,0.948
2015-12-10 05:00,0.913
2015-12-10 06:00,0.848
2015-12-10 07:00,0.771
2015-12-10 08:00,0.689
2015-12-10 09:00,0.552
2015-12-10 10:00,0.410
2015-12-10 11:00,0.389
2015-12-10 12:00,0.460
2015-12-10 13:00,0.465
2015-12-10 14:00,0.433
2015-12-10 15:00,0.403
2015-12-10 16:00,0.433
2015-12-10 17:00,0.467
2015-12-10 18:00,0.512
2015-12-10 19:00,0.559
2015-12-10 20:00,0.586
2015-12-10 21:00,0.671
2015-12-10 22:00,0.715
2015-12-10 23:00,0.746
2015-12-11 00:00,0.694
2015-12-11 01:00,0.719
2015-12-11 02:00,0.714
2015-12-11 03:00,0.699
2015-12-11 04:00,0.696
2015-12-11 05:00,0.645
2015-12-11 06:00,0.608
2015-12-11 07:00,0.595
2015-12-11 08:00,0.626
2015-12-11 09:00,0.632
2015-12-11 10:00,0.646
2015-12-11 11:00,0.713
2015-12-11 12:00,0.748
2015-12-11 13:00,0.758
2015-12-11 14:00,0.767
2015-12-11 15:00,0.776
2015-12-11 16:00,0.777
2015-12-11 17:00,0.777
2015-12-11 18:00,0.767
2015-12-11 19:00,0.746
2015-12-11 20:00,0.713
2015-12-11 21:00,0.702
2015-12-11 22:00,0.665
2015-12-11 23:00,0.612
2015-12-12 00:00,0.557
2015-12-12 01:00,0.500
2015-12-12 02:00,0.450
2015-12-12 03:00,0.412
2015-12-12 04:00,0.365
2015-12-12 05:00,0.314
2015-12-12 06:00,0.268
2015-12-12 07:00,0.201
2015-12-12 08:00,0.160
2015-12-12 09:00,0.248
2015-12-12 10:00,0.405
2015-12-12 11:00,0.513
2015-12-12 12:00,0.487
2015-12-12 13:00,0.520
2015-12-12 14:00,0.583
2015-12-12 15:00,0.696
2015-12-12 16:00,0.738
2015-12-12 17:00,0.675
2015-12-12 18:00,0.579
2015-12-12 19:00,0.450
2015-12-12 20:00,0.360
2015-12-12 21:00,0.323
2015-12-12 22:00,0.257
2015-12-12 23:00,0.230
2015-12-13 00:00,0.201
2015-12-13 01:00,0.179
2015-12-13 02:00,0.163
2015-12-13 03:00,0.134
2015-12-13 04:00,0.090
2015-12-13 05:00,0.059
2015-12-13 06:00,0.042
2015-12-13 07:00,0.033
2015-12-13 08:00,0.032
2015-12-13 09:00,0.037
2015-12-13 10:00,0.047
2015-12-13 11:00,0.064
2015-12-13 12:00,0.088
2015-12-13 13:00,0.106
2015-12-13 14:00,0.124
2015-12-13 15:00,0.164
2015-12-13 16:00,0.209
2015-12-13 17:00,0.227
2015-12-13 18:00,0.222
2015-12-13 19:00,0.221
2015-12-13 20:00,0.223
2015-12-13 21:00,0.213
2015-12-13 22:00,0.209
2015-12-13 23:00,0.213
2015-12-14 00:00,0.208
2015-12-14 01:00,0.242
2015-12-14 02:00,0.244
2015-12-14 03:00,0.251
2015-12-14 04:00,0.267
2015-12-14 05:00,0.274
2015-12-14 06:00,0.287
2015-12-14 07:00,0.304
2015-12-14 08:00,0.313
2015-12-14 09:00,0.277
2015-12-14 10:00,0.217
2015-12-14 11:00,0.179
2015-12-14 12:00,0.183
2015-12-14 13:00,0.167
2015-12-14 14:00,0.156
2015-12-14 15:00,0.161
2015-12-14 16:00,0.183
2015-12-14 17:00,0.204
2015-12-14 18:00,0.227
2015-12-14 19:00,0.242
2015-12-14 20:00,0.251
2015-12-14 21:00,0.249
2015-12-14 22:00,0.249
2015-12-14 23:00,0.239
2015-12-15 00:00,0.227
2015-12-15 01:00,0.219
2015-12-15 02:00,0.207
2015-12-15 03:00,0.204
2015-12-15 04:00,0.217
2015-12-15 05:00,0.235
2015-12-15 06:00,0.263
2015-12-15 07:00,0.299
2015-12-15 08:00,0.338
2015-12-15 09:00,0.345
2015-12-15 10:00,0.339
2015-12-15 11:00,0.357
2015-12-15 12:00,0.372
2015-12-15 13:00,0.394
2015-12-15 14:00,0.457
2015-12-15 15:00,0.506
2015-12-15 16:00,0.624
2015-12-15 17:00,0.678
2015-12-15 18:00,0.679
2015-12-15 19:00,0.617
2015-12-15 20:00,0.559
2015-12-15 21:00,0.529
2015-12-15 22:00,0.549
2015-12-15 23:00,0.568
2015-12-16 00:00,0.591
2015-12-16 01:00,0.630
2015-12-16 02:00,0.658
2015-12-16 03:00,0.705
2015-12-16 04:00,0.750
2015-12-16 05:00,0.809
2015-12-16 06:00,0.829
2015-12-16 07:00,0.833
2015-12-16 08:00,0.843
2015-12-16 09:00,0.829
2015-12-16 10:00,0.801
2015-12-16 11:00,0.772
2015-12-16 12:00,0.769
2015-12-16 13:00,0.769
2015-12-16 14:00,0.704
2015-12-16 15:00,0.654
2015-12-16 16:00,0.573
2015-12-16 17:00,0.523
2015-12-16 18:00,0.516
2015-12-16 19:00,0.514
2015-12-16 20:00,0.531
2015-12-16 21:00,0.545
2015-12-16 22:00,0.574
2015-12-16 23:00,0.577
2015-12-17 00:00,0.581
2015-12-17 01:00,0.598
2015-12-17 02:00,0.628
2015-12-17 03:00,0.648
2015-12-17 04:00,0.677
2015-12-17 05:00,0.719
2015-12-17 06:00,0.765
2015-12-17 07:00,0.796
2015-12-17 08:00,0.814
2015-12-17 09:00,0.819
2015-12-17 10:00,0.833
2015-12-17 11:00,0.831
2015-12-17 12:00,0.783
2015-12-17 13:00,0.781
2015-12-17 14:00,0.776
2015-12-17 15:00,0.740
2015-12-17 16:00,0.702
2015-12-17 17:00,0.696
2015-12-17 18:00,0.679
2015-12-17 19:00,0.654
2015-12-17 20:00,0.670
2015-12-17 21:00,0.677
2015-12-17 22:00,0.744
2015-12-17 23:00,0.760
2015-12-18 00:00,0.768
2015-12-18 01:00,0.767
2015-12-18 02:00,0.757
2015-12-18 03:00,0.715
2015-12-18 04:00,0.658
2015-12-18 05:00,0.597
2015-12-18 06:00,0.583
2015-12-18 07:00,0.585
2015-12-18 08:00,0.585
2015-12-18 09:00,0.569
2015-12-18 10:00,0.563
2015-12-18 11:00,0.562
2015-12-18 12:00,0.587
2015-12-18 13:00,0.628
2015-12-18 14:00,0.645
2015-12-18 15:00,0.658
2015-12-18 16:00,0.682
2015-12-18 17:00,0.700
2015-12-18 18:00,0.718
2015-12-18 19:00,0.731
2015-12-18 20:00,0.734
2015-12-18 21:00,0.739
2015-12-18 22:00,0.735
2015-12-18 23:00,0.733
2015-12-19 00:00,0.747
2015-12-19 01:00,0.760
2015-12-19 02:00,0.733
2015-12-19 03:00,0.735
2015-12-19 04:00,0.824
2015-12-19 05:00,0.871
2015-12-19 06:00,0.899
2015-12-19 07:00,0.911
2015-12-19 08:00,0.914
2015-12-19 09:00,0.913
2015-12-19 10:00,0.921
2015-12-19 11:00,0.934
2015-12-19 12:00,0.925
2015-12-19 13:00,0.915
2015-12-19 14:00,0.913
2015-12-19 15:00,0.920
2015-12-19 16:00,0.931
2015-12-19 17:00,0.933
2015-12-19 18:00,0.932
2015-12-19 19:00,0.930
2015-12-19 20:00,0.932
2015-12-19 21:00,0.948
2015-12-19 22:00,0.966
2015-12-19 23:00,0.974
2015-12-20 00:00,0.960
2015-12-20 01:00,0.916
2015-12-20 02:00,0.843
2015-12-20 03:00,0.799
2015-12-20 04:00,0.811
2015-12-20 05:00,0.837
2015-12-20 06:00,0.855
2015-12-20 07:00,0.836
2015-12-20 08:00,0.841
2015-12-20 09:00,0.851
2015-12-20 10:00,0.877
2015-12-20 11:00,0.911
2015-12-20 12:00,0.930
2015-12-20 13:00,0.936
2015-12-20 14:00,0.933
2015-12-20 15:00,0.923
2015-12-20 16:00,0.905
2015-12-20 17:00,0.883
2015-12-20 18:00,0.867
2015-12-20 19:00,0.843
2015-12-20 20:00,0.772
2015-12-20 21:00,0.725
2015-12-20 22:00,0.659
2015-12-20 23:00,0.616
2015-12-21 00:00,0.595
2015-12-21 01:00,0.612
2015-12-21 02:00,0.574
2015-12-21 03:00,0.523
2015-12-21 04:00,0.481
2015-12-21 05:00,0.516
2015-12-21 06:00,0.549
2015-12-21 07:00,0.608
2015-12-21 08:00,0.702
2015-12-21 09:00,0.781
2015-12-21 10:00,0.847
2015-12-21 11:00,0.924
2015-12-21 12:00,0.967
2015-12-21 13:00,0.978
2015-12-21 14:00,0.970
2015-12-21 15:00,0.961
2015-12-21 16:00,0.904
2015-12-21 17:00,0.836
2015-12-21 18:00,0.736
2015-12-21 19:00,0.702
2015-12-21 20:00,0.646
2015-12-21 21:00,0.631
2015-12-21 22:00,0.622
2015-12-21 23:00,0.618
2015-12-22 00:00,0.654
2015-12-22 01:00,0.706
2015-12-22 02:00,0.741
2015-12-22 03:00,0.818
2015-12-22 04:00,0.873
2015-12-22 05:00,0.962
2015-12-22 06:00,0.981
2015-12-22 07:00,0.985
2015-12-22 08:00,0.987
2015-12-22 09:00,0.987
2015-12-22 10:00,0.983
2015-12-22 11:00,0.969
2015-12-22 12:00,0.934
2015-12-22 13:00,0.867
2015-12-22 14:00,0.736
2015-12-22 15:00,0.633
2015-12-22 16:00,0.540
2015-12-22 17:00,0.497
2015-12-22 18:00,0.454
2015-12-22 19:00,0.505
2015-12-22 20:00,0.600
2015-12-22 21:00,0.658
2015-12-22 22:00,0.683
2015-12-22 23:00,0.703
2015-12-23 00:00,0.760
2015-12-23 01:00,0.815
2015-12-23 02:00,0.855
2015-12-23 03:00,0.961
2015-12-23 04:00,0.986
2015-12-23 05:00,0.972
2015-12-23 06:00,0.939
2015-12-23 07:00,0.910
2015-12-23 08:00,0.888
2015-12-23 09:00,0.853
2015-12-23 10:00,0.795
2015-12-23 11:00,0.729
2015-12-23 12:00,0.717
2015-12-23 13:00,0.710
2015-12-23 14:00,0.685
2015-12-23 15:00,0.679
2015-12-23 16:00,0.695
2015-12-23 17:00,0.699
2015-12-23 18:00,0.731
2015-12-23 19:00,0.811
2015-12-23 20:00,0.867
2015-12-23 21:00,0.897
2015-12-23 22:00,0.924
2015-12-23 23:00,0.933
2015-12-24 00:00,0.952
2015-12-24 01:00,0.959
2015-12-24 02:00,0.960
2015-12-24 03:00,0.969
2015-12-24 04:00,0.980
2015-12-24 05:00,0.986
2015-12-24 06:00,0.989
2015-12-24 07:00,0.988
2015-12-24 08:00,0.979
2015-12-24 09:00,0.947
2015-12-24 10:00,0.840
2015-12-24 11:00,0.768
2015-12-24 12:00,0.882
2015-12-24 13:00,0.937
2015-12-24 14:00,0.945
2015-12-24 15:00,0.945
2015-12-24 16:00,0.921
2015-12-24 17:00,0.883
2015-12-24 18:00,0.852
2015-12-24 19:00,0.803
2015-12-24 20:00,0.779
2015-12-24 21:00,0.762
2015-12-24 22:00,0.753
2015-12-24 23:00,0.740
2015-12-25 00:00,0.702
2015-12-25 01:00,0.631
2015-12-25 02:00,0.584
2015-12-25 03:00,0.597
2015-12-25 04:00,0.529
2015-12-25 05:00,0.456
2015-12-25 06:00,0.418
2015-12-25 07:00,0.370
2015-12-25 08:00,0.333
2015-12-25 09:00,0.275
2015-12-25 10:00,0.247
2015-12-25 11:00,0.194
2015-12-25 12:00,0.224
2015-12-25 13:00,0.338
2015-12-25 14:00,0.409
2015-12-25 15:00,0.523
2015-12-25 16:00,0.692
2015-12-25 17:00,0.820
2015-12-25 18:00,0.891
2015-12-25 19:00,0.888
2015-12-25 20:00,0.887
2015-12-25 21:00,0.854
2015-12-25 22:00,0.833
2015-12-25 23:00,0.814
2015-12-26 00:00,0.826
2015-12-26 01:00,0.864
2015-12-26 02:00,0.893
2015-12-26 03:00,0.923
2015-12-26 04:00,0.901
2015-12-26 05:00,0.871
2015-12-26 06:00,0.840
2015-12-26 07:00,0.826
2015-12-26 08:00,0.826
2015-12-26 09:00,0.860
2015-12-26 10:00,0.906
2015-12-26 11:00,0.920
2015-12-26 12:00,0.916
2015-12-26 13:00,0.922
2015-12-26 14:00,0.925
2015-12-26 15:00,0.935
2015-12-26 16:00,0.953
2015-12-26 17:00,0.963
2015-12-26 18:00,0.970
2015-12-26 19:00,0.976
2015-12-26 20:00,0.982
2015-12-26 21:00,0.983
2015-12-26 22:00,0.970
2015-12-26 23:00,0.909
2015-12-27 00:00,0.769
2015-12-27 01:00,0.543
2015-12-27 02:00,0.360
2015-12-27 03:00,0.294
2015-12-27 04:00,0.252
2015-12-27 05:00,0.217
2015-12-27 06:00,0.171
2015-12-27 07:00,0.121
2015-12-27 08:00,0.079
2015-12-27 09:00,0.048
2015-12-27 10:00,0.027
2015-12-27 11:00,0.024
2015-12-27 12:00,0.032
2015-12-27 13:00,0.056
2015-12-27 14:00,0.118
2015-12-27 15:00,0.215
2015-12-27 16:00,0.307
2015-12-27 17:00,0.345
2015-12-27 18:00,0.426
2015-12-27 19:00,0.466
2015-12-27 20:00,0.524
2015-12-27 21:00,0.554
2015-12-27 22:00,0.575
2015-12-27 23:00,0.581
2015-12-28 00:00,0.562
2015-12-28 01:00,0.561
2015-12-28 02:00,0.549
2015-12-28 03:00,0.558
2015-12-28 04:00,0.596
2015-12-28 05:00,0.658
2015-12-28 06:00,0.712
2015-12-28 07:00,0.734
2015-12-28 08:00,0.729
2015-12-28 09:00,0.693
2015-12-28 10:00,0.645
2015-12-28 11:00,0.628
2015-12-28 12:00,0.610
2015-12-28 13:00,0.620
2015-12-28 14:00,0.671
2015-12-28 15:00,0.726
2015-12-28 16:00,0.743
2015-12-28 17:00,0.780
2015-12-28 18:00,0.792
2015-12-28 19:00,0.792
2015-12-28 20:00,0.817
2015-12-28 21:00,0.842
2015-12-28 22:00,0.857
2015-12-28 23:00,0.863
2015-12-29 00:00,0.814
2015-12-29 01:00,0.791
2015-12-29 02:00,0.767
2015-12-29 03:00,0.725
2015-12-29 04:00,0.733
2015-12-29 05:00,0.710
2015-12-29 06:00,0.661
2015-12-29 07:00,0.604
2015-12-29 08:00,0.529
2015-12-29 09:00,0.466
2015-12-29 10:00,0.393
2015-12-29 11:00,0.449
2015-12-29 12:00,0.542
2015-12-29 13:00,0.581
2015-12-29 14:00,0.647
2015-12-29 15:00,0.714
2015-12-29 16:00,0.765
2015-12-29 17:00,0.829
2015-12-29 18:00,0.873
2015-12-29 19:00,0.908
2015-12-29 20:00,0.944
2015-12-29 21:00,0.968
2015-12-29 22:00,0.977
2015-12-29 23:00,0.981
2015-12-30 00:00,0.983
2015-12-30 01:00,0.985
2015-12-30 02:00,0.986
2015-12-30 03:00,0.987
2015-12-30 04:00,0.988
2015-12-30 05:00,0.992
2015-12-30 06:00,0.993
2015-12-30 07:00,0.993
2015-12-30 08:00,0.992
2015-12-30 09:00,0.993
2015-12-30 10:00,0.993
2015-12-30 11:00,0.993
2015-12-30 12:00,0.992
2015-12-30 13:00,0.982
2015-12-30 14:00,0.955
2015-12-30 15:00,0.890
2015-12-30 16:00,0.770
2015-12-30 17:00,0.564
2015-12-30 18:00,0.378
2015-12-30 19:00,0.261
2015-12-30 20:00,0.182
2015-12-30 21:00,0.153
2015-12-30 22:00,0.158
2015-12-30 23:00,0.194
2015-12-31 00:00,0.243
2015-12-31 01:00,0.330
2015-12-31 02:00,0.407
2015-12-31 03:00,0.533
2015-12-31 04:00,0.612
2015-12-31 05:00,0.656
2015-12-31 06:00,0.721
2015-12-31 07:00,0.765
2015-12-31 08:00,0.803
2015-12-31 09:00,0.836
2015-12-31 10:00,0.791
2015-12-31 11:00,0.694
2015-12-31 12:00,0.702
2015-12-31 13:00,0.803
2015-12-31 14:00,0.908
2015-12-31 15:00,0.960
2015-12-31 16:00,0.971
2015-12-31 17:00,0.940
2015-12-31 18:00,0.877
2015-12-31 19:00,0.791
2015-12-31 20:00,0.710
2015-12-31 21:00,0.648
2015-12-31 22:00,0.574
2015-12-31 23:00,0.510
2016-01-01 00:00,0.511
2016-01-01 01:00,0.502
2016-01-01 02:00,0.460
2016-01-01 03:00,0.386
2016-01-01 04:00,0.332
2016-01-01 05:00,0.324
2016-01-01 06:00,0.338
2016-01-01 07:00,0.314
2016-01-01 08:00,0.303
2016-01-01 09:00,0.321
2016-01-01 10:00,0.348
2016-01-01 11:00,0.393
2016-01-01 12:00,0.476
2016-01-01 13:00,0.552
2016-01-01 14:00,0.618
2016-01-01 15:00,0.706
2016-01-01 16:00,0.798
2016-01-01 17:00,0.857
2016-01-01 18:00,0.874
2016-01-01 19:00,0.863
2016-01-01 20:00,0.845
2016-01-01 21:00,0.845
2016-01-01 22:00,0.867
2016-01-01 23:00,0.896
2016-01-02 00:00,0.909
2016-01-02 01:00,0.908
2016-01-02 02:00,0.894
2016-01-02 03:00,0.857
2016-01-02 04:00,0.835
2016-01-02 05:00,0.801
2016-01-02 06:00,0.758
2016-01-02 07:00,0.725
2016-01-02 08:00,0.702
2016-01-02 09:00,0.694
2016-01-02 10:00,0.652
2016-01-02 11:00,0.647
2016-01-02 12:00,0.616
2016-01-02 13:00,0.566
2016-01-02 14:00,0.527
2016-01-02 15:00,0.525
2016-01-02 16:00,0.503
2016-01-02 17:00,0.467
2016-01-02 18:00,0.394
2016-01-02 19:00,0.365
2016-01-02 20:00,0.314
2016-01-02 21:00,0.255
2016-01-02 22:00,0.227
2016-01-02 23:00,0.205
2016-01-03 00:00,0.165
2016-01-03 01:00,0.104
2016-01-03 02:00,0.063
2016-01-03 03:00,0.059
2016-01-03 04:00,0.101
2016-01-03 05:00,0.139
2016-01-03 06:00,0.165
2016-01-03 07:00,0.212
2016-01-03 08:00,0.271
2016-01-03 09:00,0.338
2016-01-03 10:00,0.479
2016-01-03 11:00,0.654
2016-01-03 12:00,0.770
2016-01-03 13:00,0.833
2016-01-03 14:00,0.816
2016-01-03 15:00,0.686
2016-01-03 16:00,0.481
2016-01-03 17:00,0.318
2016-01-03 18:00,0.251
2016-01-03 19:00,0.225
2016-01-03 20:00,0.211
2016-01-03 21:00,0.194
2016-01-03 22:00,0.185
2016-01-03 23:00,0.163
2016-01-04 00:00,0.170
2016-01-04 01:00,0.176
2016-01-04 02:00,0.186
2016-01-04 03:00,0.206
2016-01-04 04:00,0.218
2016-01-04 05:00,0.236
2016-01-04 06:00,0.252
2016-01-04 07:00,0.264
2016-01-04 08:00,0.274
2016-01-04 09:00,0.287
2016-01-04 10:00,0.286
2016-01-04 11:00,0.281
2016-01-04 12:00,0.266
2016-01-04 13:00,0.249
2016-01-04 14:00,0.260
2016-01-04 15:00,0.308
2016-01-04 16:00,0.331
2016-01-04 17:00,0.327
2016-01-04 18:00,0.303
2016-01-04 19:00,0.287
2016-01-04 20:00,0.291
2016-01-04 21:00,0.285
2016-01-04 22:00,0.285
2016-01-04 23:00,0.294
2016-01-05 00:00,0.297
2016-01-05 01:00,0.309
2016-01-05 02:00,0.348
2016-01-05 03:00,0.383
2016-01-05 04:00,0.412
2016-01-05 05:00,0.407
2016-01-05 06:00,0.366
2016-01-05 07:00,0.321
2016-01-05 08:00,0.285
2016-01-05 09:00,0.229
2016-01-05 10:00,0.184
2016-01-05 11:00,0.161
2016-01-05 12:00,0.147
2016-01-05 13:00,0.142
2016-01-05 14:00,0.156
2016-01-05 15:00,0.189
2016-01-05 16:00,0.206
2016-01-05 17:00,0.194
2016-01-05 18:00,0.177
2016-01-05 19:00,0.153
2016-01-05 20:00,0.125
2016-01-05 21:00,0.112
2016-01-05 22:00,0.108
2016-01-05 23:00,0.119
2016-01-06 00:00,0.143
2016-01-06 01:00,0.155
2016-01-06 02:00,0.163
2016-01-06 03:00,0.162
2016-01-06 04:00,0.169
2016-01-06 05:00,0.184
2016-01-06 06:00,0.194
2016-01-06 07:00,0.206
2016-01-06 08:00,0.221
2016-01-06 09:00,0.190
2016-01-06 10:00,0.189
2016-01-06 11:00,0.206
2016-01-06 12:00,0.199
2016-01-06 13:00,0.173
2016-01-06 14:00,0.185
2016-01-06 15:00,0.230
2016-01-06 16:00,0.301
2016-01-06 17:00,0.325
2016-01-06 18:00,0.311
2016-01-06 19:00,0.330
2016-01-06 20:00,0.396
2016-01-06 21:00,0.454
2016-01-06 22:00,0.517
2016-01-06 23:00,0.574
2016-01-07 00:00,0.638
2016-01-07 01:00,0.701
2016-01-07 02:00,0.791
2016-01-07 03:00,0.853
2016-01-07 04:00,0.879
2016-01-07 05:00,0.887
2016-01-07 06:00,0.874
2016-01-07 07:00,0.778
2016-01-07 08:00,0.522
2016-01-07 09:00,0.246
2016-01-07 10:00,0.241
2016-01-07 11:00,0.663
2016-01-07 12:00,0.906
2016-01-07 13:00,0.946
2016-01-07 14:00,0.948
2016-01-07 15:00,0.933
2016-01-07 16:00,0.921
2016-01-07 17:00,0.911
2016-01-07 18:00,0.902
2016-01-07 19:00,0.887
2016-01-07 20:00,0.863
2016-01-07 21:00,0.829
2016-01-07 22:00,0.784
2016-01-07 23:00,0.689
2016-01-08 00:00,0.619
2016-01-08 01:00,0.542
2016-01-08 02:00,0.492
2016-01-08 03:00,0.415
2016-01-08 04:00,0.343
2016-01-08 05:00,0.299
2016-01-08 06:00,0.298
2016-01-08 07:00,0.326
2016-01-08 08:00,0.380
2016-01-08 09:00,0.367
2016-01-08 10:00,0.447
2016-01-08 11:00,0.519
2016-01-08 12:00,0.601
2016-01-08 13:00,0.609
2016-01-08 14:00,0.478
2016-01-08 15:00,0.479
2016-01-08 16:00,0.490
2016-01-08 17:00,0.430
2016-01-08 18:00,0.350
2016-01-08 19:00,0.265
2016-01-08 20:00,0.227
2016-01-08 21:00,0.204
2016-01-08 22:00,0.179
2016-01-08 23:00,0.161
2016-01-09 00:00,0.143
2016-01-09 01:00,0.156
2016-01-09 02:00,0.199
2016-01-09 03:00,0.230
2016-01-09 04:00,0.268
2016-01-09 05:00,0.315
2016-01-09 06:00,0.355
2016-01-09 07:00,0.381
2016-01-09 08:00,0.416
2016-01-09 09:00,0.434
2016-01-09 10:00,0.446
2016-01-09 11:00,0.517
2016-01-09 12:00,0.631
2016-01-09 13:00,0.606
2016-01-09 14:00,0.470
2016-01-09 15:00,0.450
2016-01-09 16:00,0.517
2016-01-09 17:00,0.612
2016-01-09 18:00,0.713
2016-01-09 19:00,0.808
2016-01-09 20:00,0.803
2016-01-09 21:00,0.752
2016-01-09 22:00,0.749
2016-01-09 23:00,0.797
2016-01-10 00:00,0.808
2016-01-10 01:00,0.840
2016-01-10 02:00,0.876
2016-01-10 03:00,0.882
2016-01-10 04:00,0.867
2016-01-10 05:00,0.863
2016-01-10 06:00,0.883
2016-01-10 07:00,0.901
2016-01-10 08:00,0.901
2016-01-10 09:00,0.886
2016-01-10 10:00,0.861
2016-01-10 11:00,0.826
2016-01-10 12:00,0.797
2016-01-10 13:00,0.751
2016-01-10 14:00,0.698
2016-01-10 15:00,0.644
2016-01-10 16:00,0.620
2016-01-10 17:00,0.617
2016-01-10 18:00,0.602
2016-01-10 19:00,0.570
2016-01-10 20:00,0.536
2016-01-10 21:00,0.490
2016-01-10 22:00,0.456
2016-01-10 23:00,0.401
2016-01-11 00:00,0.367
2016-01-11 01:00,0.306
2016-01-11 02:00,0.238
2016-01-11 03:00,0.172
2016-01-11 04:00,0.107
2016-01-11 05:00,0.085
2016-01-11 06:00,0.085
2016-01-11 07:00,0.098
2016-01-11 08:00,0.114
2016-01-11 09:00,0.108
2016-01-11 10:00,0.096
2016-01-11 11:00,0.104
2016-01-11 12:00,0.134
2016-01-11 13:00,0.154
2016-01-11 14:00,0.163
2016-01-11 15:00,0.169
2016-01-11 16:00,0.182
2016-01-11 17:00,0.194
2016-01-11 18:00,0.215
2016-01-11 19:00,0.237
2016-01-11 20:00,0.262
2016-01-11 21:00,0.314
2016-01-11 22:00,0.381
2016-01-11 23:00,0.492
2016-01-12 00:00,0.555
2016-01-12 01:00,0.646
2016-01-12 02:00,0.688
2016-01-12 03:00,0.705
2016-01-12 04:00,0.682
2016-01-12 05:00,0.625
2016-01-12 06:00,0.555
2016-01-12 07:00,0.488
2016-01-12 08:00,0.473
2016-01-12 09:00,0.473
2016-01-12 10:00,0.499
2016-01-12 11:00,0.600
2016-01-12 12:00,0.663
2016-01-12 13:00,0.677
2016-01-12 14:00,0.678
2016-01-12 15:00,0.656
2016-01-12 16:00,0.617
2016-01-12 17:00,0.563
2016-01-12 18:00,0.507
2016-01-12 19:00,0.449
2016-01-12 20:00,0.399
2016-01-12 21:00,0.395
2016-01-12 22:00,0.409
2016-01-12 23:00,0.436
2016-01-13 00:00,0.475
2016-01-13 01:00,0.524
2016-01-13 02:00,0.578
2016-01-13 03:00,0.607
2016-01-13 04:00,0.599
2016-01-13 05:00,0.565
2016-01-13 06:00,0.536
2016-01-13 07:00,0.533
2016-01-13 08:00,0.518
2016-01-13 09:00,0.443
2016-01-13 10:00,0.342
2016-01-13 11:00,0.251
2016-01-13 12:00,0.194
2016-01-13 13:00,0.186
2016-01-13 14:00,0.235
2016-01-13 15:00,0.334
2016-01-13 16:00,0.410
2016-01-13 17:00,0.426
2016-01-13 18:00,0.434
2016-01-13 19:00,0.460
2016-01-13 20:00,0.472
2016-01-13 21:00,0.432
2016-01-13 22:00,0.356
2016-01-13 23:00,0.281
2016-01-14 00:00,0.231
2016-01-14 01:00,0.282
2016-01-14 02:00,0.374
2016-01-14 03:00,0.486
2016-01-14 04:00,0.509
2016-01-14 05:00,0.488
2016-01-14 06:00,0.546
2016-01-14 07:00,0.642
2016-01-14 08:00,0.803
2016-01-14 09:00,0.882
2016-01-14 10:00,0.926
2016-01-14 11:00,0.934
2016-01-14 12:00,0.933
2016-01-14 13:00,0.928
2016-01-14 14:00,0.917
2016-01-14 15:00,0.906
2016-01-14 16:00,0.893
2016-01-14 17:00,0.874
2016-01-14 18:00,0.853
2016-01-14 19:00,0.813
2016-01-14 20:00,0.746
2016-01-14 21:00,0.694
2016-01-14 22:00,0.654
2016-01-14 23:00,0.619
2016-01-15 00:00,0.612
2016-01-15 01:00,0.608
2016-01-15 02:00,0.604
2016-01-15 03:00,0.594
2016-01-15 04:00,0.577
2016-01-15 05:00,0.551
2016-01-15 06:00,0.536
2016-01-15 07:00,0.523
2016-01-15 08:00,0.499
2016-01-15 09:00,0.427
2016-01-15 10:00,0.356
2016-01-15 11:00,0.360
2016-01-15 12:00,0.512
2016-01-15 13:00,0.574
2016-01-15 14:00,0.556
2016-01-15 15:00,0.512
2016-01-15 16:00,0.537
2016-01-15 17:00,0.536
2016-01-15 18:00,0.506
2016-01-15 19:00,0.507
2016-01-15 20:00,0.513
2016-01-15 21:00,0.508
2016-01-15 22:00,0.502
2016-01-15 23:00,0.504
2016-01-16 00:00,0.501
2016-01-16 01:00,0.479
2016-01-16 02:00,0.468
2016-01-16 03:00,0.463
2016-01-16 04:00,0.417
2016-01-16 05:00,0.372
2016-01-16 06:00,0.321
2016-01-16 07:00,0.285
2016-01-16 08:00,0.243
2016-01-16 09:00,0.149
2016-01-16 10:00,0.078
2016-01-16 11:00,0.047
2016-01-16 12:00,0.039
2016-01-16 13:00,0.035
2016-01-16 14:00,0.049
2016-01-16 15:00,0.067
2016-01-16 16:00,0.079
2016-01-16 17:00,0.069
2016-01-16 18:00,0.043
2016-01-16 19:00,0.035
2016-01-16 20:00,0.033
2016-01-16 21:00,0.034
2016-01-16 22:00,0.059
2016-01-16 23:00,0.100
2016-01-17 00:00,0.147
2016-01-17 01:00,0.198
2016-01-17 02:00,0.235
2016-01-17 03:00,0.261
2016-01-17 04:00,0.279
2016-01-17 05:00,0.306
2016-01-17 06:00,0.339
2016-01-17 07:00,0.380
2016-01-17 08:00,0.426
2016-01-17 09:00,0.403
2016-01-17 10:00,0.357
2016-01-17 11:00,0.380
2016-01-17 12:00,0.393
2016-01-17 13:00,0.400
2016-01-17 14:00,0.463
2016-01-17 15:00,0.535
2016-01-17 16:00,0.562
2016-01-17 17:00,0.538
2016-01-17 18:00,0.527
2016-01-17 19:00,0.513
2016-01-17 20:00,0.503
2016-01-17 21:00,0.505
2016-01-17 22:00,0.527
2016-01-17 23:00,0.526
2016-01-18 00:00,0.496
2016-01-18 01:00,0.505
2016-01-18 02:00,0.480
2016-01-18 03:00,0.439
2016-01-18 04:00,0.403
2016-01-18 05:00,0.374
2016-01-18 06:00,0.342
2016-01-18 07:00,0.313
2016-01-18 08:00,0.288
2016-01-18 09:00,0.248
2016-01-18 10:00,0.205
2016-01-18 11:00,0.191
2016-01-18 12:00,0.175
2016-01-18 13:00,0.131
2016-01-18 14:00,0.090
2016-01-18 15:00,0.100
2016-01-18 16:00,0.140
2016-01-18 17:00,0.165
2016-01-18 18:00,0.169
2016-01-18 19:00,0.169
2016-01-18 20:00,0.173
2016-01-18 21:00,0.173
2016-01-18 22:00,0.164
2016-01-18 23:00,0.155
2016-01-19 00:00,0.147
2016-01-19 01:00,0.140
2016-01-19 02:00,0.131
2016-01-19 03:00,0.116
2016-01-19 04:00,0.102
2016-01-19 05:00,0.093
2016-01-19 06:00,0.090
2016-01-19 07:00,0.087
2016-01-19 08:00,0.081
2016-01-19 09:00,0.058
2016-01-19 10:00,0.035
2016-01-19 11:00,0.023
2016-01-19 12:00,0.018
2016-01-19 13:00,0.016
2016-01-19 14:00,0.020
2016-01-19 15:00,0.023
2016-01-19 16:00,0.025
2016-01-19 17:00,0.027
2016-01-19 18:00,0.026
2016-01-19 19:00,0.022
2016-01-19 20:00,0.017
2016-01-19 21:00,0.013
2016-01-19 22:00,0.012
2016-01-19 23:00,0.011
2016-01-20 00:00,0.010
2016-01-20 01:00,0.010
2016-01-20 02:00,0.015
2016-01-20 03:00,0.025
2016-01-20 04:00,0.038
2016-01-20 05:00,0.053
2016-01-20 06:00,0.064
2016-01-20 07:00,0.067
2016-01-20 08:00,0.063
2016-01-20 09:00,0.047
2016-01-20 10:00,0.027
2016-01-20 11:00,0.019
2016-01-20 12:00,0.019
2016-01-20 13:00,0.021
2016-01-20 14:00,0.023
2016-01-20 15:00,0.018
2016-01-20 16:00,0.013
2016-01-20 17:00,0.015
2016-01-20 18:00,0.027
2016-01-20 19:00,0.054
2016-01-20 20:00,0.093
2016-01-20 21:00,0.140
2016-01-20 22:00,0.188
2016-01-20 23:00,0.223
2016-01-21 00:00,0.224
2016-01-21 01:00,0.215
2016-01-21 02:00,0.197
2016-01-21 03:00,0.194
2016-01-21 04:00,0.205
2016-01-21 05:00,0.232
2016-01-21 06:00,0.232
2016-01-21 07:00,0.262
2016-01-21 08:00,0.275
2016-01-21 09:00,0.268
2016-01-21 10:00,0.314
2016-01-21 11:00,0.357
2016-01-21 12:00,0.378
2016-01-21 13:00,0.374
2016-01-21 14:00,0.429
2016-01-21 15:00,0.507
2016-01-21 16:00,0.591
2016-01-21 17:00,0.617
2016-01-21 18:00,0.626
2016-01-21 19:00,0.675
2016-01-21 20:00,0.621
2016-01-21 21:00,0.663
2016-01-21 22:00,0.692
2016-01-21 23:00,0.700
2016-01-22 00:00,0.748
2016-01-22 01:00,0.791
2016-01-22 02:00,0.828
2016-01-22 03:00,0.853
2016-01-22 04:00,0.848
2016-01-22 05:00,0.856
2016-01-22 06:00,0.859
2016-01-22 07:00,0.868
2016-01-22 08:00,0.879
2016-01-22 09:00,0.865
2016-01-22 10:00,0.859
2016-01-22 11:00,0.848
2016-01-22 12:00,0.760
2016-01-22 13:00,0.739
2016-01-22 14:00,0.758
2016-01-22 15:00,0.758
2016-01-22 16:00,0.767
2016-01-22 17:00,0.689
2016-01-22 18:00,0.665
2016-01-22 19:00,0.651
2016-01-22 20:00,0.640
2016-01-22 21:00,0.628
2016-01-22 22:00,0.613
2016-01-22 23:00,0.592
2016-01-23 00:00,0.566
2016-01-23 01:00,0.516
2016-01-23 02:00,0.476
2016-01-23 03:00,0.446
2016-01-23 04:00,0.381
2016-01-23 05:00,0.356
2016-01-23 06:00,0.347
2016-01-23 07:00,0.337
2016-01-23 08:00,0.361
2016-01-23 09:00,0.403
2016-01-23 10:00,0.352
2016-01-23 11:00,0.314
2016-01-23 12:00,0.295
2016-01-23 13:00,0.335
2016-01-23 14:00,0.400
2016-01-23 15:00,0.461
2016-01-23 16:00,0.479
2016-01-23 17:00,0.526
2016-01-23 18:00,0.633
2016-01-23 19:00,0.799
2016-01-23 20:00,0.861
2016-01-23 21:00,0.854
2016-01-23 22:00,0.834
2016-01-23 23:00,0.784
2016-01-24 00:00,0.719
2016-01-24 01:00,0.645
2016-01-24 02:00,0.611
2016-01-24 03:00,0.563
2016-01-24 04:00,0.582
2016-01-24 05:00,0.610
2016-01-24 06:00,0.583
2016-01-24 07:00,0.604
2016-01-24 08:00,0.613
2016-01-24 09:00,0.663
2016-01-24 10:00,0.660
2016-01-24 11:00,0.600
2016-01-24 12:00,0.545
2016-01-24 13:00,0.536
2016-01-24 14:00,0.542
2016-01-24 15:00,0.588
2016-01-24 16:00,0.655
2016-01-24 17:00,0.651
2016-01-24 18:00,0.617
2016-01-24 19:00,0.616
2016-01-24 20:00,0.622
2016-01-24 21:00,0.636
2016-01-24 22:00,0.662
2016-01-24 23:00,0.688
2016-01-25 00:00,0.692
2016-01-25 01:00,0.697
2016-01-25 02:00,0.708
2016-01-25 03:00,0.725
2016-01-25 04:00,0.732
2016-01-25 05:00,0.729
2016-01-25 06:00,0.721
2016-01-25 07:00,0.716
2016-01-25 08:00,0.704
2016-01-25 09:00,0.701
2016-01-25 10:00,0.721
2016-01-25 11:00,0.783
2016-01-25 12:00,0.880
2016-01-25 13:00,0.945
2016-01-25 14:00,0.961
2016-01-25 15:00,0.964
2016-01-25 16:00,0.953
2016-01-25 17:00,0.926
2016-01-25 18:00,0.889
2016-01-25 19:00,0.813
2016-01-25 20:00,0.655
2016-01-25 21:00,0.548
2016-01-25 22:00,0.542
2016-01-25 23:00,0.530
2016-01-26 00:00,0.506
2016-01-26 01:00,0.496
2016-01-26 02:00,0.528
2016-01-26 03:00,0.569
2016-01-26 04:00,0.628
2016-01-26 05:00,0.712
2016-01-26 06:00,0.830
2016-01-26 07:00,0.943
2016-01-26 08:00,0.974
2016-01-26 09:00,0.992
2016-01-26 10:00,0.993
2016-01-26 11:00,0.992
2016-01-26 12:00,0.993
2016-01-26 13:00,0.993
2016-01-26 14:00,0.993
2016-01-26 15:00,0.992
2016-01-26 16:00,0.990
2016-01-26 17:00,0.981
2016-01-26 18:00,0.967
2016-01-26 19:00,0.947
2016-01-26 20:00,0.912
2016-01-26 21:00,0.864
2016-01-26 22:00,0.817
2016-01-26 23:00,0.774
2016-01-27 00:00,0.783
2016-01-27 01:00,0.824
2016-01-27 02:00,0.901
2016-01-27 03:00,0.941
2016-01-27 04:00,0.954
2016-01-27 05:00,0.958
2016-01-27 06:00,0.967
2016-01-27 07:00,0.971
2016-01-27 08:00,0.976
2016-01-27 09:00,0.985
2016-01-27 10:00,0.987
2016-01-27 11:00,0.984
2016-01-27 12:00,0.981
2016-01-27 13:00,0.981
2016-01-27 14:00,0.961
2016-01-27 15:00,0.942
2016-01-27 16:00,0.901
2016-01-27 17:00,0.809
2016-01-27 18:00,0.736
2016-01-27 19:00,0.740
2016-01-27 20:00,0.755
2016-01-27 21:00,0.735
2016-01-27 22:00,0.701
2016-01-27 23:00,0.674
2016-01-28 00:00,0.702
2016-01-28 01:00,0.672
2016-01-28 02:00,0.637
2016-01-28 03:00,0.637
2016-01-28 04:00,0.628
2016-01-28 05:00,0.629
2016-01-28 06:00,0.661
2016-01-28 07:00,0.675
2016-01-28 08:00,0.669
2016-01-28 09:00,0.689
2016-01-28 10:00,0.692
2016-01-28 11:00,0.740
2016-01-28 12:00,0.778
2016-01-28 13:00,0.800
2016-01-28 14:00,0.843
2016-01-28 15:00,0.882
2016-01-28 16:00,0.918
2016-01-28 17:00,0.939
2016-01-28 18:00,0.947
2016-01-28 19:00,0.946
2016-01-28 20:00,0.949
2016-01-28 21:00,0.935
2016-01-28 22:00,0.914
2016-01-28 23:00,0.917
2016-01-29 00:00,0.942
2016-01-29 01:00,0.966
2016-01-29 02:00,0.981
2016-01-29 03:00,0.986
2016-01-29 04:00,0.990
2016-01-29 05:00,0.993
2016-01-29 06:00,0.990
2016-01-29 07:00,0.984
2016-01-29 08:00,0.993
2016-01-29 09:00,0.993
2016-01-29 10:00,0.993
2016-01-29 11:00,0.989
2016-01-29 12:00,0.980
2016-01-29 13:00,0.956
2016-01-29 14:00,0.912
2016-01-29 15:00,0.884
2016-01-29 16:00,0.886
2016-01-29 17:00,0.871
2016-01-29 18:00,0.861
2016-01-29 19:00,0.868
2016-01-29 20:00,0.872
2016-01-29 21:00,0.876
2016-01-29 22:00,0.901
2016-01-29 23:00,0.912
2016-01-30 00:00,0.915
2016-01-30 01:00,0.883
2016-01-30 02:00,0.876
2016-01-30 03:00,0.866
2016-01-30 04:00,0.869
2016-01-30 05:00,0.876
2016-01-30 06:00,0.878
2016-01-30 07:00,0.865
2016-01-30 08:00,0.845
2016-01-30 09:00,0.855
2016-01-30 10:00,0.886
2016-01-30 11:00,0.925
2016-01-30 12:00,0.936
2016-01-30 13:00,0.932
2016-01-30 14:00,0.926
2016-01-30 15:00,0.923
2016-01-30 16:00,0.922
2016-01-30 17:00,0.921
2016-01-30 18:00,0.917
2016-01-30 19:00,0.901
2016-01-30 20:00,0.874
2016-01-30 21:00,0.851
2016-01-30 22:00,0.818
2016-01-30 23:00,0.791
2016-01-31 00:00,0.692
2016-01-31 01:00,0.672
2016-01-31 02:00,0.601
2016-01-31 03:00,0.520
2016-01-31 04:00,0.451
2016-01-31 05:00,0.410
2016-01-31 06:00,0.399
2016-01-31 07:00,0.389
2016-01-31 08:00,0.339
2016-01-31 09:00,0.318
2016-01-31 10:00,0.368
2016-01-31 11:00,0.311
2016-01-31 12:00,0.326
2016-01-31 13:00,0.423
2016-01-31 14:00,0.554
2016-01-31 15:00,0.631
2016-01-31 16:00,0.608
2016-01-31 17:00,0.552
2016-01-31 18:00,0.633
2016-01-31 19:00,0.776
2016-01-31 20:00,0.893
2016-01-31 21:00,0.958
2016-01-31 22:00,0.954
2016-01-31 23:00,0.948
2016-02-01 00:00,0.944
2016-02-01 01:00,0.938
2016-02-01 02:00,0.941
2016-02-01 03:00,0.940
2016-02-01 04:00,0.943
2016-02-01 05:00,0.949
2016-02-01 06:00,0.953
2016-02-01 07:00,0.963
2016-02-01 08:00,0.977
2016-02-01 09:00,0.986
2016-02-01 10:00,0.990
2016-02-01 11:00,0.992
2016-02-01 12:00,0.993
2016-02-01 13:00,0.993
2016-02-01 14:00,0.992
2016-02-01 15:00,0.989
2016-02-01 16:00,0.985
2016-02-01 17:00,0.982
2016-02-01 18:00,0.983
2016-02-01 19:00,0.985
2016-02-01 20:00,0.988
2016-02-01 21:00,0.989
2016-02-01 22:00,0.990
2016-02-01 23:00,0.989
2016-02-02 00:00,0.988
2016-02-02 01:00,0.986
2016-02-02 02:00,0.984
2016-02-02 03:00,0.983
2016-02-02 04:00,0.983
2016-02-02 05:00,0.982
2016-02-02 06:00,0.980
2016-02-02 07:00,0.977
2016-02-02 08:00,0.974
2016-02-02 09:00,0.975
2016-02-02 10:00,0.978
2016-02-02 11:00,0.978
2016-02-02 12:00,0.973
2016-02-02 13:00,0.962
2016-02-02 14:00,0.944
2016-02-02 15:00,0.914
2016-02-02 16:00,0.880
2016-02-02 17:00,0.839
2016-02-02 18:00,0.800
2016-02-02 19:00,0.769
2016-02-02 20:00,0.738
2016-02-02 21:00,0.755
2016-02-02 22:00,0.797
2016-02-02 23:00,0.830
2016-02-03 00:00,0.856
2016-02-03 01:00,0.862
2016-02-03 02:00,0.863
2016-02-03 03:00,0.857
2016-02-03 04:00,0.842
2016-02-03 05:00,0.811
2016-02-03 06:00,0.769
2016-02-03 07:00,0.714
2016-02-03 08:00,0.632
2016-02-03 09:00,0.552
2016-02-03 10:00,0.640
2016-02-03 11:00,0.653
2016-02-03 12:00,0.608
2016-02-03 13:00,0.573
2016-02-03 14:00,0.510
2016-02-03 15:00,0.485
2016-02-03 16:00,0.518
2016-02-03 17:00,0.546
2016-02-03 18:00,0.527
2016-02-03 19:00,0.549
2016-02-03 20:00,0.542
2016-02-03 21:00,0.555
2016-02-03 22:00,0.584
2016-02-03 23:00,0.562
2016-02-04 00:00,0.469
2016-02-04 01:00,0.433
2016-02-04 02:00,0.473
2016-02-04 03:00,0.585
2016-02-04 04:00,0.817
2016-02-04 05:00,0.929
2016-02-04 06:00,0.934
2016-02-04 07:00,0.926
2016-02-04 08:00,0.899
2016-02-04 09:00,0.858
2016-02-04 10:00,0.821
2016-02-04 11:00,0.828
2016-02-04 12:00,0.802
2016-02-04 13:00,0.712
2016-02-04 14:00,0.513
2016-02-04 15:00,0.377
2016-02-04 16:00,0.396
2016-02-04 17:00,0.423
2016-02-04 18:00,0.444
2016-02-04 19:00,0.494
2016-02-04 20:00,0.525
2016-02-04 21:00,0.571
2016-02-04 22:00,0.604
2016-02-04 23:00,0.634
2016-02-05 00:00,0.633
2016-02-05 01:00,0.597
2016-02-05 02:00,0.590
2016-02-05 03:00,0.581
2016-02-05 04:00,0.607
2016-02-05 05:00,0.656
2016-02-05 06:00,0.710
2016-02-05 07:00,0.712
2016-02-05 08:00,0.738
2016-02-05 09:00,0.748
2016-02-05 10:00,0.808
2016-02-05 11:00,0.862
2016-02-05 12:00,0.891
2016-02-05 13:00,0.897
2016-02-05 14:00,0.896
2016-02-05 15:00,0.905
2016-02-05 16:00,0.919
2016-02-05 17:00,0.931
2016-02-05 18:00,0.941
2016-02-05 19:00,0.951
2016-02-05 20:00,0.956
2016-02-05 21:00,0.933
2016-02-05 22:00,0.856
2016-02-05 23:00,0.677
2016-02-06 00:00,0.395
2016-02-06 01:00,0.206
2016-02-06 02:00,0.226
2016-02-06 03:00,0.254
2016-02-06 04:00,0.254
2016-02-06 05:00,0.283
2016-02-06 06:00,0.330
2016-02-06 07:00,0.376
2016-02-06 08:00,0.400
2016-02-06 09:00,0.488
2016-02-06 10:00,0.665
2016-02-06 11:00,0.848
2016-02-06 12:00,0.943
2016-02-06 13:00,0.983
2016-02-06 14:00,0.985
2016-02-06 15:00,0.986
2016-02-06 16:00,0.986
2016-02-06 17:00,0.987
2016-02-06 18:00,0.981
2016-02-06 19:00,0.962
2016-02-06 20:00,0.900
2016-02-06 21:00,0.794
2016-02-06 22:00,0.715
2016-02-06 23:00,0.692
2016-02-07 00:00,0.661
2016-02-07 01:00,0.631
2016-02-07 02:00,0.589
2016-02-07 03:00,0.556
2016-02-07 04:00,0.581
2016-02-07 05:00,0.594
2016-02-07 06:00,0.648
2016-02-07 07:00,0.702
2016-02-07 08:00,0.750
2016-02-07 09:00,0.831
2016-02-07 10:00,0.871
2016-02-07 11:00,0.894
2016-02-07 12:00,0.922
2016-02-07 13:00,0.922
2016-02-07 14:00,0.910
2016-02-07 15:00,0.907
2016-02-07 16:00,0.913
2016-02-07 17:00,0.913
2016-02-07 18:00,0.943
2016-02-07 19:00,0.962
2016-02-07 20:00,0.964
2016-02-07 21:00,0.944
2016-02-07 22:00,0.929
2016-02-07 23:00,0.900
2016-02-08 00:00,0.888
2016-02-08 01:00,0.912
2016-02-08 02:00,0.925
2016-02-08 03:00,0.930
2016-02-08 04:00,0.941
2016-02-08 05:00,0.950
2016-02-08 06:00,0.949
2016-02-08 07:00,0.941
2016-02-08 08:00,0.932
2016-02-08 09:00,0.934
2016-02-08 10:00,0.933
2016-02-08 11:00,0.916
2016-02-08 12:00,0.893
2016-02-08 13:00,0.895
2016-02-08 14:00,0.922
2016-02-08 15:00,0.942
2016-02-08 16:00,0.944
2016-02-08 17:00,0.942
2016-02-08 18:00,0.951
2016-02-08 19:00,0.965
2016-02-08 20:00,0.971
2016-02-08 21:00,0.971
2016-02-08 22:00,0.968
2016-02-08 23:00,0.959
2016-02-09 00:00,0.943
2016-02-09 01:00,0.922
2016-02-09 02:00,0.899
2016-02-09 03:00,0.860
2016-02-09 04:00,0.817
2016-02-09 05:00,0.764
2016-02-09 06:00,0.689
2016-02-09 07:00,0.627
2016-02-09 08:00,0.581
2016-02-09 09:00,0.506
2016-02-09 10:00,0.559
2016-02-09 11:00,0.601
2016-02-09 12:00,0.594
2016-02-09 13:00,0.601
2016-02-09 14:00,0.586
2016-02-09 15:00,0.542
2016-02-09 16:00,0.545
2016-02-09 17:00,0.513
2016-02-09 18:00,0.495
2016-02-09 19:00,0.487
2016-02-09 20:00,0.490
2016-02-09 21:00,0.498
2016-02-09 22:00,0.504
2016-02-09 23:00,0.510
2016-02-10 00:00,0.530
2016-02-10 01:00,0.556
2016-02-10 02:00,0.561
2016-02-10 03:00,0.523
2016-02-10 04:00,0.487
2016-02-10 05:00,0.463
2016-02-10 06:00,0.447
2016-02-10 07:00,0.380
2016-02-10 08:00,0.330
2016-02-10 09:00,0.258
2016-02-10 10:00,0.296
2016-02-10 11:00,0.346
2016-02-10 12:00,0.410
2016-02-10 13:00,0.479
2016-02-10 14:00,0.523
2016-02-10 15:00,0.506
2016-02-10 16:00,0.510
2016-02-10 17:00,0.549
2016-02-10 18:00,0.577
2016-02-10 19:00,0.575
2016-02-10 20:00,0.581
2016-02-10 21:00,0.563
2016-02-10 22:00,0.562
2016-02-10 23:00,0.563
2016-02-11 00:00,0.562
2016-02-11 01:00,0.545
2016-02-11 02:00,0.518
2016-02-11 03:00,0.476
2016-02-11 04:00,0.428
2016-02-11 05:00,0.373
2016-02-11 06:00,0.335
2016-02-11 07:00,0.314
2016-02-11 08:00,0.270
2016-02-11 09:00,0.172
2016-02-11 10:00,0.124
2016-02-11 11:00,0.131
2016-02-11 12:00,0.134
2016-02-11 13:00,0.124
2016-02-11 14:00,0.104
2016-02-11 15:00,0.095
2016-02-11 16:00,0.101
2016-02-11 17:00,0.114
2016-02-11 18:00,0.136
2016-02-11 19:00,0.169
2016-02-11 20:00,0.212
2016-02-11 21:00,0.254
2016-02-11 22:00,0.260
2016-02-11 23:00,0.236
2016-02-12 00:00,0.211
2016-02-12 01:00,0.205
2016-02-12 02:00,0.210
2016-02-12 03:00,0.205
2016-02-12 04:00,0.198
2016-02-12 05:00,0.191
2016-02-12 06:00,0.172
2016-02-12 07:00,0.172
2016-02-12 08:00,0.175
2016-02-12 09:00,0.169
2016-02-12 10:00,0.166
2016-02-12 11:00,0.163
2016-02-12 12:00,0.169
2016-02-12 13:00,0.181
2016-02-12 14:00,0.188
2016-02-12 15:00,0.203
2016-02-12 16:00,0.251
2016-02-12 17:00,0.306
2016-02-12 18:00,0.353
2016-02-12 19:00,0.382
2016-02-12 20:00,0.377
2016-02-12 21:00,0.363
2016-02-12 22:00,0.338
2016-02-12 23:00,0.311
2016-02-13 00:00,0.290
2016-02-13 01:00,0.257
2016-02-13 02:00,0.233
2016-02-13 03:00,0.231
2016-02-13 04:00,0.269
2016-02-13 05:00,0.341
2016-02-13 06:00,0.423
2016-02-13 07:00,0.479
2016-02-13 08:00,0.461
2016-02-13 09:00,0.460
2016-02-13 10:00,0.588
2016-02-13 11:00,0.638
2016-02-13 12:00,0.663
2016-02-13 13:00,0.658
2016-02-13 14:00,0.616
2016-02-13 15:00,0.535
2016-02-13 16:00,0.533
2016-02-13 17:00,0.549
2016-02-13 18:00,0.549
2016-02-13 19:00,0.519
2016-02-13 20:00,0.505
2016-02-13 21:00,0.510
2016-02-13 22:00,0.510
2016-02-13 23:00,0.513
2016-02-14 00:00,0.525
2016-02-14 01:00,0.534
2016-02-14 02:00,0.550
2016-02-14 03:00,0.542
2016-02-14 04:00,0.543
2016-02-14 05:00,0.556
2016-02-14 06:00,0.558
2016-02-14 07:00,0.540
2016-02-14 08:00,0.439
2016-02-14 09:00,0.307
2016-02-14 10:00,0.480
2016-02-14 11:00,0.491
2016-02-14 12:00,0.480
2016-02-14 13:00,0.488
2016-02-14 14:00,0.479
2016-02-14 15:00,0.413
2016-02-14 16:00,0.429
2016-02-14 17:00,0.463
2016-02-14 18:00,0.485
2016-02-14 19:00,0.479
2016-02-14 20:00,0.486
2016-02-14 21:00,0.490
2016-02-14 22:00,0.499
2016-02-14 23:00,0.539
2016-02-15 00:00,0.562
2016-02-15 01:00,0.598
2016-02-15 02:00,0.634
2016-02-15 03:00,0.628
2016-02-15 04:00,0.601
2016-02-15 05:00,0.581
2016-02-15 06:00,0.576
2016-02-15 07:00,0.572
2016-02-15 08:00,0.513
2016-02-15 09:00,0.504
2016-02-15 10:00,0.583
2016-02-15 11:00,0.569
2016-02-15 12:00,0.525
2016-02-15 13:00,0.469
2016-02-15 14:00,0.376
2016-02-15 15:00,0.265
2016-02-15 16:00,0.254
2016-02-15 17:00,0.285
2016-02-15 18:00,0.285
2016-02-15 19:00,0.213
2016-02-15 20:00,0.131
2016-02-15 21:00,0.071
2016-02-15 22:00,0.038
2016-02-15 23:00,0.026
2016-02-16 00:00,0.041
2016-02-16 01:00,0.091
2016-02-16 02:00,0.191
2016-02-16 03:00,0.292
2016-02-16 04:00,0.365
2016-02-16 05:00,0.430
2016-02-16 06:00,0.463
2016-02-16 07:00,0.481
2016-02-16 08:00,0.463
2016-02-16 09:00,0.550
2016-02-16 10:00,0.748
2016-02-16 11:00,0.830
2016-02-16 12:00,0.864
2016-02-16 13:00,0.878
2016-02-16 14:00,0.868
2016-02-16 15:00,0.861
2016-02-16 16:00,0.868
2016-02-16 17:00,0.868
2016-02-16 18:00,0.833
2016-02-16 19:00,0.841
2016-02-16 20:00,0.866
2016-02-16 21:00,0.856
2016-02-16 22:00,0.866
2016-02-16 23:00,0.873
2016-02-17 00:00,0.881
2016-02-17 01:00,0.879
2016-02-17 02:00,0.868
2016-02-17 03:00,0.855
2016-02-17 04:00,0.841
2016-02-17 05:00,0.824
2016-02-17 06:00,0.808
2016-02-17 07:00,0.792
2016-02-17 08:00,0.761
2016-02-17 09:00,0.710
2016-02-17 10:00,0.604
2016-02-17 11:00,0.460
2016-02-17 12:00,0.344
2016-02-17 13:00,0.228
2016-02-17 14:00,0.136
2016-02-17 15:00,0.091
2016-02-17 16:00,0.090
2016-02-17 17:00,0.126
2016-02-17 18:00,0.177
2016-02-17 19:00,0.227
2016-02-17 20:00,0.268
2016-02-17 21:00,0.261
2016-02-17 22:00,0.253
2016-02-17 23:00,0.279
2016-02-18 00:00,0.302
2016-02-18 01:00,0.318
2016-02-18 02:00,0.351
2016-02-18 03:00,0.370
2016-02-18 04:00,0.381
2016-02-18 05:00,0.357
2016-02-18 06:00,0.339
2016-02-18 07:00,0.320
2016-02-18 08:00,0.249
2016-02-18 09:00,0.154
2016-02-18 10:00,0.253
2016-02-18 11:00,0.305
2016-02-18 12:00,0.334
2016-02-18 13:00,0.342
2016-02-18 14:00,0.342
2016-02-18 15:00,0.309
2016-02-18 16:00,0.342
2016-02-18 17:00,0.393
2016-02-18 18:00,0.398
2016-02-18 19:00,0.394
2016-02-18 20:00,0.413
2016-02-18 21:00,0.448
2016-02-18 22:00,0.453
2016-02-18 23:00,0.452
2016-02-19 00:00,0.429
2016-02-19 01:00,0.352
2016-02-19 02:00,0.302
2016-02-19 03:00,0.266
2016-02-19 04:00,0.257
2016-02-19 05:00,0.270
2016-02-19 06:00,0.296
2016-02-19 07:00,0.335
2016-02-19 08:00,0.397
2016-02-19 09:00,0.419
2016-02-19 10:00,0.577
2016-02-19 11:00,0.694
2016-02-19 12:00,0.783
2016-02-19 13:00,0.806
2016-02-19 14:00,0.797
2016-02-19 15:00,0.836
2016-02-19 16:00,0.873
2016-02-19 17:00,0.887
2016-02-19 18:00,0.896
2016-02-19 19:00,0.883
2016-02-19 20:00,0.867
2016-02-19 21:00,0.879
2016-02-19 22:00,0.905
2016-02-19 23:00,0.901
2016-02-20 00:00,0.900
2016-02-20 01:00,0.895
2016-02-20 02:00,0.891
2016-02-20 03:00,0.885
2016-02-20 04:00,0.878
2016-02-20 05:00,0.875
2016-02-20 06:00,0.879
2016-02-20 07:00,0.883
2016-02-20 08:00,0.897
2016-02-20 09:00,0.894
2016-02-20 10:00,0.893
2016-02-20 11:00,0.894
2016-02-20 12:00,0.887
2016-02-20 13:00,0.887
2016-02-20 14:00,0.890
2016-02-20 15:00,0.904
2016-02-20 16:00,0.915
2016-02-20 17:00,0.917
2016-02-20 18:00,0.915
2016-02-20 19:00,0.916
2016-02-20 20:00,0.921
2016-02-20 21:00,0.920
2016-02-20 22:00,0.921
2016-02-20 23:00,0.919
2016-02-21 00:00,0.916
2016-02-21 01:00,0.904
2016-02-21 02:00,0.876
2016-02-21 03:00,0.840
2016-02-21 04:00,0.813
2016-02-21 05:00,0.792
2016-02-21 06:00,0.777
2016-02-21 07:00,0.818
2016-02-21 08:00,0.868
2016-02-21 09:00,0.911
2016-02-21 10:00,0.952
2016-02-21 11:00,0.975
2016-02-21 12:00,0.984
2016-02-21 13:00,0.985
2016-02-21 14:00,0.983
2016-02-21 15:00,0.973
2016-02-21 16:00,0.957
2016-02-21 17:00,0.927
2016-02-21 18:00,0.894
2016-02-21 19:00,0.864
2016-02-21 20:00,0.822
2016-02-21 21:00,0.791
2016-02-21 22:00,0.750
2016-02-21 23:00,0.700
2016-02-22 00:00,0.700
2016-02-22 01:00,0.702
2016-02-22 02:00,0.704
2016-02-22 03:00,0.697
2016-02-22 04:00,0.696
2016-02-22 05:00,0.670
2016-02-22 06:00,0.669
2016-02-22 07:00,0.653
2016-02-22 08:00,0.543
2016-02-22 09:00,0.663
2016-02-22 10:00,0.762
2016-02-22 11:00,0.773
2016-02-22 12:00,0.765
2016-02-22 13:00,0.743
2016-02-22 14:00,0.716
2016-02-22 15:00,0.616
2016-02-22 16:00,0.524
2016-02-22 17:00,0.519
2016-02-22 18:00,0.505
2016-02-22 19:00,0.489
2016-02-22 20:00,0.485
2016-02-22 21:00,0.466
2016-02-22 22:00,0.450
2016-02-22 23:00,0.442
2016-02-23 00:00,0.420
2016-02-23 01:00,0.387
2016-02-23 02:00,0.345
2016-02-23 03:00,0.290
2016-02-23 04:00,0.235
2016-02-23 05:00,0.217
2016-02-23 06:00,0.185
2016-02-23 07:00,0.176
2016-02-23 08:00,0.163
2016-02-23 09:00,0.194
2016-02-23 10:00,0.258
2016-02-23 11:00,0.254
2016-02-23 12:00,0.243
2016-02-23 13:00,0.243
2016-02-23 14:00,0.245
2016-02-23 15:00,0.231
2016-02-23 16:00,0.230
2016-02-23 17:00,0.248
2016-02-23 18:00,0.238
2016-02-23 19:00,0.214
2016-02-23 20:00,0.184
2016-02-23 21:00,0.155
2016-02-23 22:00,0.138
2016-02-23 23:00,0.135
2016-02-24 00:00,0.137
2016-02-24 01:00,0.137
2016-02-24 02:00,0.138
2016-02-24 03:00,0.136
2016-02-24 04:00,0.131
2016-02-24 05:00,0.124
2016-02-24 06:00,0.120
2016-02-24 07:00,0.115
2016-02-24 08:00,0.074
2016-02-24 09:00,0.061
2016-02-24 10:00,0.069
2016-02-24 11:00,0.071
2016-02-24 12:00,0.074
2016-02-24 13:00,0.081
2016-02-24 14:00,0.085
2016-02-24 15:00,0.084
2016-02-24 16:00,0.094
2016-02-24 17:00,0.099
2016-02-24 18:00,0.102
2016-02-24 19:00,0.109
2016-02-24 20:00,0.121
2016-02-24 21:00,0.129
2016-02-24 22:00,0.136
2016-02-24 23:00,0.149
2016-02-25 00:00,0.174
2016-02-25 01:00,0.204
2016-02-25 02:00,0.233
2016-02-25 03:00,0.257
2016-02-25 04:00,0.263
2016-02-25 05:00,0.246
2016-02-25 06:00,0.229
2016-02-25 07:00,0.203
2016-02-25 08:00,0.127
2016-02-25 09:00,0.163
2016-02-25 10:00,0.182
2016-02-25 11:00,0.181
2016-02-25 12:00,0.178
2016-02-25 13:00,0.174
2016-02-25 14:00,0.169
2016-02-25 15:00,0.145
2016-02-25 16:00,0.134
2016-02-25 17:00,0.118
2016-02-25 18:00,0.096
2016-02-25 19:00,0.072
2016-02-25 20:00,0.057
2016-02-25 21:00,0.067
2016-02-25 22:00,0.098
2016-02-25 23:00,0.134
2016-02-26 00:00,0.162
2016-02-26 01:00,0.179
2016-02-26 02:00,0.183
2016-02-26 03:00,0.188
2016-02-26 04:00,0.192
2016-02-26 05:00,0.193
2016-02-26 06:00,0.192
2016-02-26 07:00,0.183
2016-02-26 08:00,0.132
2016-02-26 09:00,0.107
2016-02-26 10:00,0.192
2016-02-26 11:00,0.204
2016-02-26 12:00,0.183
2016-02-26 13:00,0.160
2016-02-26 14:00,0.149
2016-02-26 15:00,0.153
2016-02-26 16:00,0.230
2016-02-26 17:00,0.355
2016-02-26 18:00,0.439
2016-02-26 19:00,0.457
2016-02-26 20:00,0.439
2016-02-26 21:00,0.390
2016-02-26 22:00,0.333
2016-02-26 23:00,0.271
2016-02-27 00:00,0.216
2016-02-27 01:00,0.184
2016-02-27 02:00,0.173
2016-02-27 03:00,0.192
2016-02-27 04:00,0.223
2016-02-27 05:00,0.254
2016-02-27 06:00,0.276
2016-02-27 07:00,0.279
2016-02-27 08:00,0.198
2016-02-27 09:00,0.196
2016-02-27 10:00,0.208
2016-02-27 11:00,0.204
2016-02-27 12:00,0.212
2016-02-27 13:00,0.227
2016-02-27 14:00,0.239
2016-02-27 15:00,0.247
2016-02-27 16:00,0.287
2016-02-27 17:00,0.333
2016-02-27 18:00,0.343
2016-02-27 19:00,0.334
2016-02-27 20:00,0.320
2016-02-27 21:00,0.318
2016-02-27 22:00,0.321
2016-02-27 23:00,0.331
2016-02-28 00:00,0.341
2016-02-28 01:00,0.345
2016-02-28 02:00,0.354
2016-02-28 03:00,0.378
2016-02-28 04:00,0.416
2016-02-28 05:00,0.418
2016-02-28 06:00,0.387
2016-02-28 07:00,0.345
2016-02-28 08:00,0.269
2016-02-28 09:00,0.246
2016-02-28 10:00,0.284
2016-02-28 11:00,0.258
2016-02-28 12:00,0.218
2016-02-28 13:00,0.179
2016-02-28 14:00,0.161
2016-02-28 15:00,0.171
2016-02-28 16:00,0.213
2016-02-28 17:00,0.261
2016-02-28 18:00,0.275
2016-02-28 19:00,0.257
2016-02-28 20:00,0.207
2016-02-28 21:00,0.139
2016-02-28 22:00,0.070
2016-02-28 23:00,0.036
2016-02-29 00:00,0.027
2016-02-29 01:00,0.026
2016-02-29 02:00,0.019
2016-02-29 03:00,0.017
2016-02-29 04:00,0.025
2016-02-29 05:00,0.034
2016-02-29 06:00,0.055
2016-02-29 07:00,0.090
2016-02-29 08:00,0.097
2016-02-29 09:00,0.095
2016-02-29 10:00,0.173
2016-02-29 11:00,0.265
2016-02-29 12:00,0.338
2016-02-29 13:00,0.368
2016-02-29 14:00,0.403
2016-02-29 15:00,0.427
2016-02-29 16:00,0.449
2016-02-29 17:00,0.514
2016-02-29 18:00,0.607
2016-02-29 19:00,0.647
2016-02-29 20:00,0.663
2016-02-29 21:00,0.667
2016-02-29 22:00,0.719
2016-02-29 23:00,0.789
2016-03-01 00:00,0.814
2016-03-01 01:00,0.812
2016-03-01 02:00,0.761
2016-03-01 03:00,0.731
2016-03-01 04:00,0.777
2016-03-01 05:00,0.804
2016-03-01 06:00,0.817
2016-03-01 07:00,0.817
2016-03-01 08:00,0.808
2016-03-01 09:00,0.803
2016-03-01 10:00,0.798
2016-03-01 11:00,0.866
2016-03-01 12:00,0.917
2016-03-01 13:00,0.920
2016-03-01 14:00,0.890
2016-03-01 15:00,0.861
2016-03-01 16:00,0.853
2016-03-01 17:00,0.851
2016-03-01 18:00,0.853
2016-03-01 19:00,0.855
2016-03-01 20:00,0.853
2016-03-01 21:00,0.835
2016-03-01 22:00,0.778
2016-03-01 23:00,0.700
2016-03-02 00:00,0.654
2016-03-02 01:00,0.669
2016-03-02 02:00,0.734
2016-03-02 03:00,0.785
2016-03-02 04:00,0.843
2016-03-02 05:00,0.923
2016-03-02 06:00,0.924
2016-03-02 07:00,0.784
2016-03-02 08:00,0.554
2016-03-02 09:00,0.536
2016-03-02 10:00,0.615
2016-03-02 11:00,0.682
2016-03-02 12:00,0.753
2016-03-02 13:00,0.801
2016-03-02 14:00,0.820
2016-03-02 15:00,0.789
2016-03-02 16:00,0.711
2016-03-02 17:00,0.754
2016-03-02 18:00,0.892
2016-03-02 19:00,0.956
2016-03-02 20:00,0.970
2016-03-02 21:00,0.963
2016-03-02 22:00,0.937
2016-03-02 23:00,0.896
2016-03-03 00:00,0.819
2016-03-03 01:00,0.732
2016-03-03 02:00,0.612
2016-03-03 03:00,0.510
2016-03-03 04:00,0.439
2016-03-03 05:00,0.372
2016-03-03 06:00,0.288
2016-03-03 07:00,0.187
2016-03-03 08:00,0.117
2016-03-03 09:00,0.107
2016-03-03 10:00,0.117
2016-03-03 11:00,0.138
2016-03-03 12:00,0.183
2016-03-03 13:00,0.222
2016-03-03 14:00,0.251
2016-03-03 15:00,0.228
2016-03-03 16:00,0.135
2016-03-03 17:00,0.161
2016-03-03 18:00,0.334
2016-03-03 19:00,0.432
2016-03-03 20:00,0.431
2016-03-03 21:00,0.408
2016-03-03 22:00,0.410
2016-03-03 23:00,0.362
2016-03-04 00:00,0.280
2016-03-04 01:00,0.174
2016-03-04 02:00,0.132
2016-03-04 03:00,0.119
2016-03-04 04:00,0.148
2016-03-04 05:00,0.179
2016-03-04 06:00,0.194
2016-03-04 07:00,0.189
2016-03-04 08:00,0.189
2016-03-04 09:00,0.204
2016-03-04 10:00,0.185
2016-03-04 11:00,0.184
2016-03-04 12:00,0.224
2016-03-04 13:00,0.274
2016-03-04 14:00,0.346
2016-03-04 15:00,0.418
2016-03-04 16:00,0.478
2016-03-04 17:00,0.535
2016-03-04 18:00,0.545
2016-03-04 19:00,0.548
2016-03-04 20:00,0.533
2016-03-04 21:00,0.523
2016-03-04 22:00,0.517
2016-03-04 23:00,0.520
2016-03-05 00:00,0.502
2016-03-05 01:00,0.506
2016-03-05 02:00,0.505
2016-03-05 03:00,0.513
2016-03-05 04:00,0.497
2016-03-05 05:00,0.473
2016-03-05 06:00,0.479
2016-03-05 07:00,0.473
2016-03-05 08:00,0.455
2016-03-05 09:00,0.549
2016-03-05 10:00,0.679
2016-03-05 11:00,0.675
2016-03-05 12:00,0.663
2016-03-05 13:00,0.652
2016-03-05 14:00,0.616
2016-03-05 15:00,0.519
2016-03-05 16:00,0.432
2016-03-05 17:00,0.445
2016-03-05 18:00,0.466
2016-03-05 19:00,0.462
2016-03-05 20:00,0.479
2016-03-05 21:00,0.492
2016-03-05 22:00,0.473
2016-03-05 23:00,0.403
2016-03-06 00:00,0.322
2016-03-06 01:00,0.305
2016-03-06 02:00,0.303
2016-03-06 03:00,0.279
2016-03-06 04:00,0.249
2016-03-06 05:00,0.257
2016-03-06 06:00,0.257
2016-03-06 07:00,0.223
2016-03-06 08:00,0.165
2016-03-06 09:00,0.146
2016-03-06 10:00,0.114
2016-03-06 11:00,0.108
2016-03-06 12:00,0.124
2016-03-06 13:00,0.141
2016-03-06 14:00,0.149
2016-03-06 15:00,0.151
2016-03-06 16:00,0.147
2016-03-06 17:00,0.182
2016-03-06 18:00,0.231
2016-03-06 19:00,0.268
2016-03-06 20:00,0.287
2016-03-06 21:00,0.309
2016-03-06 22:00,0.357
2016-03-06 23:00,0.429
2016-03-07 00:00,0.471
2016-03-07 01:00,0.485
2016-03-07 02:00,0.476
2016-03-07 03:00,0.479
2016-03-07 04:00,0.475
2016-03-07 05:00,0.479
2016-03-07 06:00,0.486
2016-03-07 07:00,0.411
2016-03-07 08:00,0.354
2016-03-07 09:00,0.468
2016-03-07 10:00,0.436
2016-03-07 11:00,0.360
2016-03-07 12:00,0.299
2016-03-07 13:00,0.261
2016-03-07 14:00,0.238
2016-03-07 15:00,0.226
2016-03-07 16:00,0.210
2016-03-07 17:00,0.237
2016-03-07 18:00,0.235
2016-03-07 19:00,0.211
2016-03-07 20:00,0.187
2016-03-07 21:00,0.181
2016-03-07 22:00,0.189
2016-03-07 23:00,0.204
2016-03-08 00:00,0.194
2016-03-08 01:00,0.151
2016-03-08 02:00,0.137
2016-03-08 03:00,0.194
2016-03-08 04:00,0.281
2016-03-08 05:00,0.309
2016-03-08 06:00,0.320
2016-03-08 07:00,0.309
2016-03-08 08:00,0.251
2016-03-08 09:00,0.319
2016-03-08 10:00,0.445
2016-03-08 11:00,0.510
2016-03-08 12:00,0.529
2016-03-08 13:00,0.466
2016-03-08 14:00,0.378
2016-03-08 15:00,0.342
2016-03-08 16:00,0.309
2016-03-08 17:00,0.302
2016-03-08 18:00,0.321
2016-03-08 19:00,0.343
2016-03-08 20:00,0.299
2016-03-08 21:00,0.204
2016-03-08 22:00,0.122
2016-03-08 23:00,0.063
2016-03-09 00:00,0.029
2016-03-09 01:00,0.050
2016-03-09 02:00,0.099
2016-03-09 03:00,0.173
2016-03-09 04:00,0.299
2016-03-09 05:00,0.476
2016-03-09 06:00,0.606
2016-03-09 07:00,0.606
2016-03-09 08:00,0.601
2016-03-09 09:00,0.603
2016-03-09 10:00,0.622
2016-03-09 11:00,0.682
2016-03-09 12:00,0.725
2016-03-09 13:00,0.723
2016-03-09 14:00,0.703
2016-03-09 15:00,0.670
2016-03-09 16:00,0.644
2016-03-09 17:00,0.625
2016-03-09 18:00,0.583
2016-03-09 19:00,0.513
2016-03-09 20:00,0.450
2016-03-09 21:00,0.423
2016-03-09 22:00,0.432
2016-03-09 23:00,0.436
2016-03-10 00:00,0.434
2016-03-10 01:00,0.404
2016-03-10 02:00,0.404
2016-03-10 03:00,0.394
2016-03-10 04:00,0.374
2016-03-10 05:00,0.320
2016-03-10 06:00,0.259
2016-03-10 07:00,0.196
2016-03-10 08:00,0.141
2016-03-10 09:00,0.114
2016-03-10 10:00,0.089
2016-03-10 11:00,0.068
2016-03-10 12:00,0.046
2016-03-10 13:00,0.030
2016-03-10 14:00,0.029
2016-03-10 15:00,0.035
2016-03-10 16:00,0.045
2016-03-10 17:00,0.048
2016-03-10 18:00,0.048
2016-03-10 19:00,0.053
2016-03-10 20:00,0.059
2016-03-10 21:00,0.066
2016-03-10 22:00,0.066
2016-03-10 23:00,0.058
2016-03-11 00:00,0.050
2016-03-11 01:00,0.043
2016-03-11 02:00,0.035
2016-03-11 03:00,0.030
2016-03-11 04:00,0.027
2016-03-11 05:00,0.030
2016-03-11 06:00,0.044
2016-03-11 07:00,0.049
2016-03-11 08:00,0.041
2016-03-11 09:00,0.053
2016-03-11 10:00,0.066
2016-03-11 11:00,0.084
2016-03-11 12:00,0.106
2016-03-11 13:00,0.123
2016-03-11 14:00,0.127
2016-03-11 15:00,0.120
2016-03-11 16:00,0.116
2016-03-11 17:00,0.158
2016-03-11 18:00,0.238
2016-03-11 19:00,0.325
2016-03-11 20:00,0.392
2016-03-11 21:00,0.408
2016-03-11 22:00,0.390
2016-03-11 23:00,0.370
2016-03-12 00:00,0.355
2016-03-12 01:00,0.339
2016-03-12 02:00,0.324
2016-03-12 03:00,0.311
2016-03-12 04:00,0.305
2016-03-12 05:00,0.306
2016-03-12 06:00,0.299
2016-03-12 07:00,0.209
2016-03-12 08:00,0.131
2016-03-12 09:00,0.132
2016-03-12 10:00,0.140
2016-03-12 11:00,0.125
2016-03-12 12:00,0.102
2016-03-12 13:00,0.081
2016-03-12 14:00,0.064
2016-03-12 15:00,0.055
2016-03-12 16:00,0.051
2016-03-12 17:00,0.048
2016-03-12 18:00,0.046
2016-03-12 19:00,0.049
2016-03-12 20:00,0.061
2016-03-12 21:00,0.070
2016-03-12 22:00,0.064
2016-03-12 23:00,0.050
2016-03-13 00:00,0.050
2016-03-13 01:00,0.069
2016-03-13 02:00,0.078
2016-03-13 03:00,0.056
2016-03-13 04:00,0.041
2016-03-13 05:00,0.063
2016-03-13 06:00,0.093
2016-03-13 07:00,0.091
2016-03-13 08:00,0.068
2016-03-13 09:00,0.093
2016-03-13 10:00,0.099
2016-03-13 11:00,0.095
2016-03-13 12:00,0.101
2016-03-13 13:00,0.104
2016-03-13 14:00,0.106
2016-03-13 15:00,0.114
2016-03-13 16:00,0.156
2016-03-13 17:00,0.253
2016-03-13 18:00,0.317
2016-03-13 19:00,0.318
2016-03-13 20:00,0.291
2016-03-13 21:00,0.259
2016-03-13 22:00,0.232
2016-03-13 23:00,0.222
2016-03-14 00:00,0.230
2016-03-14 01:00,0.223
2016-03-14 02:00,0.181
2016-03-14 03:00,0.137
2016-03-14 04:00,0.113
2016-03-14 05:00,0.109
2016-03-14 06:00,0.121
2016-03-14 07:00,0.132
2016-03-14 08:00,0.167
2016-03-14 09:00,0.265
2016-03-14 10:00,0.319
2016-03-14 11:00,0.380
2016-03-14 12:00,0.443
2016-03-14 13:00,0.481
2016-03-14 14:00,0.503
2016-03-14 15:00,0.497
2016-03-14 16:00,0.452
2016-03-14 17:00,0.448
2016-03-14 18:00,0.484
2016-03-14 19:00,0.470
2016-03-14 20:00,0.443
2016-03-14 21:00,0.417
2016-03-14 22:00,0.390
2016-03-14 23:00,0.378
2016-03-15 00:00,0.395
2016-03-15 01:00,0.407
2016-03-15 02:00,0.416
2016-03-15 03:00,0.416
2016-03-15 04:00,0.419
2016-03-15 05:00,0.403
2016-03-15 06:00,0.365
2016-03-15 07:00,0.299
2016-03-15 08:00,0.310
2016-03-15 09:00,0.323
2016-03-15 10:00,0.341
2016-03-15 11:00,0.351
2016-03-15 12:00,0.355
2016-03-15 13:00,0.374
2016-03-15 14:00,0.394
2016-03-15 15:00,0.405
2016-03-15 16:00,0.374
2016-03-15 17:00,0.349
2016-03-15 18:00,0.349
2016-03-15 19:00,0.377
2016-03-15 20:00,0.377
2016-03-15 21:00,0.374
2016-03-15 22:00,0.370
2016-03-15 23:00,0.358
2016-03-16 00:00,0.359
2016-03-16 01:00,0.365
2016-03-16 02:00,0.365
2016-03-16 03:00,0.365
2016-03-16 04:00,0.355
2016-03-16 05:00,0.349
2016-03-16 06:00,0.360
2016-03-16 07:00,0.394
2016-03-16 08:00,0.405
2016-03-16 09:00,0.426
2016-03-16 10:00,0.460
2016-03-16 11:00,0.497
2016-03-16 12:00,0.516
2016-03-16 13:00,0.527
2016-03-16 14:00,0.533
2016-03-16 15:00,0.539
2016-03-16 16:00,0.523
2016-03-16 17:00,0.490
2016-03-16 18:00,0.482
2016-03-16 19:00,0.466
2016-03-16 20:00,0.432
2016-03-16 21:00,0.367
2016-03-16 22:00,0.297
2016-03-16 23:00,0.232
2016-03-17 00:00,0.183
2016-03-17 01:00,0.162
2016-03-17 02:00,0.159
2016-03-17 03:00,0.147
2016-03-17 04:00,0.127
2016-03-17 05:00,0.109
2016-03-17 06:00,0.098
2016-03-17 07:00,0.075
2016-03-17 08:00,0.066
2016-03-17 09:00,0.053
2016-03-17 10:00,0.039
2016-03-17 11:00,0.028
2016-03-17 12:00,0.020
2016-03-17 13:00,0.013
2016-03-17 14:00,0.010
2016-03-17 15:00,0.013
2016-03-17 16:00,0.020
2016-03-17 17:00,0.036
2016-03-17 18:00,0.054
2016-03-17 19:00,0.067
2016-03-17 20:00,0.068
2016-03-17 21:00,0.061
2016-03-17 22:00,0.058
2016-03-17 23:00,0.062
2016-03-18 00:00,0.078
2016-03-18 01:00,0.109
2016-03-18 02:00,0.138
2016-03-18 03:00,0.157
2016-03-18 04:00,0.168
2016-03-18 05:00,0.183
2016-03-18 06:00,0.198
2016-03-18 07:00,0.217
2016-03-18 08:00,0.235
2016-03-18 09:00,0.245
2016-03-18 10:00,0.238
2016-03-18 11:00,0.242
2016-03-18 12:00,0.248
2016-03-18 13:00,0.251
2016-03-18 14:00,0.261
2016-03-18 15:00,0.278
2016-03-18 16:00,0.279
2016-03-18 17:00,0.251
2016-03-18 18:00,0.289
2016-03-18 19:00,0.330
2016-03-18 20:00,0.348
2016-03-18 21:00,0.377
2016-03-18 22:00,0.381
2016-03-18 23:00,0.377
2016-03-19 00:00,0.365
2016-03-19 01:00,0.356
2016-03-19 02:00,0.355
2016-03-19 03:00,0.354
2016-03-19 04:00,0.352
2016-03-19 05:00,0.355
2016-03-19 06:00,0.349
2016-03-19 07:00,0.275
2016-03-19 08:00,0.365
2016-03-19 09:00,0.370
2016-03-19 10:00,0.322
2016-03-19 11:00,0.284
2016-03-19 12:00,0.257
2016-03-19 13:00,0.240
2016-03-19 14:00,0.226
2016-03-19 15:00,0.217
2016-03-19 16:00,0.209
2016-03-19 17:00,0.214
2016-03-19 18:00,0.218
2016-03-19 19:00,0.176
2016-03-19 20:00,0.123
2016-03-19 21:00,0.084
2016-03-19 22:00,0.059
2016-03-19 23:00,0.046
2016-03-20 00:00,0.052
2016-03-20 01:00,0.070
2016-03-20 02:00,0.090
2016-03-20 03:00,0.104
2016-03-20 04:00,0.112
2016-03-20 05:00,0.121
2016-03-20 06:00,0.127
2016-03-20 07:00,0.090
2016-03-20 08:00,0.095
2016-03-20 09:00,0.094
2016-03-20 10:00,0.072
2016-03-20 11:00,0.060
2016-03-20 12:00,0.056
2016-03-20 13:00,0.054
2016-03-20 14:00,0.051
2016-03-20 15:00,0.052
2016-03-20 16:00,0.057
2016-03-20 17:00,0.081
2016-03-20 18:00,0.118
2016-03-20 19:00,0.153
2016-03-20 20:00,0.193
2016-03-20 21:00,0.257
2016-03-20 22:00,0.335
2016-03-20 23:00,0.395
2016-03-21 00:00,0.403
2016-03-21 01:00,0.403
2016-03-21 02:00,0.418
2016-03-21 03:00,0.423
2016-03-21 04:00,0.399
2016-03-21 05:00,0.365
2016-03-21 06:00,0.328
2016-03-21 07:00,0.308
2016-03-21 08:00,0.374
2016-03-21 09:00,0.413
2016-03-21 10:00,0.356
2016-03-21 11:00,0.321
2016-03-21 12:00,0.310
2016-03-21 13:00,0.314
2016-03-21 14:00,0.311
2016-03-21 15:00,0.292
2016-03-21 16:00,0.279
2016-03-21 17:00,0.338
2016-03-21 18:00,0.433
2016-03-21 19:00,0.454
2016-03-21 20:00,0.429
2016-03-21 21:00,0.384
2016-03-21 22:00,0.333
2016-03-21 23:00,0.272
2016-03-22 00:00,0.236
2016-03-22 01:00,0.197
2016-03-22 02:00,0.187
2016-03-22 03:00,0.164
2016-03-22 04:00,0.156
2016-03-22 05:00,0.137
2016-03-22 06:00,0.122
2016-03-22 07:00,0.097
2016-03-22 08:00,0.099
2016-03-22 09:00,0.116
2016-03-22 10:00,0.105
2016-03-22 11:00,0.087
2016-03-22 12:00,0.071
2016-03-22 13:00,0.056
2016-03-22 14:00,0.043
2016-03-22 15:00,0.037
2016-03-22 16:00,0.038
2016-03-22 17:00,0.052
2016-03-22 18:00,0.067
2016-03-22 19:00,0.067
2016-03-22 20:00,0.067
2016-03-22 21:00,0.081
2016-03-22 22:00,0.118
2016-03-22 23:00,0.162
2016-03-23 00:00,0.199
2016-03-23 01:00,0.209
2016-03-23 02:00,0.211
2016-03-23 03:00,0.207
2016-03-23 04:00,0.196
2016-03-23 05:00,0.174
2016-03-23 06:00,0.157
2016-03-23 07:00,0.109
2016-03-23 08:00,0.089
2016-03-23 09:00,0.082
2016-03-23 10:00,0.087
2016-03-23 11:00,0.109
2016-03-23 12:00,0.155
2016-03-23 13:00,0.224
2016-03-23 14:00,0.272
2016-03-23 15:00,0.260
2016-03-23 16:00,0.214
2016-03-23 17:00,0.200
2016-03-23 18:00,0.222
2016-03-23 19:00,0.214
2016-03-23 20:00,0.207
2016-03-23 21:00,0.229
2016-03-23 22:00,0.283
2016-03-23 23:00,0.321
2016-03-24 00:00,0.326
2016-03-24 01:00,0.326
2016-03-24 02:00,0.321
2016-03-24 03:00,0.312
2016-03-24 04:00,0.312
2016-03-24 05:00,0.305
2016-03-24 06:00,0.297
2016-03-24 07:00,0.297
2016-03-24 08:00,0.317
2016-03-24 09:00,0.400
2016-03-24 10:00,0.512
2016-03-24 11:00,0.637
2016-03-24 12:00,0.707
2016-03-24 13:00,0.733
2016-03-24 14:00,0.703
2016-03-24 15:00,0.652
2016-03-24 16:00,0.637
2016-03-24 17:00,0.619
2016-03-24 18:00,0.569
2016-03-24 19:00,0.466
2016-03-24 20:00,0.381
2016-03-24 21:00,0.326
2016-03-24 22:00,0.333
2016-03-24 23:00,0.365
2016-03-25 00:00,0.370
2016-03-25 01:00,0.403
2016-03-25 02:00,0.412
2016-03-25 03:00,0.438
2016-03-25 04:00,0.419
2016-03-25 05:00,0.384
2016-03-25 06:00,0.317
2016-03-25 07:00,0.229
2016-03-25 08:00,0.190
2016-03-25 09:00,0.159
2016-03-25 10:00,0.130
2016-03-25 11:00,0.173
2016-03-25 12:00,0.295
2016-03-25 13:00,0.365
2016-03-25 14:00,0.387
2016-03-25 15:00,0.395
2016-03-25 16:00,0.395
2016-03-25 17:00,0.471
2016-03-25 18:00,0.587
2016-03-25 19:00,0.628
2016-03-25 20:00,0.599
2016-03-25 21:00,0.595
2016-03-25 22:00,0.628
2016-03-25 23:00,0.654
2016-03-26 00:00,0.675
2016-03-26 01:00,0.686
2016-03-26 02:00,0.692
2016-03-26 03:00,0.694
2016-03-26 04:00,0.749
2016-03-26 05:00,0.772
2016-03-26 06:00,0.745
2016-03-26 07:00,0.758
2016-03-26 08:00,0.819
2016-03-26 09:00,0.853
2016-03-26 10:00,0.895
2016-03-26 11:00,0.947
2016-03-26 12:00,0.963
2016-03-26 13:00,0.972
2016-03-26 14:00,0.984
2016-03-26 15:00,0.984
2016-03-26 16:00,0.968
2016-03-26 17:00,0.944
2016-03-26 18:00,0.893
2016-03-26 19:00,0.877
2016-03-26 20:00,0.907
2016-03-26 21:00,0.895
2016-03-26 22:00,0.848
2016-03-26 23:00,0.783
2016-03-27 00:00,0.692
2016-03-27 01:00,0.584
2016-03-27 02:00,0.601
2016-03-27 03:00,0.653
2016-03-27 04:00,0.702
2016-03-27 05:00,0.705
2016-03-27 06:00,0.713
2016-03-27 07:00,0.748
2016-03-27 08:00,0.828
2016-03-27 09:00,0.853
2016-03-27 10:00,0.872
2016-03-27 11:00,0.883
2016-03-27 12:00,0.887
2016-03-27 13:00,0.902
2016-03-27 14:00,0.891
2016-03-27 15:00,0.861
2016-03-27 16:00,0.854
2016-03-27 17:00,0.851
2016-03-27 18:00,0.839
2016-03-27 19:00,0.816
2016-03-27 20:00,0.756
2016-03-27 21:00,0.618
2016-03-27 22:00,0.505
2016-03-27 23:00,0.410
2016-03-28 00:00,0.292
2016-03-28 01:00,0.252
2016-03-28 02:00,0.393
2016-03-28 03:00,0.505
2016-03-28 04:00,0.492
2016-03-28 05:00,0.533
2016-03-28 06:00,0.702
2016-03-28 07:00,0.828
2016-03-28 08:00,0.868
2016-03-28 09:00,0.890
2016-03-28 10:00,0.915
2016-03-28 11:00,0.933
2016-03-28 12:00,0.935
2016-03-28 13:00,0.929
2016-03-28 14:00,0.916
2016-03-28 15:00,0.887
2016-03-28 16:00,0.813
2016-03-28 17:00,0.736
2016-03-28 18:00,0.661
2016-03-28 19:00,0.573
2016-03-28 20:00,0.552
2016-03-28 21:00,0.548
2016-03-28 22:00,0.527
2016-03-28 23:00,0.510
2016-03-29 00:00,0.486
2016-03-29 01:00,0.447
2016-03-29 02:00,0.383
2016-03-29 03:00,0.305
2016-03-29 04:00,0.241
2016-03-29 05:00,0.215
2016-03-29 06:00,0.216
2016-03-29 07:00,0.275
2016-03-29 08:00,0.387
2016-03-29 09:00,0.513
2016-03-29 10:00,0.604
2016-03-29 11:00,0.654
2016-03-29 12:00,0.621
2016-03-29 13:00,0.555
2016-03-29 14:00,0.523
2016-03-29 15:00,0.421
2016-03-29 16:00,0.279
2016-03-29 17:00,0.189
2016-03-29 18:00,0.119
2016-03-29 19:00,0.077
2016-03-29 20:00,0.108
2016-03-29 21:00,0.179
2016-03-29 22:00,0.237
2016-03-29 23:00,0.257
2016-03-30 00:00,0.295
2016-03-30 01:00,0.310
2016-03-30 02:00,0.293
2016-03-30 03:00,0.270
2016-03-30 04:00,0.251
2016-03-30 05:00,0.246
2016-03-30 06:00,0.265
2016-03-30 07:00,0.254
2016-03-30 08:00,0.325
2016-03-30 09:00,0.360
2016-03-30 10:00,0.367
2016-03-30 11:00,0.367
2016-03-30 12:00,0.361
2016-03-30 13:00,0.352
2016-03-30 14:00,0.336
2016-03-30 15:00,0.323
2016-03-30 16:00,0.303
2016-03-30 17:00,0.255
2016-03-30 18:00,0.261
2016-03-30 19:00,0.267
2016-03-30 20:00,0.260
2016-03-30 21:00,0.268
2016-03-30 22:00,0.268
2016-03-30 23:00,0.246
2016-03-31 00:00,0.199
2016-03-31 01:00,0.156
2016-03-31 02:00,0.121
2016-03-31 03:00,0.090
2016-03-31 04:00,0.071
2016-03-31 05:00,0.062
2016-03-31 06:00,0.054
2016-03-31 07:00,0.040
2016-03-31 08:00,0.036
2016-03-31 09:00,0.034
2016-03-31 10:00,0.025
2016-03-31 11:00,0.017
2016-03-31 12:00,0.014
2016-03-31 13:00,0.017
2016-03-31 14:00,0.025
2016-03-31 15:00,0.028
2016-03-31 16:00,0.024
2016-03-31 17:00,0.027
2016-03-31 18:00,0.027
2016-03-31 19:00,0.027
2016-03-31 20:00,0.045
2016-03-31 21:00,0.064
2016-03-31 22:00,0.075
2016-03-31 23:00,0.118
2016-04-01 00:00,0.195
2016-04-01 01:00,0.284
2016-04-01 02:00,0.355
2016-04-01 03:00,0.390
2016-04-01 04:00,0.374
2016-04-01 05:00,0.372
2016-04-01 06:00,0.348
2016-04-01 07:00,0.367
2016-04-01 08:00,0.370
2016-04-01 09:00,0.520
2016-04-01 10:00,0.702
2016-04-01 11:00,0.792
2016-04-01 12:00,0.834
2016-04-01 13:00,0.837
2016-04-01 14:00,0.809
2016-04-01 15:00,0.781
2016-04-01 16:00,0.790
2016-04-01 17:00,0.817
2016-04-01 18:00,0.835
2016-04-01 19:00,0.860
2016-04-01 20:00,0.873
2016-04-01 21:00,0.862
2016-04-01 22:00,0.845
2016-04-01 23:00,0.817
2016-04-02 00:00,0.765
2016-04-02 01:00,0.718
2016-04-02 02:00,0.637
2016-04-02 03:00,0.574
2016-04-02 04:00,0.496
2016-04-02 05:00,0.447
2016-04-02 06:00,0.417
2016-04-02 07:00,0.385
2016-04-02 08:00,0.406
2016-04-02 09:00,0.410
2016-04-02 10:00,0.390
2016-04-02 11:00,0.403
2016-04-02 12:00,0.378
2016-04-02 13:00,0.314
2016-04-02 14:00,0.249
2016-04-02 15:00,0.185
2016-04-02 16:00,0.116
2016-04-02 17:00,0.114
2016-04-02 18:00,0.211
2016-04-02 19:00,0.355
2016-04-02 20:00,0.497
2016-04-02 21:00,0.549
2016-04-02 22:00,0.469
2016-04-02 23:00,0.326
2016-04-03 00:00,0.196
2016-04-03 01:00,0.155
2016-04-03 02:00,0.127
2016-04-03 03:00,0.094
2016-04-03 04:00,0.061
2016-04-03 05:00,0.044
2016-04-03 06:00,0.045
2016-04-03 07:00,0.059
2016-04-03 08:00,0.088
2016-04-03 09:00,0.146
2016-04-03 10:00,0.186
2016-04-03 11:00,0.218
2016-04-03 12:00,0.248
2016-04-03 13:00,0.274
2016-04-03 14:00,0.286
2016-04-03 15:00,0.248
2016-04-03 16:00,0.185
2016-04-03 17:00,0.174
2016-04-03 18:00,0.250
2016-04-03 19:00,0.327
2016-04-03 20:00,0.358
2016-04-03 21:00,0.348
2016-04-03 22:00,0.323
2016-04-03 23:00,0.333
2016-04-04 00:00,0.359
2016-04-04 01:00,0.338
2016-04-04 02:00,0.297
2016-04-04 03:00,0.235
2016-04-04 04:00,0.159
2016-04-04 05:00,0.130
2016-04-04 06:00,0.093
2016-04-04 07:00,0.076
2016-04-04 08:00,0.094
2016-04-04 09:00,0.124
2016-04-04 10:00,0.161
2016-04-04 11:00,0.191
2016-04-04 12:00,0.214
2016-04-04 13:00,0.232
2016-04-04 14:00,0.230
2016-04-04 15:00,0.206
2016-04-04 16:00,0.167
2016-04-04 17:00,0.132
2016-04-04 18:00,0.121
2016-04-04 19:00,0.139
2016-04-04 20:00,0.154
2016-04-04 21:00,0.185
2016-04-04 22:00,0.249
2016-04-04 23:00,0.286
2016-04-05 00:00,0.354
2016-04-05 01:00,0.410
2016-04-05 02:00,0.466
2016-04-05 03:00,0.487
2016-04-05 04:00,0.499
2016-04-05 05:00,0.502
2016-04-05 06:00,0.490
2016-04-05 07:00,0.561
2016-04-05 08:00,0.653
2016-04-05 09:00,0.719
2016-04-05 10:00,0.753
2016-04-05 11:00,0.762
2016-04-05 12:00,0.752
2016-04-05 13:00,0.745
2016-04-05 14:00,0.752
2016-04-05 15:00,0.750
2016-04-05 16:00,0.686
2016-04-05 17:00,0.544
2016-04-05 18:00,0.463
2016-04-05 19:00,0.450
2016-04-05 20:00,0.469
2016-04-05 21:00,0.513
2016-04-05 22:00,0.536
2016-04-05 23:00,0.536
2016-04-06 00:00,0.516
2016-04-06 01:00,0.512
2016-04-06 02:00,0.484
2016-04-06 03:00,0.465
2016-04-06 04:00,0.497
2016-04-06 05:00,0.586
2016-04-06 06:00,0.704
2016-04-06 07:00,0.721
2016-04-06 08:00,0.818
2016-04-06 09:00,0.885
2016-04-06 10:00,0.917
2016-04-06 11:00,0.943
2016-04-06 12:00,0.956
2016-04-06 13:00,0.958
2016-04-06 14:00,0.962
2016-04-06 15:00,0.953
2016-04-06 16:00,0.945
2016-04-06 17:00,0.935
2016-04-06 18:00,0.911
2016-04-06 19:00,0.872
2016-04-06 20:00,0.833
2016-04-06 21:00,0.795
2016-04-06 22:00,0.769
2016-04-06 23:00,0.748
2016-04-07 00:00,0.734
2016-04-07 01:00,0.732
2016-04-07 02:00,0.728
2016-04-07 03:00,0.726
2016-04-07 04:00,0.703
2016-04-07 05:00,0.667
2016-04-07 06:00,0.605
2016-04-07 07:00,0.488
2016-04-07 08:00,0.433
2016-04-07 09:00,0.389
2016-04-07 10:00,0.364
2016-04-07 11:00,0.321
2016-04-07 12:00,0.310
2016-04-07 13:00,0.348
2016-04-07 14:00,0.423
2016-04-07 15:00,0.501
2016-04-07 16:00,0.491
2016-04-07 17:00,0.429
2016-04-07 18:00,0.410
2016-04-07 19:00,0.380
2016-04-07 20:00,0.360
2016-04-07 21:00,0.299
2016-04-07 22:00,0.223
2016-04-07 23:00,0.166
2016-04-08 00:00,0.149
2016-04-08 01:00,0.139
2016-04-08 02:00,0.115
2016-04-08 03:00,0.093
2016-04-08 04:00,0.072
2016-04-08 05:00,0.051
2016-04-08 06:00,0.023
2016-04-08 07:00,0.008
2016-04-08 08:00,0.010
2016-04-08 09:00,0.021
2016-04-08 10:00,0.045
2016-04-08 11:00,0.085
2016-04-08 12:00,0.132
2016-04-08 13:00,0.180
2016-04-08 14:00,0.214
2016-04-08 15:00,0.228
2016-04-08 16:00,0.196
2016-04-08 17:00,0.178
2016-04-08 18:00,0.238
2016-04-08 19:00,0.328
2016-04-08 20:00,0.393
2016-04-08 21:00,0.412
2016-04-08 22:00,0.416
2016-04-08 23:00,0.421
2016-04-09 00:00,0.426
2016-04-09 01:00,0.400
2016-04-09 02:00,0.333
2016-04-09 03:00,0.262
2016-04-09 04:00,0.207
2016-04-09 05:00,0.200
2016-04-09 06:00,0.196
2016-04-09 07:00,0.184
2016-04-09 08:00,0.126
2016-04-09 09:00,0.062
2016-04-09 10:00,0.044
2016-04-09 11:00,0.054
2016-04-09 12:00,0.070
2016-04-09 13:00,0.086
2016-04-09 14:00,0.096
2016-04-09 15:00,0.092
2016-04-09 16:00,0.086
2016-04-09 17:00,0.083
2016-04-09 18:00,0.086
2016-04-09 19:00,0.091
2016-04-09 20:00,0.093
2016-04-09 21:00,0.098
2016-04-09 22:00,0.102
2016-04-09 23:00,0.103
2016-04-10 00:00,0.105
2016-04-10 01:00,0.104
2016-04-10 02:00,0.093
2016-04-10 03:00,0.073
2016-04-10 04:00,0.054
2016-04-10 05:00,0.048
2016-04-10 06:00,0.043
2016-04-10 07:00,0.034
2016-04-10 08:00,0.118
2016-04-10 09:00,0.190
2016-04-10 10:00,0.203
2016-04-10 11:00,0.204
2016-04-10 12:00,0.221
2016-04-10 13:00,0.288
2016-04-10 14:00,0.426
2016-04-10 15:00,0.577
2016-04-10 16:00,0.686
2016-04-10 17:00,0.723
2016-04-10 18:00,0.708
2016-04-10 19:00,0.663
2016-04-10 20:00,0.602
2016-04-10 21:00,0.574
2016-04-10 22:00,0.536
2016-04-10 23:00,0.597
2016-04-11 00:00,0.637
2016-04-11 01:00,0.631
2016-04-11 02:00,0.604
2016-04-11 03:00,0.604
2016-04-11 04:00,0.590
2016-04-11 05:00,0.556
2016-04-11 06:00,0.533
2016-04-11 07:00,0.520
2016-04-11 08:00,0.606
2016-04-11 09:00,0.670
2016-04-11 10:00,0.747
2016-04-11 11:00,0.815
2016-04-11 12:00,0.858
2016-04-11 13:00,0.875
2016-04-11 14:00,0.868
2016-04-11 15:00,0.834
2016-04-11 16:00,0.773
2016-04-11 17:00,0.709
2016-04-11 18:00,0.672
2016-04-11 19:00,0.638
2016-04-11 20:00,0.562
2016-04-11 21:00,0.517
2016-04-11 22:00,0.483
2016-04-11 23:00,0.433
2016-04-12 00:00,0.365
2016-04-12 01:00,0.296
2016-04-12 02:00,0.219
2016-04-12 03:00,0.149
2016-04-12 04:00,0.096
2016-04-12 05:00,0.059
2016-04-12 06:00,0.027
2016-04-12 07:00,0.034
2016-04-12 08:00,0.062
2016-04-12 09:00,0.084
2016-04-12 10:00,0.095
2016-04-12 11:00,0.111
2016-04-12 12:00,0.150
2016-04-12 13:00,0.219
2016-04-12 14:00,0.275
2016-04-12 15:00,0.306
2016-04-12 16:00,0.289
2016-04-12 17:00,0.225
2016-04-12 18:00,0.181
2016-04-12 19:00,0.168
2016-04-12 20:00,0.141
2016-04-12 21:00,0.113
2016-04-12 22:00,0.094
2016-04-12 23:00,0.077
2016-04-13 00:00,0.058
2016-04-13 01:00,0.043
2016-04-13 02:00,0.039
2016-04-13 03:00,0.041
2016-04-13 04:00,0.046
2016-04-13 05:00,0.047
2016-04-13 06:00,0.039
2016-04-13 07:00,0.027
2016-04-13 08:00,0.030
2016-04-13 09:00,0.043
2016-04-13 10:00,0.059
2016-04-13 11:00,0.070
2016-04-13 12:00,0.085
2016-04-13 13:00,0.101
2016-04-13 14:00,0.116
2016-04-13 15:00,0.119
2016-04-13 16:00,0.107
2016-04-13 17:00,0.095
2016-04-13 18:00,0.110
2016-04-13 19:00,0.130
2016-04-13 20:00,0.136
2016-04-13 21:00,0.129
2016-04-13 22:00,0.113
2016-04-13 23:00,0.092
2016-04-14 00:00,0.071
2016-04-14 01:00,0.058
2016-04-14 02:00,0.051
2016-04-14 03:00,0.051
2016-04-14 04:00,0.055
2016-04-14 05:00,0.065
2016-04-14 06:00,0.058
2016-04-14 07:00,0.052
2016-04-14 08:00,0.055
2016-04-14 09:00,0.048
2016-04-14 10:00,0.039
2016-04-14 11:00,0.030
2016-04-14 12:00,0.025
2016-04-14 13:00,0.022
2016-04-14 14:00,0.022
2016-04-14 15:00,0.030
2016-04-14 16:00,0.059
2016-04-14 17:00,0.123
2016-04-14 18:00,0.227
2016-04-14 19:00,0.306
2016-04-14 20:00,0.293
2016-04-14 21:00,0.271
2016-04-14 22:00,0.248
2016-04-14 23:00,0.216
2016-04-15 00:00,0.196
2016-04-15 01:00,0.182
2016-04-15 02:00,0.166
2016-04-15 03:00,0.139
2016-04-15 04:00,0.112
2016-04-15 05:00,0.084
2016-04-15 06:00,0.048
2016-04-15 07:00,0.028
2016-04-15 08:00,0.015
2016-04-15 09:00,0.007
2016-04-15 10:00,0.010
2016-04-15 11:00,0.018
2016-04-15 12:00,0.026
2016-04-15 13:00,0.032
2016-04-15 14:00,0.036
2016-04-15 15:00,0.049
2016-04-15 16:00,0.081
2016-04-15 17:00,0.133
2016-04-15 18:00,0.187
2016-04-15 19:00,0.235
2016-04-15 20:00,0.285
2016-04-15 21:00,0.334
2016-04-15 22:00,0.357
2016-04-15 23:00,0.380
2016-04-16 00:00,0.394
2016-04-16 01:00,0.412
2016-04-16 02:00,0.439
2016-04-16 03:00,0.462
2016-04-16 04:00,0.436
2016-04-16 05:00,0.400
2016-04-16 06:00,0.329
2016-04-16 07:00,0.449
2016-04-16 08:00,0.501
2016-04-16 09:00,0.479
2016-04-16 10:00,0.479
2016-04-16 11:00,0.486
2016-04-16 12:00,0.499
2016-04-16 13:00,0.506
2016-04-16 14:00,0.486
2016-04-16 15:00,0.450
2016-04-16 16:00,0.387
2016-04-16 17:00,0.292
2016-04-16 18:00,0.272
2016-04-16 19:00,0.308
2016-04-16 20:00,0.316
2016-04-16 21:00,0.322
2016-04-16 22:00,0.322
2016-04-16 23:00,0.323
2016-04-17 00:00,0.321
2016-04-17 01:00,0.332
2016-04-17 02:00,0.338
2016-04-17 03:00,0.313
2016-04-17 04:00,0.274
2016-04-17 05:00,0.220
2016-04-17 06:00,0.107
2016-04-17 07:00,0.070
2016-04-17 08:00,0.085
2016-04-17 09:00,0.107
2016-04-17 10:00,0.132
2016-04-17 11:00,0.165
2016-04-17 12:00,0.217
2016-04-17 13:00,0.281
2016-04-17 14:00,0.354
2016-04-17 15:00,0.416
2016-04-17 16:00,0.455
2016-04-17 17:00,0.439
2016-04-17 18:00,0.412
2016-04-17 19:00,0.436
2016-04-17 20:00,0.443
2016-04-17 21:00,0.461
2016-04-17 22:00,0.514
2016-04-17 23:00,0.528
2016-04-18 00:00,0.577
2016-04-18 01:00,0.600
2016-04-18 02:00,0.591
2016-04-18 03:00,0.594
2016-04-18 04:00,0.577
2016-04-18 05:00,0.553
2016-04-18 06:00,0.565
2016-04-18 07:00,0.703
2016-04-18 08:00,0.841
2016-04-18 09:00,0.855
2016-04-18 10:00,0.850
2016-04-18 11:00,0.855
2016-04-18 12:00,0.856
2016-04-18 13:00,0.855
2016-04-18 14:00,0.842
2016-04-18 15:00,0.822
2016-04-18 16:00,0.777
2016-04-18 17:00,0.673
2016-04-18 18:00,0.596
2016-04-18 19:00,0.549
2016-04-18 20:00,0.512
2016-04-18 21:00,0.513
2016-04-18 22:00,0.511
2016-04-18 23:00,0.499
2016-04-19 00:00,0.480
2016-04-19 01:00,0.455
2016-04-19 02:00,0.420
2016-04-19 03:00,0.380
2016-04-19 04:00,0.338
2016-04-19 05:00,0.285
2016-04-19 06:00,0.153
2016-04-19 07:00,0.092
2016-04-19 08:00,0.073
2016-04-19 09:00,0.038
2016-04-19 10:00,0.015
2016-04-19 11:00,0.010
2016-04-19 12:00,0.010
2016-04-19 13:00,0.008
2016-04-19 14:00,0.007
2016-04-19 15:00,0.007
2016-04-19 16:00,0.010
2016-04-19 17:00,0.022
2016-04-19 18:00,0.080
2016-04-19 19:00,0.193
2016-04-19 20:00,0.282
2016-04-19 21:00,0.323
2016-04-19 22:00,0.338
2016-04-19 23:00,0.325
2016-04-20 00:00,0.285
2016-04-20 01:00,0.232
2016-04-20 02:00,0.176
2016-04-20 03:00,0.128
2016-04-20 04:00,0.104
2016-04-20 05:00,0.085
2016-04-20 06:00,0.049
2016-04-20 07:00,0.035
2016-04-20 08:00,0.062
2016-04-20 09:00,0.071
2016-04-20 10:00,0.065
2016-04-20 11:00,0.063
2016-04-20 12:00,0.069
2016-04-20 13:00,0.072
2016-04-20 14:00,0.074
2016-04-20 15:00,0.082
2016-04-20 16:00,0.103
2016-04-20 17:00,0.156
2016-04-20 18:00,0.281
2016-04-20 19:00,0.426
2016-04-20 20:00,0.464
2016-04-20 21:00,0.408
2016-04-20 22:00,0.330
2016-04-20 23:00,0.263
2016-04-21 00:00,0.213
2016-04-21 01:00,0.177
2016-04-21 02:00,0.137
2016-04-21 03:00,0.103
2016-04-21 04:00,0.086
2016-04-21 05:00,0.089
2016-04-21 06:00,0.085
2016-04-21 07:00,0.090
2016-04-21 08:00,0.102
2016-04-21 09:00,0.097
2016-04-21 10:00,0.094
2016-04-21 11:00,0.091
2016-04-21 12:00,0.089
2016-04-21 13:00,0.090
2016-04-21 14:00,0.100
2016-04-21 15:00,0.129
2016-04-21 16:00,0.197
2016-04-21 17:00,0.305
2016-04-21 18:00,0.427
2016-04-21 19:00,0.482
2016-04-21 20:00,0.446
2016-04-21 21:00,0.405
2016-04-21 22:00,0.374
2016-04-21 23:00,0.340
2016-04-22 00:00,0.309
2016-04-22 01:00,0.291
2016-04-22 02:00,0.296
2016-04-22 03:00,0.298
2016-04-22 04:00,0.317
2016-04-22 05:00,0.301
2016-04-22 06:00,0.305
2016-04-22 07:00,0.283
2016-04-22 08:00,0.224
2016-04-22 09:00,0.185
2016-04-22 10:00,0.160
2016-04-22 11:00,0.145
2016-04-22 12:00,0.140
2016-04-22 13:00,0.148
2016-04-22 14:00,0.172
2016-04-22 15:00,0.221
2016-04-22 16:00,0.289
2016-04-22 17:00,0.349
2016-04-22 18:00,0.367
2016-04-22 19:00,0.370
2016-04-22 20:00,0.319
2016-04-22 21:00,0.262
2016-04-22 22:00,0.224
2016-04-22 23:00,0.214
2016-04-23 00:00,0.252
2016-04-23 01:00,0.330
2016-04-23 02:00,0.388
2016-04-23 03:00,0.365
2016-04-23 04:00,0.281
2016-04-23 05:00,0.219
2016-04-23 06:00,0.188
2016-04-23 07:00,0.265
2016-04-23 08:00,0.302
2016-04-23 09:00,0.327
2016-04-23 10:00,0.338
2016-04-23 11:00,0.343
2016-04-23 12:00,0.352
2016-04-23 13:00,0.374
2016-04-23 14:00,0.399
2016-04-23 15:00,0.403
2016-04-23 16:00,0.374
2016-04-23 17:00,0.285
2016-04-23 18:00,0.194
2016-04-23 19:00,0.143
2016-04-23 20:00,0.107
2016-04-23 21:00,0.096
2016-04-23 22:00,0.092
2016-04-23 23:00,0.088
2016-04-24 00:00,0.087
2016-04-24 01:00,0.103
2016-04-24 02:00,0.139
2016-04-24 03:00,0.210
2016-04-24 04:00,0.289
2016-04-24 05:00,0.309
2016-04-24 06:00,0.203
2016-04-24 07:00,0.302
2016-04-24 08:00,0.374
2016-04-24 09:00,0.377
2016-04-24 10:00,0.365
2016-04-24 11:00,0.369
2016-04-24 12:00,0.380
2016-04-24 13:00,0.376
2016-04-24 14:00,0.357
2016-04-24 15:00,0.318
2016-04-24 16:00,0.248
2016-04-24 17:00,0.142
2016-04-24 18:00,0.074
2016-04-24 19:00,0.051
2016-04-24 20:00,0.099
2016-04-24 21:00,0.207
2016-04-24 22:00,0.337
2016-04-24 23:00,0.429
2016-04-25 00:00,0.479
2016-04-25 01:00,0.498
2016-04-25 02:00,0.487
2016-04-25 03:00,0.476
2016-04-25 04:00,0.476
2016-04-25 05:00,0.416
2016-04-25 06:00,0.358
2016-04-25 07:00,0.418
2016-04-25 08:00,0.473
2016-04-25 09:00,0.510
2016-04-25 10:00,0.549
2016-04-25 11:00,0.586
2016-04-25 12:00,0.618
2016-04-25 13:00,0.643
2016-04-25 14:00,0.649
2016-04-25 15:00,0.638
2016-04-25 16:00,0.616
2016-04-25 17:00,0.565
2016-04-25 18:00,0.546
2016-04-25 19:00,0.619
2016-04-25 20:00,0.700
2016-04-25 21:00,0.747
2016-04-25 22:00,0.773
2016-04-25 23:00,0.780
2016-04-26 00:00,0.744
2016-04-26 01:00,0.689
2016-04-26 02:00,0.598
2016-04-26 03:00,0.535
2016-04-26 04:00,0.500
2016-04-26 05:00,0.463
2016-04-26 06:00,0.473
2016-04-26 07:00,0.628
2016-04-26 08:00,0.685
2016-04-26 09:00,0.692
2016-04-26 10:00,0.680
2016-04-26 11:00,0.689
2016-04-26 12:00,0.706
2016-04-26 13:00,0.718
2016-04-26 14:00,0.714
2016-04-26 15:00,0.694
2016-04-26 16:00,0.638
2016-04-26 17:00,0.494
2016-04-26 18:00,0.454
2016-04-26 19:00,0.476
2016-04-26 20:00,0.427
2016-04-26 21:00,0.427
2016-04-26 22:00,0.419
2016-04-26 23:00,0.433
2016-04-27 00:00,0.423
2016-04-27 01:00,0.393
2016-04-27 02:00,0.352
2016-04-27 03:00,0.311
2016-04-27 04:00,0.290
2016-04-27 05:00,0.293
2016-04-27 06:00,0.279
2016-04-27 07:00,0.262
2016-04-27 08:00,0.234
2016-04-27 09:00,0.206
2016-04-27 10:00,0.186
2016-04-27 11:00,0.160
2016-04-27 12:00,0.124
2016-04-27 13:00,0.092
2016-04-27 14:00,0.072
2016-04-27 15:00,0.069
2016-04-27 16:00,0.077
2016-04-27 17:00,0.079
2016-04-27 18:00,0.083
2016-04-27 19:00,0.094
2016-04-27 20:00,0.104
2016-04-27 21:00,0.129
2016-04-27 22:00,0.176
2016-04-27 23:00,0.235
2016-04-28 00:00,0.293
2016-04-28 01:00,0.348
2016-04-28 02:00,0.386
2016-04-28 03:00,0.393
2016-04-28 04:00,0.374
2016-04-28 05:00,0.317
2016-04-28 06:00,0.178
2016-04-28 07:00,0.152
2016-04-28 08:00,0.183
2016-04-28 09:00,0.235
2016-04-28 10:00,0.304
2016-04-28 11:00,0.403
2016-04-28 12:00,0.520
2016-04-28 13:00,0.608
2016-04-28 14:00,0.600
2016-04-28 15:00,0.525
2016-04-28 16:00,0.439
2016-04-28 17:00,0.416
2016-04-28 18:00,0.482
2016-04-28 19:00,0.571
2016-04-28 20:00,0.580
2016-04-28 21:00,0.542
2016-04-28 22:00,0.580
2016-04-28 23:00,0.600
2016-04-29 00:00,0.606
2016-04-29 01:00,0.618
2016-04-29 02:00,0.603
2016-04-29 03:00,0.612
2016-04-29 04:00,0.625
2016-04-29 05:00,0.631
2016-04-29 06:00,0.714
2016-04-29 07:00,0.801
2016-04-29 08:00,0.843
2016-04-29 09:00,0.859
2016-04-29 10:00,0.872
2016-04-29 11:00,0.887
2016-04-29 12:00,0.893
2016-04-29 13:00,0.886
2016-04-29 14:00,0.867
2016-04-29 15:00,0.842
2016-04-29 16:00,0.792
2016-04-29 17:00,0.694
2016-04-29 18:00,0.640
2016-04-29 19:00,0.612
2016-04-29 20:00,0.556
2016-04-29 21:00,0.520
2016-04-29 22:00,0.473
2016-04-29 23:00,0.466
2016-04-30 00:00,0.479
2016-04-30 01:00,0.467
2016-04-30 02:00,0.473
2016-04-30 03:00,0.476
2016-04-30 04:00,0.468
2016-04-30 05:00,0.407
2016-04-30 06:00,0.250
2016-04-30 07:00,0.263
2016-04-30 08:00,0.266
2016-04-30 09:00,0.270
2016-04-30 10:00,0.286
2016-04-30 11:00,0.301
2016-04-30 12:00,0.311
2016-04-30 13:00,0.297
2016-04-30 14:00,0.269
2016-04-30 15:00,0.240
2016-04-30 16:00,0.223
2016-04-30 17:00,0.196
2016-04-30 18:00,0.171
2016-04-30 19:00,0.179
2016-04-30 20:00,0.172
2016-04-30 21:00,0.197
2016-04-30 22:00,0.270
2016-04-30 23:00,0.355
2016-05-01 00:00,0.419
2016-05-01 01:00,0.440
2016-05-01 02:00,0.427
2016-05-01 03:00,0.401
2016-05-01 04:00,0.370
2016-05-01 05:00,0.338
2016-05-01 06:00,0.313
2016-05-01 07:00,0.317
2016-05-01 08:00,0.491
2016-05-01 09:00,0.628
2016-05-01 10:00,0.721
2016-05-01 11:00,0.771
2016-05-01 12:00,0.777
2016-05-01 13:00,0.748
2016-05-01 14:00,0.704
2016-05-01 15:00,0.661
2016-05-01 16:00,0.606
2016-05-01 17:00,0.549
2016-05-01 18:00,0.526
2016-05-01 19:00,0.536
2016-05-01 20:00,0.582
2016-05-01 21:00,0.573
2016-05-01 22:00,0.548
2016-05-01 23:00,0.616
2016-05-02 00:00,0.647
2016-05-02 01:00,0.645
2016-05-02 02:00,0.644
2016-05-02 03:00,0.674
2016-05-02 04:00,0.765
2016-05-02 05:00,0.748
2016-05-02 06:00,0.777
2016-05-02 07:00,0.809
2016-05-02 08:00,0.842
2016-05-02 09:00,0.877
2016-05-02 10:00,0.869
2016-05-02 11:00,0.835
2016-05-02 12:00,0.748
2016-05-02 13:00,0.721
2016-05-02 14:00,0.722
2016-05-02 15:00,0.738
2016-05-02 16:00,0.746
2016-05-02 17:00,0.713
2016-05-02 18:00,0.673
2016-05-02 19:00,0.664
2016-05-02 20:00,0.606
2016-05-02 21:00,0.576
2016-05-02 22:00,0.580
2016-05-02 23:00,0.601
2016-05-03 00:00,0.616
2016-05-03 01:00,0.625
2016-05-03 02:00,0.620
2016-05-03 03:00,0.594
2016-05-03 04:00,0.567
2016-05-03 05:00,0.510
2016-05-03 06:00,0.472
2016-05-03 07:00,0.661
2016-05-03 08:00,0.680
2016-05-03 09:00,0.663
2016-05-03 10:00,0.657
2016-05-03 11:00,0.639
2016-05-03 12:00,0.618
2016-05-03 13:00,0.604
2016-05-03 14:00,0.586
2016-05-03 15:00,0.573
2016-05-03 16:00,0.526
2016-05-03 17:00,0.418
2016-05-03 18:00,0.269
2016-05-03 19:00,0.172
2016-05-03 20:00,0.118
2016-05-03 21:00,0.122
2016-05-03 22:00,0.165
2016-05-03 23:00,0.227
2016-05-04 00:00,0.285
2016-05-04 01:00,0.305
2016-05-04 02:00,0.306
2016-05-04 03:00,0.309
2016-05-04 04:00,0.306
2016-05-04 05:00,0.287
2016-05-04 06:00,0.165
2016-05-04 07:00,0.254
2016-05-04 08:00,0.409
2016-05-04 09:00,0.455
2016-05-04 10:00,0.475
2016-05-04 11:00,0.486
2016-05-04 12:00,0.505
2016-05-04 13:00,0.523
2016-05-04 14:00,0.533
2016-05-04 15:00,0.529
2016-05-04 16:00,0.505
2016-05-04 17:00,0.429
2016-05-04 18:00,0.418
2016-05-04 19:00,0.497
2016-05-04 20:00,0.555
2016-05-04 21:00,0.547
2016-05-04 22:00,0.518
2016-05-04 23:00,0.502
2016-05-05 00:00,0.479
2016-05-05 01:00,0.429
2016-05-05 02:00,0.374
2016-05-05 03:00,0.316
2016-05-05 04:00,0.285
2016-05-05 05:00,0.232
2016-05-05 06:00,0.139
2016-05-05 07:00,0.151
2016-05-05 08:00,0.287
2016-05-05 09:00,0.322
2016-05-05 10:00,0.338
2016-05-05 11:00,0.345
2016-05-05 12:00,0.338
2016-05-05 13:00,0.322
2016-05-05 14:00,0.299
2016-05-05 15:00,0.262
2016-05-05 16:00,0.206
2016-05-05 17:00,0.162
2016-05-05 18:00,0.181
2016-05-05 19:00,0.276
2016-05-05 20:00,0.396
2016-05-05 21:00,0.450
2016-05-05 22:00,0.441
2016-05-05 23:00,0.398
2016-05-06 00:00,0.330
2016-05-06 01:00,0.272
2016-05-06 02:00,0.227
2016-05-06 03:00,0.182
2016-05-06 04:00,0.149
2016-05-06 05:00,0.114
2016-05-06 06:00,0.057
2016-05-06 07:00,0.037
2016-05-06 08:00,0.038
2016-05-06 09:00,0.055
2016-05-06 10:00,0.087
2016-05-06 11:00,0.118
2016-05-06 12:00,0.127
2016-05-06 13:00,0.121
2016-05-06 14:00,0.118
2016-05-06 15:00,0.131
2016-05-06 16:00,0.162
2016-05-06 17:00,0.238
2016-05-06 18:00,0.323
2016-05-06 19:00,0.359
2016-05-06 20:00,0.330
2016-05-06 21:00,0.280
2016-05-06 22:00,0.248
2016-05-06 23:00,0.232
2016-05-07 00:00,0.226
2016-05-07 01:00,0.221
2016-05-07 02:00,0.206
2016-05-07 03:00,0.204
2016-05-07 04:00,0.217
2016-05-07 05:00,0.235
2016-05-07 06:00,0.273
2016-05-07 07:00,0.315
2016-05-07 08:00,0.341
2016-05-07 09:00,0.374
2016-05-07 10:00,0.391
2016-05-07 11:00,0.377
2016-05-07 12:00,0.345
2016-05-07 13:00,0.319
2016-05-07 14:00,0.302
2016-05-07 15:00,0.300
2016-05-07 16:00,0.302
2016-05-07 17:00,0.314
2016-05-07 18:00,0.293
2016-05-07 19:00,0.299
2016-05-07 20:00,0.297
2016-05-07 21:00,0.287
2016-05-07 22:00,0.281
2016-05-07 23:00,0.272
2016-05-08 00:00,0.259
2016-05-08 01:00,0.263
2016-05-08 02:00,0.264
2016-05-08 03:00,0.255
2016-05-08 04:00,0.229
2016-05-08 05:00,0.166
2016-05-08 06:00,0.103
2016-05-08 07:00,0.083
2016-05-08 08:00,0.133
2016-05-08 09:00,0.268
2016-05-08 10:00,0.355
2016-05-08 11:00,0.416
2016-05-08 12:00,0.470
2016-05-08 13:00,0.516
2016-05-08 14:00,0.549
2016-05-08 15:00,0.551
2016-05-08 16:00,0.513
2016-05-08 17:00,0.461
2016-05-08 18:00,0.450
2016-05-08 19:00,0.507
2016-05-08 20:00,0.544
2016-05-08 21:00,0.506
2016-05-08 22:00,0.465
2016-05-08 23:00,0.451
2016-05-09 00:00,0.467
2016-05-09 01:00,0.484
2016-05-09 02:00,0.510
2016-05-09 03:00,0.513
2016-05-09 04:00,0.498
2016-05-09 05:00,0.427
2016-05-09 06:00,0.355
2016-05-09 07:00,0.366
2016-05-09 08:00,0.480
2016-05-09 09:00,0.569
2016-05-09 10:00,0.637
2016-05-09 11:00,0.682
2016-05-09 12:00,0.707
2016-05-09 13:00,0.713
2016-05-09 14:00,0.704
2016-05-09 15:00,0.687
2016-05-09 16:00,0.666
2016-05-09 17:00,0.609
2016-05-09 18:00,0.551
2016-05-09 19:00,0.546
2016-05-09 20:00,0.516
2016-05-09 21:00,0.462
2016-05-09 22:00,0.403
2016-05-09 23:00,0.368
2016-05-10 00:00,0.341
2016-05-10 01:00,0.315
2016-05-10 02:00,0.315
2016-05-10 03:00,0.330
2016-05-10 04:00,0.341
2016-05-10 05:00,0.321
2016-05-10 06:00,0.320
2016-05-10 07:00,0.352
2016-05-10 08:00,0.413
2016-05-10 09:00,0.489
2016-05-10 10:00,0.539
2016-05-10 11:00,0.560
2016-05-10 12:00,0.577
2016-05-10 13:00,0.592
2016-05-10 14:00,0.583
2016-05-10 15:00,0.553
2016-05-10 16:00,0.541
2016-05-10 17:00,0.526
2016-05-10 18:00,0.516
2016-05-10 19:00,0.488
2016-05-10 20:00,0.459
2016-05-10 21:00,0.442
2016-05-10 22:00,0.435
2016-05-10 23:00,0.434
2016-05-11 00:00,0.441
2016-05-11 01:00,0.499
2016-05-11 02:00,0.504
2016-05-11 03:00,0.492
2016-05-11 04:00,0.500
2016-05-11 05:00,0.486
2016-05-11 06:00,0.513
2016-05-11 07:00,0.448
2016-05-11 08:00,0.471
2016-05-11 09:00,0.499
2016-05-11 10:00,0.534
2016-05-11 11:00,0.547
2016-05-11 12:00,0.560
2016-05-11 13:00,0.566
2016-05-11 14:00,0.581
2016-05-11 15:00,0.597
2016-05-11 16:00,0.595
2016-05-11 17:00,0.567
2016-05-11 18:00,0.506
2016-05-11 19:00,0.485
2016-05-11 20:00,0.462
2016-05-11 21:00,0.435
2016-05-11 22:00,0.442
2016-05-11 23:00,0.456
2016-05-12 00:00,0.488
2016-05-12 01:00,0.503
2016-05-12 02:00,0.516
2016-05-12 03:00,0.523
2016-05-12 04:00,0.526
2016-05-12 05:00,0.558
2016-05-12 06:00,0.528
2016-05-12 07:00,0.572
2016-05-12 08:00,0.621
2016-05-12 09:00,0.637
2016-05-12 10:00,0.640
2016-05-12 11:00,0.631
2016-05-12 12:00,0.618
2016-05-12 13:00,0.606
2016-05-12 14:00,0.604
2016-05-12 15:00,0.597
2016-05-12 16:00,0.591
2016-05-12 17:00,0.581
2016-05-12 18:00,0.556
2016-05-12 19:00,0.555
2016-05-12 20:00,0.581
2016-05-12 21:00,0.510
2016-05-12 22:00,0.510
2016-05-12 23:00,0.493
2016-05-13 00:00,0.479
2016-05-13 01:00,0.461
2016-05-13 02:00,0.469
2016-05-13 03:00,0.461
2016-05-13 04:00,0.469
2016-05-13 05:00,0.564
2016-05-13 06:00,0.619
2016-05-13 07:00,0.630
2016-05-13 08:00,0.604
2016-05-13 09:00,0.536
2016-05-13 10:00,0.452
2016-05-13 11:00,0.379
2016-05-13 12:00,0.338
2016-05-13 13:00,0.339
2016-05-13 14:00,0.373
2016-05-13 15:00,0.423
2016-05-13 16:00,0.468
2016-05-13 17:00,0.485
2016-05-13 18:00,0.473
2016-05-13 19:00,0.406
2016-05-13 20:00,0.356
2016-05-13 21:00,0.345
2016-05-13 22:00,0.335
2016-05-13 23:00,0.317
2016-05-14 00:00,0.306
2016-05-14 01:00,0.305
2016-05-14 02:00,0.293
2016-05-14 03:00,0.272
2016-05-14 04:00,0.259
2016-05-14 05:00,0.205
2016-05-14 06:00,0.240
2016-05-14 07:00,0.302
2016-05-14 08:00,0.299
2016-05-14 09:00,0.285
2016-05-14 10:00,0.265
2016-05-14 11:00,0.249
2016-05-14 12:00,0.238
2016-05-14 13:00,0.230
2016-05-14 14:00,0.221
2016-05-14 15:00,0.212
2016-05-14 16:00,0.194
2016-05-14 17:00,0.157
2016-05-14 18:00,0.108
2016-05-14 19:00,0.080
2016-05-14 20:00,0.063
2016-05-14 21:00,0.051
2016-05-14 22:00,0.084
2016-05-14 23:00,0.139
2016-05-15 00:00,0.188
2016-05-15 01:00,0.216
2016-05-15 02:00,0.223
2016-05-15 03:00,0.213
2016-05-15 04:00,0.194
2016-05-15 05:00,0.133
2016-05-15 06:00,0.102
2016-05-15 07:00,0.099
2016-05-15 08:00,0.088
2016-05-15 09:00,0.076
2016-05-15 10:00,0.066
2016-05-15 11:00,0.065
2016-05-15 12:00,0.072
2016-05-15 13:00,0.083
2016-05-15 14:00,0.092
2016-05-15 15:00,0.094
2016-05-15 16:00,0.086
2016-05-15 17:00,0.075
2016-05-15 18:00,0.065
2016-05-15 19:00,0.072
2016-05-15 20:00,0.099
2016-05-15 21:00,0.139
2016-05-15 22:00,0.183
2016-05-15 23:00,0.218
2016-05-16 00:00,0.241
2016-05-16 01:00,0.263
2016-05-16 02:00,0.280
2016-05-16 03:00,0.271
2016-05-16 04:00,0.235
2016-05-16 05:00,0.185
2016-05-16 06:00,0.203
2016-05-16 07:00,0.215
2016-05-16 08:00,0.194
2016-05-16 09:00,0.180
2016-05-16 10:00,0.169
2016-05-16 11:00,0.159
2016-05-16 12:00,0.154
2016-05-16 13:00,0.148
2016-05-16 14:00,0.146
2016-05-16 15:00,0.147
2016-05-16 16:00,0.154
2016-05-16 17:00,0.158
2016-05-16 18:00,0.162
2016-05-16 19:00,0.181
2016-05-16 20:00,0.204
2016-05-16 21:00,0.220
2016-05-16 22:00,0.224
2016-05-16 23:00,0.207
2016-05-17 00:00,0.180
2016-05-17 01:00,0.149
2016-05-17 02:00,0.121
2016-05-17 03:00,0.105
2016-05-17 04:00,0.093
2016-05-17 05:00,0.063
2016-05-17 06:00,0.055
2016-05-17 07:00,0.063
2016-05-17 08:00,0.087
2016-05-17 09:00,0.112
2016-05-17 10:00,0.134
2016-05-17 11:00,0.162
2016-05-17 12:00,0.208
2016-05-17 13:00,0.262
2016-05-17 14:00,0.309
2016-05-17 15:00,0.345
2016-05-17 16:00,0.346
2016-05-17 17:00,0.321
2016-05-17 18:00,0.383
2016-05-17 19:00,0.463
2016-05-17 20:00,0.476
2016-05-17 21:00,0.468
2016-05-17 22:00,0.467
2016-05-17 23:00,0.480
2016-05-18 00:00,0.536
2016-05-18 01:00,0.533
2016-05-18 02:00,0.504
2016-05-18 03:00,0.497
2016-05-18 04:00,0.487
2016-05-18 05:00,0.459
2016-05-18 06:00,0.383
2016-05-18 07:00,0.342
2016-05-18 08:00,0.245
2016-05-18 09:00,0.157
2016-05-18 10:00,0.106
2016-05-18 11:00,0.082
2016-05-18 12:00,0.078
2016-05-18 13:00,0.092
2016-05-18 14:00,0.119
2016-05-18 15:00,0.158
2016-05-18 16:00,0.197
2016-05-18 17:00,0.217
2016-05-18 18:00,0.240
2016-05-18 19:00,0.311
2016-05-18 20:00,0.393
2016-05-18 21:00,0.429
2016-05-18 22:00,0.413
2016-05-18 23:00,0.374
2016-05-19 00:00,0.318
2016-05-19 01:00,0.281
2016-05-19 02:00,0.242
2016-05-19 03:00,0.189
2016-05-19 04:00,0.137
2016-05-19 05:00,0.084
2016-05-19 06:00,0.043
2016-05-19 07:00,0.024
2016-05-19 08:00,0.057
2016-05-19 09:00,0.122
2016-05-19 10:00,0.214
2016-05-19 11:00,0.336
2016-05-19 12:00,0.455
2016-05-19 13:00,0.545
2016-05-19 14:00,0.597
2016-05-19 15:00,0.613
2016-05-19 16:00,0.595
2016-05-19 17:00,0.480
2016-05-19 18:00,0.381
2016-05-19 19:00,0.403
2016-05-19 20:00,0.476
2016-05-19 21:00,0.516
2016-05-19 22:00,0.452
2016-05-19 23:00,0.452
2016-05-20 00:00,0.469
2016-05-20 01:00,0.456
2016-05-20 02:00,0.460
2016-05-20 03:00,0.427
2016-05-20 04:00,0.400
2016-05-20 05:00,0.335
2016-05-20 06:00,0.311
2016-05-20 07:00,0.381
2016-05-20 08:00,0.423
2016-05-20 09:00,0.452
2016-05-20 10:00,0.468
2016-05-20 11:00,0.503
2016-05-20 12:00,0.572
2016-05-20 13:00,0.601
2016-05-20 14:00,0.574
2016-05-20 15:00,0.508
2016-05-20 16:00,0.426
2016-05-20 17:00,0.367
2016-05-20 18:00,0.345
2016-05-20 19:00,0.367
2016-05-20 20:00,0.436
2016-05-20 21:00,0.486
2016-05-20 22:00,0.536
2016-05-20 23:00,0.513
2016-05-21 00:00,0.559
2016-05-21 01:00,0.648
2016-05-21 02:00,0.686
2016-05-21 03:00,0.743
2016-05-21 04:00,0.767
2016-05-21 05:00,0.723
2016-05-21 06:00,0.755
2016-05-21 07:00,0.805
2016-05-21 08:00,0.831
2016-05-21 09:00,0.838
2016-05-21 10:00,0.850
2016-05-21 11:00,0.863
2016-05-21 12:00,0.851
2016-05-21 13:00,0.801
2016-05-21 14:00,0.748
2016-05-21 15:00,0.663
2016-05-21 16:00,0.531
2016-05-21 17:00,0.411
2016-05-21 18:00,0.338
2016-05-21 19:00,0.315
2016-05-21 20:00,0.299
2016-05-21 21:00,0.251
2016-05-21 22:00,0.234
2016-05-21 23:00,0.240
2016-05-22 00:00,0.233
2016-05-22 01:00,0.236
2016-05-22 02:00,0.238
2016-05-22 03:00,0.230
2016-05-22 04:00,0.237
2016-05-22 05:00,0.206
2016-05-22 06:00,0.150
2016-05-22 07:00,0.156
2016-05-22 08:00,0.141
2016-05-22 09:00,0.126
2016-05-22 10:00,0.123
2016-05-22 11:00,0.131
2016-05-22 12:00,0.154
2016-05-22 13:00,0.178
2016-05-22 14:00,0.173
2016-05-22 15:00,0.164
2016-05-22 16:00,0.187
2016-05-22 17:00,0.232
2016-05-22 18:00,0.257
2016-05-22 19:00,0.303
2016-05-22 20:00,0.389
2016-05-22 21:00,0.431
2016-05-22 22:00,0.444
2016-05-22 23:00,0.442
2016-05-23 00:00,0.439
2016-05-23 01:00,0.420
2016-05-23 02:00,0.377
2016-05-23 03:00,0.319
2016-05-23 04:00,0.269
2016-05-23 05:00,0.227
2016-05-23 06:00,0.232
2016-05-23 07:00,0.256
2016-05-23 08:00,0.230
2016-05-23 09:00,0.188
2016-05-23 10:00,0.148
2016-05-23 11:00,0.123
2016-05-23 12:00,0.108
2016-05-23 13:00,0.100
2016-05-23 14:00,0.095
2016-05-23 15:00,0.098
2016-05-23 16:00,0.096
2016-05-23 17:00,0.089
2016-05-23 18:00,0.081
2016-05-23 19:00,0.084
2016-05-23 20:00,0.100
2016-05-23 21:00,0.114
2016-05-23 22:00,0.116
2016-05-23 23:00,0.105
2016-05-24 00:00,0.095
2016-05-24 01:00,0.093
2016-05-24 02:00,0.098
2016-05-24 03:00,0.106
2016-05-24 04:00,0.118
2016-05-24 05:00,0.102
2016-05-24 06:00,0.067
2016-05-24 07:00,0.107
2016-05-24 08:00,0.115
2016-05-24 09:00,0.133
2016-05-24 10:00,0.166
2016-05-24 11:00,0.216
2016-05-24 12:00,0.277
2016-05-24 13:00,0.336
2016-05-24 14:00,0.387
2016-05-24 15:00,0.435
2016-05-24 16:00,0.481
2016-05-24 17:00,0.513
2016-05-24 18:00,0.503
2016-05-24 19:00,0.466
2016-05-24 20:00,0.450
2016-05-24 21:00,0.430
2016-05-24 22:00,0.400
2016-05-24 23:00,0.355
2016-05-25 00:00,0.265
2016-05-25 01:00,0.248
2016-05-25 02:00,0.253
2016-05-25 03:00,0.265
2016-05-25 04:00,0.285
2016-05-25 05:00,0.286
2016-05-25 06:00,0.357
2016-05-25 07:00,0.401
2016-05-25 08:00,0.393
2016-05-25 09:00,0.383
2016-05-25 10:00,0.371
2016-05-25 11:00,0.367
2016-05-25 12:00,0.373
2016-05-25 13:00,0.380
2016-05-25 14:00,0.385
2016-05-25 15:00,0.371
2016-05-25 16:00,0.340
2016-05-25 17:00,0.285
2016-05-25 18:00,0.243
2016-05-25 19:00,0.232
2016-05-25 20:00,0.227
2016-05-25 21:00,0.235
2016-05-25 22:00,0.243
2016-05-25 23:00,0.238
2016-05-26 00:00,0.221
2016-05-26 01:00,0.192
2016-05-26 02:00,0.152
2016-05-26 03:00,0.111
2016-05-26 04:00,0.080
2016-05-26 05:00,0.051
2016-05-26 06:00,0.033
2016-05-26 07:00,0.026
2016-05-26 08:00,0.023
2016-05-26 09:00,0.021
2016-05-26 10:00,0.020
2016-05-26 11:00,0.021
2016-05-26 12:00,0.021
2016-05-26 13:00,0.021
2016-05-26 14:00,0.021
2016-05-26 15:00,0.021
2016-05-26 16:00,0.021
2016-05-26 17:00,0.020
2016-05-26 18:00,0.019
2016-05-26 19:00,0.016
2016-05-26 20:00,0.020
2016-05-26 21:00,0.035
2016-05-26 22:00,0.056
2016-05-26 23:00,0.085
2016-05-27 00:00,0.114
2016-05-27 01:00,0.133
2016-05-27 02:00,0.139
2016-05-27 03:00,0.134
2016-05-27 04:00,0.124
2016-05-27 05:00,0.079
2016-05-27 06:00,0.060
2016-05-27 07:00,0.055
2016-05-27 08:00,0.043
2016-05-27 09:00,0.041
2016-05-27 10:00,0.038
2016-05-27 11:00,0.035
2016-05-27 12:00,0.030
2016-05-27 13:00,0.027
2016-05-27 14:00,0.025
2016-05-27 15:00,0.027
2016-05-27 16:00,0.032
2016-05-27 17:00,0.049
2016-05-27 18:00,0.100
2016-05-27 19:00,0.194
2016-05-27 20:00,0.281
2016-05-27 21:00,0.286
2016-05-27 22:00,0.259
2016-05-27 23:00,0.222
2016-05-28 00:00,0.181
2016-05-28 01:00,0.141
2016-05-28 02:00,0.104
2016-05-28 03:00,0.071
2016-05-28 04:00,0.046
2016-05-28 05:00,0.033
2016-05-28 06:00,0.039
2016-05-28 07:00,0.039
2016-05-28 08:00,0.037
2016-05-28 09:00,0.032
2016-05-28 10:00,0.027
2016-05-28 11:00,0.023
2016-05-28 12:00,0.023
2016-05-28 13:00,0.026
2016-05-28 14:00,0.032
2016-05-28 15:00,0.040
2016-05-28 16:00,0.055
2016-05-28 17:00,0.082
2016-05-28 18:00,0.143
2016-05-28 19:00,0.238
2016-05-28 20:00,0.301
2016-05-28 21:00,0.257
2016-05-28 22:00,0.191
2016-05-28 23:00,0.149
2016-05-29 00:00,0.127
2016-05-29 01:00,0.130
2016-05-29 02:00,0.139
2016-05-29 03:00,0.156
2016-05-29 04:00,0.181
2016-05-29 05:00,0.143
2016-05-29 06:00,0.128
2016-05-29 07:00,0.145
2016-05-29 08:00,0.160
2016-05-29 09:00,0.176
2016-05-29 10:00,0.185
2016-05-29 11:00,0.189
2016-05-29 12:00,0.187
2016-05-29 13:00,0.184
2016-05-29 14:00,0.190
2016-05-29 15:00,0.206
2016-05-29 16:00,0.235
2016-05-29 17:00,0.265
2016-05-29 18:00,0.268
2016-05-29 19:00,0.263
2016-05-29 20:00,0.289
2016-05-29 21:00,0.292
2016-05-29 22:00,0.293
2016-05-29 23:00,0.304
2016-05-30 00:00,0.318
2016-05-30 01:00,0.314
2016-05-30 02:00,0.306
2016-05-30 03:00,0.301
2016-05-30 04:00,0.290
2016-05-30 05:00,0.276
2016-05-30 06:00,0.341
2016-05-30 07:00,0.342
2016-05-30 08:00,0.343
2016-05-30 09:00,0.362
2016-05-30 10:00,0.390
2016-05-30 11:00,0.431
2016-05-30 12:00,0.481
2016-05-30 13:00,0.529
2016-05-30 14:00,0.577
2016-05-30 15:00,0.622
2016-05-30 16:00,0.660
2016-05-30 17:00,0.670
2016-05-30 18:00,0.646
2016-05-30 19:00,0.643
2016-05-30 20:00,0.663
2016-05-30 21:00,0.680
2016-05-30 22:00,0.707
2016-05-30 23:00,0.735
2016-05-31 00:00,0.750
2016-05-31 01:00,0.755
2016-05-31 02:00,0.762
2016-05-31 03:00,0.757
2016-05-31 04:00,0.733
2016-05-31 05:00,0.694
2016-05-31 06:00,0.767
2016-05-31 07:00,0.852
2016-05-31 08:00,0.880
2016-05-31 09:00,0.888
2016-05-31 10:00,0.888
2016-05-31 11:00,0.884
2016-05-31 12:00,0.881
2016-05-31 13:00,0.868
2016-05-31 14:00,0.848
2016-05-31 15:00,0.833
2016-05-31 16:00,0.817
2016-05-31 17:00,0.792
2016-05-31 18:00,0.750
2016-05-31 19:00,0.714
2016-05-31 20:00,0.700
2016-05-31 21:00,0.694
2016-05-31 22:00,0.674
2016-05-31 23:00,0.673
2016-06-01 00:00,0.681
2016-06-01 01:00,0.680
2016-06-01 02:00,0.692
2016-06-01 03:00,0.700
2016-06-01 04:00,0.698
2016-06-01 05:00,0.691
2016-06-01 06:00,0.698
2016-06-01 07:00,0.752
2016-06-01 08:00,0.774
2016-06-01 09:00,0.780
2016-06-01 10:00,0.778
2016-06-01 11:00,0.773
2016-06-01 12:00,0.770
2016-06-01 13:00,0.766
2016-06-01 14:00,0.764
2016-06-01 15:00,0.765
2016-06-01 16:00,0.750
2016-06-01 17:00,0.736
2016-06-01 18:00,0.716
2016-06-01 19:00,0.684
2016-06-01 20:00,0.659
2016-06-01 21:00,0.670
2016-06-01 22:00,0.684
2016-06-01 23:00,0.675
2016-06-02 00:00,0.687
2016-06-02 01:00,0.686
2016-06-02 02:00,0.663
2016-06-02 03:00,0.629
2016-06-02 04:00,0.618
2016-06-02 05:00,0.629
2016-06-02 06:00,0.643
2016-06-02 07:00,0.612
2016-06-02 08:00,0.581
2016-06-02 09:00,0.549
2016-06-02 10:00,0.513
2016-06-02 11:00,0.479
2016-06-02 12:00,0.445
2016-06-02 13:00,0.419
2016-06-02 14:00,0.410
2016-06-02 15:00,0.406
2016-06-02 16:00,0.400
2016-06-02 17:00,0.384
2016-06-02 18:00,0.352
2016-06-02 19:00,0.285
2016-06-02 20:00,0.211
2016-06-02 21:00,0.166
2016-06-02 22:00,0.140
2016-06-02 23:00,0.153
2016-06-03 00:00,0.180
2016-06-03 01:00,0.208
2016-06-03 02:00,0.225
2016-06-03 03:00,0.210
2016-06-03 04:00,0.175
2016-06-03 05:00,0.187
2016-06-03 06:00,0.227
2016-06-03 07:00,0.257
2016-06-03 08:00,0.285
2016-06-03 09:00,0.273
2016-06-03 10:00,0.232
2016-06-03 11:00,0.189
2016-06-03 12:00,0.155
2016-06-03 13:00,0.134
2016-06-03 14:00,0.123
2016-06-03 15:00,0.127
2016-06-03 16:00,0.139
2016-06-03 17:00,0.144
2016-06-03 18:00,0.134
2016-06-03 19:00,0.113
2016-06-03 20:00,0.109
2016-06-03 21:00,0.110
2016-06-03 22:00,0.115
2016-06-03 23:00,0.123
2016-06-04 00:00,0.133
2016-06-04 01:00,0.140
2016-06-04 02:00,0.150
2016-06-04 03:00,0.160
2016-06-04 04:00,0.149
2016-06-04 05:00,0.097
2016-06-04 06:00,0.089
2016-06-04 07:00,0.101
2016-06-04 08:00,0.111
2016-06-04 09:00,0.118
2016-06-04 10:00,0.127
2016-06-04 11:00,0.138
2016-06-04 12:00,0.148
2016-06-04 13:00,0.157
2016-06-04 14:00,0.163
2016-06-04 15:00,0.172
2016-06-04 16:00,0.184
2016-06-04 17:00,0.199
2016-06-04 18:00,0.212
2016-06-04 19:00,0.236
2016-06-04 20:00,0.279
2016-06-04 21:00,0.266
2016-06-04 22:00,0.240
2016-06-04 23:00,0.231
2016-06-05 00:00,0.228
2016-06-05 01:00,0.226
2016-06-05 02:00,0.223
2016-06-05 03:00,0.213
2016-06-05 04:00,0.181
2016-06-05 05:00,0.136
2016-06-05 06:00,0.113
2016-06-05 07:00,0.089
2016-06-05 08:00,0.074
2016-06-05 09:00,0.063
2016-06-05 10:00,0.056
2016-06-05 11:00,0.051
2016-06-05 12:00,0.050
2016-06-05 13:00,0.056
2016-06-05 14:00,0.065
2016-06-05 15:00,0.077
2016-06-05 16:00,0.091
2016-06-05 17:00,0.113
2016-06-05 18:00,0.153
2016-06-05 19:00,0.219
2016-06-05 20:00,0.273
2016-06-05 21:00,0.248
2016-06-05 22:00,0.199
2016-06-05 23:00,0.156
2016-06-06 00:00,0.119
2016-06-06 01:00,0.094
2016-06-06 02:00,0.080
2016-06-06 03:00,0.072
2016-06-06 04:00,0.070
2016-06-06 05:00,0.048
2016-06-06 06:00,0.037
2016-06-06 07:00,0.041
2016-06-06 08:00,0.043
2016-06-06 09:00,0.046
2016-06-06 10:00,0.044
2016-06-06 11:00,0.044
2016-06-06 12:00,0.046
2016-06-06 13:00,0.052
2016-06-06 14:00,0.062
2016-06-06 15:00,0.073
2016-06-06 16:00,0.087
2016-06-06 17:00,0.114
2016-06-06 18:00,0.166
2016-06-06 19:00,0.261
2016-06-06 20:00,0.335
2016-06-06 21:00,0.309
2016-06-06 22:00,0.251
2016-06-06 23:00,0.208
2016-06-07 00:00,0.181
2016-06-07 01:00,0.163
2016-06-07 02:00,0.149
2016-06-07 03:00,0.131
2016-06-07 04:00,0.101
2016-06-07 05:00,0.049
2016-06-07 06:00,0.025
2016-06-07 07:00,0.030
2016-06-07 08:00,0.044
2016-06-07 09:00,0.050
2016-06-07 10:00,0.052
2016-06-07 11:00,0.049
2016-06-07 12:00,0.039
2016-06-07 13:00,0.027
2016-06-07 14:00,0.017
2016-06-07 15:00,0.015
2016-06-07 16:00,0.017
2016-06-07 17:00,0.026
2016-06-07 18:00,0.046
2016-06-07 19:00,0.067
2016-06-07 20:00,0.084
2016-06-07 21:00,0.098
2016-06-07 22:00,0.120
2016-06-07 23:00,0.159
2016-06-08 00:00,0.223
2016-06-08 01:00,0.281
2016-06-08 02:00,0.302
2016-06-08 03:00,0.294
2016-06-08 04:00,0.257
2016-06-08 05:00,0.142
2016-06-08 06:00,0.105
2016-06-08 07:00,0.105
2016-06-08 08:00,0.100
2016-06-08 09:00,0.083
2016-06-08 10:00,0.063
2016-06-08 11:00,0.049
2016-06-08 12:00,0.040
2016-06-08 13:00,0.037
2016-06-08 14:00,0.044
2016-06-08 15:00,0.068
2016-06-08 16:00,0.105
2016-06-08 17:00,0.137
2016-06-08 18:00,0.161
2016-06-08 19:00,0.170
2016-06-08 20:00,0.163
2016-06-08 21:00,0.132
2016-06-08 22:00,0.104
2016-06-08 23:00,0.091
2016-06-09 00:00,0.088
2016-06-09 01:00,0.083
2016-06-09 02:00,0.080
2016-06-09 03:00,0.081
2016-06-09 04:00,0.073
2016-06-09 05:00,0.056
2016-06-09 06:00,0.050
2016-06-09 07:00,0.046
2016-06-09 08:00,0.048
2016-06-09 09:00,0.058
2016-06-09 10:00,0.065
2016-06-09 11:00,0.062
2016-06-09 12:00,0.056
2016-06-09 13:00,0.050
2016-06-09 14:00,0.043
2016-06-09 15:00,0.035
2016-06-09 16:00,0.032
2016-06-09 17:00,0.037
2016-06-09 18:00,0.055
2016-06-09 19:00,0.104
2016-06-09 20:00,0.158
2016-06-09 21:00,0.183
2016-06-09 22:00,0.186
2016-06-09 23:00,0.171
2016-06-10 00:00,0.140
2016-06-10 01:00,0.119
2016-06-10 02:00,0.102
2016-06-10 03:00,0.088
2016-06-10 04:00,0.074
2016-06-10 05:00,0.052
2016-06-10 06:00,0.033
2016-06-10 07:00,0.037
2016-06-10 08:00,0.043
2016-06-10 09:00,0.040
2016-06-10 10:00,0.035
2016-06-10 11:00,0.028
2016-06-10 12:00,0.022
2016-06-10 13:00,0.020
2016-06-10 14:00,0.019
2016-06-10 15:00,0.019
2016-06-10 16:00,0.021
2016-06-10 17:00,0.032
2016-06-10 18:00,0.054
2016-06-10 19:00,0.085
2016-06-10 20:00,0.119
2016-06-10 21:00,0.128
2016-06-10 22:00,0.121
2016-06-10 23:00,0.115
2016-06-11 00:00,0.112
2016-06-11 01:00,0.107
2016-06-11 02:00,0.102
2016-06-11 03:00,0.101
2016-06-11 04:00,0.091
2016-06-11 05:00,0.069
2016-06-11 06:00,0.049
2016-06-11 07:00,0.033
2016-06-11 08:00,0.021
2016-06-11 09:00,0.014
2016-06-11 10:00,0.012
2016-06-11 11:00,0.012
2016-06-11 12:00,0.015
2016-06-11 13:00,0.022
2016-06-11 14:00,0.025
2016-06-11 15:00,0.026
2016-06-11 16:00,0.028
2016-06-11 17:00,0.032
2016-06-11 18:00,0.044
2016-06-11 19:00,0.074
2016-06-11 20:00,0.118
2016-06-11 21:00,0.138
2016-06-11 22:00,0.140
2016-06-11 23:00,0.133
2016-06-12 00:00,0.118
2016-06-12 01:00,0.099
2016-06-12 02:00,0.078
2016-06-12 03:00,0.062
2016-06-12 04:00,0.049
2016-06-12 05:00,0.032
2016-06-12 06:00,0.023
2016-06-12 07:00,0.029
2016-06-12 08:00,0.040
2016-06-12 09:00,0.052
2016-06-12 10:00,0.060
2016-06-12 11:00,0.061
2016-06-12 12:00,0.052
2016-06-12 13:00,0.038
2016-06-12 14:00,0.025
2016-06-12 15:00,0.015
2016-06-12 16:00,0.007
2016-06-12 17:00,0.006
2016-06-12 18:00,0.012
2016-06-12 19:00,0.022
2016-06-12 20:00,0.033
2016-06-12 21:00,0.038
2016-06-12 22:00,0.040
2016-06-12 23:00,0.041
2016-06-13 00:00,0.043
2016-06-13 01:00,0.050
2016-06-13 02:00,0.059
2016-06-13 03:00,0.062
2016-06-13 04:00,0.057
2016-06-13 05:00,0.033
2016-06-13 06:00,0.019
2016-06-13 07:00,0.015
2016-06-13 08:00,0.014
2016-06-13 09:00,0.015
2016-06-13 10:00,0.019
2016-06-13 11:00,0.024
2016-06-13 12:00,0.028
2016-06-13 13:00,0.032
2016-06-13 14:00,0.038
2016-06-13 15:00,0.042
2016-06-13 16:00,0.043
2016-06-13 17:00,0.043
2016-06-13 18:00,0.047
2016-06-13 19:00,0.058
2016-06-13 20:00,0.082
2016-06-13 21:00,0.103
2016-06-13 22:00,0.118
2016-06-13 23:00,0.116
2016-06-14 00:00,0.121
2016-06-14 01:00,0.131
2016-06-14 02:00,0.147
2016-06-14 03:00,0.159
2016-06-14 04:00,0.155
2016-06-14 05:00,0.123
2016-06-14 06:00,0.121
2016-06-14 07:00,0.122
2016-06-14 08:00,0.113
2016-06-14 09:00,0.103
2016-06-14 10:00,0.095
2016-06-14 11:00,0.083
2016-06-14 12:00,0.070
2016-06-14 13:00,0.062
2016-06-14 14:00,0.060
2016-06-14 15:00,0.069
2016-06-14 16:00,0.083
2016-06-14 17:00,0.103
2016-06-14 18:00,0.125
2016-06-14 19:00,0.154
2016-06-14 20:00,0.183
2016-06-14 21:00,0.184
2016-06-14 22:00,0.170
2016-06-14 23:00,0.155
2016-06-15 00:00,0.149
2016-06-15 01:00,0.155
2016-06-15 02:00,0.167
2016-06-15 03:00,0.179
2016-06-15 04:00,0.171
2016-06-15 05:00,0.134
2016-06-15 06:00,0.123
2016-06-15 07:00,0.116
2016-06-15 08:00,0.090
2016-06-15 09:00,0.078
2016-06-15 10:00,0.070
2016-06-15 11:00,0.060
2016-06-15 12:00,0.050
2016-06-15 13:00,0.041
2016-06-15 14:00,0.034
2016-06-15 15:00,0.033
2016-06-15 16:00,0.037
2016-06-15 17:00,0.045
2016-06-15 18:00,0.056
2016-06-15 19:00,0.081
2016-06-15 20:00,0.117
2016-06-15 21:00,0.145
2016-06-15 22:00,0.162
2016-06-15 23:00,0.172
2016-06-16 00:00,0.176
2016-06-16 01:00,0.181
2016-06-16 02:00,0.187
2016-06-16 03:00,0.189
2016-06-16 04:00,0.179
2016-06-16 05:00,0.133
2016-06-16 06:00,0.104
2016-06-16 07:00,0.101
2016-06-16 08:00,0.089
2016-06-16 09:00,0.080
2016-06-16 10:00,0.070
2016-06-16 11:00,0.059
2016-06-16 12:00,0.054
2016-06-16 13:00,0.055
2016-06-16 14:00,0.062
2016-06-16 15:00,0.067
2016-06-16 16:00,0.070
2016-06-16 17:00,0.080
2016-06-16 18:00,0.099
2016-06-16 19:00,0.139
2016-06-16 20:00,0.196
2016-06-16 21:00,0.222
2016-06-16 22:00,0.217
2016-06-16 23:00,0.207
2016-06-17 00:00,0.201
2016-06-17 01:00,0.194
2016-06-17 02:00,0.181
2016-06-17 03:00,0.173
2016-06-17 04:00,0.160
2016-06-17 05:00,0.140
2016-06-17 06:00,0.145
2016-06-17 07:00,0.136
2016-06-17 08:00,0.149
2016-06-17 09:00,0.181
2016-06-17 10:00,0.209
2016-06-17 11:00,0.226
2016-06-17 12:00,0.224
2016-06-17 13:00,0.207
2016-06-17 14:00,0.181
2016-06-17 15:00,0.156
2016-06-17 16:00,0.139
2016-06-17 17:00,0.123
2016-06-17 18:00,0.133
2016-06-17 19:00,0.197
2016-06-17 20:00,0.297
2016-06-17 21:00,0.368
2016-06-17 22:00,0.394
2016-06-17 23:00,0.379
2016-06-18 00:00,0.413
2016-06-18 01:00,0.409
2016-06-18 02:00,0.352
2016-06-18 03:00,0.309
2016-06-18 04:00,0.241
2016-06-18 05:00,0.216
2016-06-18 06:00,0.257
2016-06-18 07:00,0.237
2016-06-18 08:00,0.217
2016-06-18 09:00,0.202
2016-06-18 10:00,0.181
2016-06-18 11:00,0.163
2016-06-18 12:00,0.150
2016-06-18 13:00,0.145
2016-06-18 14:00,0.148
2016-06-18 15:00,0.162
2016-06-18 16:00,0.177
2016-06-18 17:00,0.169
2016-06-18 18:00,0.145
2016-06-18 19:00,0.122
2016-06-18 20:00,0.104
2016-06-18 21:00,0.093
2016-06-18 22:00,0.105
2016-06-18 23:00,0.120
2016-06-19 00:00,0.128
2016-06-19 01:00,0.126
2016-06-19 02:00,0.134
2016-06-19 03:00,0.139
2016-06-19 04:00,0.113
2016-06-19 05:00,0.064
2016-06-19 06:00,0.056
2016-06-19 07:00,0.067
2016-06-19 08:00,0.086
2016-06-19 09:00,0.114
2016-06-19 10:00,0.155
2016-06-19 11:00,0.211
2016-06-19 12:00,0.285
2016-06-19 13:00,0.354
2016-06-19 14:00,0.408
2016-06-19 15:00,0.448
2016-06-19 16:00,0.460
2016-06-19 17:00,0.522
2016-06-19 18:00,0.600
2016-06-19 19:00,0.705
2016-06-19 20:00,0.774
2016-06-19 21:00,0.823
2016-06-19 22:00,0.811
2016-06-19 23:00,0.773
2016-06-20 00:00,0.716
2016-06-20 01:00,0.652
2016-06-20 02:00,0.597
2016-06-20 03:00,0.554
2016-06-20 04:00,0.506
2016-06-20 05:00,0.466
2016-06-20 06:00,0.429
2016-06-20 07:00,0.430
2016-06-20 08:00,0.469
2016-06-20 09:00,0.519
2016-06-20 10:00,0.582
2016-06-20 11:00,0.637
2016-06-20 12:00,0.669
2016-06-20 13:00,0.666
2016-06-20 14:00,0.619
2016-06-20 15:00,0.562
2016-06-20 16:00,0.510
2016-06-20 17:00,0.460
2016-06-20 18:00,0.369
2016-06-20 19:00,0.286
2016-06-20 20:00,0.226
2016-06-20 21:00,0.171
2016-06-20 22:00,0.132
2016-06-20 23:00,0.127
2016-06-21 00:00,0.145
2016-06-21 01:00,0.163
2016-06-21 02:00,0.170
2016-06-21 03:00,0.155
2016-06-21 04:00,0.142
2016-06-21 05:00,0.098
2016-06-21 06:00,0.082
2016-06-21 07:00,0.105
2016-06-21 08:00,0.126
2016-06-21 09:00,0.143
2016-06-21 10:00,0.169
2016-06-21 11:00,0.185
2016-06-21 12:00,0.199
2016-06-21 13:00,0.221
2016-06-21 14:00,0.247
2016-06-21 15:00,0.262
2016-06-21 16:00,0.263
2016-06-21 17:00,0.214
2016-06-21 18:00,0.159
2016-06-21 19:00,0.181
2016-06-21 20:00,0.204
2016-06-21 21:00,0.233
2016-06-21 22:00,0.268
2016-06-21 23:00,0.296
2016-06-22 00:00,0.321
2016-06-22 01:00,0.330
2016-06-22 02:00,0.329
2016-06-22 03:00,0.338
2016-06-22 04:00,0.314
2016-06-22 05:00,0.201
2016-06-22 06:00,0.212
2016-06-22 07:00,0.253
2016-06-22 08:00,0.260
2016-06-22 09:00,0.269
2016-06-22 10:00,0.276
2016-06-22 11:00,0.284
2016-06-22 12:00,0.285
2016-06-22 13:00,0.281
2016-06-22 14:00,0.274
2016-06-22 15:00,0.253
2016-06-22 16:00,0.209
2016-06-22 17:00,0.161
2016-06-22 18:00,0.113
2016-06-22 19:00,0.096
2016-06-22 20:00,0.094
2016-06-22 21:00,0.091
2016-06-22 22:00,0.085
2016-06-22 23:00,0.067
2016-06-23 00:00,0.049
2016-06-23 01:00,0.044
2016-06-23 02:00,0.050
2016-06-23 03:00,0.094
2016-06-23 04:00,0.105
2016-06-23 05:00,0.034
2016-06-23 06:00,0.015
2016-06-23 07:00,0.002
2016-06-23 08:00,0.024
2016-06-23 09:00,0.044
2016-06-23 10:00,0.050
2016-06-23 11:00,0.050
2016-06-23 12:00,0.051
2016-06-23 13:00,0.054
2016-06-23 14:00,0.075
2016-06-23 15:00,0.089
2016-06-23 16:00,0.085
2016-06-23 17:00,0.083
2016-06-23 18:00,0.097
2016-06-23 19:00,0.123
2016-06-23 20:00,0.145
2016-06-23 21:00,0.202
2016-06-23 22:00,0.294
2016-06-23 23:00,0.355
2016-06-24 00:00,0.357
2016-06-24 01:00,0.338
2016-06-24 02:00,0.342
2016-06-24 03:00,0.359
2016-06-24 04:00,0.346
2016-06-24 05:00,0.238
2016-06-24 06:00,0.258
2016-06-24 07:00,0.293
2016-06-24 08:00,0.309
2016-06-24 09:00,0.324
2016-06-24 10:00,0.347
2016-06-24 11:00,0.370
2016-06-24 12:00,0.380
2016-06-24 13:00,0.361
2016-06-24 14:00,0.323
2016-06-24 15:00,0.278
2016-06-24 16:00,0.222
2016-06-24 17:00,0.156
2016-06-24 18:00,0.103
2016-06-24 19:00,0.087
2016-06-24 20:00,0.084
2016-06-24 21:00,0.077
2016-06-24 22:00,0.073
2016-06-24 23:00,0.073
2016-06-25 00:00,0.076
2016-06-25 01:00,0.078
2016-06-25 02:00,0.078
2016-06-25 03:00,0.077
2016-06-25 04:00,0.073
2016-06-25 05:00,0.048
2016-06-25 06:00,0.038
2016-06-25 07:00,0.033
2016-06-25 08:00,0.030
2016-06-25 09:00,0.033
2016-06-25 10:00,0.046
2016-06-25 11:00,0.066
2016-06-25 12:00,0.092
2016-06-25 13:00,0.113
2016-06-25 14:00,0.125
2016-06-25 15:00,0.128
2016-06-25 16:00,0.129
2016-06-25 17:00,0.134
2016-06-25 18:00,0.134
2016-06-25 19:00,0.146
2016-06-25 20:00,0.206
2016-06-25 21:00,0.254
2016-06-25 22:00,0.285
2016-06-25 23:00,0.321
2016-06-26 00:00,0.330
2016-06-26 01:00,0.311
2016-06-26 02:00,0.302
2016-06-26 03:00,0.291
2016-06-26 04:00,0.270
2016-06-26 05:00,0.197
2016-06-26 06:00,0.209
2016-06-26 07:00,0.218
2016-06-26 08:00,0.241
2016-06-26 09:00,0.230
2016-06-26 10:00,0.230
2016-06-26 11:00,0.281
2016-06-26 12:00,0.317
2016-06-26 13:00,0.367
2016-06-26 14:00,0.426
2016-06-26 15:00,0.430
2016-06-26 16:00,0.403
2016-06-26 17:00,0.345
2016-06-26 18:00,0.277
2016-06-26 19:00,0.232
2016-06-26 20:00,0.281
2016-06-26 21:00,0.370
2016-06-26 22:00,0.416
2016-06-26 23:00,0.463
2016-06-27 00:00,0.562
2016-06-27 01:00,0.594
2016-06-27 02:00,0.546
2016-06-27 03:00,0.537
2016-06-27 04:00,0.501
2016-06-27 05:00,0.454
2016-06-27 06:00,0.594
2016-06-27 07:00,0.651
2016-06-27 08:00,0.673
2016-06-27 09:00,0.689
2016-06-27 10:00,0.686
2016-06-27 11:00,0.668
2016-06-27 12:00,0.649
2016-06-27 13:00,0.647
2016-06-27 14:00,0.645
2016-06-27 15:00,0.643
2016-06-27 16:00,0.625
2016-06-27 17:00,0.558
2016-06-27 18:00,0.410
2016-06-27 19:00,0.306
2016-06-27 20:00,0.284
2016-06-27 21:00,0.285
2016-06-27 22:00,0.285
2016-06-27 23:00,0.299
2016-06-28 00:00,0.313
2016-06-28 01:00,0.293
2016-06-28 02:00,0.242
2016-06-28 03:00,0.180
2016-06-28 04:00,0.125
2016-06-28 05:00,0.068
2016-06-28 06:00,0.059
2016-06-28 07:00,0.098
2016-06-28 08:00,0.132
2016-06-28 09:00,0.181
2016-06-28 10:00,0.241
2016-06-28 11:00,0.328
2016-06-28 12:00,0.305
2016-06-28 13:00,0.280
2016-06-28 14:00,0.309
2016-06-28 15:00,0.309
2016-06-28 16:00,0.238
2016-06-28 17:00,0.153
2016-06-28 18:00,0.083
2016-06-28 19:00,0.041
2016-06-28 20:00,0.021
2016-06-28 21:00,0.042
2016-06-28 22:00,0.144
2016-06-28 23:00,0.283
2016-06-29 00:00,0.348
2016-06-29 01:00,0.353
2016-06-29 02:00,0.331
2016-06-29 03:00,0.291
2016-06-29 04:00,0.241
2016-06-29 05:00,0.205
2016-06-29 06:00,0.207
2016-06-29 07:00,0.267
2016-06-29 08:00,0.374
2016-06-29 09:00,0.565
2016-06-29 10:00,0.728
2016-06-29 11:00,0.797
2016-06-29 12:00,0.855
2016-06-29 13:00,0.901
2016-06-29 14:00,0.916
2016-06-29 15:00,0.908
2016-06-29 16:00,0.878
2016-06-29 17:00,0.829
2016-06-29 18:00,0.696
2016-06-29 19:00,0.517
2016-06-29 20:00,0.427
2016-06-29 21:00,0.383
2016-06-29 22:00,0.365
2016-06-29 23:00,0.362
2016-06-30 00:00,0.387
2016-06-30 01:00,0.413
2016-06-30 02:00,0.429
2016-06-30 03:00,0.431
2016-06-30 04:00,0.380
2016-06-30 05:00,0.232
2016-06-30 06:00,0.246
2016-06-30 07:00,0.265
2016-06-30 08:00,0.297
2016-06-30 09:00,0.324
2016-06-30 10:00,0.342
2016-06-30 11:00,0.372
2016-06-30 12:00,0.382
2016-06-30 13:00,0.374
2016-06-30 14:00,0.365
2016-06-30 15:00,0.345
2016-06-30 16:00,0.314
2016-06-30 17:00,0.265
2016-06-30 18:00,0.204
2016-06-30 19:00,0.235
2016-06-30 20:00,0.356
2016-06-30 21:00,0.452
2016-06-30 22:00,0.554
2016-06-30 23:00,0.572
2016-07-01 00:00,0.637
2016-07-01 01:00,0.662
2016-07-01 02:00,0.690
2016-07-01 03:00,0.661
2016-07-01 04:00,0.560
2016-07-01 05:00,0.502
2016-07-01 06:00,0.488
2016-07-01 07:00,0.463
2016-07-01 08:00,0.475
2016-07-01 09:00,0.505
2016-07-01 10:00,0.536
2016-07-01 11:00,0.559
2016-07-01 12:00,0.574
2016-07-01 13:00,0.581
2016-07-01 14:00,0.606
2016-07-01 15:00,0.621
2016-07-01 16:00,0.629
2016-07-01 17:00,0.596
2016-07-01 18:00,0.571
2016-07-01 19:00,0.569
2016-07-01 20:00,0.562
2016-07-01 21:00,0.521
2016-07-01 22:00,0.517
2016-07-01 23:00,0.502
2016-07-02 00:00,0.485
2016-07-02 01:00,0.468
2016-07-02 02:00,0.472
2016-07-02 03:00,0.473
2016-07-02 04:00,0.451
2016-07-02 05:00,0.439
2016-07-02 06:00,0.587
2016-07-02 07:00,0.748
2016-07-02 08:00,0.813
2016-07-02 09:00,0.824
2016-07-02 10:00,0.821
2016-07-02 11:00,0.822
2016-07-02 12:00,0.824
2016-07-02 13:00,0.824
2016-07-02 14:00,0.821
2016-07-02 15:00,0.806
2016-07-02 16:00,0.779
2016-07-02 17:00,0.730
2016-07-02 18:00,0.668
2016-07-02 19:00,0.600
2016-07-02 20:00,0.571
2016-07-02 21:00,0.524
2016-07-02 22:00,0.512
2016-07-02 23:00,0.517
2016-07-03 00:00,0.511
2016-07-03 01:00,0.502
2016-07-03 02:00,0.491
2016-07-03 03:00,0.472
2016-07-03 04:00,0.405
2016-07-03 05:00,0.237
2016-07-03 06:00,0.240
2016-07-03 07:00,0.291
2016-07-03 08:00,0.321
2016-07-03 09:00,0.362
2016-07-03 10:00,0.416
2016-07-03 11:00,0.469
2016-07-03 12:00,0.498
2016-07-03 13:00,0.513
2016-07-03 14:00,0.517
2016-07-03 15:00,0.505
2016-07-03 16:00,0.471
2016-07-03 17:00,0.409
2016-07-03 18:00,0.306
2016-07-03 19:00,0.223
2016-07-03 20:00,0.177
2016-07-03 21:00,0.136
2016-07-03 22:00,0.105
2016-07-03 23:00,0.087
2016-07-04 00:00,0.084
2016-07-04 01:00,0.091
2016-07-04 02:00,0.102
2016-07-04 03:00,0.116
2016-07-04 04:00,0.138
2016-07-04 05:00,0.124
2016-07-04 06:00,0.093
2016-07-04 07:00,0.140
2016-07-04 08:00,0.175
2016-07-04 09:00,0.204
2016-07-04 10:00,0.233
2016-07-04 11:00,0.271
2016-07-04 12:00,0.314
2016-07-04 13:00,0.361
2016-07-04 14:00,0.417
2016-07-04 15:00,0.431
2016-07-04 16:00,0.404
2016-07-04 17:00,0.374
2016-07-04 18:00,0.409
2016-07-04 19:00,0.528
2016-07-04 20:00,0.665
2016-07-04 21:00,0.702
2016-07-04 22:00,0.643
2016-07-04 23:00,0.571
2016-07-05 00:00,0.565
2016-07-05 01:00,0.533
2016-07-05 02:00,0.578
2016-07-05 03:00,0.614
2016-07-05 04:00,0.612
2016-07-05 05:00,0.532
2016-07-05 06:00,0.549
2016-07-05 07:00,0.518
2016-07-05 08:00,0.481
2016-07-05 09:00,0.453
2016-07-05 10:00,0.466
2016-07-05 11:00,0.513
2016-07-05 12:00,0.566
2016-07-05 13:00,0.604
2016-07-05 14:00,0.640
2016-07-05 15:00,0.666
2016-07-05 16:00,0.674
2016-07-05 17:00,0.662
2016-07-05 18:00,0.581
2016-07-05 19:00,0.450
2016-07-05 20:00,0.418
2016-07-05 21:00,0.472
2016-07-05 22:00,0.479
2016-07-05 23:00,0.458
2016-07-06 00:00,0.448
2016-07-06 01:00,0.433
2016-07-06 02:00,0.400
2016-07-06 03:00,0.345
2016-07-06 04:00,0.280
2016-07-06 05:00,0.152
2016-07-06 06:00,0.097
2016-07-06 07:00,0.103
2016-07-06 08:00,0.121
2016-07-06 09:00,0.135
2016-07-06 10:00,0.141
2016-07-06 11:00,0.154
2016-07-06 12:00,0.168
2016-07-06 13:00,0.198
2016-07-06 14:00,0.238
2016-07-06 15:00,0.232
2016-07-06 16:00,0.169
2016-07-06 17:00,0.126
2016-07-06 18:00,0.128
2016-07-06 19:00,0.160
2016-07-06 20:00,0.251
2016-07-06 21:00,0.382
2016-07-06 22:00,0.432
2016-07-06 23:00,0.443
2016-07-07 00:00,0.435
2016-07-07 01:00,0.432
2016-07-07 02:00,0.438
2016-07-07 03:00,0.435
2016-07-07 04:00,0.413
2016-07-07 05:00,0.426
2016-07-07 06:00,0.433
2016-07-07 07:00,0.500
2016-07-07 08:00,0.499
2016-07-07 09:00,0.490
2016-07-07 10:00,0.468
2016-07-07 11:00,0.470
2016-07-07 12:00,0.447
2016-07-07 13:00,0.419
2016-07-07 14:00,0.416
2016-07-07 15:00,0.426
2016-07-07 16:00,0.403
2016-07-07 17:00,0.362
2016-07-07 18:00,0.291
2016-07-07 19:00,0.311
2016-07-07 20:00,0.398
2016-07-07 21:00,0.471
2016-07-07 22:00,0.472
2016-07-07 23:00,0.472
2016-07-08 00:00,0.466
2016-07-08 01:00,0.489
2016-07-08 02:00,0.581
2016-07-08 03:00,0.650
2016-07-08 04:00,0.646
2016-07-08 05:00,0.522
2016-07-08 06:00,0.516
2016-07-08 07:00,0.669
2016-07-08 08:00,0.710
2016-07-08 09:00,0.779
2016-07-08 10:00,0.845
2016-07-08 11:00,0.871
2016-07-08 12:00,0.867
2016-07-08 13:00,0.841
2016-07-08 14:00,0.814
2016-07-08 15:00,0.768
2016-07-08 16:00,0.707
2016-07-08 17:00,0.618
2016-07-08 18:00,0.479
2016-07-08 19:00,0.384
2016-07-08 20:00,0.356
2016-07-08 21:00,0.377
2016-07-08 22:00,0.406
2016-07-08 23:00,0.406
2016-07-09 00:00,0.375
2016-07-09 01:00,0.356
2016-07-09 02:00,0.383
2016-07-09 03:00,0.384
2016-07-09 04:00,0.364
2016-07-09 05:00,0.344
2016-07-09 06:00,0.338
2016-07-09 07:00,0.387
2016-07-09 08:00,0.412
2016-07-09 09:00,0.432
2016-07-09 10:00,0.432
2016-07-09 11:00,0.450
2016-07-09 12:00,0.536
2016-07-09 13:00,0.629
2016-07-09 14:00,0.719
2016-07-09 15:00,0.800
2016-07-09 16:00,0.855
2016-07-09 17:00,0.858
2016-07-09 18:00,0.848
2016-07-09 19:00,0.825
2016-07-09 20:00,0.799
2016-07-09 21:00,0.791
2016-07-09 22:00,0.759
2016-07-09 23:00,0.708
2016-07-10 00:00,0.664
2016-07-10 01:00,0.550
2016-07-10 02:00,0.539
2016-07-10 03:00,0.520
2016-07-10 04:00,0.454
2016-07-10 05:00,0.390
2016-07-10 06:00,0.319
2016-07-10 07:00,0.422
2016-07-10 08:00,0.575
2016-07-10 09:00,0.654
2016-07-10 10:00,0.694
2016-07-10 11:00,0.716
2016-07-10 12:00,0.743
2016-07-10 13:00,0.777
2016-07-10 14:00,0.797
2016-07-10 15:00,0.810
2016-07-10 16:00,0.789
2016-07-10 17:00,0.731
2016-07-10 18:00,0.669
2016-07-10 19:00,0.648
2016-07-10 20:00,0.606
2016-07-10 21:00,0.592
2016-07-10 22:00,0.600
2016-07-10 23:00,0.619
2016-07-11 00:00,0.634
2016-07-11 01:00,0.633
2016-07-11 02:00,0.668
2016-07-11 03:00,0.701
2016-07-11 04:00,0.689
2016-07-11 05:00,0.681
2016-07-11 06:00,0.709
2016-07-11 07:00,0.776
2016-07-11 08:00,0.812
2016-07-11 09:00,0.832
2016-07-11 10:00,0.833
2016-07-11 11:00,0.824
2016-07-11 12:00,0.817
2016-07-11 13:00,0.808
2016-07-11 14:00,0.799
2016-07-11 15:00,0.784
2016-07-11 16:00,0.755
2016-07-11 17:00,0.699
2016-07-11 18:00,0.569
2016-07-11 19:00,0.449
2016-07-11 20:00,0.406
2016-07-11 21:00,0.406
2016-07-11 22:00,0.403
2016-07-11 23:00,0.390
2016-07-12 00:00,0.366
2016-07-12 01:00,0.355
2016-07-12 02:00,0.346
2016-07-12 03:00,0.320
2016-07-12 04:00,0.274
2016-07-12 05:00,0.174
2016-07-12 06:00,0.149
2016-07-12 07:00,0.129
2016-07-12 08:00,0.112
2016-07-12 09:00,0.114
2016-07-12 10:00,0.132
2016-07-12 11:00,0.152
2016-07-12 12:00,0.169
2016-07-12 13:00,0.187
2016-07-12 14:00,0.206
2016-07-12 15:00,0.228
2016-07-12 16:00,0.252
2016-07-12 17:00,0.274
2016-07-12 18:00,0.278
2016-07-12 19:00,0.297
2016-07-12 20:00,0.352
2016-07-12 21:00,0.380
2016-07-12 22:00,0.380
2016-07-12 23:00,0.371
2016-07-13 00:00,0.370
2016-07-13 01:00,0.378
2016-07-13 02:00,0.374
2016-07-13 03:00,0.365
2016-07-13 04:00,0.330
2016-07-13 05:00,0.208
2016-07-13 06:00,0.221
2016-07-13 07:00,0.278
2016-07-13 08:00,0.321
2016-07-13 09:00,0.356
2016-07-13 10:00,0.370
2016-07-13 11:00,0.376
2016-07-13 12:00,0.377
2016-07-13 13:00,0.403
2016-07-13 14:00,0.450
2016-07-13 15:00,0.497
2016-07-13 16:00,0.523
2016-07-13 17:00,0.500
2016-07-13 18:00,0.409
2016-07-13 19:00,0.335
2016-07-13 20:00,0.346
2016-07-13 21:00,0.388
2016-07-13 22:00,0.406
2016-07-13 23:00,0.420
2016-07-14 00:00,0.436
2016-07-14 01:00,0.446
2016-07-14 02:00,0.442
2016-07-14 03:00,0.426
2016-07-14 04:00,0.380
2016-07-14 05:00,0.240
2016-07-14 06:00,0.206
2016-07-14 07:00,0.186
2016-07-14 08:00,0.154
2016-07-14 09:00,0.125
2016-07-14 10:00,0.106
2016-07-14 11:00,0.111
2016-07-14 12:00,0.131
2016-07-14 13:00,0.146
2016-07-14 14:00,0.169
2016-07-14 15:00,0.206
2016-07-14 16:00,0.244
2016-07-14 17:00,0.267
2016-07-14 18:00,0.285
2016-07-14 19:00,0.335
2016-07-14 20:00,0.394
2016-07-14 21:00,0.385
2016-07-14 22:00,0.352
2016-07-14 23:00,0.338
2016-07-15 00:00,0.320
2016-07-15 01:00,0.324
2016-07-15 02:00,0.333
2016-07-15 03:00,0.318
2016-07-15 04:00,0.284
2016-07-15 05:00,0.175
2016-07-15 06:00,0.162
2016-07-15 07:00,0.191
2016-07-15 08:00,0.246
2016-07-15 09:00,0.326
2016-07-15 10:00,0.410
2016-07-15 11:00,0.470
2016-07-15 12:00,0.513
2016-07-15 13:00,0.529
2016-07-15 14:00,0.546
2016-07-15 15:00,0.562
2016-07-15 16:00,0.562
2016-07-15 17:00,0.523
2016-07-15 18:00,0.503
2016-07-15 19:00,0.575
2016-07-15 20:00,0.628
2016-07-15 21:00,0.672
2016-07-15 22:00,0.704
2016-07-15 23:00,0.702
2016-07-16 00:00,0.672
2016-07-16 01:00,0.649
2016-07-16 02:00,0.620
2016-07-16 03:00,0.627
2016-07-16 04:00,0.513
2016-07-16 05:00,0.403
2016-07-16 06:00,0.370
2016-07-16 07:00,0.418
2016-07-16 08:00,0.456
2016-07-16 09:00,0.510
2016-07-16 10:00,0.558
2016-07-16 11:00,0.591
2016-07-16 12:00,0.609
2016-07-16 13:00,0.617
2016-07-16 14:00,0.615
2016-07-16 15:00,0.606
2016-07-16 16:00,0.575
2016-07-16 17:00,0.502
2016-07-16 18:00,0.367
2016-07-16 19:00,0.246
2016-07-16 20:00,0.204
2016-07-16 21:00,0.188
2016-07-16 22:00,0.191
2016-07-16 23:00,0.224
2016-07-17 00:00,0.285
2016-07-17 01:00,0.370
2016-07-17 02:00,0.429
2016-07-17 03:00,0.454
2016-07-17 04:00,0.434
2016-07-17 05:00,0.328
2016-07-17 06:00,0.377
2016-07-17 07:00,0.370
2016-07-17 08:00,0.365
2016-07-17 09:00,0.357
2016-07-17 10:00,0.355
2016-07-17 11:00,0.385
2016-07-17 12:00,0.418
2016-07-17 13:00,0.439
2016-07-17 14:00,0.447
2016-07-17 15:00,0.446
2016-07-17 16:00,0.429
2016-07-17 17:00,0.393
2016-07-17 18:00,0.307
2016-07-17 19:00,0.261
2016-07-17 20:00,0.264
2016-07-17 21:00,0.268
2016-07-17 22:00,0.288
2016-07-17 23:00,0.329
2016-07-18 00:00,0.377
2016-07-18 01:00,0.405
2016-07-18 02:00,0.410
2016-07-18 03:00,0.400
2016-07-18 04:00,0.374
2016-07-18 05:00,0.240
2016-07-18 06:00,0.120
2016-07-18 07:00,0.154
2016-07-18 08:00,0.146
2016-07-18 09:00,0.140
2016-07-18 10:00,0.139
2016-07-18 11:00,0.139
2016-07-18 12:00,0.145
2016-07-18 13:00,0.151
2016-07-18 14:00,0.151
2016-07-18 15:00,0.136
2016-07-18 16:00,0.111
2016-07-18 17:00,0.084
2016-07-18 18:00,0.062
2016-07-18 19:00,0.035
2016-07-18 20:00,0.012
2016-07-18 21:00,0.005
2016-07-18 22:00,0.008
2016-07-18 23:00,0.021
2016-07-19 00:00,0.037
2016-07-19 01:00,0.051
2016-07-19 02:00,0.060
2016-07-19 03:00,0.065
2016-07-19 04:00,0.071
2016-07-19 05:00,0.071
2016-07-19 06:00,0.044
2016-07-19 07:00,0.041
2016-07-19 08:00,0.118
2016-07-19 09:00,0.156
2016-07-19 10:00,0.191
2016-07-19 11:00,0.229
2016-07-19 12:00,0.270
2016-07-19 13:00,0.315
2016-07-19 14:00,0.358
2016-07-19 15:00,0.391
2016-07-19 16:00,0.394
2016-07-19 17:00,0.446
2016-07-19 18:00,0.550
2016-07-19 19:00,0.622
2016-07-19 20:00,0.646
2016-07-19 21:00,0.588
2016-07-19 22:00,0.515
2016-07-19 23:00,0.436
2016-07-20 00:00,0.352
2016-07-20 01:00,0.309
2016-07-20 02:00,0.302
2016-07-20 03:00,0.297
2016-07-20 04:00,0.245
2016-07-20 05:00,0.180
2016-07-20 06:00,0.159
2016-07-20 07:00,0.124
2016-07-20 08:00,0.125
2016-07-20 09:00,0.109
2016-07-20 10:00,0.091
2016-07-20 11:00,0.134
2016-07-20 12:00,0.299
2016-07-20 13:00,0.543
2016-07-20 14:00,0.679
2016-07-20 15:00,0.653
2016-07-20 16:00,0.555
2016-07-20 17:00,0.423
2016-07-20 18:00,0.286
2016-07-20 19:00,0.257
2016-07-20 20:00,0.286
2016-07-20 21:00,0.306
2016-07-20 22:00,0.338
2016-07-20 23:00,0.355
2016-07-21 00:00,0.336
2016-07-21 01:00,0.328
2016-07-21 02:00,0.317
2016-07-21 03:00,0.314
2016-07-21 04:00,0.293
2016-07-21 05:00,0.183
2016-07-21 06:00,0.161
2016-07-21 07:00,0.142
2016-07-21 08:00,0.119
2016-07-21 09:00,0.113
2016-07-21 10:00,0.118
2016-07-21 11:00,0.126
2016-07-21 12:00,0.127
2016-07-21 13:00,0.120
2016-07-21 14:00,0.105
2016-07-21 15:00,0.089
2016-07-21 16:00,0.073
2016-07-21 17:00,0.059
2016-07-21 18:00,0.050
2016-07-21 19:00,0.047
2016-07-21 20:00,0.041
2016-07-21 21:00,0.045
2016-07-21 22:00,0.053
2016-07-21 23:00,0.060
2016-07-22 00:00,0.062
2016-07-22 01:00,0.062
2016-07-22 02:00,0.060
2016-07-22 03:00,0.052
2016-07-22 04:00,0.044
2016-07-22 05:00,0.038
2016-07-22 06:00,0.027
2016-07-22 07:00,0.041
2016-07-22 08:00,0.067
2016-07-22 09:00,0.080
2016-07-22 10:00,0.079
2016-07-22 11:00,0.078
2016-07-22 12:00,0.075
2016-07-22 13:00,0.069
2016-07-22 14:00,0.062
2016-07-22 15:00,0.055
2016-07-22 16:00,0.047
2016-07-22 17:00,0.036
2016-07-22 18:00,0.027
2016-07-22 19:00,0.027
2016-07-22 20:00,0.034
2016-07-22 21:00,0.035
2016-07-22 22:00,0.030
2016-07-22 23:00,0.025
2016-07-23 00:00,0.022
2016-07-23 01:00,0.021
2016-07-23 02:00,0.022
2016-07-23 03:00,0.027
2016-07-23 04:00,0.036
2016-07-23 05:00,0.034
2016-07-23 06:00,0.028
2016-07-23 07:00,0.028
2016-07-23 08:00,0.041
2016-07-23 09:00,0.062
2016-07-23 10:00,0.079
2016-07-23 11:00,0.095
2016-07-23 12:00,0.113
2016-07-23 13:00,0.121
2016-07-23 14:00,0.116
2016-07-23 15:00,0.114
2016-07-23 16:00,0.105
2016-07-23 17:00,0.079
2016-07-23 18:00,0.056
2016-07-23 19:00,0.042
2016-07-23 20:00,0.042
2016-07-23 21:00,0.047
2016-07-23 22:00,0.045
2016-07-23 23:00,0.039
2016-07-24 00:00,0.030
2016-07-24 01:00,0.023
2016-07-24 02:00,0.019
2016-07-24 03:00,0.016
2016-07-24 04:00,0.010
2016-07-24 05:00,0.005
2016-07-24 06:00,0.010
2016-07-24 07:00,0.039
2016-07-24 08:00,0.077
2016-07-24 09:00,0.123
2016-07-24 10:00,0.180
2016-07-24 11:00,0.222
2016-07-24 12:00,0.269
2016-07-24 13:00,0.315
2016-07-24 14:00,0.344
2016-07-24 15:00,0.370
2016-07-24 16:00,0.386
2016-07-24 17:00,0.321
2016-07-24 18:00,0.265
2016-07-24 19:00,0.332
2016-07-24 20:00,0.441
2016-07-24 21:00,0.516
2016-07-24 22:00,0.543
2016-07-24 23:00,0.544
2016-07-25 00:00,0.542
2016-07-25 01:00,0.506
2016-07-25 02:00,0.479
2016-07-25 03:00,0.461
2016-07-25 04:00,0.437
2016-07-25 05:00,0.328
2016-07-25 06:00,0.347
2016-07-25 07:00,0.365
2016-07-25 08:00,0.384
2016-07-25 09:00,0.381
2016-07-25 10:00,0.394
2016-07-25 11:00,0.400
2016-07-25 12:00,0.413
2016-07-25 13:00,0.423
2016-07-25 14:00,0.423
2016-07-25 15:00,0.419
2016-07-25 16:00,0.393
2016-07-25 17:00,0.330
2016-07-25 18:00,0.242
2016-07-25 19:00,0.190
2016-07-25 20:00,0.177
2016-07-25 21:00,0.182
2016-07-25 22:00,0.204
2016-07-25 23:00,0.230
2016-07-26 00:00,0.261
2016-07-26 01:00,0.288
2016-07-26 02:00,0.315
2016-07-26 03:00,0.322
2016-07-26 04:00,0.323
2016-07-26 05:00,0.235
2016-07-26 06:00,0.177
2016-07-26 07:00,0.210
2016-07-26 08:00,0.268
2016-07-26 09:00,0.321
2016-07-26 10:00,0.352
2016-07-26 11:00,0.371
2016-07-26 12:00,0.365
2016-07-26 13:00,0.344
2016-07-26 14:00,0.303
2016-07-26 15:00,0.241
2016-07-26 16:00,0.193
2016-07-26 17:00,0.165
2016-07-26 18:00,0.147
2016-07-26 19:00,0.217
2016-07-26 20:00,0.339
2016-07-26 21:00,0.415
2016-07-26 22:00,0.470
2016-07-26 23:00,0.534
2016-07-27 00:00,0.590
2016-07-27 01:00,0.600
2016-07-27 02:00,0.601
2016-07-27 03:00,0.581
2016-07-27 04:00,0.526
2016-07-27 05:00,0.447
2016-07-27 06:00,0.416
2016-07-27 07:00,0.396
2016-07-27 08:00,0.366
2016-07-27 09:00,0.326
2016-07-27 10:00,0.292
2016-07-27 11:00,0.270
2016-07-27 12:00,0.268
2016-07-27 13:00,0.271
2016-07-27 14:00,0.279
2016-07-27 15:00,0.301
2016-07-27 16:00,0.324
2016-07-27 17:00,0.342
2016-07-27 18:00,0.333
2016-07-27 19:00,0.309
2016-07-27 20:00,0.319
2016-07-27 21:00,0.314
2016-07-27 22:00,0.297
2016-07-27 23:00,0.281
2016-07-28 00:00,0.260
2016-07-28 01:00,0.238
2016-07-28 02:00,0.216
2016-07-28 03:00,0.179
2016-07-28 04:00,0.132
2016-07-28 05:00,0.087
2016-07-28 06:00,0.061
2016-07-28 07:00,0.087
2016-07-28 08:00,0.128
2016-07-28 09:00,0.188
2016-07-28 10:00,0.259
2016-07-28 11:00,0.309
2016-07-28 12:00,0.330
2016-07-28 13:00,0.335
2016-07-28 14:00,0.326
2016-07-28 15:00,0.266
2016-07-28 16:00,0.176
2016-07-28 17:00,0.118
2016-07-28 18:00,0.094
2016-07-28 19:00,0.106
2016-07-28 20:00,0.155
2016-07-28 21:00,0.216
2016-07-28 22:00,0.266
2016-07-28 23:00,0.309
2016-07-29 00:00,0.338
2016-07-29 01:00,0.333
2016-07-29 02:00,0.330
2016-07-29 03:00,0.324
2016-07-29 04:00,0.309
2016-07-29 05:00,0.259
2016-07-29 06:00,0.189
2016-07-29 07:00,0.207
2016-07-29 08:00,0.248
2016-07-29 09:00,0.247
2016-07-29 10:00,0.226
2016-07-29 11:00,0.205
2016-07-29 12:00,0.181
2016-07-29 13:00,0.157
2016-07-29 14:00,0.136
2016-07-29 15:00,0.118
2016-07-29 16:00,0.103
2016-07-29 17:00,0.086
2016-07-29 18:00,0.067
2016-07-29 19:00,0.059
2016-07-29 20:00,0.055
2016-07-29 21:00,0.046
2016-07-29 22:00,0.043
2016-07-29 23:00,0.055
2016-07-30 00:00,0.076
2016-07-30 01:00,0.103
2016-07-30 02:00,0.135
2016-07-30 03:00,0.181
2016-07-30 04:00,0.235
2016-07-30 05:00,0.207
2016-07-30 06:00,0.166
2016-07-30 07:00,0.198
2016-07-30 08:00,0.210
2016-07-30 09:00,0.213
2016-07-30 10:00,0.227
2016-07-30 11:00,0.265
2016-07-30 12:00,0.322
2016-07-30 13:00,0.380
2016-07-30 14:00,0.419
2016-07-30 15:00,0.438
2016-07-30 16:00,0.441
2016-07-30 17:00,0.412
2016-07-30 18:00,0.342
2016-07-30 19:00,0.318
2016-07-30 20:00,0.355
2016-07-30 21:00,0.387
2016-07-30 22:00,0.404
2016-07-30 23:00,0.413
2016-07-31 00:00,0.418
2016-07-31 01:00,0.414
2016-07-31 02:00,0.404
2016-07-31 03:00,0.406
2016-07-31 04:00,0.400
2016-07-31 05:00,0.282
2016-07-31 06:00,0.265
2016-07-31 07:00,0.291
2016-07-31 08:00,0.289
2016-07-31 09:00,0.293
2016-07-31 10:00,0.303
2016-07-31 11:00,0.326
2016-07-31 12:00,0.367
2016-07-31 13:00,0.410
2016-07-31 14:00,0.436
2016-07-31 15:00,0.440
2016-07-31 16:00,0.406
2016-07-31 17:00,0.342
2016-07-31 18:00,0.281
2016-07-31 19:00,0.270
2016-07-31 20:00,0.299
2016-07-31 21:00,0.321
2016-07-31 22:00,0.335
2016-07-31 23:00,0.337
2016-08-01 00:00,0.342
2016-08-01 01:00,0.352
2016-08-01 02:00,0.354
2016-08-01 03:00,0.338
2016-08-01 04:00,0.311
2016-08-01 05:00,0.227
2016-08-01 06:00,0.113
2016-08-01 07:00,0.101
2016-08-01 08:00,0.102
2016-08-01 09:00,0.105
2016-08-01 10:00,0.118
2016-08-01 11:00,0.157
2016-08-01 12:00,0.206
2016-08-01 13:00,0.253
2016-08-01 14:00,0.281
2016-08-01 15:00,0.284
2016-08-01 16:00,0.273
2016-08-01 17:00,0.251
2016-08-01 18:00,0.204
2016-08-01 19:00,0.224
2016-08-01 20:00,0.279
2016-08-01 21:00,0.325
2016-08-01 22:00,0.374
2016-08-01 23:00,0.395
2016-08-02 00:00,0.393
2016-08-02 01:00,0.410
2016-08-02 02:00,0.368
2016-08-02 03:00,0.321
2016-08-02 04:00,0.297
2016-08-02 05:00,0.257
2016-08-02 06:00,0.235
2016-08-02 07:00,0.252
2016-08-02 08:00,0.279
2016-08-02 09:00,0.279
2016-08-02 10:00,0.248
2016-08-02 11:00,0.221
2016-08-02 12:00,0.184
2016-08-02 13:00,0.153
2016-08-02 14:00,0.141
2016-08-02 15:00,0.145
2016-08-02 16:00,0.135
2016-08-02 17:00,0.147
2016-08-02 18:00,0.213
2016-08-02 19:00,0.292
2016-08-02 20:00,0.374
2016-08-02 21:00,0.384
2016-08-02 22:00,0.387
2016-08-02 23:00,0.400
2016-08-03 00:00,0.484
2016-08-03 01:00,0.553
2016-08-03 02:00,0.607
2016-08-03 03:00,0.621
2016-08-03 04:00,0.594
2016-08-03 05:00,0.499
2016-08-03 06:00,0.480
2016-08-03 07:00,0.650
2016-08-03 08:00,0.743
2016-08-03 09:00,0.795
2016-08-03 10:00,0.826
2016-08-03 11:00,0.855
2016-08-03 12:00,0.879
2016-08-03 13:00,0.896
2016-08-03 14:00,0.909
2016-08-03 15:00,0.918
2016-08-03 16:00,0.909
2016-08-03 17:00,0.880
2016-08-03 18:00,0.862
2016-08-03 19:00,0.866
2016-08-03 20:00,0.861
2016-08-03 21:00,0.861
2016-08-03 22:00,0.858
2016-08-03 23:00,0.851
2016-08-04 00:00,0.842
2016-08-04 01:00,0.831
2016-08-04 02:00,0.822
2016-08-04 03:00,0.810
2016-08-04 04:00,0.799
2016-08-04 05:00,0.758
2016-08-04 06:00,0.714
2016-08-04 07:00,0.748
2016-08-04 08:00,0.735
2016-08-04 09:00,0.711
2016-08-04 10:00,0.686
2016-08-04 11:00,0.664
2016-08-04 12:00,0.645
2016-08-04 13:00,0.638
2016-08-04 14:00,0.644
2016-08-04 15:00,0.645
2016-08-04 16:00,0.615
2016-08-04 17:00,0.532
2016-08-04 18:00,0.436
2016-08-04 19:00,0.429
2016-08-04 20:00,0.446
2016-08-04 21:00,0.447
2016-08-04 22:00,0.423
2016-08-04 23:00,0.393
2016-08-05 00:00,0.365
2016-08-05 01:00,0.320
2016-08-05 02:00,0.257
2016-08-05 03:00,0.202
2016-08-05 04:00,0.169
2016-08-05 05:00,0.124
2016-08-05 06:00,0.069
2016-08-05 07:00,0.069
2016-08-05 08:00,0.083
2016-08-05 09:00,0.095
2016-08-05 10:00,0.134
2016-08-05 11:00,0.209
2016-08-05 12:00,0.321
2016-08-05 13:00,0.410
2016-08-05 14:00,0.437
2016-08-05 15:00,0.405
2016-08-05 16:00,0.342
2016-08-05 17:00,0.260
2016-08-05 18:00,0.207
2016-08-05 19:00,0.211
2016-08-05 20:00,0.195
2016-08-05 21:00,0.214
2016-08-05 22:00,0.271
2016-08-05 23:00,0.321
2016-08-06 00:00,0.362
2016-08-06 01:00,0.390
2016-08-06 02:00,0.419
2016-08-06 03:00,0.391
2016-08-06 04:00,0.352
2016-08-06 05:00,0.238
2016-08-06 06:00,0.093
2016-08-06 07:00,0.067
2016-08-06 08:00,0.070
2016-08-06 09:00,0.068
2016-08-06 10:00,0.066
2016-08-06 11:00,0.085
2016-08-06 12:00,0.134
2016-08-06 13:00,0.197
2016-08-06 14:00,0.259
2016-08-06 15:00,0.319
2016-08-06 16:00,0.370
2016-08-06 17:00,0.382
2016-08-06 18:00,0.465
2016-08-06 19:00,0.631
2016-08-06 20:00,0.679
2016-08-06 21:00,0.742
2016-08-06 22:00,0.732
2016-08-06 23:00,0.715
2016-08-07 00:00,0.698
2016-08-07 01:00,0.685
2016-08-07 02:00,0.732
2016-08-07 03:00,0.799
2016-08-07 04:00,0.804
2016-08-07 05:00,0.778
2016-08-07 06:00,0.774
2016-08-07 07:00,0.814
2016-08-07 08:00,0.831
2016-08-07 09:00,0.824
2016-08-07 10:00,0.824
2016-08-07 11:00,0.837
2016-08-07 12:00,0.844
2016-08-07 13:00,0.847
2016-08-07 14:00,0.845
2016-08-07 15:00,0.845
2016-08-07 16:00,0.847
2016-08-07 17:00,0.847
2016-08-07 18:00,0.867
2016-08-07 19:00,0.898
2016-08-07 20:00,0.916
2016-08-07 21:00,0.927
2016-08-07 22:00,0.930
2016-08-07 23:00,0.928
2016-08-08 00:00,0.925
2016-08-08 01:00,0.912
2016-08-08 02:00,0.905
2016-08-08 03:00,0.898
2016-08-08 04:00,0.878
2016-08-08 05:00,0.856
2016-08-08 06:00,0.838
2016-08-08 07:00,0.837
2016-08-08 08:00,0.815
2016-08-08 09:00,0.777
2016-08-08 10:00,0.742
2016-08-08 11:00,0.729
2016-08-08 12:00,0.734
2016-08-08 13:00,0.748
2016-08-08 14:00,0.757
2016-08-08 15:00,0.753
2016-08-08 16:00,0.730
2016-08-08 17:00,0.655
2016-08-08 18:00,0.529
2016-08-08 19:00,0.476
2016-08-08 20:00,0.506
2016-08-08 21:00,0.528
2016-08-08 22:00,0.528
2016-08-08 23:00,0.533
2016-08-09 00:00,0.529
2016-08-09 01:00,0.517
2016-08-09 02:00,0.497
2016-08-09 03:00,0.467
2016-08-09 04:00,0.442
2016-08-09 05:00,0.338
2016-08-09 06:00,0.261
2016-08-09 07:00,0.361
2016-08-09 08:00,0.359
2016-08-09 09:00,0.373
2016-08-09 10:00,0.420
2016-08-09 11:00,0.488
2016-08-09 12:00,0.542
2016-08-09 13:00,0.572
2016-08-09 14:00,0.579
2016-08-09 15:00,0.562
2016-08-09 16:00,0.513
2016-08-09 17:00,0.423
2016-08-09 18:00,0.374
2016-08-09 19:00,0.397
2016-08-09 20:00,0.398
2016-08-09 21:00,0.366
2016-08-09 22:00,0.371
2016-08-09 23:00,0.370
2016-08-10 00:00,0.351
2016-08-10 01:00,0.355
2016-08-10 02:00,0.337
2016-08-10 03:00,0.302
2016-08-10 04:00,0.253
2016-08-10 05:00,0.164
2016-08-10 06:00,0.077
2016-08-10 07:00,0.056
2016-08-10 08:00,0.055
2016-08-10 09:00,0.062
2016-08-10 10:00,0.069
2016-08-10 11:00,0.079
2016-08-10 12:00,0.114
2016-08-10 13:00,0.169
2016-08-10 14:00,0.222
2016-08-10 15:00,0.272
2016-08-10 16:00,0.299
2016-08-10 17:00,0.268
2016-08-10 18:00,0.239
2016-08-10 19:00,0.271
2016-08-10 20:00,0.338
2016-08-10 21:00,0.391
2016-08-10 22:00,0.445
2016-08-10 23:00,0.488
2016-08-11 00:00,0.493
2016-08-11 01:00,0.495
2016-08-11 02:00,0.554
2016-08-11 03:00,0.581
2016-08-11 04:00,0.614
2016-08-11 05:00,0.646
2016-08-11 06:00,0.658
2016-08-11 07:00,0.705
2016-08-11 08:00,0.791
2016-08-11 09:00,0.822
2016-08-11 10:00,0.828
2016-08-11 11:00,0.837
2016-08-11 12:00,0.837
2016-08-11 13:00,0.832
2016-08-11 14:00,0.837
2016-08-11 15:00,0.839
2016-08-11 16:00,0.808
2016-08-11 17:00,0.760
2016-08-11 18:00,0.761
2016-08-11 19:00,0.761
2016-08-11 20:00,0.731
2016-08-11 21:00,0.668
2016-08-11 22:00,0.648
2016-08-11 23:00,0.668
2016-08-12 00:00,0.676
2016-08-12 01:00,0.678
2016-08-12 02:00,0.651
2016-08-12 03:00,0.640
2016-08-12 04:00,0.597
2016-08-12 05:00,0.562
2016-08-12 06:00,0.549
2016-08-12 07:00,0.663
2016-08-12 08:00,0.710
2016-08-12 09:00,0.728
2016-08-12 10:00,0.729
2016-08-12 11:00,0.737
2016-08-12 12:00,0.760
2016-08-12 13:00,0.784
2016-08-12 14:00,0.799
2016-08-12 15:00,0.799
2016-08-12 16:00,0.784
2016-08-12 17:00,0.725
2016-08-12 18:00,0.649
2016-08-12 19:00,0.637
2016-08-12 20:00,0.617
2016-08-12 21:00,0.633
2016-08-12 22:00,0.654
2016-08-12 23:00,0.676
2016-08-13 00:00,0.704
2016-08-13 01:00,0.698
2016-08-13 02:00,0.704
2016-08-13 03:00,0.700
2016-08-13 04:00,0.710
2016-08-13 05:00,0.670
2016-08-13 06:00,0.613
2016-08-13 07:00,0.682
2016-08-13 08:00,0.690
2016-08-13 09:00,0.653
2016-08-13 10:00,0.600
2016-08-13 11:00,0.592
2016-08-13 12:00,0.582
2016-08-13 13:00,0.558
2016-08-13 14:00,0.531
2016-08-13 15:00,0.513
2016-08-13 16:00,0.488
2016-08-13 17:00,0.437
2016-08-13 18:00,0.360
2016-08-13 19:00,0.345
2016-08-13 20:00,0.368
2016-08-13 21:00,0.369
2016-08-13 22:00,0.367
2016-08-13 23:00,0.367
2016-08-14 00:00,0.382
2016-08-14 01:00,0.393
2016-08-14 02:00,0.376
2016-08-14 03:00,0.336
2016-08-14 04:00,0.314
2016-08-14 05:00,0.270
2016-08-14 06:00,0.166
2016-08-14 07:00,0.163
2016-08-14 08:00,0.142
2016-08-14 09:00,0.119
2016-08-14 10:00,0.101
2016-08-14 11:00,0.097
2016-08-14 12:00,0.102
2016-08-14 13:00,0.105
2016-08-14 14:00,0.098
2016-08-14 15:00,0.089
2016-08-14 16:00,0.083
2016-08-14 17:00,0.072
2016-08-14 18:00,0.073
2016-08-14 19:00,0.080
2016-08-14 20:00,0.071
2016-08-14 21:00,0.056
2016-08-14 22:00,0.043
2016-08-14 23:00,0.032
2016-08-15 00:00,0.027
2016-08-15 01:00,0.029
2016-08-15 02:00,0.038
2016-08-15 03:00,0.050
2016-08-15 04:00,0.064
2016-08-15 05:00,0.074
2016-08-15 06:00,0.055
2016-08-15 07:00,0.055
2016-08-15 08:00,0.048
2016-08-15 09:00,0.039
2016-08-15 10:00,0.032
2016-08-15 11:00,0.033
2016-08-15 12:00,0.043
2016-08-15 13:00,0.054
2016-08-15 14:00,0.064
2016-08-15 15:00,0.073
2016-08-15 16:00,0.091
2016-08-15 17:00,0.142
2016-08-15 18:00,0.257
2016-08-15 19:00,0.410
2016-08-15 20:00,0.453
2016-08-15 21:00,0.407
2016-08-15 22:00,0.367
2016-08-15 23:00,0.350
2016-08-16 00:00,0.333
2016-08-16 01:00,0.304
2016-08-16 02:00,0.269
2016-08-16 03:00,0.236
2016-08-16 04:00,0.211
2016-08-16 05:00,0.183
2016-08-16 06:00,0.110
2016-08-16 07:00,0.125
2016-08-16 08:00,0.131
2016-08-16 09:00,0.134
2016-08-16 10:00,0.137
2016-08-16 11:00,0.146
2016-08-16 12:00,0.158
2016-08-16 13:00,0.171
2016-08-16 14:00,0.183
2016-08-16 15:00,0.191
2016-08-16 16:00,0.197
2016-08-16 17:00,0.218
2016-08-16 18:00,0.302
2016-08-16 19:00,0.427
2016-08-16 20:00,0.443
2016-08-16 21:00,0.406
2016-08-16 22:00,0.383
2016-08-16 23:00,0.377
2016-08-17 00:00,0.367
2016-08-17 01:00,0.348
2016-08-17 02:00,0.328
2016-08-17 03:00,0.317
2016-08-17 04:00,0.302
2016-08-17 05:00,0.252
2016-08-17 06:00,0.156
2016-08-17 07:00,0.194
2016-08-17 08:00,0.190
2016-08-17 09:00,0.182
2016-08-17 10:00,0.181
2016-08-17 11:00,0.192
2016-08-17 12:00,0.210
2016-08-17 13:00,0.224
2016-08-17 14:00,0.229
2016-08-17 15:00,0.233
2016-08-17 16:00,0.235
2016-08-17 17:00,0.232
2016-08-17 18:00,0.309
2016-08-17 19:00,0.446
2016-08-17 20:00,0.469
2016-08-17 21:00,0.422
2016-08-17 22:00,0.406
2016-08-17 23:00,0.396
2016-08-18 00:00,0.384
2016-08-18 01:00,0.377
2016-08-18 02:00,0.374
2016-08-18 03:00,0.357
2016-08-18 04:00,0.348
2016-08-18 05:00,0.319
2016-08-18 06:00,0.224
2016-08-18 07:00,0.206
2016-08-18 08:00,0.209
2016-08-18 09:00,0.204
2016-08-18 10:00,0.184
2016-08-18 11:00,0.150
2016-08-18 12:00,0.142
2016-08-18 13:00,0.169
2016-08-18 14:00,0.194
2016-08-18 15:00,0.203
2016-08-18 16:00,0.221
2016-08-18 17:00,0.260
2016-08-18 18:00,0.367
2016-08-18 19:00,0.476
2016-08-18 20:00,0.484
2016-08-18 21:00,0.479
2016-08-18 22:00,0.473
2016-08-18 23:00,0.479
2016-08-19 00:00,0.493
2016-08-19 01:00,0.488
2016-08-19 02:00,0.463
2016-08-19 03:00,0.456
2016-08-19 04:00,0.433
2016-08-19 05:00,0.413
2016-08-19 06:00,0.412
2016-08-19 07:00,0.431
2016-08-19 08:00,0.445
2016-08-19 09:00,0.450
2016-08-19 10:00,0.446
2016-08-19 11:00,0.460
2016-08-19 12:00,0.486
2016-08-19 13:00,0.543
2016-08-19 14:00,0.577
2016-08-19 15:00,0.550
2016-08-19 16:00,0.449
2016-08-19 17:00,0.403
2016-08-19 18:00,0.426
2016-08-19 19:00,0.473
2016-08-19 20:00,0.504
2016-08-19 21:00,0.499
2016-08-19 22:00,0.527
2016-08-19 23:00,0.550
2016-08-20 00:00,0.630
2016-08-20 01:00,0.650
2016-08-20 02:00,0.673
2016-08-20 03:00,0.739
2016-08-20 04:00,0.795
2016-08-20 05:00,0.814
2016-08-20 06:00,0.824
2016-08-20 07:00,0.840
2016-08-20 08:00,0.883
2016-08-20 09:00,0.909
2016-08-20 10:00,0.916
2016-08-20 11:00,0.919
2016-08-20 12:00,0.921
2016-08-20 13:00,0.927
2016-08-20 14:00,0.919
2016-08-20 15:00,0.916
2016-08-20 16:00,0.919
2016-08-20 17:00,0.922
2016-08-20 18:00,0.919
2016-08-20 19:00,0.899
2016-08-20 20:00,0.876
2016-08-20 21:00,0.853
2016-08-20 22:00,0.824
2016-08-20 23:00,0.789
2016-08-21 00:00,0.792
2016-08-21 01:00,0.777
2016-08-21 02:00,0.750
2016-08-21 03:00,0.732
2016-08-21 04:00,0.721
2016-08-21 05:00,0.706
2016-08-21 06:00,0.634
2016-08-21 07:00,0.672
2016-08-21 08:00,0.685
2016-08-21 09:00,0.675
2016-08-21 10:00,0.676
2016-08-21 11:00,0.691
2016-08-21 12:00,0.711
2016-08-21 13:00,0.732
2016-08-21 14:00,0.739
2016-08-21 15:00,0.705
2016-08-21 16:00,0.625
2016-08-21 17:00,0.466
2016-08-21 18:00,0.289
2016-08-21 19:00,0.211
2016-08-21 20:00,0.203
2016-08-21 21:00,0.264
2016-08-21 22:00,0.361
2016-08-21 23:00,0.428
2016-08-22 00:00,0.577
2016-08-22 01:00,0.658
2016-08-22 02:00,0.669
2016-08-22 03:00,0.654
2016-08-22 04:00,0.611
2016-08-22 05:00,0.579
2016-08-22 06:00,0.581
2016-08-22 07:00,0.537
2016-08-22 08:00,0.635
2016-08-22 09:00,0.732
2016-08-22 10:00,0.753
2016-08-22 11:00,0.741
2016-08-22 12:00,0.725
2016-08-22 13:00,0.707
2016-08-22 14:00,0.681
2016-08-22 15:00,0.626
2016-08-22 16:00,0.530
2016-08-22 17:00,0.368
2016-08-22 18:00,0.233
2016-08-22 19:00,0.184
2016-08-22 20:00,0.131
2016-08-22 21:00,0.081
2016-08-22 22:00,0.055
2016-08-22 23:00,0.037
2016-08-23 00:00,0.023
2016-08-23 01:00,0.027
2016-08-23 02:00,0.058
2016-08-23 03:00,0.110
2016-08-23 04:00,0.160
2016-08-23 05:00,0.196
2016-08-23 06:00,0.155
2016-08-23 07:00,0.139
2016-08-23 08:00,0.204
2016-08-23 09:00,0.256
2016-08-23 10:00,0.279
2016-08-23 11:00,0.296
2016-08-23 12:00,0.304
2016-08-23 13:00,0.318
2016-08-23 14:00,0.321
2016-08-23 15:00,0.255
2016-08-23 16:00,0.183
2016-08-23 17:00,0.201
2016-08-23 18:00,0.303
2016-08-23 19:00,0.402
2016-08-23 20:00,0.439
2016-08-23 21:00,0.449
2016-08-23 22:00,0.405
2016-08-23 23:00,0.335
2016-08-24 00:00,0.270
2016-08-24 01:00,0.235
2016-08-24 02:00,0.235
2016-08-24 03:00,0.266
2016-08-24 04:00,0.300
2016-08-24 05:00,0.303
2016-08-24 06:00,0.193
2016-08-24 07:00,0.170
2016-08-24 08:00,0.149
2016-08-24 09:00,0.091
2016-08-24 10:00,0.050
2016-08-24 11:00,0.034
2016-08-24 12:00,0.033
2016-08-24 13:00,0.029
2016-08-24 14:00,0.026
2016-08-24 15:00,0.025
2016-08-24 16:00,0.034
2016-08-24 17:00,0.063
2016-08-24 18:00,0.107
2016-08-24 19:00,0.137
2016-08-24 20:00,0.139
2016-08-24 21:00,0.134
2016-08-24 22:00,0.184
2016-08-24 23:00,0.202
2016-08-25 00:00,0.180
2016-08-25 01:00,0.178
2016-08-25 02:00,0.182
2016-08-25 03:00,0.173
2016-08-25 04:00,0.163
2016-08-25 05:00,0.149
2016-08-25 06:00,0.117
2016-08-25 07:00,0.105
2016-08-25 08:00,0.118
2016-08-25 09:00,0.118
2016-08-25 10:00,0.088
2016-08-25 11:00,0.064
2016-08-25 12:00,0.058
2016-08-25 13:00,0.059
2016-08-25 14:00,0.060
2016-08-25 15:00,0.071
2016-08-25 16:00,0.087
2016-08-25 17:00,0.077
2016-08-25 18:00,0.042
2016-08-25 19:00,0.049
2016-08-25 20:00,0.083
2016-08-25 21:00,0.171
2016-08-25 22:00,0.310
2016-08-25 23:00,0.297
2016-08-26 00:00,0.253
2016-08-26 01:00,0.305
2016-08-26 02:00,0.365
2016-08-26 03:00,0.398
2016-08-26 04:00,0.430
2016-08-26 05:00,0.429
2016-08-26 06:00,0.297
2016-08-26 07:00,0.292
2016-08-26 08:00,0.343
2016-08-26 09:00,0.393
2016-08-26 10:00,0.441
2016-08-26 11:00,0.479
2016-08-26 12:00,0.448
2016-08-26 13:00,0.451
2016-08-26 14:00,0.435
2016-08-26 15:00,0.416
2016-08-26 16:00,0.370
2016-08-26 17:00,0.295
2016-08-26 18:00,0.287
2016-08-26 19:00,0.257
2016-08-26 20:00,0.187
2016-08-26 21:00,0.148
2016-08-26 22:00,0.133
2016-08-26 23:00,0.099
2016-08-27 00:00,0.064
2016-08-27 01:00,0.038
2016-08-27 02:00,0.021
2016-08-27 03:00,0.018
2016-08-27 04:00,0.022
2016-08-27 05:00,0.037
2016-08-27 06:00,0.056
2016-08-27 07:00,0.051
2016-08-27 08:00,0.102
2016-08-27 09:00,0.121
2016-08-27 10:00,0.128
2016-08-27 11:00,0.150
2016-08-27 12:00,0.188
2016-08-27 13:00,0.234
2016-08-27 14:00,0.278
2016-08-27 15:00,0.286
2016-08-27 16:00,0.255
2016-08-27 17:00,0.257
2016-08-27 18:00,0.341
2016-08-27 19:00,0.424
2016-08-27 20:00,0.463
2016-08-27 21:00,0.468
2016-08-27 22:00,0.520
2016-08-27 23:00,0.529
2016-08-28 00:00,0.480
2016-08-28 01:00,0.413
2016-08-28 02:00,0.338
2016-08-28 03:00,0.248
2016-08-28 04:00,0.154
2016-08-28 05:00,0.098
2016-08-28 06:00,0.064
2016-08-28 07:00,0.070
2016-08-28 08:00,0.107
2016-08-28 09:00,0.132
2016-08-28 10:00,0.145
2016-08-28 11:00,0.157
2016-08-28 12:00,0.169
2016-08-28 13:00,0.182
2016-08-28 14:00,0.202
2016-08-28 15:00,0.223
2016-08-28 16:00,0.230
2016-08-28 17:00,0.193
2016-08-28 18:00,0.156
2016-08-28 19:00,0.130
2016-08-28 20:00,0.095
2016-08-28 21:00,0.082
2016-08-28 22:00,0.082
2016-08-28 23:00,0.091
2016-08-29 00:00,0.100
2016-08-29 01:00,0.106
2016-08-29 02:00,0.123
2016-08-29 03:00,0.164
2016-08-29 04:00,0.223
2016-08-29 05:00,0.272
2016-08-29 06:00,0.224
2016-08-29 07:00,0.203
2016-08-29 08:00,0.230
2016-08-29 09:00,0.218
2016-08-29 10:00,0.214
2016-08-29 11:00,0.249
2016-08-29 12:00,0.302
2016-08-29 13:00,0.352
2016-08-29 14:00,0.396
2016-08-29 15:00,0.403
2016-08-29 16:00,0.341
2016-08-29 17:00,0.230
2016-08-29 18:00,0.169
2016-08-29 19:00,0.140
2016-08-29 20:00,0.143
2016-08-29 21:00,0.203
2016-08-29 22:00,0.292
2016-08-29 23:00,0.368
2016-08-30 00:00,0.406
2016-08-30 01:00,0.403
2016-08-30 02:00,0.387
2016-08-30 03:00,0.360
2016-08-30 04:00,0.327
2016-08-30 05:00,0.299
2016-08-30 06:00,0.209
2016-08-30 07:00,0.118
2016-08-30 08:00,0.159
2016-08-30 09:00,0.186
2016-08-30 10:00,0.202
2016-08-30 11:00,0.221
2016-08-30 12:00,0.250
2016-08-30 13:00,0.287
2016-08-30 14:00,0.321
2016-08-30 15:00,0.321
2016-08-30 16:00,0.278
2016-08-30 17:00,0.206
2016-08-30 18:00,0.225
2016-08-30 19:00,0.285
2016-08-30 20:00,0.349
2016-08-30 21:00,0.393
2016-08-30 22:00,0.416
2016-08-30 23:00,0.445
2016-08-31 00:00,0.453
2016-08-31 01:00,0.453
2016-08-31 02:00,0.452
2016-08-31 03:00,0.451
2016-08-31 04:00,0.454
2016-08-31 05:00,0.444
2016-08-31 06:00,0.348
2016-08-31 07:00,0.295
2016-08-31 08:00,0.488
2016-08-31 09:00,0.540
2016-08-31 10:00,0.549
2016-08-31 11:00,0.591
2016-08-31 12:00,0.628
2016-08-31 13:00,0.614
2016-08-31 14:00,0.581
2016-08-31 15:00,0.551
2016-08-31 16:00,0.468
2016-08-31 17:00,0.352
2016-08-31 18:00,0.309
2016-08-31 19:00,0.307
2016-08-31 20:00,0.289
2016-08-31 21:00,0.270
2016-08-31 22:00,0.263
2016-08-31 23:00,0.262
2016-09-01 00:00,0.279
2016-09-01 01:00,0.297
2016-09-01 02:00,0.286
2016-09-01 03:00,0.274
2016-09-01 04:00,0.252
2016-09-01 05:00,0.227
2016-09-01 06:00,0.172
2016-09-01 07:00,0.101
2016-09-01 08:00,0.160
2016-09-01 09:00,0.284
2016-09-01 10:00,0.297
2016-09-01 11:00,0.284
2016-09-01 12:00,0.326
2016-09-01 13:00,0.311
2016-09-01 14:00,0.311
2016-09-01 15:00,0.319
2016-09-01 16:00,0.279
2016-09-01 17:00,0.315
2016-09-01 18:00,0.398
2016-09-01 19:00,0.426
2016-09-01 20:00,0.420
2016-09-01 21:00,0.410
2016-09-01 22:00,0.439
2016-09-01 23:00,0.436
2016-09-02 00:00,0.429
2016-09-02 01:00,0.491
2016-09-02 02:00,0.510
2016-09-02 03:00,0.533
2016-09-02 04:00,0.525
2016-09-02 05:00,0.486
2016-09-02 06:00,0.410
2016-09-02 07:00,0.297
2016-09-02 08:00,0.294
2016-09-02 09:00,0.387
2016-09-02 10:00,0.426
2016-09-02 11:00,0.457
2016-09-02 12:00,0.502
2016-09-02 13:00,0.483
2016-09-02 14:00,0.419
2016-09-02 15:00,0.410
2016-09-02 16:00,0.442
2016-09-02 17:00,0.413
2016-09-02 18:00,0.403
2016-09-02 19:00,0.406
2016-09-02 20:00,0.389
2016-09-02 21:00,0.406
2016-09-02 22:00,0.463
2016-09-02 23:00,0.463
2016-09-03 00:00,0.453
2016-09-03 01:00,0.469
2016-09-03 02:00,0.476
2016-09-03 03:00,0.450
2016-09-03 04:00,0.417
2016-09-03 05:00,0.411
2016-09-03 06:00,0.263
2016-09-03 07:00,0.161
2016-09-03 08:00,0.166
2016-09-03 09:00,0.255
2016-09-03 10:00,0.263
2016-09-03 11:00,0.240
2016-09-03 12:00,0.228
2016-09-03 13:00,0.268
2016-09-03 14:00,0.400
2016-09-03 15:00,0.488
2016-09-03 16:00,0.479
2016-09-03 17:00,0.526
2016-09-03 18:00,0.642
2016-09-03 19:00,0.683
2016-09-03 20:00,0.700
2016-09-03 21:00,0.721
2016-09-03 22:00,0.742
2016-09-03 23:00,0.751
2016-09-04 00:00,0.715
2016-09-04 01:00,0.661
2016-09-04 02:00,0.620
2016-09-04 03:00,0.600
2016-09-04 04:00,0.597
2016-09-04 05:00,0.613
2016-09-04 06:00,0.560
2016-09-04 07:00,0.559
2016-09-04 08:00,0.650
2016-09-04 09:00,0.665
2016-09-04 10:00,0.618
2016-09-04 11:00,0.529
2016-09-04 12:00,0.460
2016-09-04 13:00,0.435
2016-09-04 14:00,0.429
2016-09-04 15:00,0.416
2016-09-04 16:00,0.338
2016-09-04 17:00,0.260
2016-09-04 18:00,0.236
2016-09-04 19:00,0.222
2016-09-04 20:00,0.174
2016-09-04 21:00,0.123
2016-09-04 22:00,0.105
2016-09-04 23:00,0.102
2016-09-05 00:00,0.080
2016-09-05 01:00,0.069
2016-09-05 02:00,0.081
2016-09-05 03:00,0.138
2016-09-05 04:00,0.202
2016-09-05 05:00,0.254
2016-09-05 06:00,0.271
2016-09-05 07:00,0.279
2016-09-05 08:00,0.374
2016-09-05 09:00,0.428
2016-09-05 10:00,0.387
2016-09-05 11:00,0.325
2016-09-05 12:00,0.273
2016-09-05 13:00,0.241
2016-09-05 14:00,0.227
2016-09-05 15:00,0.218
2016-09-05 16:00,0.181
2016-09-05 17:00,0.162
2016-09-05 18:00,0.204
2016-09-05 19:00,0.246
2016-09-05 20:00,0.302
2016-09-05 21:00,0.361
2016-09-05 22:00,0.380
2016-09-05 23:00,0.394
2016-09-06 00:00,0.426
2016-09-06 01:00,0.454
2016-09-06 02:00,0.464
2016-09-06 03:00,0.460
2016-09-06 04:00,0.460
2016-09-06 05:00,0.454
2016-09-06 06:00,0.373
2016-09-06 07:00,0.261
2016-09-06 08:00,0.278
2016-09-06 09:00,0.420
2016-09-06 10:00,0.422
2016-09-06 11:00,0.387
2016-09-06 12:00,0.330
2016-09-06 13:00,0.265
2016-09-06 14:00,0.210
2016-09-06 15:00,0.170
2016-09-06 16:00,0.135
2016-09-06 17:00,0.104
2016-09-06 18:00,0.091
2016-09-06 19:00,0.077
2016-09-06 20:00,0.071
2016-09-06 21:00,0.085
2016-09-06 22:00,0.112
2016-09-06 23:00,0.141
2016-09-07 00:00,0.162
2016-09-07 01:00,0.177
2016-09-07 02:00,0.176
2016-09-07 03:00,0.160
2016-09-07 04:00,0.145
2016-09-07 05:00,0.141
2016-09-07 06:00,0.127
2016-09-07 07:00,0.077
2016-09-07 08:00,0.101
2016-09-07 09:00,0.136
2016-09-07 10:00,0.137
2016-09-07 11:00,0.124
2016-09-07 12:00,0.121
2016-09-07 13:00,0.128
2016-09-07 14:00,0.139
2016-09-07 15:00,0.146
2016-09-07 16:00,0.138
2016-09-07 17:00,0.138
2016-09-07 18:00,0.215
2016-09-07 19:00,0.358
2016-09-07 20:00,0.423
2016-09-07 21:00,0.418
2016-09-07 22:00,0.416
2016-09-07 23:00,0.409
2016-09-08 00:00,0.410
2016-09-08 01:00,0.388
2016-09-08 02:00,0.400
2016-09-08 03:00,0.398
2016-09-08 04:00,0.374
2016-09-08 05:00,0.354
2016-09-08 06:00,0.257
2016-09-08 07:00,0.246
2016-09-08 08:00,0.459
2016-09-08 09:00,0.609
2016-09-08 10:00,0.696
2016-09-08 11:00,0.758
2016-09-08 12:00,0.795
2016-09-08 13:00,0.803
2016-09-08 14:00,0.792
2016-09-08 15:00,0.759
2016-09-08 16:00,0.684
2016-09-08 17:00,0.572
2016-09-08 18:00,0.499
2016-09-08 19:00,0.470
2016-09-08 20:00,0.463
2016-09-08 21:00,0.510
2016-09-08 22:00,0.542
2016-09-08 23:00,0.524
2016-09-09 00:00,0.535
2016-09-09 01:00,0.544
2016-09-09 02:00,0.542
2016-09-09 03:00,0.583
2016-09-09 04:00,0.610
2016-09-09 05:00,0.601
2016-09-09 06:00,0.570
2016-09-09 07:00,0.574
2016-09-09 08:00,0.718
2016-09-09 09:00,0.761
2016-09-09 10:00,0.795
2016-09-09 11:00,0.828
2016-09-09 12:00,0.868
2016-09-09 13:00,0.904
2016-09-09 14:00,0.922
2016-09-09 15:00,0.908
2016-09-09 16:00,0.910
2016-09-09 17:00,0.910
2016-09-09 18:00,0.913
2016-09-09 19:00,0.924
2016-09-09 20:00,0.929
2016-09-09 21:00,0.922
2016-09-09 22:00,0.887
2016-09-09 23:00,0.797
2016-09-10 00:00,0.620
2016-09-10 01:00,0.442
2016-09-10 02:00,0.285
2016-09-10 03:00,0.172
2016-09-10 04:00,0.117
2016-09-10 05:00,0.091
2016-09-10 06:00,0.093
2016-09-10 07:00,0.088
2016-09-10 08:00,0.103
2016-09-10 09:00,0.118
2016-09-10 10:00,0.119
2016-09-10 11:00,0.114
2016-09-10 12:00,0.095
2016-09-10 13:00,0.073
2016-09-10 14:00,0.049
2016-09-10 15:00,0.034
2016-09-10 16:00,0.037
2016-09-10 17:00,0.053
2016-09-10 18:00,0.119
2016-09-10 19:00,0.247
2016-09-10 20:00,0.357
2016-09-10 21:00,0.428
2016-09-10 22:00,0.469
2016-09-10 23:00,0.450
2016-09-11 00:00,0.410
2016-09-11 01:00,0.390
2016-09-11 02:00,0.380
2016-09-11 03:00,0.374
2016-09-11 04:00,0.374
2016-09-11 05:00,0.363
2016-09-11 06:00,0.285
2016-09-11 07:00,0.165
2016-09-11 08:00,0.177
2016-09-11 09:00,0.240
2016-09-11 10:00,0.317
2016-09-11 11:00,0.408
2016-09-11 12:00,0.492
2016-09-11 13:00,0.551
2016-09-11 14:00,0.587
2016-09-11 15:00,0.596
2016-09-11 16:00,0.559
2016-09-11 17:00,0.548
2016-09-11 18:00,0.574
2016-09-11 19:00,0.581
2016-09-11 20:00,0.615
2016-09-11 21:00,0.596
2016-09-11 22:00,0.571
2016-09-11 23:00,0.563
2016-09-12 00:00,0.564
2016-09-12 01:00,0.562
2016-09-12 02:00,0.559
2016-09-12 03:00,0.556
2016-09-12 04:00,0.564
2016-09-12 05:00,0.580
2016-09-12 06:00,0.547
2016-09-12 07:00,0.475
2016-09-12 08:00,0.687
2016-09-12 09:00,0.767
2016-09-12 10:00,0.767
2016-09-12 11:00,0.769
2016-09-12 12:00,0.769
2016-09-12 13:00,0.772
2016-09-12 14:00,0.765
2016-09-12 15:00,0.710
2016-09-12 16:00,0.643
2016-09-12 17:00,0.621
2016-09-12 18:00,0.584
2016-09-12 19:00,0.525
2016-09-12 20:00,0.485
2016-09-12 21:00,0.454
2016-09-12 22:00,0.432
2016-09-12 23:00,0.393
2016-09-13 00:00,0.390
2016-09-13 01:00,0.386
2016-09-13 02:00,0.368
2016-09-13 03:00,0.356
2016-09-13 04:00,0.352
2016-09-13 05:00,0.355
2016-09-13 06:00,0.302
2016-09-13 07:00,0.156
2016-09-13 08:00,0.077
2016-09-13 09:00,0.059
2016-09-13 10:00,0.060
2016-09-13 11:00,0.059
2016-09-13 12:00,0.060
2016-09-13 13:00,0.063
2016-09-13 14:00,0.077
2016-09-13 15:00,0.116
2016-09-13 16:00,0.179
2016-09-13 17:00,0.257
2016-09-13 18:00,0.320
2016-09-13 19:00,0.290
2016-09-13 20:00,0.241
2016-09-13 21:00,0.227
2016-09-13 22:00,0.271
2016-09-13 23:00,0.349
2016-09-14 00:00,0.403
2016-09-14 01:00,0.435
2016-09-14 02:00,0.452
2016-09-14 03:00,0.450
2016-09-14 04:00,0.469
2016-09-14 05:00,0.503
2016-09-14 06:00,0.486
2016-09-14 07:00,0.413
2016-09-14 08:00,0.442
2016-09-14 09:00,0.497
2016-09-14 10:00,0.502
2016-09-14 11:00,0.484
2016-09-14 12:00,0.466
2016-09-14 13:00,0.450
2016-09-14 14:00,0.419
2016-09-14 15:00,0.358
2016-09-14 16:00,0.290
2016-09-14 17:00,0.286
2016-09-14 18:00,0.309
2016-09-14 19:00,0.258
2016-09-14 20:00,0.170
2016-09-14 21:00,0.103
2016-09-14 22:00,0.059
2016-09-14 23:00,0.032
2016-09-15 00:00,0.020
2016-09-15 01:00,0.015
2016-09-15 02:00,0.015
2016-09-15 03:00,0.017
2016-09-15 04:00,0.019
2016-09-15 05:00,0.020
2016-09-15 06:00,0.024
2016-09-15 07:00,0.020
2016-09-15 08:00,0.016
2016-09-15 09:00,0.013
2016-09-15 10:00,0.013
2016-09-15 11:00,0.013
2016-09-15 12:00,0.015
2016-09-15 13:00,0.016
2016-09-15 14:00,0.019
2016-09-15 15:00,0.023
2016-09-15 16:00,0.031
2016-09-15 17:00,0.038
2016-09-15 18:00,0.037
2016-09-15 19:00,0.044
2016-09-15 20:00,0.051
2016-09-15 21:00,0.091
2016-09-15 22:00,0.171
2016-09-15 23:00,0.279
2016-09-16 00:00,0.365
2016-09-16 01:00,0.416
2016-09-16 02:00,0.462
2016-09-16 03:00,0.468
2016-09-16 04:00,0.476
2016-09-16 05:00,0.574
2016-09-16 06:00,0.566
2016-09-16 07:00,0.539
2016-09-16 08:00,0.658
2016-09-16 09:00,0.693
2016-09-16 10:00,0.696
2016-09-16 11:00,0.684
2016-09-16 12:00,0.649
2016-09-16 13:00,0.634
2016-09-16 14:00,0.661
2016-09-16 15:00,0.682
2016-09-16 16:00,0.618
2016-09-16 17:00,0.551
2016-09-16 18:00,0.604
2016-09-16 19:00,0.616
2016-09-16 20:00,0.608
2016-09-16 21:00,0.546
2016-09-16 22:00,0.524
2016-09-16 23:00,0.523
2016-09-17 00:00,0.523
2016-09-17 01:00,0.552
2016-09-17 02:00,0.559
2016-09-17 03:00,0.529
2016-09-17 04:00,0.492
2016-09-17 05:00,0.476
2016-09-17 06:00,0.416
2016-09-17 07:00,0.356
2016-09-17 08:00,0.370
2016-09-17 09:00,0.366
2016-09-17 10:00,0.320
2016-09-17 11:00,0.265
2016-09-17 12:00,0.220
2016-09-17 13:00,0.179
2016-09-17 14:00,0.147
2016-09-17 15:00,0.126
2016-09-17 16:00,0.105
2016-09-17 17:00,0.087
2016-09-17 18:00,0.077
2016-09-17 19:00,0.058
2016-09-17 20:00,0.036
2016-09-17 21:00,0.029
2016-09-17 22:00,0.034
2016-09-17 23:00,0.040
2016-09-18 00:00,0.040
2016-09-18 01:00,0.040
2016-09-18 02:00,0.043
2016-09-18 03:00,0.048
2016-09-18 04:00,0.049
2016-09-18 05:00,0.045
2016-09-18 06:00,0.037
2016-09-18 07:00,0.024
2016-09-18 08:00,0.030
2016-09-18 09:00,0.057
2016-09-18 10:00,0.079
2016-09-18 11:00,0.094
2016-09-18 12:00,0.105
2016-09-18 13:00,0.117
2016-09-18 14:00,0.128
2016-09-18 15:00,0.134
2016-09-18 16:00,0.134
2016-09-18 17:00,0.138
2016-09-18 18:00,0.152
2016-09-18 19:00,0.160
2016-09-18 20:00,0.169
2016-09-18 21:00,0.158
2016-09-18 22:00,0.134
2016-09-18 23:00,0.115
2016-09-19 00:00,0.113
2016-09-19 01:00,0.122
2016-09-19 02:00,0.134
2016-09-19 03:00,0.151
2016-09-19 04:00,0.183
2016-09-19 05:00,0.212
2016-09-19 06:00,0.221
2016-09-19 07:00,0.189
2016-09-19 08:00,0.191
2016-09-19 09:00,0.183
2016-09-19 10:00,0.151
2016-09-19 11:00,0.123
2016-09-19 12:00,0.113
2016-09-19 13:00,0.112
2016-09-19 14:00,0.115
2016-09-19 15:00,0.113
2016-09-19 16:00,0.101
2016-09-19 17:00,0.101
2016-09-19 18:00,0.113
2016-09-19 19:00,0.116
2016-09-19 20:00,0.118
2016-09-19 21:00,0.118
2016-09-19 22:00,0.113
2016-09-19 23:00,0.103
2016-09-20 00:00,0.094
2016-09-20 01:00,0.090
2016-09-20 02:00,0.087
2016-09-20 03:00,0.089
2016-09-20 04:00,0.093
2016-09-20 05:00,0.097
2016-09-20 06:00,0.093
2016-09-20 07:00,0.064
2016-09-20 08:00,0.045
2016-09-20 09:00,0.031
2016-09-20 10:00,0.019
2016-09-20 11:00,0.011
2016-09-20 12:00,0.008
2016-09-20 13:00,0.008
2016-09-20 14:00,0.008
2016-09-20 15:00,0.009
2016-09-20 16:00,0.012
2016-09-20 17:00,0.016
2016-09-20 18:00,0.020
2016-09-20 19:00,0.026
2016-09-20 20:00,0.033
2016-09-20 21:00,0.048
2016-09-20 22:00,0.080
2016-09-20 23:00,0.119
2016-09-21 00:00,0.156
2016-09-21 01:00,0.183
2016-09-21 02:00,0.197
2016-09-21 03:00,0.195
2016-09-21 04:00,0.182
2016-09-21 05:00,0.180
2016-09-21 06:00,0.188
2016-09-21 07:00,0.157
2016-09-21 08:00,0.148
2016-09-21 09:00,0.232
2016-09-21 10:00,0.327
2016-09-21 11:00,0.393
2016-09-21 12:00,0.448
2016-09-21 13:00,0.476
2016-09-21 14:00,0.436
2016-09-21 15:00,0.367
2016-09-21 16:00,0.367
2016-09-21 17:00,0.426
2016-09-21 18:00,0.516
2016-09-21 19:00,0.542
2016-09-21 20:00,0.521
2016-09-21 21:00,0.480
2016-09-21 22:00,0.460
2016-09-21 23:00,0.403
2016-09-22 00:00,0.366
2016-09-22 01:00,0.348
2016-09-22 02:00,0.344
2016-09-22 03:00,0.336
2016-09-22 04:00,0.349
2016-09-22 05:00,0.352
2016-09-22 06:00,0.320
2016-09-22 07:00,0.242
2016-09-22 08:00,0.254
2016-09-22 09:00,0.294
2016-09-22 10:00,0.292
2016-09-22 11:00,0.261
2016-09-22 12:00,0.220
2016-09-22 13:00,0.193
2016-09-22 14:00,0.179
2016-09-22 15:00,0.180
2016-09-22 16:00,0.176
2016-09-22 17:00,0.169
2016-09-22 18:00,0.171
2016-09-22 19:00,0.185
2016-09-22 20:00,0.235
2016-09-22 21:00,0.345
2016-09-22 22:00,0.468
2016-09-22 23:00,0.520
2016-09-23 00:00,0.527
2016-09-23 01:00,0.525
2016-09-23 02:00,0.497
2016-09-23 03:00,0.479
2016-09-23 04:00,0.422
2016-09-23 05:00,0.382
2016-09-23 06:00,0.352
2016-09-23 07:00,0.210
2016-09-23 08:00,0.169
2016-09-23 09:00,0.195
2016-09-23 10:00,0.248
2016-09-23 11:00,0.309
2016-09-23 12:00,0.349
2016-09-23 13:00,0.410
2016-09-23 14:00,0.470
2016-09-23 15:00,0.475
2016-09-23 16:00,0.434
2016-09-23 17:00,0.526
2016-09-23 18:00,0.591
2016-09-23 19:00,0.584
2016-09-23 20:00,0.577
2016-09-23 21:00,0.590
2016-09-23 22:00,0.598
2016-09-23 23:00,0.604
2016-09-24 00:00,0.595
2016-09-24 01:00,0.582
2016-09-24 02:00,0.574
2016-09-24 03:00,0.574
2016-09-24 04:00,0.589
2016-09-24 05:00,0.613
2016-09-24 06:00,0.620
2016-09-24 07:00,0.654
2016-09-24 08:00,0.765
2016-09-24 09:00,0.875
2016-09-24 10:00,0.896
2016-09-24 11:00,0.901
2016-09-24 12:00,0.902
2016-09-24 13:00,0.905
2016-09-24 14:00,0.904
2016-09-24 15:00,0.891
2016-09-24 16:00,0.865
2016-09-24 17:00,0.863
2016-09-24 18:00,0.870
2016-09-24 19:00,0.869
2016-09-24 20:00,0.857
2016-09-24 21:00,0.827
2016-09-24 22:00,0.766
2016-09-24 23:00,0.711
2016-09-25 00:00,0.675
2016-09-25 01:00,0.649
2016-09-25 02:00,0.600
2016-09-25 03:00,0.547
2016-09-25 04:00,0.488
2016-09-25 05:00,0.457
2016-09-25 06:00,0.377
2016-09-25 07:00,0.314
2016-09-25 08:00,0.414
2016-09-25 09:00,0.651
2016-09-25 10:00,0.706
2016-09-25 11:00,0.722
2016-09-25 12:00,0.729
2016-09-25 13:00,0.730
2016-09-25 14:00,0.731
2016-09-25 15:00,0.723
2016-09-25 16:00,0.689
2016-09-25 17:00,0.654
2016-09-25 18:00,0.620
2016-09-25 19:00,0.528
2016-09-25 20:00,0.504
2016-09-25 21:00,0.499
2016-09-25 22:00,0.482
2016-09-25 23:00,0.457
2016-09-26 00:00,0.416
2016-09-26 01:00,0.370
2016-09-26 02:00,0.325
2016-09-26 03:00,0.289
2016-09-26 04:00,0.262
2016-09-26 05:00,0.245
2016-09-26 06:00,0.238
2016-09-26 07:00,0.211
2016-09-26 08:00,0.190
2016-09-26 09:00,0.290
2016-09-26 10:00,0.404
2016-09-26 11:00,0.479
2016-09-26 12:00,0.546
2016-09-26 13:00,0.588
2016-09-26 14:00,0.555
2016-09-26 15:00,0.489
2016-09-26 16:00,0.453
2016-09-26 17:00,0.479
2016-09-26 18:00,0.562
2016-09-26 19:00,0.638
2016-09-26 20:00,0.632
2016-09-26 21:00,0.581
2016-09-26 22:00,0.497
2016-09-26 23:00,0.442
2016-09-27 00:00,0.400
2016-09-27 01:00,0.406
2016-09-27 02:00,0.462
2016-09-27 03:00,0.498
2016-09-27 04:00,0.574
2016-09-27 05:00,0.703
2016-09-27 06:00,0.739
2016-09-27 07:00,0.791
2016-09-27 08:00,0.778
2016-09-27 09:00,0.785
2016-09-27 10:00,0.779
2016-09-27 11:00,0.740
2016-09-27 12:00,0.719
2016-09-27 13:00,0.664
2016-09-27 14:00,0.665
2016-09-27 15:00,0.656
2016-09-27 16:00,0.566
2016-09-27 17:00,0.510
2016-09-27 18:00,0.525
2016-09-27 19:00,0.578
2016-09-27 20:00,0.625
2016-09-27 21:00,0.663
2016-09-27 22:00,0.685
2016-09-27 23:00,0.675
2016-09-28 00:00,0.661
2016-09-28 01:00,0.749
2016-09-28 02:00,0.703
2016-09-28 03:00,0.707
2016-09-28 04:00,0.672
2016-09-28 05:00,0.630
2016-09-28 06:00,0.616
2016-09-28 07:00,0.546
2016-09-28 08:00,0.565
2016-09-28 09:00,0.635
2016-09-28 10:00,0.653
2016-09-28 11:00,0.692
2016-09-28 12:00,0.739
2016-09-28 13:00,0.741
2016-09-28 14:00,0.740
2016-09-28 15:00,0.734
2016-09-28 16:00,0.750
2016-09-28 17:00,0.801
2016-09-28 18:00,0.855
2016-09-28 19:00,0.891
2016-09-28 20:00,0.912
2016-09-28 21:00,0.929
2016-09-28 22:00,0.943
2016-09-28 23:00,0.949
2016-09-29 00:00,0.949
2016-09-29 01:00,0.941
2016-09-29 02:00,0.913
2016-09-29 03:00,0.884
2016-09-29 04:00,0.863
2016-09-29 05:00,0.859
2016-09-29 06:00,0.846
2016-09-29 07:00,0.840
2016-09-29 08:00,0.856
2016-09-29 09:00,0.890
2016-09-29 10:00,0.907
2016-09-29 11:00,0.919
2016-09-29 12:00,0.926
2016-09-29 13:00,0.924
2016-09-29 14:00,0.917
2016-09-29 15:00,0.898
2016-09-29 16:00,0.851
2016-09-29 17:00,0.789
2016-09-29 18:00,0.744
2016-09-29 19:00,0.684
2016-09-29 20:00,0.604
2016-09-29 21:00,0.564
2016-09-29 22:00,0.547
2016-09-29 23:00,0.530
2016-09-30 00:00,0.499
2016-09-30 01:00,0.468
2016-09-30 02:00,0.456
2016-09-30 03:00,0.442
2016-09-30 04:00,0.418
2016-09-30 05:00,0.394
2016-09-30 06:00,0.367
2016-09-30 07:00,0.357
2016-09-30 08:00,0.393
2016-09-30 09:00,0.527
2016-09-30 10:00,0.587
2016-09-30 11:00,0.584
2016-09-30 12:00,0.546
2016-09-30 13:00,0.497
2016-09-30 14:00,0.443
2016-09-30 15:00,0.349
2016-09-30 16:00,0.251
2016-09-30 17:00,0.208
2016-09-30 18:00,0.183
2016-09-30 19:00,0.158
2016-09-30 20:00,0.139
2016-09-30 21:00,0.142
2016-09-30 22:00,0.152
2016-09-30 23:00,0.154
2016-10-01 00:00,0.145
2016-10-01 01:00,0.122
2016-10-01 02:00,0.099
2016-10-01 03:00,0.080
2016-10-01 04:00,0.070
2016-10-01 05:00,0.070
2016-10-01 06:00,0.075
2016-10-01 07:00,0.070
2016-10-01 08:00,0.069
2016-10-01 09:00,0.091
2016-10-01 10:00,0.105
2016-10-01 11:00,0.095
2016-10-01 12:00,0.082
2016-10-01 13:00,0.100
2016-10-01 14:00,0.156
2016-10-01 15:00,0.204
2016-10-01 16:00,0.233
2016-10-01 17:00,0.309
2016-10-01 18:00,0.370
2016-10-01 19:00,0.404
2016-10-01 20:00,0.439
2016-10-01 21:00,0.483
2016-10-01 22:00,0.486
2016-10-01 23:00,0.448
2016-10-02 00:00,0.397
2016-10-02 01:00,0.370
2016-10-02 02:00,0.333
2016-10-02 03:00,0.312
2016-10-02 04:00,0.281
2016-10-02 05:00,0.252
2016-10-02 06:00,0.230
2016-10-02 07:00,0.194
2016-10-02 08:00,0.157
2016-10-02 09:00,0.209
2016-10-02 10:00,0.186
2016-10-02 11:00,0.120
2016-10-02 12:00,0.070
2016-10-02 13:00,0.041
2016-10-02 14:00,0.027
2016-10-02 15:00,0.020
2016-10-02 16:00,0.020
2016-10-02 17:00,0.026
2016-10-02 18:00,0.041
2016-10-02 19:00,0.063
2016-10-02 20:00,0.090
2016-10-02 21:00,0.113
2016-10-02 22:00,0.119
2016-10-02 23:00,0.108
2016-10-03 00:00,0.096
2016-10-03 01:00,0.093
2016-10-03 02:00,0.092
2016-10-03 03:00,0.092
2016-10-03 04:00,0.093
2016-10-03 05:00,0.085
2016-10-03 06:00,0.073
2016-10-03 07:00,0.059
2016-10-03 08:00,0.060
2016-10-03 09:00,0.079
2016-10-03 10:00,0.118
2016-10-03 11:00,0.133
2016-10-03 12:00,0.156
2016-10-03 13:00,0.189
2016-10-03 14:00,0.203
2016-10-03 15:00,0.207
2016-10-03 16:00,0.248
2016-10-03 17:00,0.416
2016-10-03 18:00,0.529
2016-10-03 19:00,0.522
2016-10-03 20:00,0.488
2016-10-03 21:00,0.490
2016-10-03 22:00,0.496
2016-10-03 23:00,0.496
2016-10-04 00:00,0.529
2016-10-04 01:00,0.569
2016-10-04 02:00,0.597
2016-10-04 03:00,0.572
2016-10-04 04:00,0.550
2016-10-04 05:00,0.525
2016-10-04 06:00,0.507
2016-10-04 07:00,0.420
2016-10-04 08:00,0.393
2016-10-04 09:00,0.505
2016-10-04 10:00,0.631
2016-10-04 11:00,0.666
2016-10-04 12:00,0.686
2016-10-04 13:00,0.680
2016-10-04 14:00,0.673
2016-10-04 15:00,0.672
2016-10-04 16:00,0.672
2016-10-04 17:00,0.677
2016-10-04 18:00,0.669
2016-10-04 19:00,0.646
2016-10-04 20:00,0.630
2016-10-04 21:00,0.597
2016-10-04 22:00,0.603
2016-10-04 23:00,0.586
2016-10-05 00:00,0.626
2016-10-05 01:00,0.628
2016-10-05 02:00,0.606
2016-10-05 03:00,0.604
2016-10-05 04:00,0.628
2016-10-05 05:00,0.628
2016-10-05 06:00,0.625
2016-10-05 07:00,0.577
2016-10-05 08:00,0.617
2016-10-05 09:00,0.781
2016-10-05 10:00,0.827
2016-10-05 11:00,0.833
2016-10-05 12:00,0.823
2016-10-05 13:00,0.811
2016-10-05 14:00,0.803
2016-10-05 15:00,0.795
2016-10-05 16:00,0.758
2016-10-05 17:00,0.706
2016-10-05 18:00,0.625
2016-10-05 19:00,0.583
2016-10-05 20:00,0.606
2016-10-05 21:00,0.593
2016-10-05 22:00,0.594
2016-10-05 23:00,0.603
2016-10-06 00:00,0.594
2016-10-06 01:00,0.594
2016-10-06 02:00,0.569
2016-10-06 03:00,0.542
2016-10-06 04:00,0.549
2016-10-06 05:00,0.568
2016-10-06 06:00,0.572
2016-10-06 07:00,0.535
2016-10-06 08:00,0.481
2016-10-06 09:00,0.640
2016-10-06 10:00,0.657
2016-10-06 11:00,0.643
2016-10-06 12:00,0.637
2016-10-06 13:00,0.644
2016-10-06 14:00,0.661
2016-10-06 15:00,0.681
2016-10-06 16:00,0.673
2016-10-06 17:00,0.645
2016-10-06 18:00,0.605
2016-10-06 19:00,0.552
2016-10-06 20:00,0.501
2016-10-06 21:00,0.463
2016-10-06 22:00,0.424
2016-10-06 23:00,0.413
2016-10-07 00:00,0.397
2016-10-07 01:00,0.367
2016-10-07 02:00,0.368
2016-10-07 03:00,0.423
2016-10-07 04:00,0.410
2016-10-07 05:00,0.411
2016-10-07 06:00,0.416
2016-10-07 07:00,0.348
2016-10-07 08:00,0.288
2016-10-07 09:00,0.340
2016-10-07 10:00,0.338
2016-10-07 11:00,0.317
2016-10-07 12:00,0.302
2016-10-07 13:00,0.285
2016-10-07 14:00,0.265
2016-10-07 15:00,0.216
2016-10-07 16:00,0.211
2016-10-07 17:00,0.270
2016-10-07 18:00,0.302
2016-10-07 19:00,0.319
2016-10-07 20:00,0.321
2016-10-07 21:00,0.316
2016-10-07 22:00,0.314
2016-10-07 23:00,0.306
2016-10-08 00:00,0.313
2016-10-08 01:00,0.333
2016-10-08 02:00,0.335
2016-10-08 03:00,0.330
2016-10-08 04:00,0.335
2016-10-08 05:00,0.340
2016-10-08 06:00,0.334
2016-10-08 07:00,0.278
2016-10-08 08:00,0.176
2016-10-08 09:00,0.200
2016-10-08 10:00,0.185
2016-10-08 11:00,0.166
2016-10-08 12:00,0.153
2016-10-08 13:00,0.137
2016-10-08 14:00,0.124
2016-10-08 15:00,0.133
2016-10-08 16:00,0.169
2016-10-08 17:00,0.253
2016-10-08 18:00,0.323
2016-10-08 19:00,0.353
2016-10-08 20:00,0.351
2016-10-08 21:00,0.338
2016-10-08 22:00,0.329
2016-10-08 23:00,0.334
2016-10-09 00:00,0.348
2016-10-09 01:00,0.367
2016-10-09 02:00,0.370
2016-10-09 03:00,0.370
2016-10-09 04:00,0.383
2016-10-09 05:00,0.400
2016-10-09 06:00,0.410
2016-10-09 07:00,0.348
2016-10-09 08:00,0.202
2016-10-09 09:00,0.223
2016-10-09 10:00,0.195
2016-10-09 11:00,0.177
2016-10-09 12:00,0.169
2016-10-09 13:00,0.165
2016-10-09 14:00,0.167
2016-10-09 15:00,0.171
2016-10-09 16:00,0.181
2016-10-09 17:00,0.218
2016-10-09 18:00,0.224
2016-10-09 19:00,0.191
2016-10-09 20:00,0.141
2016-10-09 21:00,0.096
2016-10-09 22:00,0.073
2016-10-09 23:00,0.074
2016-10-10 00:00,0.102
2016-10-10 01:00,0.159
2016-10-10 02:00,0.212
2016-10-10 03:00,0.245
2016-10-10 04:00,0.219
2016-10-10 05:00,0.161
2016-10-10 06:00,0.142
2016-10-10 07:00,0.124
2016-10-10 08:00,0.117
2016-10-10 09:00,0.155
2016-10-10 10:00,0.236
2016-10-10 11:00,0.283
2016-10-10 12:00,0.320
2016-10-10 13:00,0.342
2016-10-10 14:00,0.345
2016-10-10 15:00,0.311
2016-10-10 16:00,0.300
2016-10-10 17:00,0.387
2016-10-10 18:00,0.433
2016-10-10 19:00,0.450
2016-10-10 20:00,0.456
2016-10-10 21:00,0.455
2016-10-10 22:00,0.445
2016-10-10 23:00,0.429
2016-10-11 00:00,0.429
2016-10-11 01:00,0.423
2016-10-11 02:00,0.403
2016-10-11 03:00,0.355
2016-10-11 04:00,0.322
2016-10-11 05:00,0.319
2016-10-11 06:00,0.320
2016-10-11 07:00,0.309
2016-10-11 08:00,0.241
2016-10-11 09:00,0.264
2016-10-11 10:00,0.365
2016-10-11 11:00,0.387
2016-10-11 12:00,0.394
2016-10-11 13:00,0.432
2016-10-11 14:00,0.472
2016-10-11 15:00,0.447
2016-10-11 16:00,0.463
2016-10-11 17:00,0.536
2016-10-11 18:00,0.502
2016-10-11 19:00,0.449
2016-10-11 20:00,0.474
2016-10-11 21:00,0.479
2016-10-11 22:00,0.452
2016-10-11 23:00,0.450
2016-10-12 00:00,0.486
2016-10-12 01:00,0.499
2016-10-12 02:00,0.510
2016-10-12 03:00,0.489
2016-10-12 04:00,0.489
2016-10-12 05:00,0.488
2016-10-12 06:00,0.477
2016-10-12 07:00,0.426
2016-10-12 08:00,0.335
2016-10-12 09:00,0.387
2016-10-12 10:00,0.483
2016-10-12 11:00,0.498
2016-10-12 12:00,0.497
2016-10-12 13:00,0.493
2016-10-12 14:00,0.481
2016-10-12 15:00,0.430
2016-10-12 16:00,0.442
2016-10-12 17:00,0.520
2016-10-12 18:00,0.512
2016-10-12 19:00,0.499
2016-10-12 20:00,0.498
2016-10-12 21:00,0.470
2016-10-12 22:00,0.463
2016-10-12 23:00,0.472
2016-10-13 00:00,0.479
2016-10-13 01:00,0.469
2016-10-13 02:00,0.445
2016-10-13 03:00,0.423
2016-10-13 04:00,0.415
2016-10-13 05:00,0.406
2016-10-13 06:00,0.403
2016-10-13 07:00,0.360
2016-10-13 08:00,0.307
2016-10-13 09:00,0.424
2016-10-13 10:00,0.527
2016-10-13 11:00,0.552
2016-10-13 12:00,0.556
2016-10-13 13:00,0.562
2016-10-13 14:00,0.549
2016-10-13 15:00,0.499
2016-10-13 16:00,0.510
2016-10-13 17:00,0.546
2016-10-13 18:00,0.515
2016-10-13 19:00,0.450
2016-10-13 20:00,0.406
2016-10-13 21:00,0.378
2016-10-13 22:00,0.348
2016-10-13 23:00,0.341
2016-10-14 00:00,0.345
2016-10-14 01:00,0.363
2016-10-14 02:00,0.380
2016-10-14 03:00,0.393
2016-10-14 04:00,0.407
2016-10-14 05:00,0.429
2016-10-14 06:00,0.437
2016-10-14 07:00,0.371
2016-10-14 08:00,0.257
2016-10-14 09:00,0.289
2016-10-14 10:00,0.290
2016-10-14 11:00,0.296
2016-10-14 12:00,0.335
2016-10-14 13:00,0.361
2016-10-14 14:00,0.359
2016-10-14 15:00,0.333
2016-10-14 16:00,0.372
2016-10-14 17:00,0.441
2016-10-14 18:00,0.426
2016-10-14 19:00,0.394
2016-10-14 20:00,0.365
2016-10-14 21:00,0.333
2016-10-14 22:00,0.308
2016-10-14 23:00,0.268
2016-10-15 00:00,0.236
2016-10-15 01:00,0.211
2016-10-15 02:00,0.208
2016-10-15 03:00,0.209
2016-10-15 04:00,0.202
2016-10-15 05:00,0.188
2016-10-15 06:00,0.181
2016-10-15 07:00,0.170
2016-10-15 08:00,0.130
2016-10-15 09:00,0.141
2016-10-15 10:00,0.198
2016-10-15 11:00,0.229
2016-10-15 12:00,0.248
2016-10-15 13:00,0.288
2016-10-15 14:00,0.272
2016-10-15 15:00,0.208
2016-10-15 16:00,0.264
2016-10-15 17:00,0.365
2016-10-15 18:00,0.380
2016-10-15 19:00,0.356
2016-10-15 20:00,0.333
2016-10-15 21:00,0.357
2016-10-15 22:00,0.396
2016-10-15 23:00,0.432
2016-10-16 00:00,0.423
2016-10-16 01:00,0.380
2016-10-16 02:00,0.325
2016-10-16 03:00,0.305
2016-10-16 04:00,0.302
2016-10-16 05:00,0.344
2016-10-16 06:00,0.393
2016-10-16 07:00,0.511
2016-10-16 08:00,0.574
2016-10-16 09:00,0.617
2016-10-16 10:00,0.623
2016-10-16 11:00,0.582
2016-10-16 12:00,0.618
2016-10-16 13:00,0.647
2016-10-16 14:00,0.635
2016-10-16 15:00,0.574
2016-10-16 16:00,0.529
2016-10-16 17:00,0.572
2016-10-16 18:00,0.619
2016-10-16 19:00,0.645
2016-10-16 20:00,0.689
2016-10-16 21:00,0.681
2016-10-16 22:00,0.670
2016-10-16 23:00,0.663
2016-10-17 00:00,0.645
2016-10-17 01:00,0.621
2016-10-17 02:00,0.604
2016-10-17 03:00,0.613
2016-10-17 04:00,0.634
2016-10-17 05:00,0.655
2016-10-17 06:00,0.646
2016-10-17 07:00,0.616
2016-10-17 08:00,0.556
2016-10-17 09:00,0.592
2016-10-17 10:00,0.694
2016-10-17 11:00,0.731
2016-10-17 12:00,0.719
2016-10-17 13:00,0.683
2016-10-17 14:00,0.591
2016-10-17 15:00,0.450
2016-10-17 16:00,0.429
2016-10-17 17:00,0.479
2016-10-17 18:00,0.492
2016-10-17 19:00,0.473
2016-10-17 20:00,0.486
2016-10-17 21:00,0.495
2016-10-17 22:00,0.479
2016-10-17 23:00,0.452
2016-10-18 00:00,0.432
2016-10-18 01:00,0.450
2016-10-18 02:00,0.479
2016-10-18 03:00,0.520
2016-10-18 04:00,0.617
2016-10-18 05:00,0.721
2016-10-18 06:00,0.713
2016-10-18 07:00,0.607
2016-10-18 08:00,0.552
2016-10-18 09:00,0.637
2016-10-18 10:00,0.764
2016-10-18 11:00,0.817
2016-10-18 12:00,0.839
2016-10-18 13:00,0.837
2016-10-18 14:00,0.792
2016-10-18 15:00,0.732
2016-10-18 16:00,0.732
2016-10-18 17:00,0.750
2016-10-18 18:00,0.725
2016-10-18 19:00,0.672
2016-10-18 20:00,0.646
2016-10-18 21:00,0.618
2016-10-18 22:00,0.625
2016-10-18 23:00,0.618
2016-10-19 00:00,0.653
2016-10-19 01:00,0.643
2016-10-19 02:00,0.599
2016-10-19 03:00,0.547
2016-10-19 04:00,0.513
2016-10-19 05:00,0.484
2016-10-19 06:00,0.463
2016-10-19 07:00,0.405
2016-10-19 08:00,0.335
2016-10-19 09:00,0.361
2016-10-19 10:00,0.400
2016-10-19 11:00,0.429
2016-10-19 12:00,0.453
2016-10-19 13:00,0.482
2016-10-19 14:00,0.486
2016-10-19 15:00,0.413
2016-10-19 16:00,0.416
2016-10-19 17:00,0.488
2016-10-19 18:00,0.503
2016-10-19 19:00,0.509
2016-10-19 20:00,0.491
2016-10-19 21:00,0.473
2016-10-19 22:00,0.490
2016-10-19 23:00,0.499
2016-10-20 00:00,0.476
2016-10-20 01:00,0.460
2016-10-20 02:00,0.429
2016-10-20 03:00,0.408
2016-10-20 04:00,0.381
2016-10-20 05:00,0.356
2016-10-20 06:00,0.353
2016-10-20 07:00,0.321
2016-10-20 08:00,0.235
2016-10-20 09:00,0.208
2016-10-20 10:00,0.245
2016-10-20 11:00,0.240
2016-10-20 12:00,0.234
2016-10-20 13:00,0.231
2016-10-20 14:00,0.232
2016-10-20 15:00,0.197
2016-10-20 16:00,0.193
2016-10-20 17:00,0.233
2016-10-20 18:00,0.260
2016-10-20 19:00,0.274
2016-10-20 20:00,0.279
2016-10-20 21:00,0.276
2016-10-20 22:00,0.261
2016-10-20 23:00,0.240
2016-10-21 00:00,0.224
2016-10-21 01:00,0.210
2016-10-21 02:00,0.202
2016-10-21 03:00,0.191
2016-10-21 04:00,0.168
2016-10-21 05:00,0.133
2016-10-21 06:00,0.108
2016-10-21 07:00,0.093
2016-10-21 08:00,0.077
2016-10-21 09:00,0.063
2016-10-21 10:00,0.064
2016-10-21 11:00,0.078
2016-10-21 12:00,0.085
2016-10-21 13:00,0.091
2016-10-21 14:00,0.102
2016-10-21 15:00,0.111
2016-10-21 16:00,0.136
2016-10-21 17:00,0.168
2016-10-21 18:00,0.184
2016-10-21 19:00,0.185
2016-10-21 20:00,0.178
2016-10-21 21:00,0.178
2016-10-21 22:00,0.187
2016-10-21 23:00,0.199
2016-10-22 00:00,0.206
2016-10-22 01:00,0.200
2016-10-22 02:00,0.189
2016-10-22 03:00,0.177
2016-10-22 04:00,0.189
2016-10-22 05:00,0.222
2016-10-22 06:00,0.260
2016-10-22 07:00,0.286
2016-10-22 08:00,0.235
2016-10-22 09:00,0.222
2016-10-22 10:00,0.305
2016-10-22 11:00,0.325
2016-10-22 12:00,0.339
2016-10-22 13:00,0.345
2016-10-22 14:00,0.349
2016-10-22 15:00,0.336
2016-10-22 16:00,0.348
2016-10-22 17:00,0.419
2016-10-22 18:00,0.423
2016-10-22 19:00,0.403
2016-10-22 20:00,0.357
2016-10-22 21:00,0.338
2016-10-22 22:00,0.338
2016-10-22 23:00,0.356
2016-10-23 00:00,0.372
2016-10-23 01:00,0.389
2016-10-23 02:00,0.470
2016-10-23 03:00,0.524
2016-10-23 04:00,0.551
2016-10-23 05:00,0.556
2016-10-23 06:00,0.582
2016-10-23 07:00,0.540
2016-10-23 08:00,0.429
2016-10-23 09:00,0.418
2016-10-23 10:00,0.532
2016-10-23 11:00,0.497
2016-10-23 12:00,0.473
2016-10-23 13:00,0.467
2016-10-23 14:00,0.469
2016-10-23 15:00,0.448
2016-10-23 16:00,0.460
2016-10-23 17:00,0.539
2016-10-23 18:00,0.533
2016-10-23 19:00,0.502
2016-10-23 20:00,0.449
2016-10-23 21:00,0.437
2016-10-23 22:00,0.430
2016-10-23 23:00,0.425
2016-10-24 00:00,0.407
2016-10-24 01:00,0.384
2016-10-24 02:00,0.375
2016-10-24 03:00,0.353
2016-10-24 04:00,0.328
2016-10-24 05:00,0.321
2016-10-24 06:00,0.342
2016-10-24 07:00,0.323
2016-10-24 08:00,0.254
2016-10-24 09:00,0.210
2016-10-24 10:00,0.223
2016-10-24 11:00,0.221
2016-10-24 12:00,0.198
2016-10-24 13:00,0.162
2016-10-24 14:00,0.153
2016-10-24 15:00,0.154
2016-10-24 16:00,0.212
2016-10-24 17:00,0.277
2016-10-24 18:00,0.304
2016-10-24 19:00,0.293
2016-10-24 20:00,0.272
2016-10-24 21:00,0.245
2016-10-24 22:00,0.204
2016-10-24 23:00,0.172
2016-10-25 00:00,0.154
2016-10-25 01:00,0.143
2016-10-25 02:00,0.138
2016-10-25 03:00,0.132
2016-10-25 04:00,0.120
2016-10-25 05:00,0.109
2016-10-25 06:00,0.099
2016-10-25 07:00,0.093
2016-10-25 08:00,0.087
2016-10-25 09:00,0.080
2016-10-25 10:00,0.117
2016-10-25 11:00,0.125
2016-10-25 12:00,0.121
2016-10-25 13:00,0.122
2016-10-25 14:00,0.134
2016-10-25 15:00,0.146
2016-10-25 16:00,0.190
2016-10-25 17:00,0.282
2016-10-25 18:00,0.361
2016-10-25 19:00,0.380
2016-10-25 20:00,0.385
2016-10-25 21:00,0.386
2016-10-25 22:00,0.390
2016-10-25 23:00,0.407
2016-10-26 00:00,0.413
2016-10-26 01:00,0.424
2016-10-26 02:00,0.432
2016-10-26 03:00,0.430
2016-10-26 04:00,0.460
2016-10-26 05:00,0.491
2016-10-26 06:00,0.492
2016-10-26 07:00,0.483
2016-10-26 08:00,0.419
2016-10-26 09:00,0.320
2016-10-26 10:00,0.451
2016-10-26 11:00,0.539
2016-10-26 12:00,0.589
2016-10-26 13:00,0.622
2016-10-26 14:00,0.581
2016-10-26 15:00,0.527
2016-10-26 16:00,0.554
2016-10-26 17:00,0.607
2016-10-26 18:00,0.616
2016-10-26 19:00,0.586
2016-10-26 20:00,0.562
2016-10-26 21:00,0.543
2016-10-26 22:00,0.505
2016-10-26 23:00,0.490
2016-10-27 00:00,0.486
2016-10-27 01:00,0.514
2016-10-27 02:00,0.539
2016-10-27 03:00,0.566
2016-10-27 04:00,0.576
2016-10-27 05:00,0.616
2016-10-27 06:00,0.633
2016-10-27 07:00,0.639
2016-10-27 08:00,0.618
2016-10-27 09:00,0.558
2016-10-27 10:00,0.597
2016-10-27 11:00,0.670
2016-10-27 12:00,0.713
2016-10-27 13:00,0.751
2016-10-27 14:00,0.774
2016-10-27 15:00,0.780
2016-10-27 16:00,0.774
2016-10-27 17:00,0.748
2016-10-27 18:00,0.706
2016-10-27 19:00,0.732
2016-10-27 20:00,0.787
2016-10-27 21:00,0.757
2016-10-27 22:00,0.803
2016-10-27 23:00,0.764
2016-10-28 00:00,0.737
2016-10-28 01:00,0.715
2016-10-28 02:00,0.689
2016-10-28 03:00,0.645
2016-10-28 04:00,0.570
2016-10-28 05:00,0.519
2016-10-28 06:00,0.450
2016-10-28 07:00,0.370
2016-10-28 08:00,0.274
2016-10-28 09:00,0.180
2016-10-28 10:00,0.191
2016-10-28 11:00,0.227
2016-10-28 12:00,0.239
2016-10-28 13:00,0.224
2016-10-28 14:00,0.212
2016-10-28 15:00,0.178
2016-10-28 16:00,0.150
2016-10-28 17:00,0.123
2016-10-28 18:00,0.093
2016-10-28 19:00,0.074
2016-10-28 20:00,0.064
2016-10-28 21:00,0.069
2016-10-28 22:00,0.088
2016-10-28 23:00,0.107
2016-10-29 00:00,0.108
2016-10-29 01:00,0.090
2016-10-29 02:00,0.069
2016-10-29 03:00,0.053
2016-10-29 04:00,0.040
2016-10-29 05:00,0.035
2016-10-29 06:00,0.036
2016-10-29 07:00,0.045
2016-10-29 08:00,0.063
2016-10-29 09:00,0.056
2016-10-29 10:00,0.062
2016-10-29 11:00,0.082
2016-10-29 12:00,0.095
2016-10-29 13:00,0.104
2016-10-29 14:00,0.107
2016-10-29 15:00,0.109
2016-10-29 16:00,0.134
2016-10-29 17:00,0.149
2016-10-29 18:00,0.163
2016-10-29 19:00,0.179
2016-10-29 20:00,0.188
2016-10-29 21:00,0.189
2016-10-29 22:00,0.196
2016-10-29 23:00,0.204
2016-10-30 00:00,0.198
2016-10-30 01:00,0.190
2016-10-30 02:00,0.172
2016-10-30 03:00,0.149
2016-10-30 04:00,0.154
2016-10-30 05:00,0.169
2016-10-30 06:00,0.161
2016-10-30 07:00,0.132
2016-10-30 08:00,0.092
2016-10-30 09:00,0.052
2016-10-30 10:00,0.052
2016-10-30 11:00,0.058
2016-10-30 12:00,0.052
2016-10-30 13:00,0.045
2016-10-30 14:00,0.038
2016-10-30 15:00,0.037
2016-10-30 16:00,0.044
2016-10-30 17:00,0.043
2016-10-30 18:00,0.040
2016-10-30 19:00,0.043
2016-10-30 20:00,0.050
2016-10-30 21:00,0.059
2016-10-30 22:00,0.067
2016-10-30 23:00,0.075
2016-10-31 00:00,0.084
2016-10-31 01:00,0.097
2016-10-31 02:00,0.121
2016-10-31 03:00,0.142
2016-10-31 04:00,0.154
2016-10-31 05:00,0.159
2016-10-31 06:00,0.153
2016-10-31 07:00,0.145
2016-10-31 08:00,0.124
2016-10-31 09:00,0.074
2016-10-31 10:00,0.063
2016-10-31 11:00,0.074
2016-10-31 12:00,0.069
2016-10-31 13:00,0.068
2016-10-31 14:00,0.069
2016-10-31 15:00,0.082
2016-10-31 16:00,0.095
2016-10-31 17:00,0.102
2016-10-31 18:00,0.113
2016-10-31 19:00,0.129
2016-10-31 20:00,0.145
2016-10-31 21:00,0.170
2016-10-31 22:00,0.210
2016-10-31 23:00,0.248
2016-11-01 00:00,0.272
2016-11-01 01:00,0.285
2016-11-01 02:00,0.286
2016-11-01 03:00,0.269
2016-11-01 04:00,0.255
2016-11-01 05:00,0.256
2016-11-01 06:00,0.275
2016-11-01 07:00,0.310
2016-11-01 08:00,0.278
2016-11-01 09:00,0.283
2016-11-01 10:00,0.338
2016-11-01 11:00,0.324
2016-11-01 12:00,0.284
2016-11-01 13:00,0.254
2016-11-01 14:00,0.230
2016-11-01 15:00,0.202
2016-11-01 16:00,0.199
2016-11-01 17:00,0.182
2016-11-01 18:00,0.176
2016-11-01 19:00,0.215
2016-11-01 20:00,0.277
2016-11-01 21:00,0.325
2016-11-01 22:00,0.399
2016-11-01 23:00,0.467
2016-11-02 00:00,0.506
2016-11-02 01:00,0.542
2016-11-02 02:00,0.558
2016-11-02 03:00,0.529
2016-11-02 04:00,0.481
2016-11-02 05:00,0.420
2016-11-02 06:00,0.352
2016-11-02 07:00,0.333
2016-11-02 08:00,0.319
2016-11-02 09:00,0.292
2016-11-02 10:00,0.293
2016-11-02 11:00,0.304
2016-11-02 12:00,0.276
2016-11-02 13:00,0.241
2016-11-02 14:00,0.215
2016-11-02 15:00,0.205
2016-11-02 16:00,0.248
2016-11-02 17:00,0.270
2016-11-02 18:00,0.240
2016-11-02 19:00,0.196
2016-11-02 20:00,0.136
2016-11-02 21:00,0.109
2016-11-02 22:00,0.110
2016-11-02 23:00,0.122
2016-11-03 00:00,0.148
2016-11-03 01:00,0.176
2016-11-03 02:00,0.213
2016-11-03 03:00,0.216
2016-11-03 04:00,0.200
2016-11-03 05:00,0.189
2016-11-03 06:00,0.179
2016-11-03 07:00,0.180
2016-11-03 08:00,0.206
2016-11-03 09:00,0.224
2016-11-03 10:00,0.214
2016-11-03 11:00,0.212
2016-11-03 12:00,0.238
2016-11-03 13:00,0.276
2016-11-03 14:00,0.317
2016-11-03 15:00,0.357
2016-11-03 16:00,0.384
2016-11-03 17:00,0.434
2016-11-03 18:00,0.446
2016-11-03 19:00,0.439
2016-11-03 20:00,0.410
2016-11-03 21:00,0.365
2016-11-03 22:00,0.355
2016-11-03 23:00,0.369
2016-11-04 00:00,0.406
2016-11-04 01:00,0.428
2016-11-04 02:00,0.453
2016-11-04 03:00,0.487
2016-11-04 04:00,0.475
2016-11-04 05:00,0.479
2016-11-04 06:00,0.471
2016-11-04 07:00,0.449
2016-11-04 08:00,0.394
2016-11-04 09:00,0.270
2016-11-04 10:00,0.241
2016-11-04 11:00,0.291
2016-11-04 12:00,0.309
2016-11-04 13:00,0.302
2016-11-04 14:00,0.257
2016-11-04 15:00,0.233
2016-11-04 16:00,0.280
2016-11-04 17:00,0.303
2016-11-04 18:00,0.302
2016-11-04 19:00,0.277
2016-11-04 20:00,0.238
2016-11-04 21:00,0.197
2016-11-04 22:00,0.185
2016-11-04 23:00,0.193
2016-11-05 00:00,0.241
2016-11-05 01:00,0.321
2016-11-05 02:00,0.374
2016-11-05 03:00,0.415
2016-11-05 04:00,0.544
2016-11-05 05:00,0.655
2016-11-05 06:00,0.748
2016-11-05 07:00,0.765
2016-11-05 08:00,0.742
2016-11-05 09:00,0.712
2016-11-05 10:00,0.785
2016-11-05 11:00,0.847
2016-11-05 12:00,0.843
2016-11-05 13:00,0.822
2016-11-05 14:00,0.784
2016-11-05 15:00,0.730
2016-11-05 16:00,0.715
2016-11-05 17:00,0.672
2016-11-05 18:00,0.643
2016-11-05 19:00,0.651
2016-11-05 20:00,0.665
2016-11-05 21:00,0.663
2016-11-05 22:00,0.654
2016-11-05 23:00,0.651
2016-11-06 00:00,0.649
2016-11-06 01:00,0.650
2016-11-06 02:00,0.661
2016-11-06 03:00,0.673
2016-11-06 04:00,0.678
2016-11-06 05:00,0.696
2016-11-06 06:00,0.697
2016-11-06 07:00,0.708
2016-11-06 08:00,0.682
2016-11-06 09:00,0.666
2016-11-06 10:00,0.664
2016-11-06 11:00,0.643
2016-11-06 12:00,0.612
2016-11-06 13:00,0.594
2016-11-06 14:00,0.577
2016-11-06 15:00,0.587
2016-11-06 16:00,0.606
2016-11-06 17:00,0.626
2016-11-06 18:00,0.643
2016-11-06 19:00,0.682
2016-11-06 20:00,0.702
2016-11-06 21:00,0.695
2016-11-06 22:00,0.634
2016-11-06 23:00,0.630
2016-11-07 00:00,0.634
2016-11-07 01:00,0.609
2016-11-07 02:00,0.569
2016-11-07 03:00,0.538
2016-11-07 04:00,0.486
2016-11-07 05:00,0.439
2016-11-07 06:00,0.396
2016-11-07 07:00,0.369
2016-11-07 08:00,0.309
2016-11-07 09:00,0.232
2016-11-07 10:00,0.241
2016-11-07 11:00,0.324
2016-11-07 12:00,0.392
2016-11-07 13:00,0.421
2016-11-07 14:00,0.400
2016-11-07 15:00,0.393
2016-11-07 16:00,0.418
2016-11-07 17:00,0.457
2016-11-07 18:00,0.469
2016-11-07 19:00,0.464
2016-11-07 20:00,0.439
2016-11-07 21:00,0.383
2016-11-07 22:00,0.309
2016-11-07 23:00,0.253
2016-11-08 00:00,0.203
2016-11-08 01:00,0.194
2016-11-08 02:00,0.169
2016-11-08 03:00,0.158
2016-11-08 04:00,0.153
2016-11-08 05:00,0.144
2016-11-08 06:00,0.137
2016-11-08 07:00,0.115
2016-11-08 08:00,0.069
2016-11-08 09:00,0.040
2016-11-08 10:00,0.028
2016-11-08 11:00,0.019
2016-11-08 12:00,0.014
2016-11-08 13:00,0.015
2016-11-08 14:00,0.029
2016-11-08 15:00,0.062
2016-11-08 16:00,0.111
2016-11-08 17:00,0.181
2016-11-08 18:00,0.253
2016-11-08 19:00,0.294
2016-11-08 20:00,0.318
2016-11-08 21:00,0.356
2016-11-08 22:00,0.423
2016-11-08 23:00,0.453
2016-11-09 00:00,0.466
2016-11-09 01:00,0.460
2016-11-09 02:00,0.429
2016-11-09 03:00,0.359
2016-11-09 04:00,0.303
2016-11-09 05:00,0.204
2016-11-09 06:00,0.140
2016-11-09 07:00,0.108
2016-11-09 08:00,0.081
2016-11-09 09:00,0.058
2016-11-09 10:00,0.041
2016-11-09 11:00,0.034
2016-11-09 12:00,0.049
2016-11-09 13:00,0.064
2016-11-09 14:00,0.077
2016-11-09 15:00,0.086
2016-11-09 16:00,0.091
2016-11-09 17:00,0.083
2016-11-09 18:00,0.071
2016-11-09 19:00,0.063
2016-11-09 20:00,0.060
2016-11-09 21:00,0.061
2016-11-09 22:00,0.075
2016-11-09 23:00,0.102
2016-11-10 00:00,0.142
2016-11-10 01:00,0.185
2016-11-10 02:00,0.215
2016-11-10 03:00,0.271
2016-11-10 04:00,0.330
2016-11-10 05:00,0.377
2016-11-10 06:00,0.432
2016-11-10 07:00,0.539
2016-11-10 08:00,0.658
2016-11-10 09:00,0.631
2016-11-10 10:00,0.580
2016-11-10 11:00,0.646
2016-11-10 12:00,0.643
2016-11-10 13:00,0.645
2016-11-10 14:00,0.669
2016-11-10 15:00,0.694
2016-11-10 16:00,0.723
2016-11-10 17:00,0.721
2016-11-10 18:00,0.729
2016-11-10 19:00,0.694
2016-11-10 20:00,0.670
2016-11-10 21:00,0.574
2016-11-10 22:00,0.485
2016-11-10 23:00,0.394
2016-11-11 00:00,0.318
2016-11-11 01:00,0.231
2016-11-11 02:00,0.142
2016-11-11 03:00,0.082
2016-11-11 04:00,0.046
2016-11-11 05:00,0.023
2016-11-11 06:00,0.011
2016-11-11 07:00,0.008
2016-11-11 08:00,0.020
2016-11-11 09:00,0.046
2016-11-11 10:00,0.076
2016-11-11 11:00,0.159
2016-11-11 12:00,0.254
2016-11-11 13:00,0.324
2016-11-11 14:00,0.377
2016-11-11 15:00,0.440
2016-11-11 16:00,0.511
2016-11-11 17:00,0.540
2016-11-11 18:00,0.534
2016-11-11 19:00,0.537
2016-11-11 20:00,0.558
2016-11-11 21:00,0.577
2016-11-11 22:00,0.610
2016-11-11 23:00,0.645
2016-11-12 00:00,0.674
2016-11-12 01:00,0.697
2016-11-12 02:00,0.700
2016-11-12 03:00,0.703
2016-11-12 04:00,0.750
2016-11-12 05:00,0.837
2016-11-12 06:00,0.830
2016-11-12 07:00,0.765
2016-11-12 08:00,0.655
2016-11-12 09:00,0.520
2016-11-12 10:00,0.377
2016-11-12 11:00,0.245
2016-11-12 12:00,0.190
2016-11-12 13:00,0.197
2016-11-12 14:00,0.245
2016-11-12 15:00,0.296
2016-11-12 16:00,0.380
2016-11-12 17:00,0.451
2016-11-12 18:00,0.499
2016-11-12 19:00,0.486
2016-11-12 20:00,0.429
2016-11-12 21:00,0.401
2016-11-12 22:00,0.416
2016-11-12 23:00,0.424
2016-11-13 00:00,0.398
2016-11-13 01:00,0.370
2016-11-13 02:00,0.311
2016-11-13 03:00,0.257
2016-11-13 04:00,0.239
2016-11-13 05:00,0.213
2016-11-13 06:00,0.190
2016-11-13 07:00,0.175
2016-11-13 08:00,0.163
2016-11-13 09:00,0.135
2016-11-13 10:00,0.099
2016-11-13 11:00,0.076
2016-11-13 12:00,0.075
2016-11-13 13:00,0.084
2016-11-13 14:00,0.078
2016-11-13 15:00,0.110
2016-11-13 16:00,0.162
2016-11-13 17:00,0.221
2016-11-13 18:00,0.281
2016-11-13 19:00,0.342
2016-11-13 20:00,0.390
2016-11-13 21:00,0.413
2016-11-13 22:00,0.430
2016-11-13 23:00,0.454
2016-11-14 00:00,0.488
2016-11-14 01:00,0.523
2016-11-14 02:00,0.510
2016-11-14 03:00,0.524
2016-11-14 04:00,0.502
2016-11-14 05:00,0.504
2016-11-14 06:00,0.542
2016-11-14 07:00,0.633
2016-11-14 08:00,0.597
2016-11-14 09:00,0.502
2016-11-14 10:00,0.431
2016-11-14 11:00,0.458
2016-11-14 12:00,0.560
2016-11-14 13:00,0.510
2016-11-14 14:00,0.502
2016-11-14 15:00,0.516
2016-11-14 16:00,0.560
2016-11-14 17:00,0.611
2016-11-14 18:00,0.577
2016-11-14 19:00,0.554
2016-11-14 20:00,0.555
2016-11-14 21:00,0.591
2016-11-14 22:00,0.637
2016-11-14 23:00,0.686
2016-11-15 00:00,0.682
2016-11-15 01:00,0.689
2016-11-15 02:00,0.723
2016-11-15 03:00,0.731
2016-11-15 04:00,0.746
2016-11-15 05:00,0.710
2016-11-15 06:00,0.696
2016-11-15 07:00,0.619
2016-11-15 08:00,0.490
2016-11-15 09:00,0.370
2016-11-15 10:00,0.253
2016-11-15 11:00,0.214
2016-11-15 12:00,0.181
2016-11-15 13:00,0.154
2016-11-15 14:00,0.148
2016-11-15 15:00,0.160
2016-11-15 16:00,0.174
2016-11-15 17:00,0.187
2016-11-15 18:00,0.211
2016-11-15 19:00,0.225
2016-11-15 20:00,0.227
2016-11-15 21:00,0.260
2016-11-15 22:00,0.270
2016-11-15 23:00,0.293
2016-11-16 00:00,0.367
2016-11-16 01:00,0.416
2016-11-16 02:00,0.490
2016-11-16 03:00,0.597
2016-11-16 04:00,0.711
2016-11-16 05:00,0.767
2016-11-16 06:00,0.780
2016-11-16 07:00,0.791
2016-11-16 08:00,0.806
2016-11-16 09:00,0.868
2016-11-16 10:00,0.899
2016-11-16 11:00,0.903
2016-11-16 12:00,0.884
2016-11-16 13:00,0.869
2016-11-16 14:00,0.850
2016-11-16 15:00,0.804
2016-11-16 16:00,0.751
2016-11-16 17:00,0.665
2016-11-16 18:00,0.601
2016-11-16 19:00,0.554
2016-11-16 20:00,0.563
2016-11-16 21:00,0.615
2016-11-16 22:00,0.645
2016-11-16 23:00,0.616
2016-11-17 00:00,0.577
2016-11-17 01:00,0.546
2016-11-17 02:00,0.510
2016-11-17 03:00,0.516
2016-11-17 04:00,0.529
2016-11-17 05:00,0.536
2016-11-17 06:00,0.546
2016-11-17 07:00,0.552
2016-11-17 08:00,0.655
2016-11-17 09:00,0.698
2016-11-17 10:00,0.696
2016-11-17 11:00,0.696
2016-11-17 12:00,0.602
2016-11-17 13:00,0.460
2016-11-17 14:00,0.476
2016-11-17 15:00,0.697
2016-11-17 16:00,0.807
2016-11-17 17:00,0.779
2016-11-17 18:00,0.702
2016-11-17 19:00,0.657
2016-11-17 20:00,0.630
2016-11-17 21:00,0.595
2016-11-17 22:00,0.555
2016-11-17 23:00,0.527
2016-11-18 00:00,0.526
2016-11-18 01:00,0.515
2016-11-18 02:00,0.530
2016-11-18 03:00,0.542
2016-11-18 04:00,0.579
2016-11-18 05:00,0.586
2016-11-18 06:00,0.596
2016-11-18 07:00,0.581
2016-11-18 08:00,0.574
2016-11-18 09:00,0.559
2016-11-18 10:00,0.505
2016-11-18 11:00,0.479
2016-11-18 12:00,0.480
2016-11-18 13:00,0.486
2016-11-18 14:00,0.515
2016-11-18 15:00,0.544
2016-11-18 16:00,0.546
2016-11-18 17:00,0.517
2016-11-18 18:00,0.479
2016-11-18 19:00,0.470
2016-11-18 20:00,0.470
2016-11-18 21:00,0.450
2016-11-18 22:00,0.426
2016-11-18 23:00,0.371
2016-11-19 00:00,0.408
2016-11-19 01:00,0.424
2016-11-19 02:00,0.410
2016-11-19 03:00,0.432
2016-11-19 04:00,0.473
2016-11-19 05:00,0.490
2016-11-19 06:00,0.480
2016-11-19 07:00,0.502
2016-11-19 08:00,0.476
2016-11-19 09:00,0.398
2016-11-19 10:00,0.376
2016-11-19 11:00,0.375
2016-11-19 12:00,0.411
2016-11-19 13:00,0.394
2016-11-19 14:00,0.345
2016-11-19 15:00,0.332
2016-11-19 16:00,0.381
2016-11-19 17:00,0.381
2016-11-19 18:00,0.320
2016-11-19 19:00,0.243
2016-11-19 20:00,0.181
2016-11-19 21:00,0.129
2016-11-19 22:00,0.100
2016-11-19 23:00,0.108
2016-11-20 00:00,0.181
2016-11-20 01:00,0.314
2016-11-20 02:00,0.491
2016-11-20 03:00,0.635
2016-11-20 04:00,0.711
2016-11-20 05:00,0.757
2016-11-20 06:00,0.765
2016-11-20 07:00,0.746
2016-11-20 08:00,0.706
2016-11-20 09:00,0.645
2016-11-20 10:00,0.556
2016-11-20 11:00,0.499
2016-11-20 12:00,0.446
2016-11-20 13:00,0.373
2016-11-20 14:00,0.304
2016-11-20 15:00,0.279
2016-11-20 16:00,0.274
2016-11-20 17:00,0.238
2016-11-20 18:00,0.203
2016-11-20 19:00,0.181
2016-11-20 20:00,0.181
2016-11-20 21:00,0.224
2016-11-20 22:00,0.284
2016-11-20 23:00,0.291
2016-11-21 00:00,0.281
2016-11-21 01:00,0.270
2016-11-21 02:00,0.290
2016-11-21 03:00,0.354
2016-11-21 04:00,0.396
2016-11-21 05:00,0.437
2016-11-21 06:00,0.550
2016-11-21 07:00,0.600
2016-11-21 08:00,0.616
2016-11-21 09:00,0.646
2016-11-21 10:00,0.733
2016-11-21 11:00,0.845
2016-11-21 12:00,0.904
2016-11-21 13:00,0.938
2016-11-21 14:00,0.958
2016-11-21 15:00,0.960
2016-11-21 16:00,0.943
2016-11-21 17:00,0.856
2016-11-21 18:00,0.665
2016-11-21 19:00,0.459
2016-11-21 20:00,0.265
2016-11-21 21:00,0.148
2016-11-21 22:00,0.102
2016-11-21 23:00,0.191
2016-11-22 00:00,0.311
2016-11-22 01:00,0.316
2016-11-22 02:00,0.270
2016-11-22 03:00,0.209
2016-11-22 04:00,0.141
2016-11-22 05:00,0.093
2016-11-22 06:00,0.056
2016-11-22 07:00,0.032
2016-11-22 08:00,0.059
2016-11-22 09:00,0.123
2016-11-22 10:00,0.152
2016-11-22 11:00,0.153
2016-11-22 12:00,0.158
2016-11-22 13:00,0.171
2016-11-22 14:00,0.183
2016-11-22 15:00,0.200
2016-11-22 16:00,0.218
2016-11-22 17:00,0.262
2016-11-22 18:00,0.297
2016-11-22 19:00,0.321
2016-11-22 20:00,0.330
2016-11-22 21:00,0.301
2016-11-22 22:00,0.315
2016-11-22 23:00,0.311
2016-11-23 00:00,0.300
2016-11-23 01:00,0.279
2016-11-23 02:00,0.326
2016-11-23 03:00,0.367
2016-11-23 04:00,0.312
2016-11-23 05:00,0.332
2016-11-23 06:00,0.367
2016-11-23 07:00,0.387
2016-11-23 08:00,0.384
2016-11-23 09:00,0.338
2016-11-23 10:00,0.293
2016-11-23 11:00,0.276
2016-11-23 12:00,0.284
2016-11-23 13:00,0.297
2016-11-23 14:00,0.327
2016-11-23 15:00,0.382
2016-11-23 16:00,0.450
2016-11-23 17:00,0.474
2016-11-23 18:00,0.499
2016-11-23 19:00,0.505
2016-11-23 20:00,0.476
2016-11-23 21:00,0.453
2016-11-23 22:00,0.460
2016-11-23 23:00,0.489
2016-11-24 00:00,0.525
2016-11-24 01:00,0.542
2016-11-24 02:00,0.539
2016-11-24 03:00,0.516
2016-11-24 04:00,0.498
2016-11-24 05:00,0.497
2016-11-24 06:00,0.506
2016-11-24 07:00,0.507
2016-11-24 08:00,0.486
2016-11-24 09:00,0.390
2016-11-24 10:00,0.299
2016-11-24 11:00,0.271
2016-11-24 12:00,0.338
2016-11-24 13:00,0.320
2016-11-24 14:00,0.306
2016-11-24 15:00,0.379
2016-11-24 16:00,0.483
2016-11-24 17:00,0.518
2016-11-24 18:00,0.502
2016-11-24 19:00,0.478
2016-11-24 20:00,0.457
2016-11-24 21:00,0.464
2016-11-24 22:00,0.466
2016-11-24 23:00,0.450
2016-11-25 00:00,0.413
2016-11-25 01:00,0.374
2016-11-25 02:00,0.374
2016-11-25 03:00,0.413
2016-11-25 04:00,0.429
2016-11-25 05:00,0.416
2016-11-25 06:00,0.380
2016-11-25 07:00,0.323
2016-11-25 08:00,0.278
2016-11-25 09:00,0.237
2016-11-25 10:00,0.194
2016-11-25 11:00,0.169
2016-11-25 12:00,0.139
2016-11-25 13:00,0.121
2016-11-25 14:00,0.131
2016-11-25 15:00,0.164
2016-11-25 16:00,0.206
2016-11-25 17:00,0.240
2016-11-25 18:00,0.249
2016-11-25 19:00,0.229
2016-11-25 20:00,0.192
2016-11-25 21:00,0.159
2016-11-25 22:00,0.124
2016-11-25 23:00,0.095
2016-11-26 00:00,0.079
2016-11-26 01:00,0.072
2016-11-26 02:00,0.061
2016-11-26 03:00,0.054
2016-11-26 04:00,0.054
2016-11-26 05:00,0.055
2016-11-26 06:00,0.064
2016-11-26 07:00,0.072
2016-11-26 08:00,0.073
2016-11-26 09:00,0.056
2016-11-26 10:00,0.039
2016-11-26 11:00,0.032
2016-11-26 12:00,0.028
2016-11-26 13:00,0.030
2016-11-26 14:00,0.042
2016-11-26 15:00,0.055
2016-11-26 16:00,0.070
2016-11-26 17:00,0.089
2016-11-26 18:00,0.107
2016-11-26 19:00,0.127
2016-11-26 20:00,0.153
2016-11-26 21:00,0.188
2016-11-26 22:00,0.241
2016-11-26 23:00,0.318
2016-11-27 00:00,0.374
2016-11-27 01:00,0.394
2016-11-27 02:00,0.377
2016-11-27 03:00,0.343
2016-11-27 04:00,0.348
2016-11-27 05:00,0.357
2016-11-27 06:00,0.373
2016-11-27 07:00,0.386
2016-11-27 08:00,0.388
2016-11-27 09:00,0.344
2016-11-27 10:00,0.269
2016-11-27 11:00,0.222
2016-11-27 12:00,0.221
2016-11-27 13:00,0.194
2016-11-27 14:00,0.209
2016-11-27 15:00,0.273
2016-11-27 16:00,0.342
2016-11-27 17:00,0.387
2016-11-27 18:00,0.423
2016-11-27 19:00,0.456
2016-11-27 20:00,0.484
2016-11-27 21:00,0.503
2016-11-27 22:00,0.503
2016-11-27 23:00,0.493
2016-11-28 00:00,0.484
2016-11-28 01:00,0.479
2016-11-28 02:00,0.468
2016-11-28 03:00,0.448
2016-11-28 04:00,0.423
2016-11-28 05:00,0.397
2016-11-28 06:00,0.371
2016-11-28 07:00,0.344
2016-11-28 08:00,0.314
2016-11-28 09:00,0.262
2016-11-28 10:00,0.184
2016-11-28 11:00,0.129
2016-11-28 12:00,0.113
2016-11-28 13:00,0.111
2016-11-28 14:00,0.128
2016-11-28 15:00,0.153
2016-11-28 16:00,0.163
2016-11-28 17:00,0.159
2016-11-28 18:00,0.145
2016-11-28 19:00,0.128
2016-11-28 20:00,0.113
2016-11-28 21:00,0.104
2016-11-28 22:00,0.101
2016-11-28 23:00,0.098
2016-11-29 00:00,0.096
2016-11-29 01:00,0.096
2016-11-29 02:00,0.095
2016-11-29 03:00,0.089
2016-11-29 04:00,0.085
2016-11-29 05:00,0.084
2016-11-29 06:00,0.082
2016-11-29 07:00,0.085
2016-11-29 08:00,0.089
2016-11-29 09:00,0.076
2016-11-29 10:00,0.061
2016-11-29 11:00,0.058
2016-11-29 12:00,0.067
2016-11-29 13:00,0.074
2016-11-29 14:00,0.108
2016-11-29 15:00,0.169
2016-11-29 16:00,0.241
2016-11-29 17:00,0.307
2016-11-29 18:00,0.350
2016-11-29 19:00,0.383
2016-11-29 20:00,0.412
2016-11-29 21:00,0.443
2016-11-29 22:00,0.476
2016-11-29 23:00,0.488
2016-11-30 00:00,0.504
2016-11-30 01:00,0.526
2016-11-30 02:00,0.538
2016-11-30 03:00,0.520
2016-11-30 04:00,0.502
2016-11-30 05:00,0.450
2016-11-30 06:00,0.426
2016-11-30 07:00,0.450
2016-11-30 08:00,0.461
2016-11-30 09:00,0.437
2016-11-30 10:00,0.403
2016-11-30 11:00,0.393
2016-11-30 12:00,0.426
2016-11-30 13:00,0.425
2016-11-30 14:00,0.450
2016-11-30 15:00,0.528
2016-11-30 16:00,0.584
2016-11-30 17:00,0.545
2016-11-30 18:00,0.519
2016-11-30 19:00,0.523
2016-11-30 20:00,0.524
2016-11-30 21:00,0.506
2016-11-30 22:00,0.486
2016-11-30 23:00,0.471
2016-12-01 00:00,0.450
2016-12-01 01:00,0.426
2016-12-01 02:00,0.420
2016-12-01 03:00,0.413
2016-12-01 04:00,0.390
2016-12-01 05:00,0.377
2016-12-01 06:00,0.369
2016-12-01 07:00,0.367
2016-12-01 08:00,0.358
2016-12-01 09:00,0.346
2016-12-01 10:00,0.321
2016-12-01 11:00,0.286
2016-12-01 12:00,0.293
2016-12-01 13:00,0.348
2016-12-01 14:00,0.410
2016-12-01 15:00,0.464
2016-12-01 16:00,0.466
2016-12-01 17:00,0.447
2016-12-01 18:00,0.431
2016-12-01 19:00,0.423
2016-12-01 20:00,0.390
2016-12-01 21:00,0.355
2016-12-01 22:00,0.316
2016-12-01 23:00,0.268
2016-12-02 00:00,0.238
2016-12-02 01:00,0.216
2016-12-02 02:00,0.197
2016-12-02 03:00,0.173
2016-12-02 04:00,0.158
2016-12-02 05:00,0.149
2016-12-02 06:00,0.135
2016-12-02 07:00,0.113
2016-12-02 08:00,0.086
2016-12-02 09:00,0.063
2016-12-02 10:00,0.047
2016-12-02 11:00,0.041
2016-12-02 12:00,0.039
2016-12-02 13:00,0.041
2016-12-02 14:00,0.059
2016-12-02 15:00,0.091
2016-12-02 16:00,0.123
2016-12-02 17:00,0.153
2016-12-02 18:00,0.169
2016-12-02 19:00,0.169
2016-12-02 20:00,0.164
2016-12-02 21:00,0.163
2016-12-02 22:00,0.166
2016-12-02 23:00,0.164
2016-12-03 00:00,0.150
2016-12-03 01:00,0.131
2016-12-03 02:00,0.116
2016-12-03 03:00,0.108
2016-12-03 04:00,0.106
2016-12-03 05:00,0.107
2016-12-03 06:00,0.107
2016-12-03 07:00,0.105
2016-12-03 08:00,0.104
2016-12-03 09:00,0.103
2016-12-03 10:00,0.083
2016-12-03 11:00,0.083
2016-12-03 12:00,0.102
2016-12-03 13:00,0.102
2016-12-03 14:00,0.123
2016-12-03 15:00,0.171
2016-12-03 16:00,0.214
2016-12-03 17:00,0.239
2016-12-03 18:00,0.254
2016-12-03 19:00,0.263
2016-12-03 20:00,0.271
2016-12-03 21:00,0.287
2016-12-03 22:00,0.312
2016-12-03 23:00,0.338
2016-12-04 00:00,0.370
2016-12-04 01:00,0.410
2016-12-04 02:00,0.453
2016-12-04 03:00,0.456
2016-12-04 04:00,0.443
2016-12-04 05:00,0.435
2016-12-04 06:00,0.440
2016-12-04 07:00,0.460
2016-12-04 08:00,0.493
2016-12-04 09:00,0.464
2016-12-04 10:00,0.362
2016-12-04 11:00,0.285
2016-12-04 12:00,0.260
2016-12-04 13:00,0.307
2016-12-04 14:00,0.400
2016-12-04 15:00,0.504
2016-12-04 16:00,0.553
2016-12-04 17:00,0.538
2016-12-04 18:00,0.497
2016-12-04 19:00,0.460
2016-12-04 20:00,0.426
2016-12-04 21:00,0.395
2016-12-04 22:00,0.355
2016-12-04 23:00,0.319
2016-12-05 00:00,0.283
2016-12-05 01:00,0.255
2016-12-05 02:00,0.227
2016-12-05 03:00,0.196
2016-12-05 04:00,0.174
2016-12-05 05:00,0.150
2016-12-05 06:00,0.120
2016-12-05 07:00,0.096
2016-12-05 08:00,0.085
2016-12-05 09:00,0.075
2016-12-05 10:00,0.070
2016-12-05 11:00,0.062
2016-12-05 12:00,0.054
2016-12-05 13:00,0.051
2016-12-05 14:00,0.061
2016-12-05 15:00,0.086
2016-12-05 16:00,0.119
2016-12-05 17:00,0.154
2016-12-05 18:00,0.174
2016-12-05 19:00,0.181
2016-12-05 20:00,0.182
2016-12-05 21:00,0.179
2016-12-05 22:00,0.175
2016-12-05 23:00,0.175
2016-12-06 00:00,0.140
2016-12-06 01:00,0.108
2016-12-06 02:00,0.104
2016-12-06 03:00,0.104
2016-12-06 04:00,0.118
2016-12-06 05:00,0.108
2016-12-06 06:00,0.105
2016-12-06 07:00,0.127
2016-12-06 08:00,0.148
2016-12-06 09:00,0.181
2016-12-06 10:00,0.189
2016-12-06 11:00,0.177
2016-12-06 12:00,0.134
2016-12-06 13:00,0.150
2016-12-06 14:00,0.195
2016-12-06 15:00,0.237
2016-12-06 16:00,0.263
2016-12-06 17:00,0.285
2016-12-06 18:00,0.312
2016-12-06 19:00,0.323
2016-12-06 20:00,0.353
2016-12-06 21:00,0.390
2016-12-06 22:00,0.420
2016-12-06 23:00,0.461
2016-12-07 00:00,0.479
2016-12-07 01:00,0.478
2016-12-07 02:00,0.481
2016-12-07 03:00,0.486
2016-12-07 04:00,0.505
2016-12-07 05:00,0.544
2016-12-07 06:00,0.572
2016-12-07 07:00,0.592
2016-12-07 08:00,0.616
2016-12-07 09:00,0.630
2016-12-07 10:00,0.631
2016-12-07 11:00,0.720
2016-12-07 12:00,0.723
2016-12-07 13:00,0.751
2016-12-07 14:00,0.803
2016-12-07 15:00,0.817
2016-12-07 16:00,0.813
2016-12-07 17:00,0.789
2016-12-07 18:00,0.772
2016-12-07 19:00,0.759
2016-12-07 20:00,0.754
2016-12-07 21:00,0.733
2016-12-07 22:00,0.697
2016-12-07 23:00,0.638
2016-12-08 00:00,0.551
2016-12-08 01:00,0.536
2016-12-08 02:00,0.506
2016-12-08 03:00,0.473
2016-12-08 04:00,0.468
2016-12-08 05:00,0.476
2016-12-08 06:00,0.549
2016-12-08 07:00,0.577
2016-12-08 08:00,0.617
2016-12-08 09:00,0.696
2016-12-08 10:00,0.721
2016-12-08 11:00,0.702
2016-12-08 12:00,0.642
2016-12-08 13:00,0.581
2016-12-08 14:00,0.571
2016-12-08 15:00,0.567
2016-12-08 16:00,0.577
2016-12-08 17:00,0.513
2016-12-08 18:00,0.394
2016-12-08 19:00,0.274
2016-12-08 20:00,0.253
2016-12-08 21:00,0.321
2016-12-08 22:00,0.371
2016-12-08 23:00,0.365
2016-12-09 00:00,0.320
2016-12-09 01:00,0.291
2016-12-09 02:00,0.296
2016-12-09 03:00,0.429
2016-12-09 04:00,0.457
2016-12-09 05:00,0.519
2016-12-09 06:00,0.587
2016-12-09 07:00,0.585
2016-12-09 08:00,0.625
2016-12-09 09:00,0.652
2016-12-09 10:00,0.645
2016-12-09 11:00,0.637
2016-12-09 12:00,0.624
2016-12-09 13:00,0.599
2016-12-09 14:00,0.562
2016-12-09 15:00,0.572
2016-12-09 16:00,0.597
2016-12-09 17:00,0.658
2016-12-09 18:00,0.663
2016-12-09 19:00,0.628
2016-12-09 20:00,0.600
2016-12-09 21:00,0.585
2016-12-09 22:00,0.550
2016-12-09 23:00,0.523
2016-12-10 00:00,0.476
2016-12-10 01:00,0.458
2016-12-10 02:00,0.437
2016-12-10 03:00,0.451
2016-12-10 04:00,0.464
2016-12-10 05:00,0.450
2016-12-10 06:00,0.444
2016-12-10 07:00,0.429
2016-12-10 08:00,0.396
2016-12-10 09:00,0.335
2016-12-10 10:00,0.272
2016-12-10 11:00,0.257
2016-12-10 12:00,0.246
2016-12-10 13:00,0.254
2016-12-10 14:00,0.260
2016-12-10 15:00,0.281
2016-12-10 16:00,0.310
2016-12-10 17:00,0.330
2016-12-10 18:00,0.365
2016-12-10 19:00,0.442
2016-12-10 20:00,0.520
2016-12-10 21:00,0.554
2016-12-10 22:00,0.580
2016-12-10 23:00,0.581
2016-12-11 00:00,0.568
2016-12-11 01:00,0.650
2016-12-11 02:00,0.681
2016-12-11 03:00,0.647
2016-12-11 04:00,0.600
2016-12-11 05:00,0.587
2016-12-11 06:00,0.556
2016-12-11 07:00,0.581
2016-12-11 08:00,0.577
2016-12-11 09:00,0.614
2016-12-11 10:00,0.616
2016-12-11 11:00,0.616
2016-12-11 12:00,0.592
2016-12-11 13:00,0.546
2016-12-11 14:00,0.490
2016-12-11 15:00,0.442
2016-12-11 16:00,0.396
2016-12-11 17:00,0.349
2016-12-11 18:00,0.293
2016-12-11 19:00,0.262
2016-12-11 20:00,0.239
2016-12-11 21:00,0.223
2016-12-11 22:00,0.206
2016-12-11 23:00,0.187
2016-12-12 00:00,0.159
2016-12-12 01:00,0.123
2016-12-12 02:00,0.088
2016-12-12 03:00,0.063
2016-12-12 04:00,0.057
2016-12-12 05:00,0.066
2016-12-12 06:00,0.079
2016-12-12 07:00,0.087
2016-12-12 08:00,0.099
2016-12-12 09:00,0.120
2016-12-12 10:00,0.168
2016-12-12 11:00,0.210
2016-12-12 12:00,0.239
2016-12-12 13:00,0.241
2016-12-12 14:00,0.247
2016-12-12 15:00,0.253
2016-12-12 16:00,0.253
2016-12-12 17:00,0.238
2016-12-12 18:00,0.222
2016-12-12 19:00,0.203
2016-12-12 20:00,0.179
2016-12-12 21:00,0.153
2016-12-12 22:00,0.142
2016-12-12 23:00,0.156
2016-12-13 00:00,0.174
2016-12-13 01:00,0.182
2016-12-13 02:00,0.187
2016-12-13 03:00,0.175
2016-12-13 04:00,0.147
2016-12-13 05:00,0.121
2016-12-13 06:00,0.113
2016-12-13 07:00,0.110
2016-12-13 08:00,0.116
2016-12-13 09:00,0.125
2016-12-13 10:00,0.141
2016-12-13 11:00,0.169
2016-12-13 12:00,0.197
2016-12-13 13:00,0.228
2016-12-13 14:00,0.257
2016-12-13 15:00,0.287
2016-12-13 16:00,0.299
2016-12-13 17:00,0.324
2016-12-13 18:00,0.379
2016-12-13 19:00,0.423
2016-12-13 20:00,0.468
2016-12-13 21:00,0.499
2016-12-13 22:00,0.513
2016-12-13 23:00,0.513
2016-12-14 00:00,0.517
2016-12-14 01:00,0.495
2016-12-14 02:00,0.460
2016-12-14 03:00,0.426
2016-12-14 04:00,0.442
2016-12-14 05:00,0.444
2016-12-14 06:00,0.415
2016-12-14 07:00,0.380
2016-12-14 08:00,0.335
2016-12-14 09:00,0.349
2016-12-14 10:00,0.345
2016-12-14 11:00,0.286
2016-12-14 12:00,0.269
2016-12-14 13:00,0.273
2016-12-14 14:00,0.359
2016-12-14 15:00,0.513
2016-12-14 16:00,0.583
2016-12-14 17:00,0.524
2016-12-14 18:00,0.465
2016-12-14 19:00,0.377
2016-12-14 20:00,0.303
2016-12-14 21:00,0.227
2016-12-14 22:00,0.209
2016-12-14 23:00,0.210
2016-12-15 00:00,0.216
2016-12-15 01:00,0.224
2016-12-15 02:00,0.232
2016-12-15 03:00,0.235
2016-12-15 04:00,0.241
2016-12-15 05:00,0.259
2016-12-15 06:00,0.288
2016-12-15 07:00,0.306
2016-12-15 08:00,0.322
2016-12-15 09:00,0.347
2016-12-15 10:00,0.364
2016-12-15 11:00,0.367
2016-12-15 12:00,0.362
2016-12-15 13:00,0.357
2016-12-15 14:00,0.371
2016-12-15 15:00,0.415
2016-12-15 16:00,0.439
2016-12-15 17:00,0.490
2016-12-15 18:00,0.550
2016-12-15 19:00,0.556
2016-12-15 20:00,0.523
2016-12-15 21:00,0.499
2016-12-15 22:00,0.431
2016-12-15 23:00,0.396
2016-12-16 00:00,0.355
2016-12-16 01:00,0.305
2016-12-16 02:00,0.280
2016-12-16 03:00,0.241
2016-12-16 04:00,0.217
2016-12-16 05:00,0.215
2016-12-16 06:00,0.223
2016-12-16 07:00,0.230
2016-12-16 08:00,0.223
2016-12-16 09:00,0.182
2016-12-16 10:00,0.146
2016-12-16 11:00,0.153
2016-12-16 12:00,0.158
2016-12-16 13:00,0.148
2016-12-16 14:00,0.141
2016-12-16 15:00,0.158
2016-12-16 16:00,0.188
2016-12-16 17:00,0.195
2016-12-16 18:00,0.208
2016-12-16 19:00,0.235
2016-12-16 20:00,0.264
2016-12-16 21:00,0.271
2016-12-16 22:00,0.252
2016-12-16 23:00,0.240
2016-12-17 00:00,0.227
2016-12-17 01:00,0.182
2016-12-17 02:00,0.145
2016-12-17 03:00,0.134
2016-12-17 04:00,0.119
2016-12-17 05:00,0.122
2016-12-17 06:00,0.137
2016-12-17 07:00,0.124
2016-12-17 08:00,0.098
2016-12-17 09:00,0.069
2016-12-17 10:00,0.072
2016-12-17 11:00,0.094
2016-12-17 12:00,0.106
2016-12-17 13:00,0.108
2016-12-17 14:00,0.169
2016-12-17 15:00,0.251
2016-12-17 16:00,0.294
2016-12-17 17:00,0.314
2016-12-17 18:00,0.312
2016-12-17 19:00,0.279
2016-12-17 20:00,0.240
2016-12-17 21:00,0.235
2016-12-17 22:00,0.220
2016-12-17 23:00,0.194
2016-12-18 00:00,0.193
2016-12-18 01:00,0.181
2016-12-18 02:00,0.156
2016-12-18 03:00,0.148
2016-12-18 04:00,0.140
2016-12-18 05:00,0.140
2016-12-18 06:00,0.152
2016-12-18 07:00,0.169
2016-12-18 08:00,0.178
2016-12-18 09:00,0.172
2016-12-18 10:00,0.157
2016-12-18 11:00,0.144
2016-12-18 12:00,0.128
2016-12-18 13:00,0.120
2016-12-18 14:00,0.126
2016-12-18 15:00,0.143
2016-12-18 16:00,0.159
2016-12-18 17:00,0.164
2016-12-18 18:00,0.169
2016-12-18 19:00,0.162
2016-12-18 20:00,0.146
2016-12-18 21:00,0.134
2016-12-18 22:00,0.134
2016-12-18 23:00,0.150
2016-12-19 00:00,0.181
2016-12-19 01:00,0.207
2016-12-19 02:00,0.215
2016-12-19 03:00,0.205
2016-12-19 04:00,0.184
2016-12-19 05:00,0.154
2016-12-19 06:00,0.128
2016-12-19 07:00,0.110
2016-12-19 08:00,0.094
2016-12-19 09:00,0.078
2016-12-19 10:00,0.057
2016-12-19 11:00,0.037
2016-12-19 12:00,0.024
2016-12-19 13:00,0.017
2016-12-19 14:00,0.017
2016-12-19 15:00,0.029
2016-12-19 16:00,0.041
2016-12-19 17:00,0.039
2016-12-19 18:00,0.041
2016-12-19 19:00,0.051
2016-12-19 20:00,0.062
2016-12-19 21:00,0.069
2016-12-19 22:00,0.071
2016-12-19 23:00,0.089
2016-12-20 00:00,0.118
2016-12-20 01:00,0.137
2016-12-20 02:00,0.155
2016-12-20 03:00,0.189
2016-12-20 04:00,0.232
2016-12-20 05:00,0.254
2016-12-20 06:00,0.250
2016-12-20 07:00,0.282
2016-12-20 08:00,0.345
2016-12-20 09:00,0.401
2016-12-20 10:00,0.458
2016-12-20 11:00,0.527
2016-12-20 12:00,0.549
2016-12-20 13:00,0.543
2016-12-20 14:00,0.568
2016-12-20 15:00,0.594
2016-12-20 16:00,0.605
2016-12-20 17:00,0.572
2016-12-20 18:00,0.546
2016-12-20 19:00,0.581
2016-12-20 20:00,0.583
2016-12-20 21:00,0.642
2016-12-20 22:00,0.685
2016-12-20 23:00,0.715
2016-12-21 00:00,0.721
2016-12-21 01:00,0.725
2016-12-21 02:00,0.750
2016-12-21 03:00,0.761
2016-12-21 04:00,0.711
2016-12-21 05:00,0.622
2016-12-21 06:00,0.523
2016-12-21 07:00,0.523
2016-12-21 08:00,0.536
2016-12-21 09:00,0.539
2016-12-21 10:00,0.559
2016-12-21 11:00,0.600
2016-12-21 12:00,0.597
2016-12-21 13:00,0.583
2016-12-21 14:00,0.604
2016-12-21 15:00,0.581
2016-12-21 16:00,0.559
2016-12-21 17:00,0.539
2016-12-21 18:00,0.526
2016-12-21 19:00,0.533
2016-12-21 20:00,0.581
2016-12-21 21:00,0.616
2016-12-21 22:00,0.630
2016-12-21 23:00,0.629
2016-12-22 00:00,0.628
2016-12-22 01:00,0.619
2016-12-22 02:00,0.613
2016-12-22 03:00,0.591
2016-12-22 04:00,0.572
2016-12-22 05:00,0.592
2016-12-22 06:00,0.588
2016-12-22 07:00,0.616
2016-12-22 08:00,0.622
2016-12-22 09:00,0.700
2016-12-22 10:00,0.731
2016-12-22 11:00,0.720
2016-12-22 12:00,0.667
2016-12-22 13:00,0.626
2016-12-22 14:00,0.632
2016-12-22 15:00,0.691
2016-12-22 16:00,0.716
2016-12-22 17:00,0.681
2016-12-22 18:00,0.672
2016-12-22 19:00,0.655
2016-12-22 20:00,0.625
2016-12-22 21:00,0.616
2016-12-22 22:00,0.576
2016-12-22 23:00,0.539
2016-12-23 00:00,0.512
2016-12-23 01:00,0.467
2016-12-23 02:00,0.452
2016-12-23 03:00,0.446
2016-12-23 04:00,0.461
2016-12-23 05:00,0.467
2016-12-23 06:00,0.546
2016-12-23 07:00,0.654
2016-12-23 08:00,0.784
2016-12-23 09:00,0.879
2016-12-23 10:00,0.949
2016-12-23 11:00,0.972
2016-12-23 12:00,0.985
2016-12-23 13:00,0.989
2016-12-23 14:00,0.990
2016-12-23 15:00,0.985
2016-12-23 16:00,0.970
2016-12-23 17:00,0.934
2016-12-23 18:00,0.882
2016-12-23 19:00,0.881
2016-12-23 20:00,0.893
2016-12-23 21:00,0.897
2016-12-23 22:00,0.909
2016-12-23 23:00,0.913
2016-12-24 00:00,0.909
2016-12-24 01:00,0.906
2016-12-24 02:00,0.918
2016-12-24 03:00,0.936
2016-12-24 04:00,0.942
2016-12-24 05:00,0.943
2016-12-24 06:00,0.946
2016-12-24 07:00,0.941
2016-12-24 08:00,0.936
2016-12-24 09:00,0.927
2016-12-24 10:00,0.922
2016-12-24 11:00,0.939
2016-12-24 12:00,0.951
2016-12-24 13:00,0.956
2016-12-24 14:00,0.950
2016-12-24 15:00,0.938
2016-12-24 16:00,0.926
2016-12-24 17:00,0.907
2016-12-24 18:00,0.879
2016-12-24 19:00,0.869
2016-12-24 20:00,0.876
2016-12-24 21:00,0.876
2016-12-24 22:00,0.888
2016-12-24 23:00,0.912
2016-12-25 00:00,0.934
2016-12-25 01:00,0.945
2016-12-25 02:00,0.952
2016-12-25 03:00,0.957
2016-12-25 04:00,0.953
2016-12-25 05:00,0.946
2016-12-25 06:00,0.939
2016-12-25 07:00,0.930
2016-12-25 08:00,0.928
2016-12-25 09:00,0.929
2016-12-25 10:00,0.935
2016-12-25 11:00,0.943
2016-12-25 12:00,0.952
2016-12-25 13:00,0.953
2016-12-25 14:00,0.946
2016-12-25 15:00,0.935
2016-12-25 16:00,0.931
2016-12-25 17:00,0.936
2016-12-25 18:00,0.930
2016-12-25 19:00,0.902
2016-12-25 20:00,0.859
2016-12-25 21:00,0.804
2016-12-25 22:00,0.768
2016-12-25 23:00,0.779
2016-12-26 00:00,0.841
2016-12-26 01:00,0.887
2016-12-26 02:00,0.915
2016-12-26 03:00,0.927
2016-12-26 04:00,0.932
2016-12-26 05:00,0.927
2016-12-26 06:00,0.915
2016-12-26 07:00,0.903
2016-12-26 08:00,0.904
2016-12-26 09:00,0.900
2016-12-26 10:00,0.916
2016-12-26 11:00,0.954
2016-12-26 12:00,0.966
2016-12-26 13:00,0.968
2016-12-26 14:00,0.961
2016-12-26 15:00,0.949
2016-12-26 16:00,0.935
2016-12-26 17:00,0.907
2016-12-26 18:00,0.868
2016-12-26 19:00,0.819
2016-12-26 20:00,0.748
2016-12-26 21:00,0.658
2016-12-26 22:00,0.616
2016-12-26 23:00,0.606
2016-12-27 00:00,0.599
2016-12-27 01:00,0.591
2016-12-27 02:00,0.577
2016-12-27 03:00,0.561
2016-12-27 04:00,0.533
2016-12-27 05:00,0.490
2016-12-27 06:00,0.448
2016-12-27 07:00,0.424
2016-12-27 08:00,0.386
2016-12-27 09:00,0.326
2016-12-27 10:00,0.222
2016-12-27 11:00,0.143
2016-12-27 12:00,0.113
2016-12-27 13:00,0.103
2016-12-27 14:00,0.118
2016-12-27 15:00,0.149
2016-12-27 16:00,0.186
2016-12-27 17:00,0.209
2016-12-27 18:00,0.221
2016-12-27 19:00,0.237
2016-12-27 20:00,0.251
2016-12-27 21:00,0.254
2016-12-27 22:00,0.251
2016-12-27 23:00,0.222
2016-12-28 00:00,0.181
2016-12-28 01:00,0.151
2016-12-28 02:00,0.136
2016-12-28 03:00,0.118
2016-12-28 04:00,0.105
2016-12-28 05:00,0.101
2016-12-28 06:00,0.103
2016-12-28 07:00,0.110
2016-12-28 08:00,0.118
2016-12-28 09:00,0.109
2016-12-28 10:00,0.098
2016-12-28 11:00,0.102
2016-12-28 12:00,0.123
2016-12-28 13:00,0.135
2016-12-28 14:00,0.142
2016-12-28 15:00,0.154
2016-12-28 16:00,0.181
2016-12-28 17:00,0.224
2016-12-28 18:00,0.257
2016-12-28 19:00,0.253
2016-12-28 20:00,0.230
2016-12-28 21:00,0.259
2016-12-28 22:00,0.321
2016-12-28 23:00,0.349
2016-12-29 00:00,0.328
2016-12-29 01:00,0.309
2016-12-29 02:00,0.293
2016-12-29 03:00,0.258
2016-12-29 04:00,0.221
2016-12-29 05:00,0.186
2016-12-29 06:00,0.164
2016-12-29 07:00,0.151
2016-12-29 08:00,0.154
2016-12-29 09:00,0.159
2016-12-29 10:00,0.174
2016-12-29 11:00,0.205
2016-12-29 12:00,0.224
2016-12-29 13:00,0.227
2016-12-29 14:00,0.223
2016-12-29 15:00,0.221
2016-12-29 16:00,0.235
2016-12-29 17:00,0.254
2016-12-29 18:00,0.280
2016-12-29 19:00,0.302
2016-12-29 20:00,0.322
2016-12-29 21:00,0.342
2016-12-29 22:00,0.359
2016-12-29 23:00,0.355
2016-12-30 00:00,0.352
2016-12-30 01:00,0.342
2016-12-30 02:00,0.339
2016-12-30 03:00,0.318
2016-12-30 04:00,0.289
2016-12-30 05:00,0.276
2016-12-30 06:00,0.270
2016-12-30 07:00,0.263
2016-12-30 08:00,0.276
2016-12-30 09:00,0.285
2016-12-30 10:00,0.299
2016-12-30 11:00,0.314
2016-12-30 12:00,0.321
2016-12-30 13:00,0.321
2016-12-30 14:00,0.348
2016-12-30 15:00,0.390
2016-12-30 16:00,0.423
2016-12-30 17:00,0.467
2016-12-30 18:00,0.523
2016-12-30 19:00,0.565
2016-12-30 20:00,0.618
2016-12-30 21:00,0.640
2016-12-30 22:00,0.698
2016-12-30 23:00,0.700
2016-12-31 00:00,0.713
2016-12-31 01:00,0.686
2016-12-31 02:00,0.654
2016-12-31 03:00,0.649
2016-12-31 04:00,0.630
2016-12-31 05:00,0.629
2016-12-31 06:00,0.637
2016-12-31 07:00,0.645
2016-12-31 08:00,0.622
2016-12-31 09:00,0.612
2016-12-31 10:00,0.597
2016-12-31 11:00,0.594
2016-12-31 12:00,0.580
2016-12-31 13:00,0.582
2016-12-31 14:00,0.639
2016-12-31 15:00,0.702
2016-12-31 16:00,0.721
2016-12-31 17:00,0.716
2016-12-31 18:00,0.710
2016-12-31 19:00,0.704
2016-12-31 20:00,0.686
2016-12-31 21:00,0.667
2016-12-31 22:00,0.641
2016-12-31 23:00,0.572
2017-01-01 00:00,0.500
2017-01-01 01:00,0.422
2017-01-01 02:00,0.315
2017-01-01 03:00,0.240
2017-01-01 04:00,0.246
2017-01-01 05:00,0.329
2017-01-01 06:00,0.488
2017-01-01 07:00,0.572
2017-01-01 08:00,0.609
2017-01-01 09:00,0.627
2017-01-01 10:00,0.625
2017-01-01 11:00,0.634
2017-01-01 12:00,0.662
2017-01-01 13:00,0.643
2017-01-01 14:00,0.591
2017-01-01 15:00,0.581
2017-01-01 16:00,0.577
2017-01-01 17:00,0.618
2017-01-01 18:00,0.591
2017-01-01 19:00,0.559
2017-01-01 20:00,0.556
2017-01-01 21:00,0.545
2017-01-01 22:00,0.581
2017-01-01 23:00,0.606
2017-01-02 00:00,0.641
2017-01-02 01:00,0.634
2017-01-02 02:00,0.567
2017-01-02 03:00,0.510
2017-01-02 04:00,0.490
2017-01-02 05:00,0.452
2017-01-02 06:00,0.411
2017-01-02 07:00,0.380
2017-01-02 08:00,0.317
2017-01-02 09:00,0.272
2017-01-02 10:00,0.215
2017-01-02 11:00,0.204
2017-01-02 12:00,0.259
2017-01-02 13:00,0.238
2017-01-02 14:00,0.251
2017-01-02 15:00,0.395
2017-01-02 16:00,0.513
2017-01-02 17:00,0.545
2017-01-02 18:00,0.548
2017-01-02 19:00,0.539
2017-01-02 20:00,0.516
2017-01-02 21:00,0.485
2017-01-02 22:00,0.456
2017-01-02 23:00,0.415
2017-01-03 00:00,0.395
2017-01-03 01:00,0.390
2017-01-03 02:00,0.441
2017-01-03 03:00,0.474
2017-01-03 04:00,0.527
2017-01-03 05:00,0.588
2017-01-03 06:00,0.628
2017-01-03 07:00,0.660
2017-01-03 08:00,0.706
2017-01-03 09:00,0.704
2017-01-03 10:00,0.681
2017-01-03 11:00,0.710
2017-01-03 12:00,0.729
2017-01-03 13:00,0.750
2017-01-03 14:00,0.777
2017-01-03 15:00,0.793
2017-01-03 16:00,0.803
2017-01-03 17:00,0.813
2017-01-03 18:00,0.816
2017-01-03 19:00,0.814
2017-01-03 20:00,0.822
2017-01-03 21:00,0.824
2017-01-03 22:00,0.839
2017-01-03 23:00,0.838
2017-01-04 00:00,0.817
2017-01-04 01:00,0.795
2017-01-04 02:00,0.762
2017-01-04 03:00,0.713
2017-01-04 04:00,0.666
2017-01-04 05:00,0.613
2017-01-04 06:00,0.581
2017-01-04 07:00,0.546
2017-01-04 08:00,0.505
2017-01-04 09:00,0.427
2017-01-04 10:00,0.302
2017-01-04 11:00,0.280
2017-01-04 12:00,0.436
2017-01-04 13:00,0.485
2017-01-04 14:00,0.465
2017-01-04 15:00,0.483
2017-01-04 16:00,0.476
2017-01-04 17:00,0.450
2017-01-04 18:00,0.455
2017-01-04 19:00,0.436
2017-01-04 20:00,0.396
2017-01-04 21:00,0.371
2017-01-04 22:00,0.357
2017-01-04 23:00,0.347
2017-01-05 00:00,0.338
2017-01-05 01:00,0.324
2017-01-05 02:00,0.316
2017-01-05 03:00,0.301
2017-01-05 04:00,0.273
2017-01-05 05:00,0.233
2017-01-05 06:00,0.179
2017-01-05 07:00,0.120
2017-01-05 08:00,0.075
2017-01-05 09:00,0.047
2017-01-05 10:00,0.020
2017-01-05 11:00,0.008
2017-01-05 12:00,0.011
2017-01-05 13:00,0.026
2017-01-05 14:00,0.048
2017-01-05 15:00,0.082
2017-01-05 16:00,0.129
2017-01-05 17:00,0.188
2017-01-05 18:00,0.262
2017-01-05 19:00,0.335
2017-01-05 20:00,0.382
2017-01-05 21:00,0.393
2017-01-05 22:00,0.410
2017-01-05 23:00,0.383
2017-01-06 00:00,0.358
2017-01-06 01:00,0.333
2017-01-06 02:00,0.322
2017-01-06 03:00,0.333
2017-01-06 04:00,0.347
2017-01-06 05:00,0.373
2017-01-06 06:00,0.386
2017-01-06 07:00,0.431
2017-01-06 08:00,0.470
2017-01-06 09:00,0.550
2017-01-06 10:00,0.566
2017-01-06 11:00,0.616
2017-01-06 12:00,0.562
2017-01-06 13:00,0.491
2017-01-06 14:00,0.522
2017-01-06 15:00,0.545
2017-01-06 16:00,0.577
2017-01-06 17:00,0.535
2017-01-06 18:00,0.513
2017-01-06 19:00,0.494
2017-01-06 20:00,0.449
2017-01-06 21:00,0.395
2017-01-06 22:00,0.384
2017-01-06 23:00,0.423
2017-01-07 00:00,0.419
2017-01-07 01:00,0.394
2017-01-07 02:00,0.361
2017-01-07 03:00,0.321
2017-01-07 04:00,0.291
2017-01-07 05:00,0.275
2017-01-07 06:00,0.255
2017-01-07 07:00,0.229
2017-01-07 08:00,0.203
2017-01-07 09:00,0.166
2017-01-07 10:00,0.130
2017-01-07 11:00,0.105
2017-01-07 12:00,0.093
2017-01-07 13:00,0.092
2017-01-07 14:00,0.109
2017-01-07 15:00,0.142
2017-01-07 16:00,0.178
2017-01-07 17:00,0.199
2017-01-07 18:00,0.219
2017-01-07 19:00,0.232
2017-01-07 20:00,0.242
2017-01-07 21:00,0.262
2017-01-07 22:00,0.281
2017-01-07 23:00,0.293
2017-01-08 00:00,0.297
2017-01-08 01:00,0.289
2017-01-08 02:00,0.272
2017-01-08 03:00,0.249
2017-01-08 04:00,0.224
2017-01-08 05:00,0.197
2017-01-08 06:00,0.164
2017-01-08 07:00,0.133
2017-01-08 08:00,0.113
2017-01-08 09:00,0.098
2017-01-08 10:00,0.084
2017-01-08 11:00,0.078
2017-01-08 12:00,0.083
2017-01-08 13:00,0.099
2017-01-08 14:00,0.136
2017-01-08 15:00,0.185
2017-01-08 16:00,0.221
2017-01-08 17:00,0.238
2017-01-08 18:00,0.256
2017-01-08 19:00,0.271
2017-01-08 20:00,0.293
2017-01-08 21:00,0.320
2017-01-08 22:00,0.342
2017-01-08 23:00,0.371
2017-01-09 00:00,0.414
2017-01-09 01:00,0.455
2017-01-09 02:00,0.465
2017-01-09 03:00,0.539
2017-01-09 04:00,0.569
2017-01-09 05:00,0.622
2017-01-09 06:00,0.648
2017-01-09 07:00,0.719
2017-01-09 08:00,0.748
2017-01-09 09:00,0.738
2017-01-09 10:00,0.760
2017-01-09 11:00,0.738
2017-01-09 12:00,0.642
2017-01-09 13:00,0.601
2017-01-09 14:00,0.618
2017-01-09 15:00,0.600
2017-01-09 16:00,0.604
2017-01-09 17:00,0.637
2017-01-09 18:00,0.644
2017-01-09 19:00,0.622
2017-01-09 20:00,0.661
2017-01-09 21:00,0.683
2017-01-09 22:00,0.696
2017-01-09 23:00,0.718
2017-01-10 00:00,0.739
2017-01-10 01:00,0.765
2017-01-10 02:00,0.786
2017-01-10 03:00,0.797
2017-01-10 04:00,0.805
2017-01-10 05:00,0.811
2017-01-10 06:00,0.808
2017-01-10 07:00,0.800
2017-01-10 08:00,0.777
2017-01-10 09:00,0.742
2017-01-10 10:00,0.696
2017-01-10 11:00,0.682
2017-01-10 12:00,0.702
2017-01-10 13:00,0.702
2017-01-10 14:00,0.669
2017-01-10 15:00,0.656
2017-01-10 16:00,0.627
2017-01-10 17:00,0.619
2017-01-10 18:00,0.632
2017-01-10 19:00,0.656
2017-01-10 20:00,0.645
2017-01-10 21:00,0.616
2017-01-10 22:00,0.608
2017-01-10 23:00,0.676
2017-01-11 00:00,0.783
2017-01-11 01:00,0.919
2017-01-11 02:00,0.977
2017-01-11 03:00,0.990
2017-01-11 04:00,0.992
2017-01-11 05:00,0.991
2017-01-11 06:00,0.991
2017-01-11 07:00,0.991
2017-01-11 08:00,0.991
2017-01-11 09:00,0.990
2017-01-11 10:00,0.990
2017-01-11 11:00,0.991
2017-01-11 12:00,0.992
2017-01-11 13:00,0.991
2017-01-11 14:00,0.987
2017-01-11 15:00,0.976
2017-01-11 16:00,0.965
2017-01-11 17:00,0.960
2017-01-11 18:00,0.956
2017-01-11 19:00,0.951
2017-01-11 20:00,0.946
2017-01-11 21:00,0.944
2017-01-11 22:00,0.938
2017-01-11 23:00,0.935
2017-01-12 00:00,0.929
2017-01-12 01:00,0.918
2017-01-12 02:00,0.898
2017-01-12 03:00,0.876
2017-01-12 04:00,0.846
2017-01-12 05:00,0.804
2017-01-12 06:00,0.747
2017-01-12 07:00,0.667
2017-01-12 08:00,0.601
2017-01-12 09:00,0.519
2017-01-12 10:00,0.466
2017-01-12 11:00,0.444
2017-01-12 12:00,0.406
2017-01-12 13:00,0.380
2017-01-12 14:00,0.358
2017-01-12 15:00,0.358
2017-01-12 16:00,0.402
2017-01-12 17:00,0.439
2017-01-12 18:00,0.486
2017-01-12 19:00,0.520
2017-01-12 20:00,0.562
2017-01-12 21:00,0.575
2017-01-12 22:00,0.547
2017-01-12 23:00,0.579
2017-01-13 00:00,0.626
2017-01-13 01:00,0.672
2017-01-13 02:00,0.710
2017-01-13 03:00,0.777
2017-01-13 04:00,0.871
2017-01-13 05:00,0.925
2017-01-13 06:00,0.948
2017-01-13 07:00,0.950
2017-01-13 08:00,0.938
2017-01-13 09:00,0.919
2017-01-13 10:00,0.909
2017-01-13 11:00,0.919
2017-01-13 12:00,0.912
2017-01-13 13:00,0.892
2017-01-13 14:00,0.864
2017-01-13 15:00,0.834
2017-01-13 16:00,0.806
2017-01-13 17:00,0.775
2017-01-13 18:00,0.739
2017-01-13 19:00,0.679
2017-01-13 20:00,0.593
2017-01-13 21:00,0.536
2017-01-13 22:00,0.540
2017-01-13 23:00,0.552
2017-01-14 00:00,0.587
2017-01-14 01:00,0.600
2017-01-14 02:00,0.650
2017-01-14 03:00,0.733
2017-01-14 04:00,0.775
2017-01-14 05:00,0.730
2017-01-14 06:00,0.636
2017-01-14 07:00,0.599
2017-01-14 08:00,0.572
2017-01-14 09:00,0.463
2017-01-14 10:00,0.314
2017-01-14 11:00,0.305
2017-01-14 12:00,0.321
2017-01-14 13:00,0.313
2017-01-14 14:00,0.352
2017-01-14 15:00,0.466
2017-01-14 16:00,0.524
2017-01-14 17:00,0.473
2017-01-14 18:00,0.393
2017-01-14 19:00,0.306
2017-01-14 20:00,0.232
2017-01-14 21:00,0.182
2017-01-14 22:00,0.155
2017-01-14 23:00,0.146
2017-01-15 00:00,0.156
2017-01-15 01:00,0.177
2017-01-15 02:00,0.221
2017-01-15 03:00,0.287
2017-01-15 04:00,0.374
2017-01-15 05:00,0.466
2017-01-15 06:00,0.549
2017-01-15 07:00,0.604
2017-01-15 08:00,0.625
2017-01-15 09:00,0.640
2017-01-15 10:00,0.628
2017-01-15 11:00,0.597
2017-01-15 12:00,0.556
2017-01-15 13:00,0.527
2017-01-15 14:00,0.507
2017-01-15 15:00,0.479
2017-01-15 16:00,0.492
2017-01-15 17:00,0.447
2017-01-15 18:00,0.397
2017-01-15 19:00,0.345
2017-01-15 20:00,0.306
2017-01-15 21:00,0.257
2017-01-15 22:00,0.206
2017-01-15 23:00,0.157
2017-01-16 00:00,0.123
2017-01-16 01:00,0.099
2017-01-16 02:00,0.083
2017-01-16 03:00,0.088
2017-01-16 04:00,0.094
2017-01-16 05:00,0.093
2017-01-16 06:00,0.088
2017-01-16 07:00,0.082
2017-01-16 08:00,0.070
2017-01-16 09:00,0.051
2017-01-16 10:00,0.034
2017-01-16 11:00,0.033
2017-01-16 12:00,0.032
2017-01-16 13:00,0.033
2017-01-16 14:00,0.037
2017-01-16 15:00,0.040
2017-01-16 16:00,0.044
2017-01-16 17:00,0.044
2017-01-16 18:00,0.055
2017-01-16 19:00,0.080
2017-01-16 20:00,0.100
2017-01-16 21:00,0.104
2017-01-16 22:00,0.114
2017-01-16 23:00,0.144
2017-01-17 00:00,0.177
2017-01-17 01:00,0.187
2017-01-17 02:00,0.186
2017-01-17 03:00,0.179
2017-01-17 04:00,0.185
2017-01-17 05:00,0.202
2017-01-17 06:00,0.205
2017-01-17 07:00,0.205
2017-01-17 08:00,0.196
2017-01-17 09:00,0.179
2017-01-17 10:00,0.181
2017-01-17 11:00,0.173
2017-01-17 12:00,0.165
2017-01-17 13:00,0.163
2017-01-17 14:00,0.173
2017-01-17 15:00,0.183
2017-01-17 16:00,0.199
2017-01-17 17:00,0.204
2017-01-17 18:00,0.195
2017-01-17 19:00,0.187
2017-01-17 20:00,0.187
2017-01-17 21:00,0.191
2017-01-17 22:00,0.190
2017-01-17 23:00,0.186
2017-01-18 00:00,0.177
2017-01-18 01:00,0.166
2017-01-18 02:00,0.153
2017-01-18 03:00,0.145
2017-01-18 04:00,0.149
2017-01-18 05:00,0.162
2017-01-18 06:00,0.172
2017-01-18 07:00,0.168
2017-01-18 08:00,0.153
2017-01-18 09:00,0.125
2017-01-18 10:00,0.094
2017-01-18 11:00,0.074
2017-01-18 12:00,0.063
2017-01-18 13:00,0.056
2017-01-18 14:00,0.059
2017-01-18 15:00,0.074
2017-01-18 16:00,0.080
2017-01-18 17:00,0.079
2017-01-18 18:00,0.078
2017-01-18 19:00,0.079
2017-01-18 20:00,0.077
2017-01-18 21:00,0.080
2017-01-18 22:00,0.088
2017-01-18 23:00,0.096
2017-01-19 00:00,0.102
2017-01-19 01:00,0.105
2017-01-19 02:00,0.103
2017-01-19 03:00,0.096
2017-01-19 04:00,0.084
2017-01-19 05:00,0.067
2017-01-19 06:00,0.052
2017-01-19 07:00,0.044
2017-01-19 08:00,0.036
2017-01-19 09:00,0.024
2017-01-19 10:00,0.016
2017-01-19 11:00,0.014
2017-01-19 12:00,0.015
2017-01-19 13:00,0.016
2017-01-19 14:00,0.018
2017-01-19 15:00,0.015
2017-01-19 16:00,0.010
2017-01-19 17:00,0.007
2017-01-19 18:00,0.005
2017-01-19 19:00,0.006
2017-01-19 20:00,0.008
2017-01-19 21:00,0.013
2017-01-19 22:00,0.019
2017-01-19 23:00,0.023
2017-01-20 00:00,0.027
2017-01-20 01:00,0.032
2017-01-20 02:00,0.037
2017-01-20 03:00,0.043
2017-01-20 04:00,0.047
2017-01-20 05:00,0.047
2017-01-20 06:00,0.046
2017-01-20 07:00,0.045
2017-01-20 08:00,0.046
2017-01-20 09:00,0.039
2017-01-20 10:00,0.040
2017-01-20 11:00,0.052
2017-01-20 12:00,0.052
2017-01-20 13:00,0.047
2017-01-20 14:00,0.053
2017-01-20 15:00,0.086
2017-01-20 16:00,0.142
2017-01-20 17:00,0.211
2017-01-20 18:00,0.270
2017-01-20 19:00,0.303
2017-01-20 20:00,0.326
2017-01-20 21:00,0.345
2017-01-20 22:00,0.335
2017-01-20 23:00,0.273
2017-01-21 00:00,0.211
2017-01-21 01:00,0.156
2017-01-21 02:00,0.125
2017-01-21 03:00,0.109
2017-01-21 04:00,0.113
2017-01-21 05:00,0.120
2017-01-21 06:00,0.127
2017-01-21 07:00,0.144
2017-01-21 08:00,0.172
2017-01-21 09:00,0.182
2017-01-21 10:00,0.204
2017-01-21 11:00,0.212
2017-01-21 12:00,0.208
2017-01-21 13:00,0.204
2017-01-21 14:00,0.194
2017-01-21 15:00,0.176
2017-01-21 16:00,0.233
2017-01-21 17:00,0.279
2017-01-21 18:00,0.273
2017-01-21 19:00,0.257
2017-01-21 20:00,0.263
2017-01-21 21:00,0.246
2017-01-21 22:00,0.220
2017-01-21 23:00,0.181
2017-01-22 00:00,0.148
2017-01-22 01:00,0.131
2017-01-22 02:00,0.125
2017-01-22 03:00,0.125
2017-01-22 04:00,0.126
2017-01-22 05:00,0.128
2017-01-22 06:00,0.120
2017-01-22 07:00,0.111
2017-01-22 08:00,0.104
2017-01-22 09:00,0.112
2017-01-22 10:00,0.132
2017-01-22 11:00,0.156
2017-01-22 12:00,0.152
2017-01-22 13:00,0.145
2017-01-22 14:00,0.148
2017-01-22 15:00,0.194
2017-01-22 16:00,0.251
2017-01-22 17:00,0.244
2017-01-22 18:00,0.217
2017-01-22 19:00,0.205
2017-01-22 20:00,0.198
2017-01-22 21:00,0.182
2017-01-22 22:00,0.158
2017-01-22 23:00,0.138
2017-01-23 00:00,0.127
2017-01-23 01:00,0.118
2017-01-23 02:00,0.107
2017-01-23 03:00,0.093
2017-01-23 04:00,0.078
2017-01-23 05:00,0.066
2017-01-23 06:00,0.056
2017-01-23 07:00,0.050
2017-01-23 08:00,0.042
2017-01-23 09:00,0.032
2017-01-23 10:00,0.029
2017-01-23 11:00,0.032
2017-01-23 12:00,0.037
2017-01-23 13:00,0.046
2017-01-23 14:00,0.059
2017-01-23 15:00,0.082
2017-01-23 16:00,0.113
2017-01-23 17:00,0.161
2017-01-23 18:00,0.208
2017-01-23 19:00,0.251
2017-01-23 20:00,0.292
2017-01-23 21:00,0.293
2017-01-23 22:00,0.260
2017-01-23 23:00,0.224
2017-01-24 00:00,0.199
2017-01-24 01:00,0.188
2017-01-24 02:00,0.184
2017-01-24 03:00,0.181
2017-01-24 04:00,0.191
2017-01-24 05:00,0.181
2017-01-24 06:00,0.156
2017-01-24 07:00,0.156
2017-01-24 08:00,0.161
2017-01-24 09:00,0.160
2017-01-24 10:00,0.168
2017-01-24 11:00,0.174
2017-01-24 12:00,0.187
2017-01-24 13:00,0.190
2017-01-24 14:00,0.211
2017-01-24 15:00,0.257
2017-01-24 16:00,0.330
2017-01-24 17:00,0.377
2017-01-24 18:00,0.390
2017-01-24 19:00,0.426
2017-01-24 20:00,0.460
2017-01-24 21:00,0.485
2017-01-24 22:00,0.480
2017-01-24 23:00,0.500
2017-01-25 00:00,0.483
2017-01-25 01:00,0.454
2017-01-25 02:00,0.423
2017-01-25 03:00,0.365
2017-01-25 04:00,0.314
2017-01-25 05:00,0.293
2017-01-25 06:00,0.289
2017-01-25 07:00,0.314
2017-01-25 08:00,0.330
2017-01-25 09:00,0.287
2017-01-25 10:00,0.321
2017-01-25 11:00,0.447
2017-01-25 12:00,0.506
2017-01-25 13:00,0.488
2017-01-25 14:00,0.423
2017-01-25 15:00,0.473
2017-01-25 16:00,0.574
2017-01-25 17:00,0.549
2017-01-25 18:00,0.444
2017-01-25 19:00,0.380
2017-01-25 20:00,0.413
2017-01-25 21:00,0.420
2017-01-25 22:00,0.406
2017-01-25 23:00,0.406
2017-01-26 00:00,0.445
2017-01-26 01:00,0.458
2017-01-26 02:00,0.450
2017-01-26 03:00,0.449
2017-01-26 04:00,0.448
2017-01-26 05:00,0.452
2017-01-26 06:00,0.477
2017-01-26 07:00,0.486
2017-01-26 08:00,0.511
2017-01-26 09:00,0.546
2017-01-26 10:00,0.562
2017-01-26 11:00,0.577
2017-01-26 12:00,0.588
2017-01-26 13:00,0.577
2017-01-26 14:00,0.531
2017-01-26 15:00,0.468
2017-01-26 16:00,0.493
2017-01-26 17:00,0.480
2017-01-26 18:00,0.456
2017-01-26 19:00,0.453
2017-01-26 20:00,0.458
2017-01-26 21:00,0.441
2017-01-26 22:00,0.367
2017-01-26 23:00,0.302
2017-01-27 00:00,0.289
2017-01-27 01:00,0.300
2017-01-27 02:00,0.291
2017-01-27 03:00,0.298
2017-01-27 04:00,0.283
2017-01-27 05:00,0.264
2017-01-27 06:00,0.276
2017-01-27 07:00,0.273
2017-01-27 08:00,0.248
2017-01-27 09:00,0.311
2017-01-27 10:00,0.367
2017-01-27 11:00,0.416
2017-01-27 12:00,0.470
2017-01-27 13:00,0.479
2017-01-27 14:00,0.429
2017-01-27 15:00,0.451
2017-01-27 16:00,0.542
2017-01-27 17:00,0.568
2017-01-27 18:00,0.466
2017-01-27 19:00,0.397
2017-01-27 20:00,0.356
2017-01-27 21:00,0.350
2017-01-27 22:00,0.338
2017-01-27 23:00,0.355
2017-01-28 00:00,0.331
2017-01-28 01:00,0.292
2017-01-28 02:00,0.279
2017-01-28 03:00,0.279
2017-01-28 04:00,0.292
2017-01-28 05:00,0.311
2017-01-28 06:00,0.330
2017-01-28 07:00,0.365
2017-01-28 08:00,0.438
2017-01-28 09:00,0.446
2017-01-28 10:00,0.393
2017-01-28 11:00,0.408
2017-01-28 12:00,0.442
2017-01-28 13:00,0.482
2017-01-28 14:00,0.476
2017-01-28 15:00,0.505
2017-01-28 16:00,0.486
2017-01-28 17:00,0.457
2017-01-28 18:00,0.465
2017-01-28 19:00,0.493
2017-01-28 20:00,0.491
2017-01-28 21:00,0.447
2017-01-28 22:00,0.370
2017-01-28 23:00,0.324
2017-01-29 00:00,0.302
2017-01-29 01:00,0.269
2017-01-29 02:00,0.251
2017-01-29 03:00,0.270
2017-01-29 04:00,0.293
2017-01-29 05:00,0.317
2017-01-29 06:00,0.338
2017-01-29 07:00,0.320
2017-01-29 08:00,0.270
2017-01-29 09:00,0.211
2017-01-29 10:00,0.181
2017-01-29 11:00,0.169
2017-01-29 12:00,0.168
2017-01-29 13:00,0.147
2017-01-29 14:00,0.134
2017-01-29 15:00,0.187
2017-01-29 16:00,0.268
2017-01-29 17:00,0.293
2017-01-29 18:00,0.278
2017-01-29 19:00,0.274
2017-01-29 20:00,0.270
2017-01-29 21:00,0.224
2017-01-29 22:00,0.156
2017-01-29 23:00,0.115
2017-01-30 00:00,0.106
2017-01-30 01:00,0.138
2017-01-30 02:00,0.183
2017-01-30 03:00,0.197
2017-01-30 04:00,0.176
2017-01-30 05:00,0.160
2017-01-30 06:00,0.173
2017-01-30 07:00,0.191
2017-01-30 08:00,0.186
2017-01-30 09:00,0.129
2017-01-30 10:00,0.108
2017-01-30 11:00,0.178
2017-01-30 12:00,0.254
2017-01-30 13:00,0.274
2017-01-30 14:00,0.291
2017-01-30 15:00,0.370
2017-01-30 16:00,0.443
2017-01-30 17:00,0.476
2017-01-30 18:00,0.510
2017-01-30 19:00,0.502
2017-01-30 20:00,0.515
2017-01-30 21:00,0.549
2017-01-30 22:00,0.612
2017-01-30 23:00,0.652
2017-01-31 00:00,0.672
2017-01-31 01:00,0.678
2017-01-31 02:00,0.679
2017-01-31 03:00,0.627
2017-01-31 04:00,0.670
2017-01-31 05:00,0.709
2017-01-31 06:00,0.721
2017-01-31 07:00,0.712
2017-01-31 08:00,0.697
2017-01-31 09:00,0.701
2017-01-31 10:00,0.730
2017-01-31 11:00,0.700
2017-01-31 12:00,0.681
2017-01-31 13:00,0.694
2017-01-31 14:00,0.671
2017-01-31 15:00,0.660
2017-01-31 16:00,0.626
2017-01-31 17:00,0.551
2017-01-31 18:00,0.546
2017-01-31 19:00,0.466
2017-01-31 20:00,0.419
2017-01-31 21:00,0.393
2017-01-31 22:00,0.382
2017-01-31 23:00,0.368
2017-02-01 00:00,0.368
2017-02-01 01:00,0.338
2017-02-01 02:00,0.325
2017-02-01 03:00,0.297
2017-02-01 04:00,0.294
2017-02-01 05:00,0.292
2017-02-01 06:00,0.296
2017-02-01 07:00,0.299
2017-02-01 08:00,0.290
2017-02-01 09:00,0.261
2017-02-01 10:00,0.242
2017-02-01 11:00,0.283
2017-02-01 12:00,0.374
2017-02-01 13:00,0.455
2017-02-01 14:00,0.529
2017-02-01 15:00,0.628
2017-02-01 16:00,0.697
2017-02-01 17:00,0.735
2017-02-01 18:00,0.757
2017-02-01 19:00,0.739
2017-02-01 20:00,0.748
2017-02-01 21:00,0.745
2017-02-01 22:00,0.710
2017-02-01 23:00,0.711
2017-02-02 00:00,0.692
2017-02-02 01:00,0.695
2017-02-02 02:00,0.692
2017-02-02 03:00,0.694
2017-02-02 04:00,0.727
2017-02-02 05:00,0.781
2017-02-02 06:00,0.818
2017-02-02 07:00,0.839
2017-02-02 08:00,0.838
2017-02-02 09:00,0.836
2017-02-02 10:00,0.885
2017-02-02 11:00,0.918
2017-02-02 12:00,0.908
2017-02-02 13:00,0.897
2017-02-02 14:00,0.897
2017-02-02 15:00,0.909
2017-02-02 16:00,0.922
2017-02-02 17:00,0.943
2017-02-02 18:00,0.959
2017-02-02 19:00,0.968
2017-02-02 20:00,0.967
2017-02-02 21:00,0.963
2017-02-02 22:00,0.957
2017-02-02 23:00,0.949
2017-02-03 00:00,0.941
2017-02-03 01:00,0.928
2017-02-03 02:00,0.907
2017-02-03 03:00,0.862
2017-02-03 04:00,0.761
2017-02-03 05:00,0.650
2017-02-03 06:00,0.581
2017-02-03 07:00,0.508
2017-02-03 08:00,0.469
2017-02-03 09:00,0.400
2017-02-03 10:00,0.491
2017-02-03 11:00,0.522
2017-02-03 12:00,0.563
2017-02-03 13:00,0.593
2017-02-03 14:00,0.629
2017-02-03 15:00,0.716
2017-02-03 16:00,0.798
2017-02-03 17:00,0.834
2017-02-03 18:00,0.842
2017-02-03 19:00,0.838
2017-02-03 20:00,0.806
2017-02-03 21:00,0.725
2017-02-03 22:00,0.596
2017-02-03 23:00,0.399
2017-02-04 00:00,0.342
2017-02-04 01:00,0.647
2017-02-04 02:00,0.807
2017-02-04 03:00,0.750
2017-02-04 04:00,0.588
2017-02-04 05:00,0.483
2017-02-04 06:00,0.436
2017-02-04 07:00,0.407
2017-02-04 08:00,0.390
2017-02-04 09:00,0.330
2017-02-04 10:00,0.339
2017-02-04 11:00,0.374
2017-02-04 12:00,0.348
2017-02-04 13:00,0.307
2017-02-04 14:00,0.230
2017-02-04 15:00,0.189
2017-02-04 16:00,0.255
2017-02-04 17:00,0.356
2017-02-04 18:00,0.417
2017-02-04 19:00,0.433
2017-02-04 20:00,0.429
2017-02-04 21:00,0.424
2017-02-04 22:00,0.425
2017-02-04 23:00,0.410
2017-02-05 00:00,0.336
2017-02-05 01:00,0.302
2017-02-05 02:00,0.266
2017-02-05 03:00,0.253
2017-02-05 04:00,0.211
2017-02-05 05:00,0.187
2017-02-05 06:00,0.149
2017-02-05 07:00,0.113
2017-02-05 08:00,0.080
2017-02-05 09:00,0.047
2017-02-05 10:00,0.030
2017-02-05 11:00,0.019
2017-02-05 12:00,0.012
2017-02-05 13:00,0.016
2017-02-05 14:00,0.030
2017-02-05 15:00,0.060
2017-02-05 16:00,0.099
2017-02-05 17:00,0.115
2017-02-05 18:00,0.099
2017-02-05 19:00,0.075
2017-02-05 20:00,0.069
2017-02-05 21:00,0.055
2017-02-05 22:00,0.030
2017-02-05 23:00,0.029
2017-02-06 00:00,0.047
2017-02-06 01:00,0.043
2017-02-06 02:00,0.031
2017-02-06 03:00,0.023
2017-02-06 04:00,0.022
2017-02-06 05:00,0.023
2017-02-06 06:00,0.037
2017-02-06 07:00,0.065
2017-02-06 08:00,0.100
2017-02-06 09:00,0.128
2017-02-06 10:00,0.208
2017-02-06 11:00,0.356
2017-02-06 12:00,0.497
2017-02-06 13:00,0.539
2017-02-06 14:00,0.516
2017-02-06 15:00,0.550
2017-02-06 16:00,0.591
2017-02-06 17:00,0.634
2017-02-06 18:00,0.684
2017-02-06 19:00,0.746
2017-02-06 20:00,0.797
2017-02-06 21:00,0.777
2017-02-06 22:00,0.712
2017-02-06 23:00,0.637
2017-02-07 00:00,0.653
2017-02-07 01:00,0.587
2017-02-07 02:00,0.485
2017-02-07 03:00,0.400
2017-02-07 04:00,0.338
2017-02-07 05:00,0.301
2017-02-07 06:00,0.265
2017-02-07 07:00,0.246
2017-02-07 08:00,0.227
2017-02-07 09:00,0.177
2017-02-07 10:00,0.124
2017-02-07 11:00,0.108
2017-02-07 12:00,0.085
2017-02-07 13:00,0.056
2017-02-07 14:00,0.038
2017-02-07 15:00,0.031
2017-02-07 16:00,0.030
2017-02-07 17:00,0.039
2017-02-07 18:00,0.051
2017-02-07 19:00,0.066
2017-02-07 20:00,0.086
2017-02-07 21:00,0.093
2017-02-07 22:00,0.093
2017-02-07 23:00,0.088
2017-02-08 00:00,0.082
2017-02-08 01:00,0.083
2017-02-08 02:00,0.090
2017-02-08 03:00,0.106
2017-02-08 04:00,0.142
2017-02-08 05:00,0.203
2017-02-08 06:00,0.296
2017-02-08 07:00,0.367
2017-02-08 08:00,0.334
2017-02-08 09:00,0.247
2017-02-08 10:00,0.238
2017-02-08 11:00,0.204
2017-02-08 12:00,0.189
2017-02-08 13:00,0.196
2017-02-08 14:00,0.214
2017-02-08 15:00,0.214
2017-02-08 16:00,0.267
2017-02-08 17:00,0.325
2017-02-08 18:00,0.330
2017-02-08 19:00,0.329
2017-02-08 20:00,0.321
2017-02-08 21:00,0.324
2017-02-08 22:00,0.338
2017-02-08 23:00,0.330
2017-02-09 00:00,0.311
2017-02-09 01:00,0.292
2017-02-09 02:00,0.277
2017-02-09 03:00,0.271
2017-02-09 04:00,0.281
2017-02-09 05:00,0.299
2017-02-09 06:00,0.322
2017-02-09 07:00,0.350
2017-02-09 08:00,0.316
2017-02-09 09:00,0.290
2017-02-09 10:00,0.387
2017-02-09 11:00,0.410
2017-02-09 12:00,0.396
2017-02-09 13:00,0.381
2017-02-09 14:00,0.352
2017-02-09 15:00,0.324
2017-02-09 16:00,0.393
2017-02-09 17:00,0.448
2017-02-09 18:00,0.455
2017-02-09 19:00,0.456
2017-02-09 20:00,0.450
2017-02-09 21:00,0.442
2017-02-09 22:00,0.433
2017-02-09 23:00,0.416
2017-02-10 00:00,0.390
2017-02-10 01:00,0.372
2017-02-10 02:00,0.370
2017-02-10 03:00,0.362
2017-02-10 04:00,0.365
2017-02-10 05:00,0.374
2017-02-10 06:00,0.377
2017-02-10 07:00,0.387
2017-02-10 08:00,0.353
2017-02-10 09:00,0.295
2017-02-10 10:00,0.388
2017-02-10 11:00,0.437
2017-02-10 12:00,0.429
2017-02-10 13:00,0.431
2017-02-10 14:00,0.416
2017-02-10 15:00,0.358
2017-02-10 16:00,0.400
2017-02-10 17:00,0.468
2017-02-10 18:00,0.483
2017-02-10 19:00,0.499
2017-02-10 20:00,0.506
2017-02-10 21:00,0.490
2017-02-10 22:00,0.497
2017-02-10 23:00,0.512
2017-02-11 00:00,0.544
2017-02-11 01:00,0.525
2017-02-11 02:00,0.591
2017-02-11 03:00,0.609
2017-02-11 04:00,0.499
2017-02-11 05:00,0.467
2017-02-11 06:00,0.450
2017-02-11 07:00,0.432
2017-02-11 08:00,0.393
2017-02-11 09:00,0.404
2017-02-11 10:00,0.524
2017-02-11 11:00,0.577
2017-02-11 12:00,0.597
2017-02-11 13:00,0.572
2017-02-11 14:00,0.484
2017-02-11 15:00,0.444
2017-02-11 16:00,0.522
2017-02-11 17:00,0.580
2017-02-11 18:00,0.592
2017-02-11 19:00,0.637
2017-02-11 20:00,0.658
2017-02-11 21:00,0.700
2017-02-11 22:00,0.732
2017-02-11 23:00,0.721
2017-02-12 00:00,0.757
2017-02-12 01:00,0.775
2017-02-12 02:00,0.792
2017-02-12 03:00,0.817
2017-02-12 04:00,0.827
2017-02-12 05:00,0.843
2017-02-12 06:00,0.862
2017-02-12 07:00,0.863
2017-02-12 08:00,0.857
2017-02-12 09:00,0.858
2017-02-12 10:00,0.893
2017-02-12 11:00,0.898
2017-02-12 12:00,0.886
2017-02-12 13:00,0.853
2017-02-12 14:00,0.826
2017-02-12 15:00,0.817
2017-02-12 16:00,0.818
2017-02-12 17:00,0.807
2017-02-12 18:00,0.788
2017-02-12 19:00,0.773
2017-02-12 20:00,0.758
2017-02-12 21:00,0.768
2017-02-12 22:00,0.762
2017-02-12 23:00,0.765
2017-02-13 00:00,0.763
2017-02-13 01:00,0.756
2017-02-13 02:00,0.738
2017-02-13 03:00,0.737
2017-02-13 04:00,0.757
2017-02-13 05:00,0.770
2017-02-13 06:00,0.792
2017-02-13 07:00,0.800
2017-02-13 08:00,0.789
2017-02-13 09:00,0.787
2017-02-13 10:00,0.788
2017-02-13 11:00,0.790
2017-02-13 12:00,0.783
2017-02-13 13:00,0.783
2017-02-13 14:00,0.786
2017-02-13 15:00,0.779
2017-02-13 16:00,0.813
2017-02-13 17:00,0.807
2017-02-13 18:00,0.796
2017-02-13 19:00,0.779
2017-02-13 20:00,0.754
2017-02-13 21:00,0.738
2017-02-13 22:00,0.725
2017-02-13 23:00,0.696
2017-02-14 00:00,0.656
2017-02-14 01:00,0.644
2017-02-14 02:00,0.609
2017-02-14 03:00,0.611
2017-02-14 04:00,0.591
2017-02-14 05:00,0.574
2017-02-14 06:00,0.562
2017-02-14 07:00,0.552
2017-02-14 08:00,0.552
2017-02-14 09:00,0.609
2017-02-14 10:00,0.578
2017-02-14 11:00,0.466
2017-02-14 12:00,0.367
2017-02-14 13:00,0.312
2017-02-14 14:00,0.279
2017-02-14 15:00,0.271
2017-02-14 16:00,0.373
2017-02-14 17:00,0.406
2017-02-14 18:00,0.390
2017-02-14 19:00,0.386
2017-02-14 20:00,0.386
2017-02-14 21:00,0.365
2017-02-14 22:00,0.366
2017-02-14 23:00,0.344
2017-02-15 00:00,0.303
2017-02-15 01:00,0.281
2017-02-15 02:00,0.281
2017-02-15 03:00,0.260
2017-02-15 04:00,0.230
2017-02-15 05:00,0.209
2017-02-15 06:00,0.202
2017-02-15 07:00,0.199
2017-02-15 08:00,0.173
2017-02-15 09:00,0.142
2017-02-15 10:00,0.134
2017-02-15 11:00,0.215
2017-02-15 12:00,0.303
2017-02-15 13:00,0.301
2017-02-15 14:00,0.246
2017-02-15 15:00,0.232
2017-02-15 16:00,0.285
2017-02-15 17:00,0.358
2017-02-15 18:00,0.405
2017-02-15 19:00,0.426
2017-02-15 20:00,0.416
2017-02-15 21:00,0.463
2017-02-15 22:00,0.558
2017-02-15 23:00,0.574
2017-02-16 00:00,0.616
2017-02-16 01:00,0.609
2017-02-16 02:00,0.609
2017-02-16 03:00,0.612
2017-02-16 04:00,0.565
2017-02-16 05:00,0.523
2017-02-16 06:00,0.539
2017-02-16 07:00,0.504
2017-02-16 08:00,0.574
2017-02-16 09:00,0.574
2017-02-16 10:00,0.624
2017-02-16 11:00,0.728
2017-02-16 12:00,0.797
2017-02-16 13:00,0.809
2017-02-16 14:00,0.801
2017-02-16 15:00,0.782
2017-02-16 16:00,0.772
2017-02-16 17:00,0.710
2017-02-16 18:00,0.663
2017-02-16 19:00,0.661
2017-02-16 20:00,0.622
2017-02-16 21:00,0.598
2017-02-16 22:00,0.584
2017-02-16 23:00,0.551
2017-02-17 00:00,0.494
2017-02-17 01:00,0.463
2017-02-17 02:00,0.428
2017-02-17 03:00,0.387
2017-02-17 04:00,0.333
2017-02-17 05:00,0.271
2017-02-17 06:00,0.207
2017-02-17 07:00,0.150
2017-02-17 08:00,0.094
2017-02-17 09:00,0.042
2017-02-17 10:00,0.030
2017-02-17 11:00,0.040
2017-02-17 12:00,0.061
2017-02-17 13:00,0.084
2017-02-17 14:00,0.105
2017-02-17 15:00,0.124
2017-02-17 16:00,0.181
2017-02-17 17:00,0.257
2017-02-17 18:00,0.319
2017-02-17 19:00,0.361
2017-02-17 20:00,0.377
2017-02-17 21:00,0.378
2017-02-17 22:00,0.365
2017-02-17 23:00,0.348
2017-02-18 00:00,0.352
2017-02-18 01:00,0.338
2017-02-18 02:00,0.297
2017-02-18 03:00,0.266
2017-02-18 04:00,0.248
2017-02-18 05:00,0.262
2017-02-18 06:00,0.287
2017-02-18 07:00,0.293
2017-02-18 08:00,0.299
2017-02-18 09:00,0.352
2017-02-18 10:00,0.416
2017-02-18 11:00,0.443
2017-02-18 12:00,0.483
2017-02-18 13:00,0.516
2017-02-18 14:00,0.539
2017-02-18 15:00,0.523
2017-02-18 16:00,0.539
2017-02-18 17:00,0.604
2017-02-18 18:00,0.640
2017-02-18 19:00,0.689
2017-02-18 20:00,0.672
2017-02-18 21:00,0.674
2017-02-18 22:00,0.715
2017-02-18 23:00,0.746
2017-02-19 00:00,0.738
2017-02-19 01:00,0.738
2017-02-19 02:00,0.700
2017-02-19 03:00,0.659
2017-02-19 04:00,0.612
2017-02-19 05:00,0.559
2017-02-19 06:00,0.503
2017-02-19 07:00,0.445
2017-02-19 08:00,0.373
2017-02-19 09:00,0.377
2017-02-19 10:00,0.407
2017-02-19 11:00,0.369
2017-02-19 12:00,0.355
2017-02-19 13:00,0.348
2017-02-19 14:00,0.353
2017-02-19 15:00,0.338
2017-02-19 16:00,0.321
2017-02-19 17:00,0.382
2017-02-19 18:00,0.426
2017-02-19 19:00,0.461
2017-02-19 20:00,0.531
2017-02-19 21:00,0.573
2017-02-19 22:00,0.629
2017-02-19 23:00,0.638
2017-02-20 00:00,0.625
2017-02-20 01:00,0.655
2017-02-20 02:00,0.724
2017-02-20 03:00,0.733
2017-02-20 04:00,0.692
2017-02-20 05:00,0.666
2017-02-20 06:00,0.684
2017-02-20 07:00,0.716
2017-02-20 08:00,0.732
2017-02-20 09:00,0.754
2017-02-20 10:00,0.821
2017-02-20 11:00,0.878
2017-02-20 12:00,0.913
2017-02-20 13:00,0.920
2017-02-20 14:00,0.922
2017-02-20 15:00,0.900
2017-02-20 16:00,0.870
2017-02-20 17:00,0.826
2017-02-20 18:00,0.758
2017-02-20 19:00,0.694
2017-02-20 20:00,0.666
2017-02-20 21:00,0.661
2017-02-20 22:00,0.690
2017-02-20 23:00,0.659
2017-02-21 00:00,0.651
2017-02-21 01:00,0.606
2017-02-21 02:00,0.541
2017-02-21 03:00,0.493
2017-02-21 04:00,0.452
2017-02-21 05:00,0.410
2017-02-21 06:00,0.332
2017-02-21 07:00,0.281
2017-02-21 08:00,0.255
2017-02-21 09:00,0.227
2017-02-21 10:00,0.281
2017-02-21 11:00,0.365
2017-02-21 12:00,0.450
2017-02-21 13:00,0.524
2017-02-21 14:00,0.571
2017-02-21 15:00,0.750
2017-02-21 16:00,0.902
2017-02-21 17:00,0.905
2017-02-21 18:00,0.941
2017-02-21 19:00,0.964
2017-02-21 20:00,0.967
2017-02-21 21:00,0.972
2017-02-21 22:00,0.980
2017-02-21 23:00,0.985
2017-02-22 00:00,0.987
2017-02-22 01:00,0.986
2017-02-22 02:00,0.975
2017-02-22 03:00,0.948
2017-02-22 04:00,0.910
2017-02-22 05:00,0.876
2017-02-22 06:00,0.847
2017-02-22 07:00,0.822
2017-02-22 08:00,0.814
2017-02-22 09:00,0.845
2017-02-22 10:00,0.882
2017-02-22 11:00,0.902
2017-02-22 12:00,0.911
2017-02-22 13:00,0.913
2017-02-22 14:00,0.902
2017-02-22 15:00,0.855
2017-02-22 16:00,0.767
2017-02-22 17:00,0.645
2017-02-22 18:00,0.488
2017-02-22 19:00,0.313
2017-02-22 20:00,0.211
2017-02-22 21:00,0.155
2017-02-22 22:00,0.117
2017-02-22 23:00,0.173
2017-02-23 00:00,0.303
2017-02-23 01:00,0.460
2017-02-23 02:00,0.643
2017-02-23 03:00,0.817
2017-02-23 04:00,0.895
2017-02-23 05:00,0.933
2017-02-23 06:00,0.963
2017-02-23 07:00,0.980
2017-02-23 08:00,0.985
2017-02-23 09:00,0.990
2017-02-23 10:00,0.993
2017-02-23 11:00,0.993
2017-02-23 12:00,0.993
2017-02-23 13:00,0.992
2017-02-23 14:00,0.988
2017-02-23 15:00,0.993
2017-02-23 16:00,0.986
2017-02-23 17:00,0.940
2017-02-23 18:00,0.838
2017-02-23 19:00,0.712
2017-02-23 20:00,0.569
2017-02-23 21:00,0.511
2017-02-23 22:00,0.519
2017-02-23 23:00,0.553
2017-02-24 00:00,0.600
2017-02-24 01:00,0.651
2017-02-24 02:00,0.673
2017-02-24 03:00,0.670
2017-02-24 04:00,0.671
2017-02-24 05:00,0.612
2017-02-24 06:00,0.502
2017-02-24 07:00,0.462
2017-02-24 08:00,0.327
2017-02-24 09:00,0.440
2017-02-24 10:00,0.406
2017-02-24 11:00,0.348
2017-02-24 12:00,0.352
2017-02-24 13:00,0.383
2017-02-24 14:00,0.377
2017-02-24 15:00,0.322
2017-02-24 16:00,0.252
2017-02-24 17:00,0.237
2017-02-24 18:00,0.296
2017-02-24 19:00,0.380
2017-02-24 20:00,0.473
2017-02-24 21:00,0.501
2017-02-24 22:00,0.515
2017-02-24 23:00,0.591
2017-02-25 00:00,0.634
2017-02-25 01:00,0.672
2017-02-25 02:00,0.689
2017-02-25 03:00,0.711
2017-02-25 04:00,0.753
2017-02-25 05:00,0.788
2017-02-25 06:00,0.819
2017-02-25 07:00,0.847
2017-02-25 08:00,0.878
2017-02-25 09:00,0.895
2017-02-25 10:00,0.909
2017-02-25 11:00,0.947
2017-02-25 12:00,0.947
2017-02-25 13:00,0.937
2017-02-25 14:00,0.923
2017-02-25 15:00,0.917
2017-02-25 16:00,0.898
2017-02-25 17:00,0.872
2017-02-25 18:00,0.843
2017-02-25 19:00,0.780
2017-02-25 20:00,0.696
2017-02-25 21:00,0.645
2017-02-25 22:00,0.591
2017-02-25 23:00,0.581
2017-02-26 00:00,0.633
2017-02-26 01:00,0.597
2017-02-26 02:00,0.524
2017-02-26 03:00,0.450
2017-02-26 04:00,0.476
2017-02-26 05:00,0.492
2017-02-26 06:00,0.533
2017-02-26 07:00,0.546
2017-02-26 08:00,0.595
2017-02-26 09:00,0.772
2017-02-26 10:00,0.861
2017-02-26 11:00,0.895
2017-02-26 12:00,0.938
2017-02-26 13:00,0.965
2017-02-26 14:00,0.981
2017-02-26 15:00,0.985
2017-02-26 16:00,0.982
2017-02-26 17:00,0.965
2017-02-26 18:00,0.933
2017-02-26 19:00,0.886
2017-02-26 20:00,0.819
2017-02-26 21:00,0.752
2017-02-26 22:00,0.704
2017-02-26 23:00,0.614
2017-02-27 00:00,0.522
2017-02-27 01:00,0.478
2017-02-27 02:00,0.430
2017-02-27 03:00,0.354
2017-02-27 04:00,0.294
2017-02-27 05:00,0.270
2017-02-27 06:00,0.311
2017-02-27 07:00,0.345
2017-02-27 08:00,0.419
2017-02-27 09:00,0.466
2017-02-27 10:00,0.543
2017-02-27 11:00,0.537
2017-02-27 12:00,0.448
2017-02-27 13:00,0.372
2017-02-27 14:00,0.415
2017-02-27 15:00,0.439
2017-02-27 16:00,0.397
2017-02-27 17:00,0.460
2017-02-27 18:00,0.496
2017-02-27 19:00,0.486
2017-02-27 20:00,0.433
2017-02-27 21:00,0.390
2017-02-27 22:00,0.389
2017-02-27 23:00,0.370
2017-02-28 00:00,0.335
2017-02-28 01:00,0.294
2017-02-28 02:00,0.268
2017-02-28 03:00,0.273
2017-02-28 04:00,0.279
2017-02-28 05:00,0.308
2017-02-28 06:00,0.330
2017-02-28 07:00,0.348
2017-02-28 08:00,0.371
2017-02-28 09:00,0.497
2017-02-28 10:00,0.555
2017-02-28 11:00,0.550
2017-02-28 12:00,0.510
2017-02-28 13:00,0.453
2017-02-28 14:00,0.372
2017-02-28 15:00,0.254
2017-02-28 16:00,0.164
2017-02-28 17:00,0.135
2017-02-28 18:00,0.091
2017-02-28 19:00,0.057
2017-02-28 20:00,0.095
2017-02-28 21:00,0.221
2017-02-28 22:00,0.349
2017-02-28 23:00,0.371
2017-03-01 00:00,0.410
2017-03-01 01:00,0.483
2017-03-01 02:00,0.523
2017-03-01 03:00,0.536
2017-03-01 04:00,0.547
2017-03-01 05:00,0.498
2017-03-01 06:00,0.466
2017-03-01 07:00,0.439
2017-03-01 08:00,0.299
2017-03-01 09:00,0.282
2017-03-01 10:00,0.387
2017-03-01 11:00,0.443
2017-03-01 12:00,0.497
2017-03-01 13:00,0.539
2017-03-01 14:00,0.546
2017-03-01 15:00,0.490
2017-03-01 16:00,0.400
2017-03-01 17:00,0.382
2017-03-01 18:00,0.347
2017-03-01 19:00,0.351
2017-03-01 20:00,0.430
2017-03-01 21:00,0.479
2017-03-01 22:00,0.416
2017-03-01 23:00,0.369
2017-03-02 00:00,0.447
2017-03-02 01:00,0.561
2017-03-02 02:00,0.604
2017-03-02 03:00,0.628
2017-03-02 04:00,0.612
2017-03-02 05:00,0.617
2017-03-02 06:00,0.588
2017-03-02 07:00,0.552
2017-03-02 08:00,0.469
2017-03-02 09:00,0.624
2017-03-02 10:00,0.712
2017-03-02 11:00,0.784
2017-03-02 12:00,0.846
2017-03-02 13:00,0.880
2017-03-02 14:00,0.881
2017-03-02 15:00,0.818
2017-03-02 16:00,0.695
2017-03-02 17:00,0.637
2017-03-02 18:00,0.563
2017-03-02 19:00,0.541
2017-03-02 20:00,0.549
2017-03-02 21:00,0.568
2017-03-02 22:00,0.582
2017-03-02 23:00,0.570
2017-03-03 00:00,0.523
2017-03-03 01:00,0.463
2017-03-03 02:00,0.417
2017-03-03 03:00,0.351
2017-03-03 04:00,0.263
2017-03-03 05:00,0.227
2017-03-03 06:00,0.188
2017-03-03 07:00,0.175
2017-03-03 08:00,0.173
2017-03-03 09:00,0.184
2017-03-03 10:00,0.291
2017-03-03 11:00,0.398
2017-03-03 12:00,0.494
2017-03-03 13:00,0.553
2017-03-03 14:00,0.539
2017-03-03 15:00,0.468
2017-03-03 16:00,0.419
2017-03-03 17:00,0.367
2017-03-03 18:00,0.347
2017-03-03 19:00,0.348
2017-03-03 20:00,0.365
2017-03-03 21:00,0.390
2017-03-03 22:00,0.360
2017-03-03 23:00,0.345
2017-03-04 00:00,0.322
2017-03-04 01:00,0.289
2017-03-04 02:00,0.246
2017-03-04 03:00,0.215
2017-03-04 04:00,0.191
2017-03-04 05:00,0.170
2017-03-04 06:00,0.151
2017-03-04 07:00,0.139
2017-03-04 08:00,0.128
2017-03-04 09:00,0.146
2017-03-04 10:00,0.200
2017-03-04 11:00,0.224
2017-03-04 12:00,0.259
2017-03-04 13:00,0.348
2017-03-04 14:00,0.429
2017-03-04 15:00,0.416
2017-03-04 16:00,0.400
2017-03-04 17:00,0.482
2017-03-04 18:00,0.483
2017-03-04 19:00,0.488
2017-03-04 20:00,0.467
2017-03-04 21:00,0.445
2017-03-04 22:00,0.423
2017-03-04 23:00,0.433
2017-03-05 00:00,0.479
2017-03-05 01:00,0.542
2017-03-05 02:00,0.585
2017-03-05 03:00,0.574
2017-03-05 04:00,0.497
2017-03-05 05:00,0.413
2017-03-05 06:00,0.345
2017-03-05 07:00,0.327
2017-03-05 08:00,0.345
2017-03-05 09:00,0.485
2017-03-05 10:00,0.520
2017-03-05 11:00,0.436
2017-03-05 12:00,0.264
2017-03-05 13:00,0.114
2017-03-05 14:00,0.056
2017-03-05 15:00,0.056
2017-03-05 16:00,0.076
2017-03-05 17:00,0.139
2017-03-05 18:00,0.231
2017-03-05 19:00,0.314
2017-03-05 20:00,0.361
2017-03-05 21:00,0.403
2017-03-05 22:00,0.411
2017-03-05 23:00,0.398
2017-03-06 00:00,0.378
2017-03-06 01:00,0.335
2017-03-06 02:00,0.294
2017-03-06 03:00,0.281
2017-03-06 04:00,0.265
2017-03-06 05:00,0.229
2017-03-06 06:00,0.188
2017-03-06 07:00,0.152
2017-03-06 08:00,0.148
2017-03-06 09:00,0.161
2017-03-06 10:00,0.181
2017-03-06 11:00,0.228
2017-03-06 12:00,0.301
2017-03-06 13:00,0.365
2017-03-06 14:00,0.413
2017-03-06 15:00,0.410
2017-03-06 16:00,0.379
2017-03-06 17:00,0.438
2017-03-06 18:00,0.485
2017-03-06 19:00,0.473
2017-03-06 20:00,0.448
2017-03-06 21:00,0.442
2017-03-06 22:00,0.466
2017-03-06 23:00,0.469
2017-03-07 00:00,0.451
2017-03-07 01:00,0.426
2017-03-07 02:00,0.437
2017-03-07 03:00,0.426
2017-03-07 04:00,0.426
2017-03-07 05:00,0.410
2017-03-07 06:00,0.346
2017-03-07 07:00,0.234
2017-03-07 08:00,0.133
2017-03-07 09:00,0.059
2017-03-07 10:00,0.067
2017-03-07 11:00,0.096
2017-03-07 12:00,0.059
2017-03-07 13:00,0.122
2017-03-07 14:00,0.198
2017-03-07 15:00,0.271
2017-03-07 16:00,0.311
2017-03-07 17:00,0.342
2017-03-07 18:00,0.450
2017-03-07 19:00,0.556
2017-03-07 20:00,0.587
2017-03-07 21:00,0.617
2017-03-07 22:00,0.647
2017-03-07 23:00,0.651
2017-03-08 00:00,0.628
2017-03-08 01:00,0.577
2017-03-08 02:00,0.511
2017-03-08 03:00,0.539
2017-03-08 04:00,0.539
2017-03-08 05:00,0.616
2017-03-08 06:00,0.609
2017-03-08 07:00,0.541
2017-03-08 08:00,0.546
2017-03-08 09:00,0.566
2017-03-08 10:00,0.589
2017-03-08 11:00,0.600
2017-03-08 12:00,0.604
2017-03-08 13:00,0.617
2017-03-08 14:00,0.640
2017-03-08 15:00,0.600
2017-03-08 16:00,0.529
2017-03-08 17:00,0.538
2017-03-08 18:00,0.546
2017-03-08 19:00,0.574
2017-03-08 20:00,0.582
2017-03-08 21:00,0.566
2017-03-08 22:00,0.536
2017-03-08 23:00,0.518
2017-03-09 00:00,0.463
2017-03-09 01:00,0.401
2017-03-09 02:00,0.439
2017-03-09 03:00,0.428
2017-03-09 04:00,0.533
2017-03-09 05:00,0.705
2017-03-09 06:00,0.825
2017-03-09 07:00,0.863
2017-03-09 08:00,0.885
2017-03-09 09:00,0.891
2017-03-09 10:00,0.879
2017-03-09 11:00,0.846
2017-03-09 12:00,0.789
2017-03-09 13:00,0.731
2017-03-09 14:00,0.649
2017-03-09 15:00,0.512
2017-03-09 16:00,0.309
2017-03-09 17:00,0.228
2017-03-09 18:00,0.177
2017-03-09 19:00,0.109
2017-03-09 20:00,0.048
2017-03-09 21:00,0.017
2017-03-09 22:00,0.017
2017-03-09 23:00,0.037
2017-03-10 00:00,0.069
2017-03-10 01:00,0.106
2017-03-10 02:00,0.177
2017-03-10 03:00,0.267
2017-03-10 04:00,0.329
2017-03-10 05:00,0.348
2017-03-10 06:00,0.324
2017-03-10 07:00,0.281
2017-03-10 08:00,0.248
2017-03-10 09:00,0.287
2017-03-10 10:00,0.290
2017-03-10 11:00,0.273
2017-03-10 12:00,0.246
2017-03-10 13:00,0.221
2017-03-10 14:00,0.229
2017-03-10 15:00,0.232
2017-03-10 16:00,0.270
2017-03-10 17:00,0.352
2017-03-10 18:00,0.400
2017-03-10 19:00,0.421
2017-03-10 20:00,0.448
2017-03-10 21:00,0.455
2017-03-10 22:00,0.486
2017-03-10 23:00,0.438
2017-03-11 00:00,0.403
2017-03-11 01:00,0.406
2017-03-11 02:00,0.399
2017-03-11 03:00,0.366
2017-03-11 04:00,0.383
2017-03-11 05:00,0.375
2017-03-11 06:00,0.352
2017-03-11 07:00,0.314
2017-03-11 08:00,0.240
2017-03-11 09:00,0.216
2017-03-11 10:00,0.241
2017-03-11 11:00,0.196
2017-03-11 12:00,0.135
2017-03-11 13:00,0.102
2017-03-11 14:00,0.105
2017-03-11 15:00,0.112
2017-03-11 16:00,0.118
2017-03-11 17:00,0.159
2017-03-11 18:00,0.224
2017-03-11 19:00,0.296
2017-03-11 20:00,0.352
2017-03-11 21:00,0.370
2017-03-11 22:00,0.390
2017-03-11 23:00,0.386
2017-03-12 00:00,0.380
2017-03-12 01:00,0.355
2017-03-12 02:00,0.321
2017-03-12 03:00,0.281
2017-03-12 04:00,0.243
2017-03-12 05:00,0.212
2017-03-12 06:00,0.187
2017-03-12 07:00,0.153
2017-03-12 08:00,0.120
2017-03-12 09:00,0.096
2017-03-12 10:00,0.090
2017-03-12 11:00,0.090
2017-03-12 12:00,0.109
2017-03-12 13:00,0.156
2017-03-12 14:00,0.229
2017-03-12 15:00,0.311
2017-03-12 16:00,0.363
2017-03-12 17:00,0.382
2017-03-12 18:00,0.426
2017-03-12 19:00,0.479
2017-03-12 20:00,0.527
2017-03-12 21:00,0.486
2017-03-12 22:00,0.497
2017-03-12 23:00,0.510
2017-03-13 00:00,0.489
2017-03-13 01:00,0.445
2017-03-13 02:00,0.387
2017-03-13 03:00,0.338
2017-03-13 04:00,0.298
2017-03-13 05:00,0.276
2017-03-13 06:00,0.267
2017-03-13 07:00,0.307
2017-03-13 08:00,0.311
2017-03-13 09:00,0.411
2017-03-13 10:00,0.442
2017-03-13 11:00,0.478
2017-03-13 12:00,0.494
2017-03-13 13:00,0.516
2017-03-13 14:00,0.545
2017-03-13 15:00,0.513
2017-03-13 16:00,0.398
2017-03-13 17:00,0.355
2017-03-13 18:00,0.393
2017-03-13 19:00,0.384
2017-03-13 20:00,0.367
2017-03-13 21:00,0.372
2017-03-13 22:00,0.422
2017-03-13 23:00,0.473
2017-03-14 00:00,0.497
2017-03-14 01:00,0.491
2017-03-14 02:00,0.483
2017-03-14 03:00,0.477
2017-03-14 04:00,0.497
2017-03-14 05:00,0.555
2017-03-14 06:00,0.579
2017-03-14 07:00,0.575
2017-03-14 08:00,0.582
2017-03-14 09:00,0.711
2017-03-14 10:00,0.779
2017-03-14 11:00,0.844
2017-03-14 12:00,0.886
2017-03-14 13:00,0.895
2017-03-14 14:00,0.876
2017-03-14 15:00,0.821
2017-03-14 16:00,0.711
2017-03-14 17:00,0.665
2017-03-14 18:00,0.621
2017-03-14 19:00,0.487
2017-03-14 20:00,0.428
2017-03-14 21:00,0.436
2017-03-14 22:00,0.426
2017-03-14 23:00,0.419
2017-03-15 00:00,0.394
2017-03-15 01:00,0.381
2017-03-15 02:00,0.382
2017-03-15 03:00,0.355
2017-03-15 04:00,0.317
2017-03-15 05:00,0.284
2017-03-15 06:00,0.263
2017-03-15 07:00,0.198
2017-03-15 08:00,0.132
2017-03-15 09:00,0.140
2017-03-15 10:00,0.180
2017-03-15 11:00,0.221
2017-03-15 12:00,0.252
2017-03-15 13:00,0.271
2017-03-15 14:00,0.279
2017-03-15 15:00,0.261
2017-03-15 16:00,0.211
2017-03-15 17:00,0.215
2017-03-15 18:00,0.258
2017-03-15 19:00,0.319
2017-03-15 20:00,0.383
2017-03-15 21:00,0.423
2017-03-15 22:00,0.445
2017-03-15 23:00,0.473
2017-03-16 00:00,0.503
2017-03-16 01:00,0.523
2017-03-16 02:00,0.492
2017-03-16 03:00,0.433
2017-03-16 04:00,0.380
2017-03-16 05:00,0.390
2017-03-16 06:00,0.384
2017-03-16 07:00,0.369
2017-03-16 08:00,0.439
2017-03-16 09:00,0.568
2017-03-16 10:00,0.640
2017-03-16 11:00,0.685
2017-03-16 12:00,0.729
2017-03-16 13:00,0.769
2017-03-16 14:00,0.785
2017-03-16 15:00,0.777
2017-03-16 16:00,0.754
2017-03-16 17:00,0.778
2017-03-16 18:00,0.729
2017-03-16 19:00,0.547
2017-03-16 20:00,0.462
2017-03-16 21:00,0.497
2017-03-16 22:00,0.519
2017-03-16 23:00,0.536
2017-03-17 00:00,0.513
2017-03-17 01:00,0.532
2017-03-17 02:00,0.623
2017-03-17 03:00,0.612
2017-03-17 04:00,0.601
2017-03-17 05:00,0.660
2017-03-17 06:00,0.721
2017-03-17 07:00,0.758
2017-03-17 08:00,0.791
2017-03-17 09:00,0.806
2017-03-17 10:00,0.838
2017-03-17 11:00,0.886
2017-03-17 12:00,0.897
2017-03-17 13:00,0.908
2017-03-17 14:00,0.893
2017-03-17 15:00,0.908
2017-03-17 16:00,0.942
2017-03-17 17:00,0.961
2017-03-17 18:00,0.967
2017-03-17 19:00,0.970
2017-03-17 20:00,0.971
2017-03-17 21:00,0.975
2017-03-17 22:00,0.976
2017-03-17 23:00,0.975
2017-03-18 00:00,0.971
2017-03-18 01:00,0.964
2017-03-18 02:00,0.951
2017-03-18 03:00,0.926
2017-03-18 04:00,0.879
2017-03-18 05:00,0.847
2017-03-18 06:00,0.818
2017-03-18 07:00,0.810
2017-03-18 08:00,0.775
2017-03-18 09:00,0.800
2017-03-18 10:00,0.821
2017-03-18 11:00,0.820
2017-03-18 12:00,0.813
2017-03-18 13:00,0.795
2017-03-18 14:00,0.706
2017-03-18 15:00,0.527
2017-03-18 16:00,0.455
2017-03-18 17:00,0.488
2017-03-18 18:00,0.551
2017-03-18 19:00,0.542
2017-03-18 20:00,0.572
2017-03-18 21:00,0.648
2017-03-18 22:00,0.695
2017-03-18 23:00,0.713
2017-03-19 00:00,0.809
2017-03-19 01:00,0.869
2017-03-19 02:00,0.915
2017-03-19 03:00,0.934
2017-03-19 04:00,0.940
2017-03-19 05:00,0.936
2017-03-19 06:00,0.930
2017-03-19 07:00,0.923
2017-03-19 08:00,0.914
2017-03-19 09:00,0.919
2017-03-19 10:00,0.936
2017-03-19 11:00,0.946
2017-03-19 12:00,0.941
2017-03-19 13:00,0.930
2017-03-19 14:00,0.923
2017-03-19 15:00,0.884
2017-03-19 16:00,0.758
2017-03-19 17:00,0.635
2017-03-19 18:00,0.530
2017-03-19 19:00,0.396
2017-03-19 20:00,0.304
2017-03-19 21:00,0.277
2017-03-19 22:00,0.321
2017-03-19 23:00,0.357
2017-03-20 00:00,0.416
2017-03-20 01:00,0.473
2017-03-20 02:00,0.510
2017-03-20 03:00,0.562
2017-03-20 04:00,0.634
2017-03-20 05:00,0.631
2017-03-20 06:00,0.637
2017-03-20 07:00,0.644
2017-03-20 08:00,0.767
2017-03-20 09:00,0.785
2017-03-20 10:00,0.769
2017-03-20 11:00,0.817
2017-03-20 12:00,0.813
2017-03-20 13:00,0.795
2017-03-20 14:00,0.803
2017-03-20 15:00,0.806
2017-03-20 16:00,0.754
2017-03-20 17:00,0.694
2017-03-20 18:00,0.666
2017-03-20 19:00,0.656
2017-03-20 20:00,0.662
2017-03-20 21:00,0.643
2017-03-20 22:00,0.685
2017-03-20 23:00,0.725
2017-03-21 00:00,0.717
2017-03-21 01:00,0.737
2017-03-21 02:00,0.748
2017-03-21 03:00,0.743
2017-03-21 04:00,0.748
2017-03-21 05:00,0.746
2017-03-21 06:00,0.741
2017-03-21 07:00,0.706
2017-03-21 08:00,0.820
2017-03-21 09:00,0.886
2017-03-21 10:00,0.899
2017-03-21 11:00,0.897
2017-03-21 12:00,0.880
2017-03-21 13:00,0.845
2017-03-21 14:00,0.781
2017-03-21 15:00,0.683
2017-03-21 16:00,0.455
2017-03-21 17:00,0.333
2017-03-21 18:00,0.313
2017-03-21 19:00,0.279
2017-03-21 20:00,0.286
2017-03-21 21:00,0.286
2017-03-21 22:00,0.257
2017-03-21 23:00,0.257
2017-03-22 00:00,0.288
2017-03-22 01:00,0.352
2017-03-22 02:00,0.431
2017-03-22 03:00,0.491
2017-03-22 04:00,0.517
2017-03-22 05:00,0.539
2017-03-22 06:00,0.455
2017-03-22 07:00,0.466
2017-03-22 08:00,0.529
2017-03-22 09:00,0.601
2017-03-22 10:00,0.645
2017-03-22 11:00,0.653
2017-03-22 12:00,0.650
2017-03-22 13:00,0.618
2017-03-22 14:00,0.543
2017-03-22 15:00,0.442
2017-03-22 16:00,0.363
2017-03-22 17:00,0.326
2017-03-22 18:00,0.329
2017-03-22 19:00,0.299
2017-03-22 20:00,0.253
2017-03-22 21:00,0.204
2017-03-22 22:00,0.131
2017-03-22 23:00,0.080
2017-03-23 00:00,0.071
2017-03-23 01:00,0.105
2017-03-23 02:00,0.179
2017-03-23 03:00,0.264
2017-03-23 04:00,0.348
2017-03-23 05:00,0.418
2017-03-23 06:00,0.443
2017-03-23 07:00,0.469
2017-03-23 08:00,0.523
2017-03-23 09:00,0.637
2017-03-23 10:00,0.729
2017-03-23 11:00,0.789
2017-03-23 12:00,0.805
2017-03-23 13:00,0.804
2017-03-23 14:00,0.810
2017-03-23 15:00,0.817
2017-03-23 16:00,0.808
2017-03-23 17:00,0.767
2017-03-23 18:00,0.717
2017-03-23 19:00,0.684
2017-03-23 20:00,0.658
2017-03-23 21:00,0.628
2017-03-23 22:00,0.586
2017-03-23 23:00,0.581
2017-03-24 00:00,0.557
2017-03-24 01:00,0.536
2017-03-24 02:00,0.536
2017-03-24 03:00,0.497
2017-03-24 04:00,0.516
2017-03-24 05:00,0.539
2017-03-24 06:00,0.506
2017-03-24 07:00,0.385
2017-03-24 08:00,0.450
2017-03-24 09:00,0.430
2017-03-24 10:00,0.383
2017-03-24 11:00,0.331
2017-03-24 12:00,0.305
2017-03-24 13:00,0.301
2017-03-24 14:00,0.297
2017-03-24 15:00,0.289
2017-03-24 16:00,0.279
2017-03-24 17:00,0.308
2017-03-24 18:00,0.351
2017-03-24 19:00,0.321
2017-03-24 20:00,0.259
2017-03-24 21:00,0.214
2017-03-24 22:00,0.181
2017-03-24 23:00,0.141
2017-03-25 00:00,0.101
2017-03-25 01:00,0.062
2017-03-25 02:00,0.039
2017-03-25 03:00,0.031
2017-03-25 04:00,0.029
2017-03-25 05:00,0.030
2017-03-25 06:00,0.034
2017-03-25 07:00,0.032
2017-03-25 08:00,0.025
2017-03-25 09:00,0.022
2017-03-25 10:00,0.038
2017-03-25 11:00,0.064
2017-03-25 12:00,0.075
2017-03-25 13:00,0.084
2017-03-25 14:00,0.107
2017-03-25 15:00,0.140
2017-03-25 16:00,0.164
2017-03-25 17:00,0.216
2017-03-25 18:00,0.275
2017-03-25 19:00,0.302
2017-03-25 20:00,0.306
2017-03-25 21:00,0.314
2017-03-25 22:00,0.324
2017-03-25 23:00,0.333
2017-03-26 00:00,0.335
2017-03-26 01:00,0.335
2017-03-26 02:00,0.342
2017-03-26 03:00,0.338
2017-03-26 04:00,0.308
2017-03-26 05:00,0.276
2017-03-26 06:00,0.224
2017-03-26 07:00,0.131
2017-03-26 08:00,0.112
2017-03-26 09:00,0.195
2017-03-26 10:00,0.255
2017-03-26 11:00,0.297
2017-03-26 12:00,0.338
2017-03-26 13:00,0.380
2017-03-26 14:00,0.405
2017-03-26 15:00,0.416
2017-03-26 16:00,0.410
2017-03-26 17:00,0.413
2017-03-26 18:00,0.465
2017-03-26 19:00,0.466
2017-03-26 20:00,0.420
2017-03-26 21:00,0.376
2017-03-26 22:00,0.335
2017-03-26 23:00,0.294
2017-03-27 00:00,0.238
2017-03-27 01:00,0.181
2017-03-27 02:00,0.136
2017-03-27 03:00,0.113
2017-03-27 04:00,0.101
2017-03-27 05:00,0.100
2017-03-27 06:00,0.108
2017-03-27 07:00,0.113
2017-03-27 08:00,0.104
2017-03-27 09:00,0.102
2017-03-27 10:00,0.103
2017-03-27 11:00,0.107
2017-03-27 12:00,0.111
2017-03-27 13:00,0.106
2017-03-27 14:00,0.103
2017-03-27 15:00,0.105
2017-03-27 16:00,0.112
2017-03-27 17:00,0.147
2017-03-27 18:00,0.229
2017-03-27 19:00,0.304
2017-03-27 20:00,0.333
2017-03-27 21:00,0.279
2017-03-27 22:00,0.180
2017-03-27 23:00,0.125
2017-03-28 00:00,0.102
2017-03-28 01:00,0.092
2017-03-28 02:00,0.084
2017-03-28 03:00,0.083
2017-03-28 04:00,0.084
2017-03-28 05:00,0.087
2017-03-28 06:00,0.093
2017-03-28 07:00,0.095
2017-03-28 08:00,0.100
2017-03-28 09:00,0.103
2017-03-28 10:00,0.125
2017-03-28 11:00,0.172
2017-03-28 12:00,0.239
2017-03-28 13:00,0.310
2017-03-28 14:00,0.367
2017-03-28 15:00,0.363
2017-03-28 16:00,0.314
2017-03-28 17:00,0.319
2017-03-28 18:00,0.436
2017-03-28 19:00,0.487
2017-03-28 20:00,0.495
2017-03-28 21:00,0.486
2017-03-28 22:00,0.469
2017-03-28 23:00,0.403
2017-03-29 00:00,0.306
2017-03-29 01:00,0.234
2017-03-29 02:00,0.199
2017-03-29 03:00,0.231
2017-03-29 04:00,0.281
2017-03-29 05:00,0.327
2017-03-29 06:00,0.342
2017-03-29 07:00,0.333
2017-03-29 08:00,0.316
2017-03-29 09:00,0.335
2017-03-29 10:00,0.459
2017-03-29 11:00,0.572
2017-03-29 12:00,0.549
2017-03-29 13:00,0.569
2017-03-29 14:00,0.643
2017-03-29 15:00,0.683
2017-03-29 16:00,0.697
2017-03-29 17:00,0.697
2017-03-29 18:00,0.677
2017-03-29 19:00,0.649
2017-03-29 20:00,0.678
2017-03-29 21:00,0.713
2017-03-29 22:00,0.711
2017-03-29 23:00,0.695
2017-03-30 00:00,0.672
2017-03-30 01:00,0.678
2017-03-30 02:00,0.694
2017-03-30 03:00,0.690
2017-03-30 04:00,0.629
2017-03-30 05:00,0.623
2017-03-30 06:00,0.621
2017-03-30 07:00,0.613
2017-03-30 08:00,0.631
2017-03-30 09:00,0.758
2017-03-30 10:00,0.824
2017-03-30 11:00,0.861
2017-03-30 12:00,0.881
2017-03-30 13:00,0.888
2017-03-30 14:00,0.876
2017-03-30 15:00,0.841
2017-03-30 16:00,0.787
2017-03-30 17:00,0.753
2017-03-30 18:00,0.717
2017-03-30 19:00,0.703
2017-03-30 20:00,0.717
2017-03-30 21:00,0.650
2017-03-30 22:00,0.600
2017-03-30 23:00,0.568
2017-03-31 00:00,0.486
2017-03-31 01:00,0.449
2017-03-31 02:00,0.479
2017-03-31 03:00,0.486
2017-03-31 04:00,0.469
2017-03-31 05:00,0.497
2017-03-31 06:00,0.550
2017-03-31 07:00,0.600
2017-03-31 08:00,0.703
2017-03-31 09:00,0.819
2017-03-31 10:00,0.843
2017-03-31 11:00,0.840
2017-03-31 12:00,0.816
2017-03-31 13:00,0.774
2017-03-31 14:00,0.719
2017-03-31 15:00,0.664
2017-03-31 16:00,0.557
2017-03-31 17:00,0.501
2017-03-31 18:00,0.569
2017-03-31 19:00,0.581
2017-03-31 20:00,0.525
2017-03-31 21:00,0.516
2017-03-31 22:00,0.479
2017-03-31 23:00,0.432
2017-04-01 00:00,0.378
2017-04-01 01:00,0.365
2017-04-01 02:00,0.333
2017-04-01 03:00,0.288
2017-04-01 04:00,0.268
2017-04-01 05:00,0.228
2017-04-01 06:00,0.172
2017-04-01 07:00,0.127
2017-04-01 08:00,0.148
2017-04-01 09:00,0.169
2017-04-01 10:00,0.187
2017-04-01 11:00,0.229
2017-04-01 12:00,0.279
2017-04-01 13:00,0.319
2017-04-01 14:00,0.348
2017-04-01 15:00,0.374
2017-04-01 16:00,0.363
2017-04-01 17:00,0.322
2017-04-01 18:00,0.395
2017-04-01 19:00,0.453
2017-04-01 20:00,0.465
2017-04-01 21:00,0.428
2017-04-01 22:00,0.379
2017-04-01 23:00,0.355
2017-04-02 00:00,0.324
2017-04-02 01:00,0.322
2017-04-02 02:00,0.298
2017-04-02 03:00,0.254
2017-04-02 04:00,0.255
2017-04-02 05:00,0.223
2017-04-02 06:00,0.185
2017-04-02 07:00,0.140
2017-04-02 08:00,0.096
2017-04-02 09:00,0.063
2017-04-02 10:00,0.032
2017-04-02 11:00,0.017
2017-04-02 12:00,0.016
2017-04-02 13:00,0.023
2017-04-02 14:00,0.031
2017-04-02 15:00,0.032
2017-04-02 16:00,0.027
2017-04-02 17:00,0.022
2017-04-02 18:00,0.021
2017-04-02 19:00,0.028
2017-04-02 20:00,0.068
2017-04-02 21:00,0.145
2017-04-02 22:00,0.245
2017-04-02 23:00,0.335
2017-04-03 00:00,0.392
2017-04-03 01:00,0.411
2017-04-03 02:00,0.392
2017-04-03 03:00,0.355
2017-04-03 04:00,0.349
2017-04-03 05:00,0.364
2017-04-03 06:00,0.322
2017-04-03 07:00,0.217
2017-04-03 08:00,0.242
2017-04-03 09:00,0.492
2017-04-03 10:00,0.591
2017-04-03 11:00,0.625
2017-04-03 12:00,0.636
2017-04-03 13:00,0.634
2017-04-03 14:00,0.624
2017-04-03 15:00,0.606
2017-04-03 16:00,0.537
2017-04-03 17:00,0.501
2017-04-03 18:00,0.518
2017-04-03 19:00,0.506
2017-04-03 20:00,0.458
2017-04-03 21:00,0.427
2017-04-03 22:00,0.442
2017-04-03 23:00,0.417
2017-04-04 00:00,0.387
2017-04-04 01:00,0.356
2017-04-04 02:00,0.342
2017-04-04 03:00,0.359
2017-04-04 04:00,0.367
2017-04-04 05:00,0.400
2017-04-04 06:00,0.379
2017-04-04 07:00,0.358
2017-04-04 08:00,0.441
2017-04-04 09:00,0.423
2017-04-04 10:00,0.376
2017-04-04 11:00,0.335
2017-04-04 12:00,0.303
2017-04-04 13:00,0.286
2017-04-04 14:00,0.298
2017-04-04 15:00,0.338
2017-04-04 16:00,0.413
2017-04-04 17:00,0.417
2017-04-04 18:00,0.447
2017-04-04 19:00,0.507
2017-04-04 20:00,0.479
2017-04-04 21:00,0.450
2017-04-04 22:00,0.452
2017-04-04 23:00,0.482
2017-04-05 00:00,0.520
2017-04-05 01:00,0.549
2017-04-05 02:00,0.542
2017-04-05 03:00,0.519
2017-04-05 04:00,0.492
2017-04-05 05:00,0.450
2017-04-05 06:00,0.451
2017-04-05 07:00,0.495
2017-04-05 08:00,0.643
2017-04-05 09:00,0.616
2017-04-05 10:00,0.569
2017-04-05 11:00,0.546
2017-04-05 12:00,0.542
2017-04-05 13:00,0.563
2017-04-05 14:00,0.572
2017-04-05 15:00,0.559
2017-04-05 16:00,0.510
2017-04-05 17:00,0.423
2017-04-05 18:00,0.433
2017-04-05 19:00,0.427
2017-04-05 20:00,0.388
2017-04-05 21:00,0.348
2017-04-05 22:00,0.320
2017-04-05 23:00,0.309
2017-04-06 00:00,0.299
2017-04-06 01:00,0.276
2017-04-06 02:00,0.244
2017-04-06 03:00,0.223
2017-04-06 04:00,0.210
2017-04-06 05:00,0.189
2017-04-06 06:00,0.120
2017-04-06 07:00,0.085
2017-04-06 08:00,0.121
2017-04-06 09:00,0.159
2017-04-06 10:00,0.184
2017-04-06 11:00,0.232
2017-04-06 12:00,0.294
2017-04-06 13:00,0.355
2017-04-06 14:00,0.395
2017-04-06 15:00,0.417
2017-04-06 16:00,0.426
2017-04-06 17:00,0.393
2017-04-06 18:00,0.348
2017-04-06 19:00,0.350
2017-04-06 20:00,0.351
2017-04-06 21:00,0.356
2017-04-06 22:00,0.357
2017-04-06 23:00,0.348
2017-04-07 00:00,0.349
2017-04-07 01:00,0.343
2017-04-07 02:00,0.322
2017-04-07 03:00,0.302
2017-04-07 04:00,0.280
2017-04-07 05:00,0.243
2017-04-07 06:00,0.181
2017-04-07 07:00,0.143
2017-04-07 08:00,0.146
2017-04-07 09:00,0.133
2017-04-07 10:00,0.132
2017-04-07 11:00,0.139
2017-04-07 12:00,0.148
2017-04-07 13:00,0.154
2017-04-07 14:00,0.153
2017-04-07 15:00,0.141
2017-04-07 16:00,0.122
2017-04-07 17:00,0.107
2017-04-07 18:00,0.119
2017-04-07 19:00,0.116
2017-04-07 20:00,0.096
2017-04-07 21:00,0.074
2017-04-07 22:00,0.057
2017-04-07 23:00,0.040
2017-04-08 00:00,0.023
2017-04-08 01:00,0.025
2017-04-08 02:00,0.033
2017-04-08 03:00,0.039
2017-04-08 04:00,0.039
2017-04-08 05:00,0.040
2017-04-08 06:00,0.038
2017-04-08 07:00,0.029
2017-04-08 08:00,0.049
2017-04-08 09:00,0.075
2017-04-08 10:00,0.107
2017-04-08 11:00,0.136
2017-04-08 12:00,0.156
2017-04-08 13:00,0.171
2017-04-08 14:00,0.181
2017-04-08 15:00,0.191
2017-04-08 16:00,0.191
2017-04-08 17:00,0.200
2017-04-08 18:00,0.257
2017-04-08 19:00,0.330
2017-04-08 20:00,0.405
2017-04-08 21:00,0.463
2017-04-08 22:00,0.502
2017-04-08 23:00,0.523
2017-04-09 00:00,0.525
2017-04-09 01:00,0.510
2017-04-09 02:00,0.478
2017-04-09 03:00,0.436
2017-04-09 04:00,0.403
2017-04-09 05:00,0.373
2017-04-09 06:00,0.287
2017-04-09 07:00,0.194
2017-04-09 08:00,0.214
2017-04-09 09:00,0.297
2017-04-09 10:00,0.406
2017-04-09 11:00,0.549
2017-04-09 12:00,0.650
2017-04-09 13:00,0.704
2017-04-09 14:00,0.729
2017-04-09 15:00,0.745
2017-04-09 16:00,0.732
2017-04-09 17:00,0.730
2017-04-09 18:00,0.683
2017-04-09 19:00,0.647
2017-04-09 20:00,0.653
2017-04-09 21:00,0.663
2017-04-09 22:00,0.634
2017-04-09 23:00,0.618
2017-04-10 00:00,0.619
2017-04-10 01:00,0.632
2017-04-10 02:00,0.612
2017-04-10 03:00,0.602
2017-04-10 04:00,0.600
2017-04-10 05:00,0.599
2017-04-10 06:00,0.523
2017-04-10 07:00,0.595
2017-04-10 08:00,0.622
2017-04-10 09:00,0.550
2017-04-10 10:00,0.435
2017-04-10 11:00,0.347
2017-04-10 12:00,0.318
2017-04-10 13:00,0.342
2017-04-10 14:00,0.394
2017-04-10 15:00,0.450
2017-04-10 16:00,0.479
2017-04-10 17:00,0.426
2017-04-10 18:00,0.457
2017-04-10 19:00,0.511
2017-04-10 20:00,0.502
2017-04-10 21:00,0.459
2017-04-10 22:00,0.434
2017-04-10 23:00,0.436
2017-04-11 00:00,0.443
2017-04-11 01:00,0.418
2017-04-11 02:00,0.382
2017-04-11 03:00,0.336
2017-04-11 04:00,0.341
2017-04-11 05:00,0.371
2017-04-11 06:00,0.356
2017-04-11 07:00,0.452
2017-04-11 08:00,0.559
2017-04-11 09:00,0.635
2017-04-11 10:00,0.689
2017-04-11 11:00,0.725
2017-04-11 12:00,0.770
2017-04-11 13:00,0.795
2017-04-11 14:00,0.802
2017-04-11 15:00,0.800
2017-04-11 16:00,0.787
2017-04-11 17:00,0.721
2017-04-11 18:00,0.669
2017-04-11 19:00,0.640
2017-04-11 20:00,0.637
2017-04-11 21:00,0.631
2017-04-11 22:00,0.638
2017-04-11 23:00,0.649
2017-04-12 00:00,0.697
2017-04-12 01:00,0.692
2017-04-12 02:00,0.708
2017-04-12 03:00,0.722
2017-04-12 04:00,0.710
2017-04-12 05:00,0.736
2017-04-12 06:00,0.752
2017-04-12 07:00,0.772
2017-04-12 08:00,0.811
2017-04-12 09:00,0.859
2017-04-12 10:00,0.875
2017-04-12 11:00,0.878
2017-04-12 12:00,0.880
2017-04-12 13:00,0.891
2017-04-12 14:00,0.905
2017-04-12 15:00,0.904
2017-04-12 16:00,0.879
2017-04-12 17:00,0.808
2017-04-12 18:00,0.733
2017-04-12 19:00,0.683
2017-04-12 20:00,0.619
2017-04-12 21:00,0.528
2017-04-12 22:00,0.520
2017-04-12 23:00,0.501
2017-04-13 00:00,0.463
2017-04-13 01:00,0.427
2017-04-13 02:00,0.380
2017-04-13 03:00,0.367
2017-04-13 04:00,0.372
2017-04-13 05:00,0.348
2017-04-13 06:00,0.345
2017-04-13 07:00,0.430
2017-04-13 08:00,0.454
2017-04-13 09:00,0.405
2017-04-13 10:00,0.352
2017-04-13 11:00,0.337
2017-04-13 12:00,0.352
2017-04-13 13:00,0.394
2017-04-13 14:00,0.443
2017-04-13 15:00,0.483
2017-04-13 16:00,0.507
2017-04-13 17:00,0.472
2017-04-13 18:00,0.400
2017-04-13 19:00,0.376
2017-04-13 20:00,0.368
2017-04-13 21:00,0.401
2017-04-13 22:00,0.431
2017-04-13 23:00,0.477
2017-04-14 00:00,0.499
2017-04-14 01:00,0.461
2017-04-14 02:00,0.434
2017-04-14 03:00,0.413
2017-04-14 04:00,0.387
2017-04-14 05:00,0.381
2017-04-14 06:00,0.285
2017-04-14 07:00,0.261
2017-04-14 08:00,0.354
2017-04-14 09:00,0.416
2017-04-14 10:00,0.473
2017-04-14 11:00,0.522
2017-04-14 12:00,0.550
2017-04-14 13:00,0.596
2017-04-14 14:00,0.672
2017-04-14 15:00,0.719
2017-04-14 16:00,0.633
2017-04-14 17:00,0.542
2017-04-14 18:00,0.444
2017-04-14 19:00,0.417
2017-04-14 20:00,0.451
2017-04-14 21:00,0.498
2017-04-14 22:00,0.556
2017-04-14 23:00,0.588
2017-04-15 00:00,0.613
2017-04-15 01:00,0.613
2017-04-15 02:00,0.569
2017-04-15 03:00,0.530
2017-04-15 04:00,0.471
2017-04-15 05:00,0.454
2017-04-15 06:00,0.416
2017-04-15 07:00,0.509
2017-04-15 08:00,0.694
2017-04-15 09:00,0.721
2017-04-15 10:00,0.729
2017-04-15 11:00,0.747
2017-04-15 12:00,0.781
2017-04-15 13:00,0.828
2017-04-15 14:00,0.853
2017-04-15 15:00,0.843
2017-04-15 16:00,0.793
2017-04-15 17:00,0.738
2017-04-15 18:00,0.684
2017-04-15 19:00,0.619
2017-04-15 20:00,0.520
2017-04-15 21:00,0.514
2017-04-15 22:00,0.526
2017-04-15 23:00,0.525
2017-04-16 00:00,0.518
2017-04-16 01:00,0.470
2017-04-16 02:00,0.439
2017-04-16 03:00,0.439
2017-04-16 04:00,0.436
2017-04-16 05:00,0.416
2017-04-16 06:00,0.326
2017-04-16 07:00,0.294
2017-04-16 08:00,0.298
2017-04-16 09:00,0.243
2017-04-16 10:00,0.239
2017-04-16 11:00,0.304
2017-04-16 12:00,0.374
2017-04-16 13:00,0.416
2017-04-16 14:00,0.505
2017-04-16 15:00,0.564
2017-04-16 16:00,0.499
2017-04-16 17:00,0.375
2017-04-16 18:00,0.326
2017-04-16 19:00,0.335
2017-04-16 20:00,0.259
2017-04-16 21:00,0.243
2017-04-16 22:00,0.225
2017-04-16 23:00,0.181
2017-04-17 00:00,0.156
2017-04-17 01:00,0.149
2017-04-17 02:00,0.162
2017-04-17 03:00,0.171
2017-04-17 04:00,0.169
2017-04-17 05:00,0.163
2017-04-17 06:00,0.126
2017-04-17 07:00,0.127
2017-04-17 08:00,0.097
2017-04-17 09:00,0.059
2017-04-17 10:00,0.033
2017-04-17 11:00,0.019
2017-04-17 12:00,0.020
2017-04-17 13:00,0.037
2017-04-17 14:00,0.067
2017-04-17 15:00,0.100
2017-04-17 16:00,0.114
2017-04-17 17:00,0.108
2017-04-17 18:00,0.102
2017-04-17 19:00,0.103
2017-04-17 20:00,0.131
2017-04-17 21:00,0.216
2017-04-17 22:00,0.328
2017-04-17 23:00,0.381
2017-04-18 00:00,0.367
2017-04-18 01:00,0.333
2017-04-18 02:00,0.326
2017-04-18 03:00,0.324
2017-04-18 04:00,0.325
2017-04-18 05:00,0.296
2017-04-18 06:00,0.191
2017-04-18 07:00,0.214
2017-04-18 08:00,0.223
2017-04-18 09:00,0.183
2017-04-18 10:00,0.152
2017-04-18 11:00,0.126
2017-04-18 12:00,0.105
2017-04-18 13:00,0.087
2017-04-18 14:00,0.080
2017-04-18 15:00,0.078
2017-04-18 16:00,0.079
2017-04-18 17:00,0.099
2017-04-18 18:00,0.158
2017-04-18 19:00,0.235
2017-04-18 20:00,0.272
2017-04-18 21:00,0.267
2017-04-18 22:00,0.226
2017-04-18 23:00,0.194
2017-04-19 00:00,0.175
2017-04-19 01:00,0.166
2017-04-19 02:00,0.151
2017-04-19 03:00,0.148
2017-04-19 04:00,0.183
2017-04-19 05:00,0.213
2017-04-19 06:00,0.182
2017-04-19 07:00,0.196
2017-04-19 08:00,0.194
2017-04-19 09:00,0.165
2017-04-19 10:00,0.150
2017-04-19 11:00,0.148
2017-04-19 12:00,0.140
2017-04-19 13:00,0.129
2017-04-19 14:00,0.119
2017-04-19 15:00,0.106
2017-04-19 16:00,0.094
2017-04-19 17:00,0.096
2017-04-19 18:00,0.106
2017-04-19 19:00,0.115
2017-04-19 20:00,0.122
2017-04-19 21:00,0.149
2017-04-19 22:00,0.203
2017-04-19 23:00,0.256
2017-04-20 00:00,0.288
2017-04-20 01:00,0.308
2017-04-20 02:00,0.319
2017-04-20 03:00,0.321
2017-04-20 04:00,0.335
2017-04-20 05:00,0.342
2017-04-20 06:00,0.285
2017-04-20 07:00,0.227
2017-04-20 08:00,0.257
2017-04-20 09:00,0.279
2017-04-20 10:00,0.271
2017-04-20 11:00,0.291
2017-04-20 12:00,0.341
2017-04-20 13:00,0.396
2017-04-20 14:00,0.439
2017-04-20 15:00,0.459
2017-04-20 16:00,0.456
2017-04-20 17:00,0.405
2017-04-20 18:00,0.383
2017-04-20 19:00,0.429
2017-04-20 20:00,0.448
2017-04-20 21:00,0.448
2017-04-20 22:00,0.445
2017-04-20 23:00,0.439
2017-04-21 00:00,0.423
2017-04-21 01:00,0.410
2017-04-21 02:00,0.431
2017-04-21 03:00,0.466
2017-04-21 04:00,0.470
2017-04-21 05:00,0.429
2017-04-21 06:00,0.387
2017-04-21 07:00,0.489
2017-04-21 08:00,0.631
2017-04-21 09:00,0.694
2017-04-21 10:00,0.730
2017-04-21 11:00,0.751
2017-04-21 12:00,0.759
2017-04-21 13:00,0.770
2017-04-21 14:00,0.767
2017-04-21 15:00,0.741
2017-04-21 16:00,0.665
2017-04-21 17:00,0.566
2017-04-21 18:00,0.526
2017-04-21 19:00,0.472
2017-04-21 20:00,0.418
2017-04-21 21:00,0.385
2017-04-21 22:00,0.321
2017-04-21 23:00,0.243
2017-04-22 00:00,0.194
2017-04-22 01:00,0.157
2017-04-22 02:00,0.133
2017-04-22 03:00,0.151
2017-04-22 04:00,0.163
2017-04-22 05:00,0.155
2017-04-22 06:00,0.136
2017-04-22 07:00,0.143
2017-04-22 08:00,0.141
2017-04-22 09:00,0.125
2017-04-22 10:00,0.107
2017-04-22 11:00,0.105
2017-04-22 12:00,0.115
2017-04-22 13:00,0.146
2017-04-22 14:00,0.182
2017-04-22 15:00,0.210
2017-04-22 16:00,0.215
2017-04-22 17:00,0.177
2017-04-22 18:00,0.135
2017-04-22 19:00,0.105
2017-04-22 20:00,0.064
2017-04-22 21:00,0.045
2017-04-22 22:00,0.054
2017-04-22 23:00,0.083
2017-04-23 00:00,0.125
2017-04-23 01:00,0.172
2017-04-23 02:00,0.203
2017-04-23 03:00,0.202
2017-04-23 04:00,0.177
2017-04-23 05:00,0.118
2017-04-23 06:00,0.073
2017-04-23 07:00,0.068
2017-04-23 08:00,0.059
2017-04-23 09:00,0.045
2017-04-23 10:00,0.055
2017-04-23 11:00,0.093
2017-04-23 12:00,0.155
2017-04-23 13:00,0.240
2017-04-23 14:00,0.342
2017-04-23 15:00,0.429
2017-04-23 16:00,0.483
2017-04-23 17:00,0.499
2017-04-23 18:00,0.427
2017-04-23 19:00,0.410
2017-04-23 20:00,0.423
2017-04-23 21:00,0.442
2017-04-23 22:00,0.500
2017-04-23 23:00,0.536
2017-04-24 00:00,0.600
2017-04-24 01:00,0.609
2017-04-24 02:00,0.595
2017-04-24 03:00,0.597
2017-04-24 04:00,0.601
2017-04-24 05:00,0.564
2017-04-24 06:00,0.523
2017-04-24 07:00,0.546
2017-04-24 08:00,0.560
2017-04-24 09:00,0.556
2017-04-24 10:00,0.588
2017-04-24 11:00,0.648
2017-04-24 12:00,0.719
2017-04-24 13:00,0.783
2017-04-24 14:00,0.838
2017-04-24 15:00,0.875
2017-04-24 16:00,0.886
2017-04-24 17:00,0.865
2017-04-24 18:00,0.804
2017-04-24 19:00,0.726
2017-04-24 20:00,0.622
2017-04-24 21:00,0.551
2017-04-24 22:00,0.523
2017-04-24 23:00,0.511
2017-04-25 00:00,0.486
2017-04-25 01:00,0.433
2017-04-25 02:00,0.362
2017-04-25 03:00,0.315
2017-04-25 04:00,0.318
2017-04-25 05:00,0.305
2017-04-25 06:00,0.313
2017-04-25 07:00,0.532
2017-04-25 08:00,0.664
2017-04-25 09:00,0.703
2017-04-25 10:00,0.711
2017-04-25 11:00,0.730
2017-04-25 12:00,0.753
2017-04-25 13:00,0.753
2017-04-25 14:00,0.743
2017-04-25 15:00,0.723
2017-04-25 16:00,0.690
2017-04-25 17:00,0.597
2017-04-25 18:00,0.552
2017-04-25 19:00,0.595
2017-04-25 20:00,0.609
2017-04-25 21:00,0.588
2017-04-25 22:00,0.560
2017-04-25 23:00,0.529
2017-04-26 00:00,0.497
2017-04-26 01:00,0.451
2017-04-26 02:00,0.429
2017-04-26 03:00,0.446
2017-04-26 04:00,0.461
2017-04-26 05:00,0.430
2017-04-26 06:00,0.421
2017-04-26 07:00,0.539
2017-04-26 08:00,0.528
2017-04-26 09:00,0.466
2017-04-26 10:00,0.400
2017-04-26 11:00,0.348
2017-04-26 12:00,0.310
2017-04-26 13:00,0.272
2017-04-26 14:00,0.236
2017-04-26 15:00,0.217
2017-04-26 16:00,0.204
2017-04-26 17:00,0.174
2017-04-26 18:00,0.141
2017-04-26 19:00,0.134
2017-04-26 20:00,0.135
2017-04-26 21:00,0.142
2017-04-26 22:00,0.163
2017-04-26 23:00,0.221
2017-04-27 00:00,0.306
2017-04-27 01:00,0.384
2017-04-27 02:00,0.426
2017-04-27 03:00,0.437
2017-04-27 04:00,0.426
2017-04-27 05:00,0.391
2017-04-27 06:00,0.348
2017-04-27 07:00,0.393
2017-04-27 08:00,0.513
2017-04-27 09:00,0.554
2017-04-27 10:00,0.569
2017-04-27 11:00,0.562
2017-04-27 12:00,0.533
2017-04-27 13:00,0.509
2017-04-27 14:00,0.481
2017-04-27 15:00,0.460
2017-04-27 16:00,0.395
2017-04-27 17:00,0.308
2017-04-27 18:00,0.274
2017-04-27 19:00,0.263
2017-04-27 20:00,0.235
2017-04-27 21:00,0.194
2017-04-27 22:00,0.157
2017-04-27 23:00,0.134
2017-04-28 00:00,0.119
2017-04-28 01:00,0.110
2017-04-28 02:00,0.102
2017-04-28 03:00,0.099
2017-04-28 04:00,0.097
2017-04-28 05:00,0.082
2017-04-28 06:00,0.059
2017-04-28 07:00,0.078
2017-04-28 08:00,0.096
2017-04-28 09:00,0.104
2017-04-28 10:00,0.091
2017-04-28 11:00,0.070
2017-04-28 12:00,0.052
2017-04-28 13:00,0.041
2017-04-28 14:00,0.037
2017-04-28 15:00,0.039
2017-04-28 16:00,0.039
2017-04-28 17:00,0.035
2017-04-28 18:00,0.028
2017-04-28 19:00,0.026
2017-04-28 20:00,0.033
2017-04-28 21:00,0.040
2017-04-28 22:00,0.047
2017-04-28 23:00,0.050
2017-04-29 00:00,0.046
2017-04-29 01:00,0.043
2017-04-29 02:00,0.040
2017-04-29 03:00,0.031
2017-04-29 04:00,0.025
2017-04-29 05:00,0.028
2017-04-29 06:00,0.037
2017-04-29 07:00,0.092
2017-04-29 08:00,0.156
2017-04-29 09:00,0.187
2017-04-29 10:00,0.195
2017-04-29 11:00,0.208
2017-04-29 12:00,0.229
2017-04-29 13:00,0.257
2017-04-29 14:00,0.287
2017-04-29 15:00,0.326
2017-04-29 16:00,0.358
2017-04-29 17:00,0.338
2017-04-29 18:00,0.363
2017-04-29 19:00,0.473
2017-04-29 20:00,0.517
2017-04-29 21:00,0.546
2017-04-29 22:00,0.581
2017-04-29 23:00,0.620
2017-04-30 00:00,0.646
2017-04-30 01:00,0.645
2017-04-30 02:00,0.676
2017-04-30 03:00,0.713
2017-04-30 04:00,0.694
2017-04-30 05:00,0.737
2017-04-30 06:00,0.656
2017-04-30 07:00,0.741
2017-04-30 08:00,0.807
2017-04-30 09:00,0.833
2017-04-30 10:00,0.850
2017-04-30 11:00,0.865
2017-04-30 12:00,0.875
2017-04-30 13:00,0.879
2017-04-30 14:00,0.874
2017-04-30 15:00,0.841
2017-04-30 16:00,0.760
2017-04-30 17:00,0.676
2017-04-30 18:00,0.600
2017-04-30 19:00,0.542
2017-04-30 20:00,0.533
2017-04-30 21:00,0.494
2017-04-30 22:00,0.460
2017-04-30 23:00,0.445
2017-05-01 00:00,0.453
2017-05-01 01:00,0.484
2017-05-01 02:00,0.462
2017-05-01 03:00,0.426
2017-05-01 04:00,0.409
2017-05-01 05:00,0.365
2017-05-01 06:00,0.319
2017-05-01 07:00,0.294
2017-05-01 08:00,0.284
2017-05-01 09:00,0.317
2017-05-01 10:00,0.368
2017-05-01 11:00,0.404
2017-05-01 12:00,0.416
2017-05-01 13:00,0.418
2017-05-01 14:00,0.434
2017-05-01 15:00,0.460
2017-05-01 16:00,0.492
2017-05-01 17:00,0.492
2017-05-01 18:00,0.455
2017-05-01 19:00,0.473
2017-05-01 20:00,0.481
2017-05-01 21:00,0.447
2017-05-01 22:00,0.356
2017-05-01 23:00,0.262
2017-05-02 00:00,0.200
2017-05-02 01:00,0.172
2017-05-02 02:00,0.150
2017-05-02 03:00,0.116
2017-05-02 04:00,0.088
2017-05-02 05:00,0.067
2017-05-02 06:00,0.057
2017-05-02 07:00,0.063
2017-05-02 08:00,0.070
2017-05-02 09:00,0.082
2017-05-02 10:00,0.114
2017-05-02 11:00,0.165
2017-05-02 12:00,0.230
2017-05-02 13:00,0.303
2017-05-02 14:00,0.386
2017-05-02 15:00,0.452
2017-05-02 16:00,0.493
2017-05-02 17:00,0.505
2017-05-02 18:00,0.473
2017-05-02 19:00,0.451
2017-05-02 20:00,0.423
2017-05-02 21:00,0.417
2017-05-02 22:00,0.370
2017-05-02 23:00,0.380
2017-05-03 00:00,0.400
2017-05-03 01:00,0.387
2017-05-03 02:00,0.402
2017-05-03 03:00,0.449
2017-05-03 04:00,0.446
2017-05-03 05:00,0.466
2017-05-03 06:00,0.396
2017-05-03 07:00,0.663
2017-05-03 08:00,0.804
2017-05-03 09:00,0.857
2017-05-03 10:00,0.875
2017-05-03 11:00,0.867
2017-05-03 12:00,0.840
2017-05-03 13:00,0.804
2017-05-03 14:00,0.775
2017-05-03 15:00,0.757
2017-05-03 16:00,0.745
2017-05-03 17:00,0.711
2017-05-03 18:00,0.628
2017-05-03 19:00,0.555
2017-05-03 20:00,0.518
2017-05-03 21:00,0.486
2017-05-03 22:00,0.476
2017-05-03 23:00,0.493
2017-05-04 00:00,0.476
2017-05-04 01:00,0.444
2017-05-04 02:00,0.475
2017-05-04 03:00,0.483
2017-05-04 04:00,0.532
2017-05-04 05:00,0.546
2017-05-04 06:00,0.565
2017-05-04 07:00,0.733
2017-05-04 08:00,0.826
2017-05-04 09:00,0.874
2017-05-04 10:00,0.897
2017-05-04 11:00,0.901
2017-05-04 12:00,0.884
2017-05-04 13:00,0.853
2017-05-04 14:00,0.815
2017-05-04 15:00,0.791
2017-05-04 16:00,0.774
2017-05-04 17:00,0.752
2017-05-04 18:00,0.697
2017-05-04 19:00,0.654
2017-05-04 20:00,0.583
2017-05-04 21:00,0.562
2017-05-04 22:00,0.541
2017-05-04 23:00,0.523
2017-05-05 00:00,0.490
2017-05-05 01:00,0.473
2017-05-05 02:00,0.477
2017-05-05 03:00,0.473
2017-05-05 04:00,0.458
2017-05-05 05:00,0.452
2017-05-05 06:00,0.446
2017-05-05 07:00,0.585
2017-05-05 08:00,0.666
2017-05-05 09:00,0.654
2017-05-05 10:00,0.644
2017-05-05 11:00,0.642
2017-05-05 12:00,0.649
2017-05-05 13:00,0.675
2017-05-05 14:00,0.695
2017-05-05 15:00,0.711
2017-05-05 16:00,0.729
2017-05-05 17:00,0.723
2017-05-05 18:00,0.666
2017-05-05 19:00,0.609
2017-05-05 20:00,0.569
2017-05-05 21:00,0.546
2017-05-05 22:00,0.524
2017-05-05 23:00,0.531
2017-05-06 00:00,0.512
2017-05-06 01:00,0.442
2017-05-06 02:00,0.401
2017-05-06 03:00,0.356
2017-05-06 04:00,0.352
2017-05-06 05:00,0.365
2017-05-06 06:00,0.457
2017-05-06 07:00,0.580
2017-05-06 08:00,0.581
2017-05-06 09:00,0.572
2017-05-06 10:00,0.555
2017-05-06 11:00,0.539
2017-05-06 12:00,0.520
2017-05-06 13:00,0.499
2017-05-06 14:00,0.472
2017-05-06 15:00,0.433
2017-05-06 16:00,0.390
2017-05-06 17:00,0.340
2017-05-06 18:00,0.259
2017-05-06 19:00,0.227
2017-05-06 20:00,0.232
2017-05-06 21:00,0.224
2017-05-06 22:00,0.230
2017-05-06 23:00,0.232
2017-05-07 00:00,0.206
2017-05-07 01:00,0.162
2017-05-07 02:00,0.149
2017-05-07 03:00,0.155
2017-05-07 04:00,0.174
2017-05-07 05:00,0.158
2017-05-07 06:00,0.141
2017-05-07 07:00,0.169
2017-05-07 08:00,0.202
2017-05-07 09:00,0.198
2017-05-07 10:00,0.203
2017-05-07 11:00,0.223
2017-05-07 12:00,0.251
2017-05-07 13:00,0.276
2017-05-07 14:00,0.311
2017-05-07 15:00,0.345
2017-05-07 16:00,0.382
2017-05-07 17:00,0.406
2017-05-07 18:00,0.397
2017-05-07 19:00,0.371
2017-05-07 20:00,0.332
2017-05-07 21:00,0.334
2017-05-07 22:00,0.387
2017-05-07 23:00,0.483
2017-05-08 00:00,0.516
2017-05-08 01:00,0.553
2017-05-08 02:00,0.581
2017-05-08 03:00,0.600
2017-05-08 04:00,0.603
2017-05-08 05:00,0.585
2017-05-08 06:00,0.645
2017-05-08 07:00,0.653
2017-05-08 08:00,0.643
2017-05-08 09:00,0.618
2017-05-08 10:00,0.591
2017-05-08 11:00,0.572
2017-05-08 12:00,0.562
2017-05-08 13:00,0.557
2017-05-08 14:00,0.548
2017-05-08 15:00,0.528
2017-05-08 16:00,0.513
2017-05-08 17:00,0.494
2017-05-08 18:00,0.449
2017-05-08 19:00,0.410
2017-05-08 20:00,0.400
2017-05-08 21:00,0.367
2017-05-08 22:00,0.358
2017-05-08 23:00,0.320
2017-05-09 00:00,0.276
2017-05-09 01:00,0.248
2017-05-09 02:00,0.230
2017-05-09 03:00,0.217
2017-05-09 04:00,0.203
2017-05-09 05:00,0.154
2017-05-09 06:00,0.121
2017-05-09 07:00,0.089
2017-05-09 08:00,0.067
2017-05-09 09:00,0.048
2017-05-09 10:00,0.032
2017-05-09 11:00,0.019
2017-05-09 12:00,0.011
2017-05-09 13:00,0.009
2017-05-09 14:00,0.012
2017-05-09 15:00,0.016
2017-05-09 16:00,0.019
2017-05-09 17:00,0.020
2017-05-09 18:00,0.019
2017-05-09 19:00,0.035
2017-05-09 20:00,0.056
2017-05-09 21:00,0.075
2017-05-09 22:00,0.096
2017-05-09 23:00,0.120
2017-05-10 00:00,0.143
2017-05-10 01:00,0.163
2017-05-10 02:00,0.173
2017-05-10 03:00,0.180
2017-05-10 04:00,0.179
2017-05-10 05:00,0.132
2017-05-10 06:00,0.075
2017-05-10 07:00,0.059
2017-05-10 08:00,0.036
2017-05-10 09:00,0.028
2017-05-10 10:00,0.026
2017-05-10 11:00,0.024
2017-05-10 12:00,0.026
2017-05-10 13:00,0.029
2017-05-10 14:00,0.033
2017-05-10 15:00,0.034
2017-05-10 16:00,0.032
2017-05-10 17:00,0.032
2017-05-10 18:00,0.047
2017-05-10 19:00,0.094
2017-05-10 20:00,0.181
2017-05-10 21:00,0.271
2017-05-10 22:00,0.321
2017-05-10 23:00,0.330
2017-05-11 00:00,0.322
2017-05-11 01:00,0.297
2017-05-11 02:00,0.238
2017-05-11 03:00,0.181
2017-05-11 04:00,0.154
2017-05-11 05:00,0.121
2017-05-11 06:00,0.125
2017-05-11 07:00,0.182
2017-05-11 08:00,0.238
2017-05-11 09:00,0.262
2017-05-11 10:00,0.270
2017-05-11 11:00,0.273
2017-05-11 12:00,0.279
2017-05-11 13:00,0.297
2017-05-11 14:00,0.322
2017-05-11 15:00,0.361
2017-05-11 16:00,0.423
2017-05-11 17:00,0.489
2017-05-11 18:00,0.532
2017-05-11 19:00,0.526
2017-05-11 20:00,0.457
2017-05-11 21:00,0.384
2017-05-11 22:00,0.332
2017-05-11 23:00,0.306
2017-05-12 00:00,0.276
2017-05-12 01:00,0.232
2017-05-12 02:00,0.194
2017-05-12 03:00,0.170
2017-05-12 04:00,0.153
2017-05-12 05:00,0.129
2017-05-12 06:00,0.119
2017-05-12 07:00,0.123
2017-05-12 08:00,0.135
2017-05-12 09:00,0.150
2017-05-12 10:00,0.161
2017-05-12 11:00,0.162
2017-05-12 12:00,0.152
2017-05-12 13:00,0.135
2017-05-12 14:00,0.123
2017-05-12 15:00,0.118
2017-05-12 16:00,0.115
2017-05-12 17:00,0.112
2017-05-12 18:00,0.132
2017-05-12 19:00,0.233
2017-05-12 20:00,0.349
2017-05-12 21:00,0.417
2017-05-12 22:00,0.446
2017-05-12 23:00,0.453
2017-05-13 00:00,0.457
2017-05-13 01:00,0.434
2017-05-13 02:00,0.429
2017-05-13 03:00,0.469
2017-05-13 04:00,0.493
2017-05-13 05:00,0.488
2017-05-13 06:00,0.550
2017-05-13 07:00,0.714
2017-05-13 08:00,0.750
2017-05-13 09:00,0.748
2017-05-13 10:00,0.713
2017-05-13 11:00,0.652
2017-05-13 12:00,0.587
2017-05-13 13:00,0.528
2017-05-13 14:00,0.474
2017-05-13 15:00,0.453
2017-05-13 16:00,0.439
2017-05-13 17:00,0.376
2017-05-13 18:00,0.358
2017-05-13 19:00,0.442
2017-05-13 20:00,0.541
2017-05-13 21:00,0.542
2017-05-13 22:00,0.506
2017-05-13 23:00,0.506
2017-05-14 00:00,0.523
2017-05-14 01:00,0.539
2017-05-14 02:00,0.494
2017-05-14 03:00,0.381
2017-05-14 04:00,0.338
2017-05-14 05:00,0.283
2017-05-14 06:00,0.279
2017-05-14 07:00,0.364
2017-05-14 08:00,0.396
2017-05-14 09:00,0.419
2017-05-14 10:00,0.429
2017-05-14 11:00,0.430
2017-05-14 12:00,0.439
2017-05-14 13:00,0.452
2017-05-14 14:00,0.440
2017-05-14 15:00,0.413
2017-05-14 16:00,0.370
2017-05-14 17:00,0.300
2017-05-14 18:00,0.231
2017-05-14 19:00,0.215
2017-05-14 20:00,0.205
2017-05-14 21:00,0.234
2017-05-14 22:00,0.273
2017-05-14 23:00,0.308
2017-05-15 00:00,0.333
2017-05-15 01:00,0.355
2017-05-15 02:00,0.393
2017-05-15 03:00,0.448
2017-05-15 04:00,0.483
2017-05-15 05:00,0.455
2017-05-15 06:00,0.536
2017-05-15 07:00,0.597
2017-05-15 08:00,0.675
2017-05-15 09:00,0.746
2017-05-15 10:00,0.781
2017-05-15 11:00,0.803
2017-05-15 12:00,0.803
2017-05-15 13:00,0.786
2017-05-15 14:00,0.765
2017-05-15 15:00,0.764
2017-05-15 16:00,0.783
2017-05-15 17:00,0.777
2017-05-15 18:00,0.772
2017-05-15 19:00,0.779
2017-05-15 20:00,0.775
2017-05-15 21:00,0.764
2017-05-15 22:00,0.761
2017-05-15 23:00,0.745
2017-05-16 00:00,0.726
2017-05-16 01:00,0.692
2017-05-16 02:00,0.666
2017-05-16 03:00,0.665
2017-05-16 04:00,0.657
2017-05-16 05:00,0.643
2017-05-16 06:00,0.637
2017-05-16 07:00,0.677
2017-05-16 08:00,0.734
2017-05-16 09:00,0.772
2017-05-16 10:00,0.808
2017-05-16 11:00,0.818
2017-05-16 12:00,0.833
2017-05-16 13:00,0.838
2017-05-16 14:00,0.824
2017-05-16 15:00,0.800
2017-05-16 16:00,0.739
2017-05-16 17:00,0.600
2017-05-16 18:00,0.450
2017-05-16 19:00,0.356
2017-05-16 20:00,0.297
2017-05-16 21:00,0.290
2017-05-16 22:00,0.322
2017-05-16 23:00,0.258
2017-05-17 00:00,0.271
2017-05-17 01:00,0.261
2017-05-17 02:00,0.240
2017-05-17 03:00,0.206
2017-05-17 04:00,0.166
2017-05-17 05:00,0.137
2017-05-17 06:00,0.086
2017-05-17 07:00,0.069
2017-05-17 08:00,0.052
2017-05-17 09:00,0.065
2017-05-17 10:00,0.085
2017-05-17 11:00,0.083
2017-05-17 12:00,0.080
2017-05-17 13:00,0.096
2017-05-17 14:00,0.123
2017-05-17 15:00,0.125
2017-05-17 16:00,0.102
2017-05-17 17:00,0.083
2017-05-17 18:00,0.083
2017-05-17 19:00,0.099
2017-05-17 20:00,0.133
2017-05-17 21:00,0.177
2017-05-17 22:00,0.227
2017-05-17 23:00,0.253
2017-05-18 00:00,0.258
2017-05-18 01:00,0.246
2017-05-18 02:00,0.232
2017-05-18 03:00,0.211
2017-05-18 04:00,0.183
2017-05-18 05:00,0.114
2017-05-18 06:00,0.069
2017-05-18 07:00,0.062
2017-05-18 08:00,0.067
2017-05-18 09:00,0.072
2017-05-18 10:00,0.071
2017-05-18 11:00,0.065
2017-05-18 12:00,0.055
2017-05-18 13:00,0.043
2017-05-18 14:00,0.036
2017-05-18 15:00,0.028
2017-05-18 16:00,0.029
2017-05-18 17:00,0.027
2017-05-18 18:00,0.034
2017-05-18 19:00,0.047
2017-05-18 20:00,0.068
2017-05-18 21:00,0.081
2017-05-18 22:00,0.116
2017-05-18 23:00,0.124
2017-05-19 00:00,0.114
2017-05-19 01:00,0.126
2017-05-19 02:00,0.149
2017-05-19 03:00,0.163
2017-05-19 04:00,0.174
2017-05-19 05:00,0.162
2017-05-19 06:00,0.137
2017-05-19 07:00,0.153
2017-05-19 08:00,0.166
2017-05-19 09:00,0.178
2017-05-19 10:00,0.173
2017-05-19 11:00,0.166
2017-05-19 12:00,0.155
2017-05-19 13:00,0.150
2017-05-19 14:00,0.146
2017-05-19 15:00,0.141
2017-05-19 16:00,0.123
2017-05-19 17:00,0.099
2017-05-19 18:00,0.071
2017-05-19 19:00,0.066
2017-05-19 20:00,0.064
2017-05-19 21:00,0.062
2017-05-19 22:00,0.077
2017-05-19 23:00,0.100
2017-05-20 00:00,0.136
2017-05-20 01:00,0.215
2017-05-20 02:00,0.266
2017-05-20 03:00,0.252
2017-05-20 04:00,0.212
2017-05-20 05:00,0.156
2017-05-20 06:00,0.146
2017-05-20 07:00,0.228
2017-05-20 08:00,0.312
2017-05-20 09:00,0.373
2017-05-20 10:00,0.421
2017-05-20 11:00,0.473
2017-05-20 12:00,0.517
2017-05-20 13:00,0.520
2017-05-20 14:00,0.477
2017-05-20 15:00,0.402
2017-05-20 16:00,0.352
2017-05-20 17:00,0.330
2017-05-20 18:00,0.258
2017-05-20 19:00,0.259
2017-05-20 20:00,0.322
2017-05-20 21:00,0.403
2017-05-20 22:00,0.452
2017-05-20 23:00,0.463
2017-05-21 00:00,0.451
2017-05-21 01:00,0.407
2017-05-21 02:00,0.349
2017-05-21 03:00,0.314
2017-05-21 04:00,0.289
2017-05-21 05:00,0.271
2017-05-21 06:00,0.239
2017-05-21 07:00,0.282
2017-05-21 08:00,0.342
2017-05-21 09:00,0.356
2017-05-21 10:00,0.352
2017-05-21 11:00,0.355
2017-05-21 12:00,0.361
2017-05-21 13:00,0.367
2017-05-21 14:00,0.378
2017-05-21 15:00,0.380
2017-05-21 16:00,0.355
2017-05-21 17:00,0.281
2017-05-21 18:00,0.232
2017-05-21 19:00,0.281
2017-05-21 20:00,0.354
2017-05-21 21:00,0.426
2017-05-21 22:00,0.468
2017-05-21 23:00,0.459
2017-05-22 00:00,0.419
2017-05-22 01:00,0.375
2017-05-22 02:00,0.347
2017-05-22 03:00,0.342
2017-05-22 04:00,0.333
2017-05-22 05:00,0.286
2017-05-22 06:00,0.229
2017-05-22 07:00,0.224
2017-05-22 08:00,0.323
2017-05-22 09:00,0.428
2017-05-22 10:00,0.452
2017-05-22 11:00,0.502
2017-05-22 12:00,0.558
2017-05-22 13:00,0.598
2017-05-22 14:00,0.603
2017-05-22 15:00,0.586
2017-05-22 16:00,0.483
2017-05-22 17:00,0.406
2017-05-22 18:00,0.418
2017-05-22 19:00,0.451
2017-05-22 20:00,0.479
2017-05-22 21:00,0.474
2017-05-22 22:00,0.450
2017-05-22 23:00,0.426
2017-05-23 00:00,0.396
2017-05-23 01:00,0.393
2017-05-23 02:00,0.380
2017-05-23 03:00,0.349
2017-05-23 04:00,0.327
2017-05-23 05:00,0.214
2017-05-23 06:00,0.158
2017-05-23 07:00,0.196
2017-05-23 08:00,0.259
2017-05-23 09:00,0.288
2017-05-23 10:00,0.285
2017-05-23 11:00,0.270
2017-05-23 12:00,0.281
2017-05-23 13:00,0.287
2017-05-23 14:00,0.303
2017-05-23 15:00,0.333
2017-05-23 16:00,0.325
2017-05-23 17:00,0.299
2017-05-23 18:00,0.243
2017-05-23 19:00,0.232
2017-05-23 20:00,0.247
2017-05-23 21:00,0.282
2017-05-23 22:00,0.360
2017-05-23 23:00,0.448
2017-05-24 00:00,0.492
2017-05-24 01:00,0.501
2017-05-24 02:00,0.510
2017-05-24 03:00,0.523
2017-05-24 04:00,0.473
2017-05-24 05:00,0.317
2017-05-24 06:00,0.248
2017-05-24 07:00,0.277
2017-05-24 08:00,0.211
2017-05-24 09:00,0.173
2017-05-24 10:00,0.156
2017-05-24 11:00,0.148
2017-05-24 12:00,0.151
2017-05-24 13:00,0.158
2017-05-24 14:00,0.166
2017-05-24 15:00,0.169
2017-05-24 16:00,0.167
2017-05-24 17:00,0.149
2017-05-24 18:00,0.126
2017-05-24 19:00,0.124
2017-05-24 20:00,0.118
2017-05-24 21:00,0.103
2017-05-24 22:00,0.093
2017-05-24 23:00,0.087
2017-05-25 00:00,0.085
2017-05-25 01:00,0.084
2017-05-25 02:00,0.082
2017-05-25 03:00,0.083
2017-05-25 04:00,0.085
2017-05-25 05:00,0.071
2017-05-25 06:00,0.036
2017-05-25 07:00,0.018
2017-05-25 08:00,0.015
2017-05-25 09:00,0.019
2017-05-25 10:00,0.023
2017-05-25 11:00,0.029
2017-05-25 12:00,0.038
2017-05-25 13:00,0.050
2017-05-25 14:00,0.068
2017-05-25 15:00,0.096
2017-05-25 16:00,0.136
2017-05-25 17:00,0.187
2017-05-25 18:00,0.259
2017-05-25 19:00,0.388
2017-05-25 20:00,0.505
2017-05-25 21:00,0.490
2017-05-25 22:00,0.447
2017-05-25 23:00,0.434
2017-05-26 00:00,0.408
2017-05-26 01:00,0.380
2017-05-26 02:00,0.365
2017-05-26 03:00,0.374
2017-05-26 04:00,0.372
2017-05-26 05:00,0.248
2017-05-26 06:00,0.170
2017-05-26 07:00,0.270
2017-05-26 08:00,0.393
2017-05-26 09:00,0.473
2017-05-26 10:00,0.531
2017-05-26 11:00,0.563
2017-05-26 12:00,0.568
2017-05-26 13:00,0.562
2017-05-26 14:00,0.553
2017-05-26 15:00,0.546
2017-05-26 16:00,0.539
2017-05-26 17:00,0.527
2017-05-26 18:00,0.499
2017-05-26 19:00,0.539
2017-05-26 20:00,0.546
2017-05-26 21:00,0.507
2017-05-26 22:00,0.455
2017-05-26 23:00,0.411
2017-05-27 00:00,0.403
2017-05-27 01:00,0.409
2017-05-27 02:00,0.426
2017-05-27 03:00,0.419
2017-05-27 04:00,0.380
2017-05-27 05:00,0.249
2017-05-27 06:00,0.185
2017-05-27 07:00,0.229
2017-05-27 08:00,0.318
2017-05-27 09:00,0.449
2017-05-27 10:00,0.541
2017-05-27 11:00,0.578
2017-05-27 12:00,0.628
2017-05-27 13:00,0.667
2017-05-27 14:00,0.729
2017-05-27 15:00,0.765
2017-05-27 16:00,0.765
2017-05-27 17:00,0.759
2017-05-27 18:00,0.706
2017-05-27 19:00,0.647
2017-05-27 20:00,0.663
2017-05-27 21:00,0.698
2017-05-27 22:00,0.706
2017-05-27 23:00,0.715
2017-05-28 00:00,0.729
2017-05-28 01:00,0.734
2017-05-28 02:00,0.703
2017-05-28 03:00,0.666
2017-05-28 04:00,0.609
2017-05-28 05:00,0.538
2017-05-28 06:00,0.550
2017-05-28 07:00,0.514
2017-05-28 08:00,0.442
2017-05-28 09:00,0.355
2017-05-28 10:00,0.291
2017-05-28 11:00,0.239
2017-05-28 12:00,0.160
2017-05-28 13:00,0.088
2017-05-28 14:00,0.050
2017-05-28 15:00,0.037
2017-05-28 16:00,0.039
2017-05-28 17:00,0.059
2017-05-28 18:00,0.120
2017-05-28 19:00,0.238
2017-05-28 20:00,0.361
2017-05-28 21:00,0.426
2017-05-28 22:00,0.433
2017-05-28 23:00,0.423
2017-05-29 00:00,0.418
2017-05-29 01:00,0.352
2017-05-29 02:00,0.289
2017-05-29 03:00,0.304
2017-05-29 04:00,0.338
2017-05-29 05:00,0.360
2017-05-29 06:00,0.413
2017-05-29 07:00,0.393
2017-05-29 08:00,0.359
2017-05-29 09:00,0.303
2017-05-29 10:00,0.248
2017-05-29 11:00,0.204
2017-05-29 12:00,0.166
2017-05-29 13:00,0.134
2017-05-29 14:00,0.118
2017-05-29 15:00,0.114
2017-05-29 16:00,0.109
2017-05-29 17:00,0.105
2017-05-29 18:00,0.098
2017-05-29 19:00,0.090
2017-05-29 20:00,0.084
2017-05-29 21:00,0.062
2017-05-29 22:00,0.037
2017-05-29 23:00,0.025
2017-05-30 00:00,0.051
2017-05-30 01:00,0.093
2017-05-30 02:00,0.132
2017-05-30 03:00,0.159
2017-05-30 04:00,0.181
2017-05-30 05:00,0.175
2017-05-30 06:00,0.173
2017-05-30 07:00,0.221
2017-05-30 08:00,0.290
2017-05-30 09:00,0.365
2017-05-30 10:00,0.429
2017-05-30 11:00,0.499
2017-05-30 12:00,0.574
2017-05-30 13:00,0.639
2017-05-30 14:00,0.692
2017-05-30 15:00,0.711
2017-05-30 16:00,0.692
2017-05-30 17:00,0.650
2017-05-30 18:00,0.528
2017-05-30 19:00,0.432
2017-05-30 20:00,0.411
2017-05-30 21:00,0.396
2017-05-30 22:00,0.367
2017-05-30 23:00,0.321
2017-05-31 00:00,0.281
2017-05-31 01:00,0.248
2017-05-31 02:00,0.223
2017-05-31 03:00,0.204
2017-05-31 04:00,0.165
2017-05-31 05:00,0.072
2017-05-31 06:00,0.032
2017-05-31 07:00,0.009
2017-05-31 08:00,0.006
2017-05-31 09:00,0.014
2017-05-31 10:00,0.026
2017-05-31 11:00,0.036
2017-05-31 12:00,0.043
2017-05-31 13:00,0.047
2017-05-31 14:00,0.051
2017-05-31 15:00,0.057
2017-05-31 16:00,0.059
2017-05-31 17:00,0.060
2017-05-31 18:00,0.079
2017-05-31 19:00,0.139
2017-05-31 20:00,0.248
2017-05-31 21:00,0.321
2017-05-31 22:00,0.329
2017-05-31 23:00,0.301
2017-06-01 00:00,0.270
2017-06-01 01:00,0.246
2017-06-01 02:00,0.239
2017-06-01 03:00,0.232
2017-06-01 04:00,0.222
2017-06-01 05:00,0.158
2017-06-01 06:00,0.148
2017-06-01 07:00,0.210
2017-06-01 08:00,0.272
2017-06-01 09:00,0.330
2017-06-01 10:00,0.368
2017-06-01 11:00,0.388
2017-06-01 12:00,0.390
2017-06-01 13:00,0.389
2017-06-01 14:00,0.381
2017-06-01 15:00,0.367
2017-06-01 16:00,0.338
2017-06-01 17:00,0.257
2017-06-01 18:00,0.203
2017-06-01 19:00,0.203
2017-06-01 20:00,0.217
2017-06-01 21:00,0.232
2017-06-01 22:00,0.235
2017-06-01 23:00,0.229
2017-06-02 00:00,0.215
2017-06-02 01:00,0.196
2017-06-02 02:00,0.176
2017-06-02 03:00,0.166
2017-06-02 04:00,0.157
2017-06-02 05:00,0.128
2017-06-02 06:00,0.105
2017-06-02 07:00,0.113
2017-06-02 08:00,0.126
2017-06-02 09:00,0.131
2017-06-02 10:00,0.115
2017-06-02 11:00,0.100
2017-06-02 12:00,0.092
2017-06-02 13:00,0.088
2017-06-02 14:00,0.078
2017-06-02 15:00,0.066
2017-06-02 16:00,0.057
2017-06-02 17:00,0.054
2017-06-02 18:00,0.062
2017-06-02 19:00,0.075
2017-06-02 20:00,0.101
2017-06-02 21:00,0.132
2017-06-02 22:00,0.171
2017-06-02 23:00,0.203
2017-06-03 00:00,0.217
2017-06-03 01:00,0.218
2017-06-03 02:00,0.209
2017-06-03 03:00,0.187
2017-06-03 04:00,0.151
2017-06-03 05:00,0.104
2017-06-03 06:00,0.087
2017-06-03 07:00,0.108
2017-06-03 08:00,0.146
2017-06-03 09:00,0.181
2017-06-03 10:00,0.204
2017-06-03 11:00,0.224
2017-06-03 12:00,0.241
2017-06-03 13:00,0.262
2017-06-03 14:00,0.285
2017-06-03 15:00,0.315
2017-06-03 16:00,0.330
2017-06-03 17:00,0.308
2017-06-03 18:00,0.288
2017-06-03 19:00,0.314
2017-06-03 20:00,0.374
2017-06-03 21:00,0.427
2017-06-03 22:00,0.438
2017-06-03 23:00,0.439
2017-06-04 00:00,0.442
2017-06-04 01:00,0.433
2017-06-04 02:00,0.411
2017-06-04 03:00,0.389
2017-06-04 04:00,0.338
2017-06-04 05:00,0.235
2017-06-04 06:00,0.255
2017-06-04 07:00,0.274
2017-06-04 08:00,0.310
2017-06-04 09:00,0.364
2017-06-04 10:00,0.416
2017-06-04 11:00,0.449
2017-06-04 12:00,0.466
2017-06-04 13:00,0.466
2017-06-04 14:00,0.447
2017-06-04 15:00,0.412
2017-06-04 16:00,0.360
2017-06-04 17:00,0.280
2017-06-04 18:00,0.200
2017-06-04 19:00,0.185
2017-06-04 20:00,0.214
2017-06-04 21:00,0.263
2017-06-04 22:00,0.309
2017-06-04 23:00,0.325
2017-06-05 00:00,0.317
2017-06-05 01:00,0.347
2017-06-05 02:00,0.395
2017-06-05 03:00,0.450
2017-06-05 04:00,0.479
2017-06-05 05:00,0.549
2017-06-05 06:00,0.701
2017-06-05 07:00,0.848
2017-06-05 08:00,0.889
2017-06-05 09:00,0.886
2017-06-05 10:00,0.879
2017-06-05 11:00,0.885
2017-06-05 12:00,0.888
2017-06-05 13:00,0.878
2017-06-05 14:00,0.846
2017-06-05 15:00,0.764
2017-06-05 16:00,0.704
2017-06-05 17:00,0.741
2017-06-05 18:00,0.802
2017-06-05 19:00,0.836
2017-06-05 20:00,0.857
2017-06-05 21:00,0.872
2017-06-05 22:00,0.853
2017-06-05 23:00,0.791
2017-06-06 00:00,0.697
2017-06-06 01:00,0.612
2017-06-06 02:00,0.505
2017-06-06 03:00,0.399
2017-06-06 04:00,0.255
2017-06-06 05:00,0.196
2017-06-06 06:00,0.278
2017-06-06 07:00,0.539
2017-06-06 08:00,0.744
2017-06-06 09:00,0.855
2017-06-06 10:00,0.919
2017-06-06 11:00,0.953
2017-06-06 12:00,0.974
2017-06-06 13:00,0.985
2017-06-06 14:00,0.989
2017-06-06 15:00,0.990
2017-06-06 16:00,0.991
2017-06-06 17:00,0.990
2017-06-06 18:00,0.989
2017-06-06 19:00,0.986
2017-06-06 20:00,0.984
2017-06-06 21:00,0.982
2017-06-06 22:00,0.980
2017-06-06 23:00,0.978
2017-06-07 00:00,0.978
2017-06-07 01:00,0.981
2017-06-07 02:00,0.985
2017-06-07 03:00,0.984
2017-06-07 04:00,0.977
2017-06-07 05:00,0.965
2017-06-07 06:00,0.959
2017-06-07 07:00,0.956
2017-06-07 08:00,0.954
2017-06-07 09:00,0.951
2017-06-07 10:00,0.945
2017-06-07 11:00,0.932
2017-06-07 12:00,0.914
2017-06-07 13:00,0.897
2017-06-07 14:00,0.865
2017-06-07 15:00,0.807
2017-06-07 16:00,0.729
2017-06-07 17:00,0.625
2017-06-07 18:00,0.497
2017-06-07 19:00,0.373
2017-06-07 20:00,0.260
2017-06-07 21:00,0.215
2017-06-07 22:00,0.261
2017-06-07 23:00,0.318
2017-06-08 00:00,0.348
2017-06-08 01:00,0.419
2017-06-08 02:00,0.385
2017-06-08 03:00,0.390
2017-06-08 04:00,0.367
2017-06-08 05:00,0.369
2017-06-08 06:00,0.423
2017-06-08 07:00,0.476
2017-06-08 08:00,0.632
2017-06-08 09:00,0.734
2017-06-08 10:00,0.793
2017-06-08 11:00,0.831
2017-06-08 12:00,0.864
2017-06-08 13:00,0.888
2017-06-08 14:00,0.894
2017-06-08 15:00,0.874
2017-06-08 16:00,0.840
2017-06-08 17:00,0.768
2017-06-08 18:00,0.761
2017-06-08 19:00,0.789
2017-06-08 20:00,0.773
2017-06-08 21:00,0.669
2017-06-08 22:00,0.574
2017-06-08 23:00,0.526
2017-06-09 00:00,0.485
2017-06-09 01:00,0.454
2017-06-09 02:00,0.429
2017-06-09 03:00,0.403
2017-06-09 04:00,0.348
2017-06-09 05:00,0.270
2017-06-09 06:00,0.393
2017-06-09 07:00,0.472
2017-06-09 08:00,0.454
2017-06-09 09:00,0.419
2017-06-09 10:00,0.393
2017-06-09 11:00,0.360
2017-06-09 12:00,0.367
2017-06-09 13:00,0.447
2017-06-09 14:00,0.475
2017-06-09 15:00,0.436
2017-06-09 16:00,0.394
2017-06-09 17:00,0.350
2017-06-09 18:00,0.280
2017-06-09 19:00,0.259
2017-06-09 20:00,0.255
2017-06-09 21:00,0.261
2017-06-09 22:00,0.269
2017-06-09 23:00,0.285
2017-06-10 00:00,0.314
2017-06-10 01:00,0.333
2017-06-10 02:00,0.339
2017-06-10 03:00,0.345
2017-06-10 04:00,0.348
2017-06-10 05:00,0.358
2017-06-10 06:00,0.410
2017-06-10 07:00,0.516
2017-06-10 08:00,0.761
2017-06-10 09:00,0.808
2017-06-10 10:00,0.815
2017-06-10 11:00,0.820
2017-06-10 12:00,0.825
2017-06-10 13:00,0.830
2017-06-10 14:00,0.832
2017-06-10 15:00,0.834
2017-06-10 16:00,0.817
2017-06-10 17:00,0.786
2017-06-10 18:00,0.779
2017-06-10 19:00,0.774
2017-06-10 20:00,0.750
2017-06-10 21:00,0.703
2017-06-10 22:00,0.652
2017-06-10 23:00,0.621
2017-06-11 00:00,0.613
2017-06-11 01:00,0.603
2017-06-11 02:00,0.591
2017-06-11 03:00,0.571
2017-06-11 04:00,0.537
2017-06-11 05:00,0.523
2017-06-11 06:00,0.632
2017-06-11 07:00,0.755
2017-06-11 08:00,0.824
2017-06-11 09:00,0.861
2017-06-11 10:00,0.879
2017-06-11 11:00,0.896
2017-06-11 12:00,0.912
2017-06-11 13:00,0.926
2017-06-11 14:00,0.933
2017-06-11 15:00,0.934
2017-06-11 16:00,0.930
2017-06-11 17:00,0.921
2017-06-11 18:00,0.910
2017-06-11 19:00,0.890
2017-06-11 20:00,0.873
2017-06-11 21:00,0.871
2017-06-11 22:00,0.862
2017-06-11 23:00,0.849
2017-06-12 00:00,0.837
2017-06-12 01:00,0.824
2017-06-12 02:00,0.814
2017-06-12 03:00,0.795
2017-06-12 04:00,0.785
2017-06-12 05:00,0.794
2017-06-12 06:00,0.817
2017-06-12 07:00,0.850
2017-06-12 08:00,0.870
2017-06-12 09:00,0.892
2017-06-12 10:00,0.897
2017-06-12 11:00,0.894
2017-06-12 12:00,0.890
2017-06-12 13:00,0.877
2017-06-12 14:00,0.861
2017-06-12 15:00,0.817
2017-06-12 16:00,0.744
2017-06-12 17:00,0.663
2017-06-12 18:00,0.542
2017-06-12 19:00,0.466
2017-06-12 20:00,0.416
2017-06-12 21:00,0.396
2017-06-12 22:00,0.380
2017-06-12 23:00,0.362
2017-06-13 00:00,0.348
2017-06-13 01:00,0.325
2017-06-13 02:00,0.302
2017-06-13 03:00,0.276
2017-06-13 04:00,0.243
2017-06-13 05:00,0.180
2017-06-13 06:00,0.160
2017-06-13 07:00,0.178
2017-06-13 08:00,0.192
2017-06-13 09:00,0.205
2017-06-13 10:00,0.214
2017-06-13 11:00,0.222
2017-06-13 12:00,0.214
2017-06-13 13:00,0.195
2017-06-13 14:00,0.166
2017-06-13 15:00,0.143
2017-06-13 16:00,0.123
2017-06-13 17:00,0.108
2017-06-13 18:00,0.102
2017-06-13 19:00,0.100
2017-06-13 20:00,0.091
2017-06-13 21:00,0.070
2017-06-13 22:00,0.053
2017-06-13 23:00,0.049
2017-06-14 00:00,0.046
2017-06-14 01:00,0.045
2017-06-14 02:00,0.042
2017-06-14 03:00,0.047
2017-06-14 04:00,0.061
2017-06-14 05:00,0.057
2017-06-14 06:00,0.039
2017-06-14 07:00,0.096
2017-06-14 08:00,0.135
2017-06-14 09:00,0.156
2017-06-14 10:00,0.179
2017-06-14 11:00,0.211
2017-06-14 12:00,0.258
2017-06-14 13:00,0.305
2017-06-14 14:00,0.341
2017-06-14 15:00,0.344
2017-06-14 16:00,0.295
2017-06-14 17:00,0.268
2017-06-14 18:00,0.285
2017-06-14 19:00,0.322
2017-06-14 20:00,0.360
2017-06-14 21:00,0.373
2017-06-14 22:00,0.348
2017-06-14 23:00,0.348
2017-06-15 00:00,0.352
2017-06-15 01:00,0.353
2017-06-15 02:00,0.358
2017-06-15 03:00,0.364
2017-06-15 04:00,0.351
2017-06-15 05:00,0.227
2017-06-15 06:00,0.321
2017-06-15 07:00,0.467
2017-06-15 08:00,0.574
2017-06-15 09:00,0.633
2017-06-15 10:00,0.711
2017-06-15 11:00,0.756
2017-06-15 12:00,0.750
2017-06-15 13:00,0.732
2017-06-15 14:00,0.732
2017-06-15 15:00,0.733
2017-06-15 16:00,0.757
2017-06-15 17:00,0.746
2017-06-15 18:00,0.686
2017-06-15 19:00,0.666
2017-06-15 20:00,0.691
2017-06-15 21:00,0.685
2017-06-15 22:00,0.638
2017-06-15 23:00,0.624
2017-06-16 00:00,0.625
2017-06-16 01:00,0.625
2017-06-16 02:00,0.620
2017-06-16 03:00,0.609
2017-06-16 04:00,0.591
2017-06-16 05:00,0.518
2017-06-16 06:00,0.594
2017-06-16 07:00,0.604
2017-06-16 08:00,0.596
2017-06-16 09:00,0.559
2017-06-16 10:00,0.510
2017-06-16 11:00,0.487
2017-06-16 12:00,0.480
2017-06-16 13:00,0.471
2017-06-16 14:00,0.466
2017-06-16 15:00,0.479
2017-06-16 16:00,0.486
2017-06-16 17:00,0.469
2017-06-16 18:00,0.393
2017-06-16 19:00,0.357
2017-06-16 20:00,0.390
2017-06-16 21:00,0.453
2017-06-16 22:00,0.480
2017-06-16 23:00,0.479
2017-06-17 00:00,0.470
2017-06-17 01:00,0.471
2017-06-17 02:00,0.490
2017-06-17 03:00,0.469
2017-06-17 04:00,0.395
2017-06-17 05:00,0.246
2017-06-17 06:00,0.238
2017-06-17 07:00,0.282
2017-06-17 08:00,0.287
2017-06-17 09:00,0.289
2017-06-17 10:00,0.285
2017-06-17 11:00,0.275
2017-06-17 12:00,0.264
2017-06-17 13:00,0.252
2017-06-17 14:00,0.239
2017-06-17 15:00,0.231
2017-06-17 16:00,0.221
2017-06-17 17:00,0.202
2017-06-17 18:00,0.181
2017-06-17 19:00,0.185
2017-06-17 20:00,0.199
2017-06-17 21:00,0.198
2017-06-17 22:00,0.191
2017-06-17 23:00,0.179
2017-06-18 00:00,0.163
2017-06-18 01:00,0.156
2017-06-18 02:00,0.157
2017-06-18 03:00,0.154
2017-06-18 04:00,0.136
2017-06-18 05:00,0.083
2017-06-18 06:00,0.037
2017-06-18 07:00,0.040
2017-06-18 08:00,0.063
2017-06-18 09:00,0.090
2017-06-18 10:00,0.107
2017-06-18 11:00,0.119
2017-06-18 12:00,0.123
2017-06-18 13:00,0.123
2017-06-18 14:00,0.121
2017-06-18 15:00,0.118
2017-06-18 16:00,0.110
2017-06-18 17:00,0.101
2017-06-18 18:00,0.092
2017-06-18 19:00,0.099
2017-06-18 20:00,0.118
2017-06-18 21:00,0.129
2017-06-18 22:00,0.130
2017-06-18 23:00,0.119
2017-06-19 00:00,0.100
2017-06-19 01:00,0.079
2017-06-19 02:00,0.060
2017-06-19 03:00,0.043
2017-06-19 04:00,0.031
2017-06-19 05:00,0.021
2017-06-19 06:00,0.015
2017-06-19 07:00,0.015
2017-06-19 08:00,0.033
2017-06-19 09:00,0.049
2017-06-19 10:00,0.060
2017-06-19 11:00,0.068
2017-06-19 12:00,0.071
2017-06-19 13:00,0.077
2017-06-19 14:00,0.084
2017-06-19 15:00,0.091
2017-06-19 16:00,0.112
2017-06-19 17:00,0.149
2017-06-19 18:00,0.217
2017-06-19 19:00,0.314
2017-06-19 20:00,0.377
2017-06-19 21:00,0.366
2017-06-19 22:00,0.324
2017-06-19 23:00,0.287
2017-06-20 00:00,0.268
2017-06-20 01:00,0.253
2017-06-20 02:00,0.251
2017-06-20 03:00,0.262
2017-06-20 04:00,0.248
2017-06-20 05:00,0.225
2017-06-20 06:00,0.265
2017-06-20 07:00,0.257
2017-06-20 08:00,0.227
2017-06-20 09:00,0.196
2017-06-20 10:00,0.169
2017-06-20 11:00,0.152
2017-06-20 12:00,0.140
2017-06-20 13:00,0.133
2017-06-20 14:00,0.127
2017-06-20 15:00,0.129
2017-06-20 16:00,0.156
2017-06-20 17:00,0.223
2017-06-20 18:00,0.299
2017-06-20 19:00,0.335
2017-06-20 20:00,0.353
2017-06-20 21:00,0.321
2017-06-20 22:00,0.241
2017-06-20 23:00,0.206
2017-06-21 00:00,0.205
2017-06-21 01:00,0.212
2017-06-21 02:00,0.239
2017-06-21 03:00,0.268
2017-06-21 04:00,0.276
2017-06-21 05:00,0.262
2017-06-21 06:00,0.234
2017-06-21 07:00,0.204
2017-06-21 08:00,0.161
2017-06-21 09:00,0.121
2017-06-21 10:00,0.159
2017-06-21 11:00,0.246
2017-06-21 12:00,0.284
2017-06-21 13:00,0.251
2017-06-21 14:00,0.213
2017-06-21 15:00,0.190
2017-06-21 16:00,0.160
2017-06-21 17:00,0.168
2017-06-21 18:00,0.299
2017-06-21 19:00,0.397
2017-06-21 20:00,0.390
2017-06-21 21:00,0.373
2017-06-21 22:00,0.401
2017-06-21 23:00,0.444
2017-06-22 00:00,0.451
2017-06-22 01:00,0.444
2017-06-22 02:00,0.452
2017-06-22 03:00,0.437
2017-06-22 04:00,0.356
2017-06-22 05:00,0.244
2017-06-22 06:00,0.236
2017-06-22 07:00,0.248
2017-06-22 08:00,0.289
2017-06-22 09:00,0.362
2017-06-22 10:00,0.439
2017-06-22 11:00,0.510
2017-06-22 12:00,0.549
2017-06-22 13:00,0.594
2017-06-22 14:00,0.671
2017-06-22 15:00,0.673
2017-06-22 16:00,0.609
2017-06-22 17:00,0.549
2017-06-22 18:00,0.489
2017-06-22 19:00,0.400
2017-06-22 20:00,0.329
2017-06-22 21:00,0.296
2017-06-22 22:00,0.304
2017-06-22 23:00,0.341
2017-06-23 00:00,0.380
2017-06-23 01:00,0.406
2017-06-23 02:00,0.429
2017-06-23 03:00,0.417
2017-06-23 04:00,0.449
2017-06-23 05:00,0.450
2017-06-23 06:00,0.562
2017-06-23 07:00,0.710
2017-06-23 08:00,0.783
2017-06-23 09:00,0.829
2017-06-23 10:00,0.843
2017-06-23 11:00,0.836
2017-06-23 12:00,0.831
2017-06-23 13:00,0.822
2017-06-23 14:00,0.799
2017-06-23 15:00,0.783
2017-06-23 16:00,0.770
2017-06-23 17:00,0.719
2017-06-23 18:00,0.617
2017-06-23 19:00,0.570
2017-06-23 20:00,0.595
2017-06-23 21:00,0.612
2017-06-23 22:00,0.614
2017-06-23 23:00,0.595
2017-06-24 00:00,0.571
2017-06-24 01:00,0.572
2017-06-24 02:00,0.565
2017-06-24 03:00,0.550
2017-06-24 04:00,0.491
2017-06-24 05:00,0.432
2017-06-24 06:00,0.507
2017-06-24 07:00,0.546
2017-06-24 08:00,0.562
2017-06-24 09:00,0.562
2017-06-24 10:00,0.587
2017-06-24 11:00,0.636
2017-06-24 12:00,0.669
2017-06-24 13:00,0.692
2017-06-24 14:00,0.707
2017-06-24 15:00,0.719
2017-06-24 16:00,0.719
2017-06-24 17:00,0.693
2017-06-24 18:00,0.599
2017-06-24 19:00,0.510
2017-06-24 20:00,0.492
2017-06-24 21:00,0.488
2017-06-24 22:00,0.500
2017-06-24 23:00,0.486
2017-06-25 00:00,0.453
2017-06-25 01:00,0.410
2017-06-25 02:00,0.426
2017-06-25 03:00,0.403
2017-06-25 04:00,0.348
2017-06-25 05:00,0.343
2017-06-25 06:00,0.405
2017-06-25 07:00,0.403
2017-06-25 08:00,0.415
2017-06-25 09:00,0.433
2017-06-25 10:00,0.448
2017-06-25 11:00,0.453
2017-06-25 12:00,0.474
2017-06-25 13:00,0.524
2017-06-25 14:00,0.542
2017-06-25 15:00,0.572
2017-06-25 16:00,0.620
2017-06-25 17:00,0.627
2017-06-25 18:00,0.574
2017-06-25 19:00,0.478
2017-06-25 20:00,0.430
2017-06-25 21:00,0.432
2017-06-25 22:00,0.426
2017-06-25 23:00,0.403
2017-06-26 00:00,0.388
2017-06-26 01:00,0.375
2017-06-26 02:00,0.345
2017-06-26 03:00,0.285
2017-06-26 04:00,0.207
2017-06-26 05:00,0.112
2017-06-26 06:00,0.100
2017-06-26 07:00,0.082
2017-06-26 08:00,0.067
2017-06-26 09:00,0.053
2017-06-26 10:00,0.037
2017-06-26 11:00,0.021
2017-06-26 12:00,0.014
2017-06-26 13:00,0.014
2017-06-26 14:00,0.013
2017-06-26 15:00,0.011
2017-06-26 16:00,0.007
2017-06-26 17:00,0.012
2017-06-26 18:00,0.037
2017-06-26 19:00,0.102
2017-06-26 20:00,0.220
2017-06-26 21:00,0.304
2017-06-26 22:00,0.340
2017-06-26 23:00,0.344
2017-06-27 00:00,0.338
2017-06-27 01:00,0.355
2017-06-27 02:00,0.374
2017-06-27 03:00,0.400
2017-06-27 04:00,0.442
2017-06-27 05:00,0.429
2017-06-27 06:00,0.390
2017-06-27 07:00,0.390
2017-06-27 08:00,0.391
2017-06-27 09:00,0.390
2017-06-27 10:00,0.374
2017-06-27 11:00,0.348
2017-06-27 12:00,0.334
2017-06-27 13:00,0.331
2017-06-27 14:00,0.342
2017-06-27 15:00,0.351
2017-06-27 16:00,0.354
2017-06-27 17:00,0.353
2017-06-27 18:00,0.339
2017-06-27 19:00,0.340
2017-06-27 20:00,0.360
2017-06-27 21:00,0.354
2017-06-27 22:00,0.334
2017-06-27 23:00,0.351
2017-06-28 00:00,0.371
2017-06-28 01:00,0.356
2017-06-28 02:00,0.383
2017-06-28 03:00,0.410
2017-06-28 04:00,0.422
2017-06-28 05:00,0.457
2017-06-28 06:00,0.466
2017-06-28 07:00,0.486
2017-06-28 08:00,0.600
2017-06-28 09:00,0.645
2017-06-28 10:00,0.653
2017-06-28 11:00,0.652
2017-06-28 12:00,0.658
2017-06-28 13:00,0.677
2017-06-28 14:00,0.689
2017-06-28 15:00,0.685
2017-06-28 16:00,0.669
2017-06-28 17:00,0.656
2017-06-28 18:00,0.651
2017-06-28 19:00,0.680
2017-06-28 20:00,0.715
2017-06-28 21:00,0.736
2017-06-28 22:00,0.752
2017-06-28 23:00,0.762
2017-06-29 00:00,0.755
2017-06-29 01:00,0.741
2017-06-29 02:00,0.733
2017-06-29 03:00,0.710
2017-06-29 04:00,0.663
2017-06-29 05:00,0.632
2017-06-29 06:00,0.583
2017-06-29 07:00,0.571
2017-06-29 08:00,0.549
2017-06-29 09:00,0.502
2017-06-29 10:00,0.413
2017-06-29 11:00,0.306
2017-06-29 12:00,0.224
2017-06-29 13:00,0.172
2017-06-29 14:00,0.151
2017-06-29 15:00,0.149
2017-06-29 16:00,0.143
2017-06-29 17:00,0.129
2017-06-29 18:00,0.123
2017-06-29 19:00,0.140
2017-06-29 20:00,0.158
2017-06-29 21:00,0.160
2017-06-29 22:00,0.156
2017-06-29 23:00,0.149
2017-06-30 00:00,0.147
2017-06-30 01:00,0.155
2017-06-30 02:00,0.164
2017-06-30 03:00,0.161
2017-06-30 04:00,0.146
2017-06-30 05:00,0.120
2017-06-30 06:00,0.095
2017-06-30 07:00,0.101
2017-06-30 08:00,0.120
2017-06-30 09:00,0.149
2017-06-30 10:00,0.188
2017-06-30 11:00,0.245
2017-06-30 12:00,0.309
2017-06-30 13:00,0.359
2017-06-30 14:00,0.386
2017-06-30 15:00,0.384
2017-06-30 16:00,0.378
2017-06-30 17:00,0.359
2017-06-30 18:00,0.320
2017-06-30 19:00,0.335
2017-06-30 20:00,0.393
2017-06-30 21:00,0.383
2017-06-30 22:00,0.382
2017-06-30 23:00,0.377
2017-07-01 00:00,0.352
2017-07-01 01:00,0.355
2017-07-01 02:00,0.354
2017-07-01 03:00,0.327
2017-07-01 04:00,0.266
2017-07-01 05:00,0.183
2017-07-01 06:00,0.199
2017-07-01 07:00,0.211
2017-07-01 08:00,0.204
2017-07-01 09:00,0.224
2017-07-01 10:00,0.285
2017-07-01 11:00,0.386
2017-07-01 12:00,0.483
2017-07-01 13:00,0.562
2017-07-01 14:00,0.620
2017-07-01 15:00,0.646
2017-07-01 16:00,0.637
2017-07-01 17:00,0.591
2017-07-01 18:00,0.510
2017-07-01 19:00,0.481
2017-07-01 20:00,0.499
2017-07-01 21:00,0.488
2017-07-01 22:00,0.468
2017-07-01 23:00,0.475
2017-07-02 00:00,0.507
2017-07-02 01:00,0.548
2017-07-02 02:00,0.550
2017-07-02 03:00,0.569
2017-07-02 04:00,0.545
2017-07-02 05:00,0.521
2017-07-02 06:00,0.600
2017-07-02 07:00,0.581
2017-07-02 08:00,0.547
2017-07-02 09:00,0.506
2017-07-02 10:00,0.478
2017-07-02 11:00,0.467
2017-07-02 12:00,0.470
2017-07-02 13:00,0.468
2017-07-02 14:00,0.450
2017-07-02 15:00,0.439
2017-07-02 16:00,0.405
2017-07-02 17:00,0.352
2017-07-02 18:00,0.255
2017-07-02 19:00,0.158
2017-07-02 20:00,0.135
2017-07-02 21:00,0.181
2017-07-02 22:00,0.285
2017-07-02 23:00,0.290
2017-07-03 00:00,0.311
2017-07-03 01:00,0.394
2017-07-03 02:00,0.412
2017-07-03 03:00,0.362
2017-07-03 04:00,0.358
2017-07-03 05:00,0.377
2017-07-03 06:00,0.313
2017-07-03 07:00,0.281
2017-07-03 08:00,0.312
2017-07-03 09:00,0.347
2017-07-03 10:00,0.387
2017-07-03 11:00,0.443
2017-07-03 12:00,0.487
2017-07-03 13:00,0.511
2017-07-03 14:00,0.526
2017-07-03 15:00,0.520
2017-07-03 16:00,0.497
2017-07-03 17:00,0.383
2017-07-03 18:00,0.259
2017-07-03 19:00,0.203
2017-07-03 20:00,0.204
2017-07-03 21:00,0.185
2017-07-03 22:00,0.150
2017-07-03 23:00,0.114
2017-07-04 00:00,0.072
2017-07-04 01:00,0.035
2017-07-04 02:00,0.024
2017-07-04 03:00,0.027
2017-07-04 04:00,0.052
2017-07-04 05:00,0.080
2017-07-04 06:00,0.104
2017-07-04 07:00,0.140
2017-07-04 08:00,0.176
2017-07-04 09:00,0.184
2017-07-04 10:00,0.191
2017-07-04 11:00,0.221
2017-07-04 12:00,0.279
2017-07-04 13:00,0.356
2017-07-04 14:00,0.380
2017-07-04 15:00,0.355
2017-07-04 16:00,0.314
2017-07-04 17:00,0.260
2017-07-04 18:00,0.209
2017-07-04 19:00,0.210
2017-07-04 20:00,0.226
2017-07-04 21:00,0.268
2017-07-04 22:00,0.307
2017-07-04 23:00,0.299
2017-07-05 00:00,0.257
2017-07-05 01:00,0.218
2017-07-05 02:00,0.181
2017-07-05 03:00,0.153
2017-07-05 04:00,0.123
2017-07-05 05:00,0.070
2017-07-05 06:00,0.047
2017-07-05 07:00,0.039
2017-07-05 08:00,0.038
2017-07-05 09:00,0.038
2017-07-05 10:00,0.034
2017-07-05 11:00,0.024
2017-07-05 12:00,0.021
2017-07-05 13:00,0.019
2017-07-05 14:00,0.018
2017-07-05 15:00,0.019
2017-07-05 16:00,0.018
2017-07-05 17:00,0.024
2017-07-05 18:00,0.061
2017-07-05 19:00,0.145
2017-07-05 20:00,0.249
2017-07-05 21:00,0.276
2017-07-05 22:00,0.265
2017-07-05 23:00,0.254
2017-07-06 00:00,0.245
2017-07-06 01:00,0.246
2017-07-06 02:00,0.253
2017-07-06 03:00,0.263
2017-07-06 04:00,0.229
2017-07-06 05:00,0.147
2017-07-06 06:00,0.154
2017-07-06 07:00,0.187
2017-07-06 08:00,0.209
2017-07-06 09:00,0.211
2017-07-06 10:00,0.204
2017-07-06 11:00,0.194
2017-07-06 12:00,0.178
2017-07-06 13:00,0.147
2017-07-06 14:00,0.118
2017-07-06 15:00,0.102
2017-07-06 16:00,0.095
2017-07-06 17:00,0.111
2017-07-06 18:00,0.113
2017-07-06 19:00,0.137
2017-07-06 20:00,0.194
2017-07-06 21:00,0.239
2017-07-06 22:00,0.285
2017-07-06 23:00,0.302
2017-07-07 00:00,0.301
2017-07-07 01:00,0.311
2017-07-07 02:00,0.311
2017-07-07 03:00,0.299
2017-07-07 04:00,0.303
2017-07-07 05:00,0.198
2017-07-07 06:00,0.178
2017-07-07 07:00,0.235
2017-07-07 08:00,0.267
2017-07-07 09:00,0.334
2017-07-07 10:00,0.361
2017-07-07 11:00,0.395
2017-07-07 12:00,0.429
2017-07-07 13:00,0.463
2017-07-07 14:00,0.465
2017-07-07 15:00,0.452
2017-07-07 16:00,0.426
2017-07-07 17:00,0.347
2017-07-07 18:00,0.261
2017-07-07 19:00,0.233
2017-07-07 20:00,0.255
2017-07-07 21:00,0.272
2017-07-07 22:00,0.292
2017-07-07 23:00,0.299
2017-07-08 00:00,0.318
2017-07-08 01:00,0.333
2017-07-08 02:00,0.324
2017-07-08 03:00,0.290
2017-07-08 04:00,0.237
2017-07-08 05:00,0.129
2017-07-08 06:00,0.153
2017-07-08 07:00,0.161
2017-07-08 08:00,0.156
2017-07-08 09:00,0.156
2017-07-08 10:00,0.161
2017-07-08 11:00,0.172
2017-07-08 12:00,0.194
2017-07-08 13:00,0.213
2017-07-08 14:00,0.227
2017-07-08 15:00,0.249
2017-07-08 16:00,0.262
2017-07-08 17:00,0.254
2017-07-08 18:00,0.206
2017-07-08 19:00,0.162
2017-07-08 20:00,0.135
2017-07-08 21:00,0.104
2017-07-08 22:00,0.093
2017-07-08 23:00,0.099
2017-07-09 00:00,0.118
2017-07-09 01:00,0.163
2017-07-09 02:00,0.229
2017-07-09 03:00,0.254
2017-07-09 04:00,0.238
2017-07-09 05:00,0.155
2017-07-09 06:00,0.135
2017-07-09 07:00,0.203
2017-07-09 08:00,0.235
2017-07-09 09:00,0.251
2017-07-09 10:00,0.251
2017-07-09 11:00,0.246
2017-07-09 12:00,0.227
2017-07-09 13:00,0.199
2017-07-09 14:00,0.181
2017-07-09 15:00,0.176
2017-07-09 16:00,0.161
2017-07-09 17:00,0.135
2017-07-09 18:00,0.109
2017-07-09 19:00,0.113
2017-07-09 20:00,0.140
2017-07-09 21:00,0.152
2017-07-09 22:00,0.145
2017-07-09 23:00,0.122
2017-07-10 00:00,0.098
2017-07-10 01:00,0.081
2017-07-10 02:00,0.065
2017-07-10 03:00,0.054
2017-07-10 04:00,0.049
2017-07-10 05:00,0.046
2017-07-10 06:00,0.048
2017-07-10 07:00,0.065
2017-07-10 08:00,0.085
2017-07-10 09:00,0.113
2017-07-10 10:00,0.145
2017-07-10 11:00,0.175
2017-07-10 12:00,0.196
2017-07-10 13:00,0.222
2017-07-10 14:00,0.275
2017-07-10 15:00,0.346
2017-07-10 16:00,0.399
2017-07-10 17:00,0.416
2017-07-10 18:00,0.400
2017-07-10 19:00,0.345
2017-07-10 20:00,0.304
2017-07-10 21:00,0.275
2017-07-10 22:00,0.265
2017-07-10 23:00,0.258
2017-07-11 00:00,0.241
2017-07-11 01:00,0.213
2017-07-11 02:00,0.185
2017-07-11 03:00,0.151
2017-07-11 04:00,0.123
2017-07-11 05:00,0.076
2017-07-11 06:00,0.066
2017-07-11 07:00,0.085
2017-07-11 08:00,0.107
2017-07-11 09:00,0.116
2017-07-11 10:00,0.121
2017-07-11 11:00,0.125
2017-07-11 12:00,0.112
2017-07-11 13:00,0.077
2017-07-11 14:00,0.068
2017-07-11 15:00,0.059
2017-07-11 16:00,0.049
2017-07-11 17:00,0.077
2017-07-11 18:00,0.164
2017-07-11 19:00,0.258
2017-07-11 20:00,0.344
2017-07-11 21:00,0.394
2017-07-11 22:00,0.409
2017-07-11 23:00,0.392
2017-07-12 00:00,0.413
2017-07-12 01:00,0.422
2017-07-12 02:00,0.452
2017-07-12 03:00,0.428
2017-07-12 04:00,0.443
2017-07-12 05:00,0.418
2017-07-12 06:00,0.456
2017-07-12 07:00,0.416
2017-07-12 08:00,0.315
2017-07-12 09:00,0.232
2017-07-12 10:00,0.169
2017-07-12 11:00,0.123
2017-07-12 12:00,0.100
2017-07-12 13:00,0.079
2017-07-12 14:00,0.058
2017-07-12 15:00,0.044
2017-07-12 16:00,0.032
2017-07-12 17:00,0.021
2017-07-12 18:00,0.016
2017-07-12 19:00,0.022
2017-07-12 20:00,0.059
2017-07-12 21:00,0.107
2017-07-12 22:00,0.157
2017-07-12 23:00,0.198
2017-07-13 00:00,0.223
2017-07-13 01:00,0.237
2017-07-13 02:00,0.253
2017-07-13 03:00,0.272
2017-07-13 04:00,0.276
2017-07-13 05:00,0.222
2017-07-13 06:00,0.188
2017-07-13 07:00,0.204
2017-07-13 08:00,0.242
2017-07-13 09:00,0.261
2017-07-13 10:00,0.289
2017-07-13 11:00,0.337
2017-07-13 12:00,0.368
2017-07-13 13:00,0.373
2017-07-13 14:00,0.363
2017-07-13 15:00,0.357
2017-07-13 16:00,0.342
2017-07-13 17:00,0.314
2017-07-13 18:00,0.293
2017-07-13 19:00,0.307
2017-07-13 20:00,0.349
2017-07-13 21:00,0.414
2017-07-13 22:00,0.486
2017-07-13 23:00,0.492
2017-07-14 00:00,0.499
2017-07-14 01:00,0.510
2017-07-14 02:00,0.523
2017-07-14 03:00,0.500
2017-07-14 04:00,0.439
2017-07-14 05:00,0.406
2017-07-14 06:00,0.533
2017-07-14 07:00,0.584
2017-07-14 08:00,0.646
2017-07-14 09:00,0.671
2017-07-14 10:00,0.679
2017-07-14 11:00,0.676
2017-07-14 12:00,0.647
2017-07-14 13:00,0.604
2017-07-14 14:00,0.561
2017-07-14 15:00,0.523
2017-07-14 16:00,0.507
2017-07-14 17:00,0.473
2017-07-14 18:00,0.357
2017-07-14 19:00,0.234
2017-07-14 20:00,0.215
2017-07-14 21:00,0.212
2017-07-14 22:00,0.182
2017-07-14 23:00,0.203
2017-07-15 00:00,0.262
2017-07-15 01:00,0.285
2017-07-15 02:00,0.290
2017-07-15 03:00,0.325
2017-07-15 04:00,0.321
2017-07-15 05:00,0.265
2017-07-15 06:00,0.254
2017-07-15 07:00,0.283
2017-07-15 08:00,0.322
2017-07-15 09:00,0.359
2017-07-15 10:00,0.377
2017-07-15 11:00,0.387
2017-07-15 12:00,0.434
2017-07-15 13:00,0.505
2017-07-15 14:00,0.574
2017-07-15 15:00,0.626
2017-07-15 16:00,0.639
2017-07-15 17:00,0.606
2017-07-15 18:00,0.576
2017-07-15 19:00,0.623
2017-07-15 20:00,0.654
2017-07-15 21:00,0.625
2017-07-15 22:00,0.583
2017-07-15 23:00,0.539
2017-07-16 00:00,0.549
2017-07-16 01:00,0.540
2017-07-16 02:00,0.552
2017-07-16 03:00,0.546
2017-07-16 04:00,0.484
2017-07-16 05:00,0.348
2017-07-16 06:00,0.370
2017-07-16 07:00,0.387
2017-07-16 08:00,0.370
2017-07-16 09:00,0.370
2017-07-16 10:00,0.368
2017-07-16 11:00,0.363
2017-07-16 12:00,0.360
2017-07-16 13:00,0.365
2017-07-16 14:00,0.370
2017-07-16 15:00,0.385
2017-07-16 16:00,0.410
2017-07-16 17:00,0.418
2017-07-16 18:00,0.380
2017-07-16 19:00,0.344
2017-07-16 20:00,0.365
2017-07-16 21:00,0.383
2017-07-16 22:00,0.394
2017-07-16 23:00,0.403
2017-07-17 00:00,0.406
2017-07-17 01:00,0.408
2017-07-17 02:00,0.417
2017-07-17 03:00,0.420
2017-07-17 04:00,0.393
2017-07-17 05:00,0.243
2017-07-17 06:00,0.223
2017-07-17 07:00,0.230
2017-07-17 08:00,0.229
2017-07-17 09:00,0.220
2017-07-17 10:00,0.198
2017-07-17 11:00,0.179
2017-07-17 12:00,0.168
2017-07-17 13:00,0.167
2017-07-17 14:00,0.169
2017-07-17 15:00,0.173
2017-07-17 16:00,0.179
2017-07-17 17:00,0.179
2017-07-17 18:00,0.181
2017-07-17 19:00,0.200
2017-07-17 20:00,0.196
2017-07-17 21:00,0.177
2017-07-17 22:00,0.158
2017-07-17 23:00,0.148
2017-07-18 00:00,0.149
2017-07-18 01:00,0.162
2017-07-18 02:00,0.181
2017-07-18 03:00,0.199
2017-07-18 04:00,0.214
2017-07-18 05:00,0.160
2017-07-18 06:00,0.103
2017-07-18 07:00,0.164
2017-07-18 08:00,0.230
2017-07-18 09:00,0.286
2017-07-18 10:00,0.342
2017-07-18 11:00,0.402
2017-07-18 12:00,0.464
2017-07-18 13:00,0.515
2017-07-18 14:00,0.546
2017-07-18 15:00,0.556
2017-07-18 16:00,0.551
2017-07-18 17:00,0.530
2017-07-18 18:00,0.502
2017-07-18 19:00,0.516
2017-07-18 20:00,0.525
2017-07-18 21:00,0.497
2017-07-18 22:00,0.479
2017-07-18 23:00,0.483
2017-07-19 00:00,0.527
2017-07-19 01:00,0.581
2017-07-19 02:00,0.577
2017-07-19 03:00,0.572
2017-07-19 04:00,0.516
2017-07-19 05:00,0.534
2017-07-19 06:00,0.549
2017-07-19 07:00,0.581
2017-07-19 08:00,0.606
2017-07-19 09:00,0.582
2017-07-19 10:00,0.522
2017-07-19 11:00,0.420
2017-07-19 12:00,0.310
2017-07-19 13:00,0.223
2017-07-19 14:00,0.176
2017-07-19 15:00,0.156
2017-07-19 16:00,0.161
2017-07-19 17:00,0.171
2017-07-19 18:00,0.221
2017-07-19 19:00,0.320
2017-07-19 20:00,0.433
2017-07-19 21:00,0.482
2017-07-19 22:00,0.472
2017-07-19 23:00,0.409
2017-07-20 00:00,0.329
2017-07-20 01:00,0.273
2017-07-20 02:00,0.229
2017-07-20 03:00,0.224
2017-07-20 04:00,0.261
2017-07-20 05:00,0.326
2017-07-20 06:00,0.409
2017-07-20 07:00,0.460
2017-07-20 08:00,0.489
2017-07-20 09:00,0.509
2017-07-20 10:00,0.484
2017-07-20 11:00,0.450
2017-07-20 12:00,0.436
2017-07-20 13:00,0.443
2017-07-20 14:00,0.476
2017-07-20 15:00,0.483
2017-07-20 16:00,0.448
2017-07-20 17:00,0.393
2017-07-20 18:00,0.299
2017-07-20 19:00,0.251
2017-07-20 20:00,0.299
2017-07-20 21:00,0.374
2017-07-20 22:00,0.403
2017-07-20 23:00,0.404
2017-07-21 00:00,0.388
2017-07-21 01:00,0.400
2017-07-21 02:00,0.486
2017-07-21 03:00,0.524
2017-07-21 04:00,0.571
2017-07-21 05:00,0.586
2017-07-21 06:00,0.661
2017-07-21 07:00,0.772
2017-07-21 08:00,0.820
2017-07-21 09:00,0.850
2017-07-21 10:00,0.865
2017-07-21 11:00,0.863
2017-07-21 12:00,0.846
2017-07-21 13:00,0.837
2017-07-21 14:00,0.833
2017-07-21 15:00,0.820
2017-07-21 16:00,0.803
2017-07-21 17:00,0.775
2017-07-21 18:00,0.760
2017-07-21 19:00,0.761
2017-07-21 20:00,0.721
2017-07-21 21:00,0.712
2017-07-21 22:00,0.674
2017-07-21 23:00,0.572
2017-07-22 00:00,0.456
2017-07-22 01:00,0.413
2017-07-22 02:00,0.390
2017-07-22 03:00,0.348
2017-07-22 04:00,0.305
2017-07-22 05:00,0.239
2017-07-22 06:00,0.153
2017-07-22 07:00,0.133
2017-07-22 08:00,0.137
2017-07-22 09:00,0.125
2017-07-22 10:00,0.118
2017-07-22 11:00,0.104
2017-07-22 12:00,0.091
2017-07-22 13:00,0.086
2017-07-22 14:00,0.083
2017-07-22 15:00,0.077
2017-07-22 16:00,0.077
2017-07-22 17:00,0.074
2017-07-22 18:00,0.067
2017-07-22 19:00,0.062
2017-07-22 20:00,0.053
2017-07-22 21:00,0.036
2017-07-22 22:00,0.021
2017-07-22 23:00,0.015
2017-07-23 00:00,0.013
2017-07-23 01:00,0.016
2017-07-23 02:00,0.023
2017-07-23 03:00,0.037
2017-07-23 04:00,0.053
2017-07-23 05:00,0.059
2017-07-23 06:00,0.062
2017-07-23 07:00,0.072
2017-07-23 08:00,0.077
2017-07-23 09:00,0.083
2017-07-23 10:00,0.095
2017-07-23 11:00,0.111
2017-07-23 12:00,0.118
2017-07-23 13:00,0.122
2017-07-23 14:00,0.149
2017-07-23 15:00,0.217
2017-07-23 16:00,0.311
2017-07-23 17:00,0.409
2017-07-23 18:00,0.469
2017-07-23 19:00,0.551
2017-07-23 20:00,0.633
2017-07-23 21:00,0.700
2017-07-23 22:00,0.773
2017-07-23 23:00,0.813
2017-07-24 00:00,0.799
2017-07-24 01:00,0.767
2017-07-24 02:00,0.700
2017-07-24 03:00,0.645
2017-07-24 04:00,0.628
2017-07-24 05:00,0.576
2017-07-24 06:00,0.594
2017-07-24 07:00,0.618
2017-07-24 08:00,0.616
2017-07-24 09:00,0.604
2017-07-24 10:00,0.591
2017-07-24 11:00,0.581
2017-07-24 12:00,0.581
2017-07-24 13:00,0.577
2017-07-24 14:00,0.559
2017-07-24 15:00,0.520
2017-07-24 16:00,0.463
2017-07-24 17:00,0.385
2017-07-24 18:00,0.299
2017-07-24 19:00,0.247
2017-07-24 20:00,0.216
2017-07-24 21:00,0.214
2017-07-24 22:00,0.215
2017-07-24 23:00,0.213
2017-07-25 00:00,0.216
2017-07-25 01:00,0.209
2017-07-25 02:00,0.199
2017-07-25 03:00,0.183
2017-07-25 04:00,0.158
2017-07-25 05:00,0.091
2017-07-25 06:00,0.057
2017-07-25 07:00,0.042
2017-07-25 08:00,0.044
2017-07-25 09:00,0.044
2017-07-25 10:00,0.042
2017-07-25 11:00,0.035
2017-07-25 12:00,0.027
2017-07-25 13:00,0.020
2017-07-25 14:00,0.017
2017-07-25 15:00,0.018
2017-07-25 16:00,0.023
2017-07-25 17:00,0.017
2017-07-25 18:00,0.018
2017-07-25 19:00,0.051
2017-07-25 20:00,0.134
2017-07-25 21:00,0.240
2017-07-25 22:00,0.323
2017-07-25 23:00,0.367
2017-07-26 00:00,0.389
2017-07-26 01:00,0.408
2017-07-26 02:00,0.415
2017-07-26 03:00,0.414
2017-07-26 04:00,0.364
2017-07-26 05:00,0.331
2017-07-26 06:00,0.321
2017-07-26 07:00,0.342
2017-07-26 08:00,0.542
2017-07-26 09:00,0.702
2017-07-26 10:00,0.753
2017-07-26 11:00,0.777
2017-07-26 12:00,0.765
2017-07-26 13:00,0.780
2017-07-26 14:00,0.818
2017-07-26 15:00,0.793
2017-07-26 16:00,0.736
2017-07-26 17:00,0.659
2017-07-26 18:00,0.553
2017-07-26 19:00,0.542
2017-07-26 20:00,0.597
2017-07-26 21:00,0.640
2017-07-26 22:00,0.580
2017-07-26 23:00,0.539
2017-07-27 00:00,0.569
2017-07-27 01:00,0.534
2017-07-27 02:00,0.499
2017-07-27 03:00,0.499
2017-07-27 04:00,0.446
2017-07-27 05:00,0.367
2017-07-27 06:00,0.316
2017-07-27 07:00,0.429
2017-07-27 08:00,0.509
2017-07-27 09:00,0.569
2017-07-27 10:00,0.612
2017-07-27 11:00,0.609
2017-07-27 12:00,0.591
2017-07-27 13:00,0.546
2017-07-27 14:00,0.523
2017-07-27 15:00,0.539
2017-07-27 16:00,0.507
2017-07-27 17:00,0.377
2017-07-27 18:00,0.305
2017-07-27 19:00,0.384
2017-07-27 20:00,0.497
2017-07-27 21:00,0.551
2017-07-27 22:00,0.564
2017-07-27 23:00,0.529
2017-07-28 00:00,0.562
2017-07-28 01:00,0.564
2017-07-28 02:00,0.569
2017-07-28 03:00,0.564
2017-07-28 04:00,0.551
2017-07-28 05:00,0.507
2017-07-28 06:00,0.539
2017-07-28 07:00,0.705
2017-07-28 08:00,0.765
2017-07-28 09:00,0.783
2017-07-28 10:00,0.786
2017-07-28 11:00,0.797
2017-07-28 12:00,0.792
2017-07-28 13:00,0.779
2017-07-28 14:00,0.763
2017-07-28 15:00,0.735
2017-07-28 16:00,0.644
2017-07-28 17:00,0.513
2017-07-28 18:00,0.469
2017-07-28 19:00,0.466
2017-07-28 20:00,0.439
2017-07-28 21:00,0.390
2017-07-28 22:00,0.377
2017-07-28 23:00,0.440
2017-07-29 00:00,0.513
2017-07-29 01:00,0.536
2017-07-29 02:00,0.527
2017-07-29 03:00,0.516
2017-07-29 04:00,0.506
2017-07-29 05:00,0.414
2017-07-29 06:00,0.429
2017-07-29 07:00,0.552
2017-07-29 08:00,0.583
2017-07-29 09:00,0.591
2017-07-29 10:00,0.574
2017-07-29 11:00,0.552
2017-07-29 12:00,0.525
2017-07-29 13:00,0.496
2017-07-29 14:00,0.450
2017-07-29 15:00,0.383
2017-07-29 16:00,0.273
2017-07-29 17:00,0.222
2017-07-29 18:00,0.248
2017-07-29 19:00,0.289
2017-07-29 20:00,0.312
2017-07-29 21:00,0.323
2017-07-29 22:00,0.276
2017-07-29 23:00,0.235
2017-07-30 00:00,0.278
2017-07-30 01:00,0.226
2017-07-30 02:00,0.225
2017-07-30 03:00,0.269
2017-07-30 04:00,0.302
2017-07-30 05:00,0.266
2017-07-30 06:00,0.207
2017-07-30 07:00,0.265
2017-07-30 08:00,0.365
2017-07-30 09:00,0.422
2017-07-30 10:00,0.462
2017-07-30 11:00,0.506
2017-07-30 12:00,0.532
2017-07-30 13:00,0.513
2017-07-30 14:00,0.469
2017-07-30 15:00,0.450
2017-07-30 16:00,0.416
2017-07-30 17:00,0.371
2017-07-30 18:00,0.421
2017-07-30 19:00,0.476
2017-07-30 20:00,0.489
2017-07-30 21:00,0.486
2017-07-30 22:00,0.479
2017-07-30 23:00,0.477
2017-07-31 00:00,0.467
2017-07-31 01:00,0.453
2017-07-31 02:00,0.451
2017-07-31 03:00,0.460
2017-07-31 04:00,0.467
2017-07-31 05:00,0.410
2017-07-31 06:00,0.460
2017-07-31 07:00,0.572
2017-07-31 08:00,0.637
2017-07-31 09:00,0.673
2017-07-31 10:00,0.693
2017-07-31 11:00,0.706
2017-07-31 12:00,0.710
2017-07-31 13:00,0.693
2017-07-31 14:00,0.666
2017-07-31 15:00,0.625
2017-07-31 16:00,0.539
2017-07-31 17:00,0.374
2017-07-31 18:00,0.285
2017-07-31 19:00,0.314
2017-07-31 20:00,0.384
2017-07-31 21:00,0.436
2017-07-31 22:00,0.455
2017-07-31 23:00,0.449
2017-08-01 00:00,0.435
2017-08-01 01:00,0.423
2017-08-01 02:00,0.414
2017-08-01 03:00,0.406
2017-08-01 04:00,0.394
2017-08-01 05:00,0.302
2017-08-01 06:00,0.238
2017-08-01 07:00,0.346
2017-08-01 08:00,0.438
2017-08-01 09:00,0.495
2017-08-01 10:00,0.523
2017-08-01 11:00,0.551
2017-08-01 12:00,0.571
2017-08-01 13:00,0.562
2017-08-01 14:00,0.562
2017-08-01 15:00,0.534
2017-08-01 16:00,0.410
2017-08-01 17:00,0.316
2017-08-01 18:00,0.288
2017-08-01 19:00,0.304
2017-08-01 20:00,0.341
2017-08-01 21:00,0.374
2017-08-01 22:00,0.413
2017-08-01 23:00,0.420
2017-08-02 00:00,0.399
2017-08-02 01:00,0.392
2017-08-02 02:00,0.398
2017-08-02 03:00,0.387
2017-08-02 04:00,0.357
2017-08-02 05:00,0.264
2017-08-02 06:00,0.171
2017-08-02 07:00,0.303
2017-08-02 08:00,0.463
2017-08-02 09:00,0.612
2017-08-02 10:00,0.723
2017-08-02 11:00,0.811
2017-08-02 12:00,0.855
2017-08-02 13:00,0.862
2017-08-02 14:00,0.837
2017-08-02 15:00,0.789
2017-08-02 16:00,0.707
2017-08-02 17:00,0.605
2017-08-02 18:00,0.554
2017-08-02 19:00,0.536
2017-08-02 20:00,0.569
2017-08-02 21:00,0.596
2017-08-02 22:00,0.558
2017-08-02 23:00,0.508
2017-08-03 00:00,0.490
2017-08-03 01:00,0.502
2017-08-03 02:00,0.536
2017-08-03 03:00,0.565
2017-08-03 04:00,0.614
2017-08-03 05:00,0.620
2017-08-03 06:00,0.665
2017-08-03 07:00,0.815
2017-08-03 08:00,0.882
2017-08-03 09:00,0.915
2017-08-03 10:00,0.921
2017-08-03 11:00,0.917
2017-08-03 12:00,0.913
2017-08-03 13:00,0.913
2017-08-03 14:00,0.906
2017-08-03 15:00,0.889
2017-08-03 16:00,0.829
2017-08-03 17:00,0.707
2017-08-03 18:00,0.609
2017-08-03 19:00,0.606
2017-08-03 20:00,0.594
2017-08-03 21:00,0.588
2017-08-03 22:00,0.620
2017-08-03 23:00,0.661
2017-08-04 00:00,0.655
2017-08-04 01:00,0.636
2017-08-04 02:00,0.603
2017-08-04 03:00,0.587
2017-08-04 04:00,0.606
2017-08-04 05:00,0.565
2017-08-04 06:00,0.648
2017-08-04 07:00,0.738
2017-08-04 08:00,0.760
2017-08-04 09:00,0.773
2017-08-04 10:00,0.777
2017-08-04 11:00,0.782
2017-08-04 12:00,0.782
2017-08-04 13:00,0.767
2017-08-04 14:00,0.738
2017-08-04 15:00,0.702
2017-08-04 16:00,0.657
2017-08-04 17:00,0.591
2017-08-04 18:00,0.464
2017-08-04 19:00,0.392
2017-08-04 20:00,0.410
2017-08-04 21:00,0.417
2017-08-04 22:00,0.417
2017-08-04 23:00,0.418
2017-08-05 00:00,0.417
2017-08-05 01:00,0.413
2017-08-05 02:00,0.407
2017-08-05 03:00,0.396
2017-08-05 04:00,0.385
2017-08-05 05:00,0.302
2017-08-05 06:00,0.224
2017-08-05 07:00,0.290
2017-08-05 08:00,0.311
2017-08-05 09:00,0.345
2017-08-05 10:00,0.388
2017-08-05 11:00,0.436
2017-08-05 12:00,0.479
2017-08-05 13:00,0.505
2017-08-05 14:00,0.524
2017-08-05 15:00,0.525
2017-08-05 16:00,0.516
2017-08-05 17:00,0.479
2017-08-05 18:00,0.400
2017-08-05 19:00,0.373
2017-08-05 20:00,0.387
2017-08-05 21:00,0.387
2017-08-05 22:00,0.381
2017-08-05 23:00,0.377
2017-08-06 00:00,0.365
2017-08-06 01:00,0.345
2017-08-06 02:00,0.336
2017-08-06 03:00,0.325
2017-08-06 04:00,0.295
2017-08-06 05:00,0.237
2017-08-06 06:00,0.145
2017-08-06 07:00,0.163
2017-08-06 08:00,0.236
2017-08-06 09:00,0.311
2017-08-06 10:00,0.361
2017-08-06 11:00,0.413
2017-08-06 12:00,0.480
2017-08-06 13:00,0.548
2017-08-06 14:00,0.594
2017-08-06 15:00,0.594
2017-08-06 16:00,0.539
2017-08-06 17:00,0.473
2017-08-06 18:00,0.478
2017-08-06 19:00,0.499
2017-08-06 20:00,0.489
2017-08-06 21:00,0.430
2017-08-06 22:00,0.406
2017-08-06 23:00,0.365
2017-08-07 00:00,0.321
2017-08-07 01:00,0.314
2017-08-07 02:00,0.322
2017-08-07 03:00,0.336
2017-08-07 04:00,0.387
2017-08-07 05:00,0.342
2017-08-07 06:00,0.299
2017-08-07 07:00,0.353
2017-08-07 08:00,0.352
2017-08-07 09:00,0.352
2017-08-07 10:00,0.355
2017-08-07 11:00,0.352
2017-08-07 12:00,0.332
2017-08-07 13:00,0.297
2017-08-07 14:00,0.262
2017-08-07 15:00,0.227
2017-08-07 16:00,0.192
2017-08-07 17:00,0.156
2017-08-07 18:00,0.130
2017-08-07 19:00,0.121
2017-08-07 20:00,0.108
2017-08-07 21:00,0.098
2017-08-07 22:00,0.092
2017-08-07 23:00,0.094
2017-08-08 00:00,0.104
2017-08-08 01:00,0.110
2017-08-08 02:00,0.107
2017-08-08 03:00,0.109
2017-08-08 04:00,0.119
2017-08-08 05:00,0.127
2017-08-08 06:00,0.106
2017-08-08 07:00,0.088
2017-08-08 08:00,0.113
2017-08-08 09:00,0.139
2017-08-08 10:00,0.169
2017-08-08 11:00,0.185
2017-08-08 12:00,0.190
2017-08-08 13:00,0.202
2017-08-08 14:00,0.234
2017-08-08 15:00,0.266
2017-08-08 16:00,0.274
2017-08-08 17:00,0.253
2017-08-08 18:00,0.299
2017-08-08 19:00,0.414
2017-08-08 20:00,0.473
2017-08-08 21:00,0.469
2017-08-08 22:00,0.539
2017-08-08 23:00,0.551
2017-08-09 00:00,0.591
2017-08-09 01:00,0.622
2017-08-09 02:00,0.648
2017-08-09 03:00,0.661
2017-08-09 04:00,0.676
2017-08-09 05:00,0.690
2017-08-09 06:00,0.662
2017-08-09 07:00,0.672
2017-08-09 08:00,0.716
2017-08-09 09:00,0.756
2017-08-09 10:00,0.756
2017-08-09 11:00,0.725
2017-08-09 12:00,0.692
2017-08-09 13:00,0.666
2017-08-09 14:00,0.625
2017-08-09 15:00,0.601
2017-08-09 16:00,0.563
2017-08-09 17:00,0.460
2017-08-09 18:00,0.348
2017-08-09 19:00,0.302
2017-08-09 20:00,0.268
2017-08-09 21:00,0.233
2017-08-09 22:00,0.206
2017-08-09 23:00,0.178
2017-08-10 00:00,0.139
2017-08-10 01:00,0.114
2017-08-10 02:00,0.093
2017-08-10 03:00,0.078
2017-08-10 04:00,0.065
2017-08-10 05:00,0.049
2017-08-10 06:00,0.026
2017-08-10 07:00,0.022
2017-08-10 08:00,0.031
2017-08-10 09:00,0.038
2017-08-10 10:00,0.038
2017-08-10 11:00,0.037
2017-08-10 12:00,0.046
2017-08-10 13:00,0.064
2017-08-10 14:00,0.091
2017-08-10 15:00,0.133
2017-08-10 16:00,0.179
2017-08-10 17:00,0.183
2017-08-10 18:00,0.201
2017-08-10 19:00,0.286
2017-08-10 20:00,0.315
2017-08-10 21:00,0.259
2017-08-10 22:00,0.217
2017-08-10 23:00,0.223
2017-08-11 00:00,0.242
2017-08-11 01:00,0.268
2017-08-11 02:00,0.312
2017-08-11 03:00,0.374
2017-08-11 04:00,0.418
2017-08-11 05:00,0.361
2017-08-11 06:00,0.230
2017-08-11 07:00,0.268
2017-08-11 08:00,0.400
2017-08-11 09:00,0.476
2017-08-11 10:00,0.532
2017-08-11 11:00,0.577
2017-08-11 12:00,0.616
2017-08-11 13:00,0.644
2017-08-11 14:00,0.641
2017-08-11 15:00,0.624
2017-08-11 16:00,0.576
2017-08-11 17:00,0.483
2017-08-11 18:00,0.514
2017-08-11 19:00,0.562
2017-08-11 20:00,0.563
2017-08-11 21:00,0.559
2017-08-11 22:00,0.546
2017-08-11 23:00,0.505
2017-08-12 00:00,0.483
2017-08-12 01:00,0.468
2017-08-12 02:00,0.454
2017-08-12 03:00,0.460
2017-08-12 04:00,0.474
2017-08-12 05:00,0.430
2017-08-12 06:00,0.389
2017-08-12 07:00,0.507
2017-08-12 08:00,0.536
2017-08-12 09:00,0.539
2017-08-12 10:00,0.549
2017-08-12 11:00,0.572
2017-08-12 12:00,0.606
2017-08-12 13:00,0.628
2017-08-12 14:00,0.630
2017-08-12 15:00,0.600
2017-08-12 16:00,0.547
2017-08-12 17:00,0.459
2017-08-12 18:00,0.365
2017-08-12 19:00,0.357
2017-08-12 20:00,0.379
2017-08-12 21:00,0.406
2017-08-12 22:00,0.426
2017-08-12 23:00,0.413
2017-08-13 00:00,0.400
2017-08-13 01:00,0.379
2017-08-13 02:00,0.352
2017-08-13 03:00,0.338
2017-08-13 04:00,0.330
2017-08-13 05:00,0.271
2017-08-13 06:00,0.166
2017-08-13 07:00,0.158
2017-08-13 08:00,0.127
2017-08-13 09:00,0.094
2017-08-13 10:00,0.063
2017-08-13 11:00,0.051
2017-08-13 12:00,0.051
2017-08-13 13:00,0.047
2017-08-13 14:00,0.046
2017-08-13 15:00,0.046
2017-08-13 16:00,0.045
2017-08-13 17:00,0.043
2017-08-13 18:00,0.042
2017-08-13 19:00,0.056
2017-08-13 20:00,0.113
2017-08-13 21:00,0.206
2017-08-13 22:00,0.318
2017-08-13 23:00,0.393
2017-08-14 00:00,0.403
2017-08-14 01:00,0.393
2017-08-14 02:00,0.380
2017-08-14 03:00,0.352
2017-08-14 04:00,0.335
2017-08-14 05:00,0.335
2017-08-14 06:00,0.302
2017-08-14 07:00,0.323
2017-08-14 08:00,0.384
2017-08-14 09:00,0.442
2017-08-14 10:00,0.507
2017-08-14 11:00,0.521
2017-08-14 12:00,0.485
2017-08-14 13:00,0.470
2017-08-14 14:00,0.460
2017-08-14 15:00,0.429
2017-08-14 16:00,0.390
2017-08-14 17:00,0.340
2017-08-14 18:00,0.338
2017-08-14 19:00,0.423
2017-08-14 20:00,0.479
2017-08-14 21:00,0.469
2017-08-14 22:00,0.450
2017-08-14 23:00,0.442
2017-08-15 00:00,0.476
2017-08-15 01:00,0.557
2017-08-15 02:00,0.560
2017-08-15 03:00,0.518
2017-08-15 04:00,0.509
2017-08-15 05:00,0.469
2017-08-15 06:00,0.377
2017-08-15 07:00,0.442
2017-08-15 08:00,0.406
2017-08-15 09:00,0.359
2017-08-15 10:00,0.360
2017-08-15 11:00,0.392
2017-08-15 12:00,0.410
2017-08-15 13:00,0.406
2017-08-15 14:00,0.393
2017-08-15 15:00,0.382
2017-08-15 16:00,0.371
2017-08-15 17:00,0.331
2017-08-15 18:00,0.285
2017-08-15 19:00,0.258
2017-08-15 20:00,0.203
2017-08-15 21:00,0.155
2017-08-15 22:00,0.118
2017-08-15 23:00,0.102
2017-08-16 00:00,0.133
2017-08-16 01:00,0.168
2017-08-16 02:00,0.181
2017-08-16 03:00,0.193
2017-08-16 04:00,0.191
2017-08-16 05:00,0.186
2017-08-16 06:00,0.158
2017-08-16 07:00,0.154
2017-08-16 08:00,0.286
2017-08-16 09:00,0.407
2017-08-16 10:00,0.476
2017-08-16 11:00,0.533
2017-08-16 12:00,0.572
2017-08-16 13:00,0.612
2017-08-16 14:00,0.653
2017-08-16 15:00,0.693
2017-08-16 16:00,0.710
2017-08-16 17:00,0.696
2017-08-16 18:00,0.716
2017-08-16 19:00,0.739
2017-08-16 20:00,0.769
2017-08-16 21:00,0.753
2017-08-16 22:00,0.701
2017-08-16 23:00,0.658
2017-08-17 00:00,0.658
2017-08-17 01:00,0.599
2017-08-17 02:00,0.496
2017-08-17 03:00,0.374
2017-08-17 04:00,0.306
2017-08-17 05:00,0.309
2017-08-17 06:00,0.278
2017-08-17 07:00,0.330
2017-08-17 08:00,0.341
2017-08-17 09:00,0.330
2017-08-17 10:00,0.330
2017-08-17 11:00,0.333
2017-08-17 12:00,0.334
2017-08-17 13:00,0.348
2017-08-17 14:00,0.365
2017-08-17 15:00,0.397
2017-08-17 16:00,0.460
2017-08-17 17:00,0.452
2017-08-17 18:00,0.457
2017-08-17 19:00,0.516
2017-08-17 20:00,0.524
2017-08-17 21:00,0.523
2017-08-17 22:00,0.510
2017-08-17 23:00,0.563
2017-08-18 00:00,0.600
2017-08-18 01:00,0.544
2017-08-18 02:00,0.565
2017-08-18 03:00,0.581
2017-08-18 04:00,0.631
2017-08-18 05:00,0.649
2017-08-18 06:00,0.663
2017-08-18 07:00,0.739
2017-08-18 08:00,0.737
2017-08-18 09:00,0.723
2017-08-18 10:00,0.714
2017-08-18 11:00,0.714
2017-08-18 12:00,0.715
2017-08-18 13:00,0.719
2017-08-18 14:00,0.723
2017-08-18 15:00,0.705
2017-08-18 16:00,0.645
2017-08-18 17:00,0.517
2017-08-18 18:00,0.431
2017-08-18 19:00,0.479
2017-08-18 20:00,0.502
2017-08-18 21:00,0.480
2017-08-18 22:00,0.474
2017-08-18 23:00,0.510
2017-08-19 00:00,0.612
2017-08-19 01:00,0.707
2017-08-19 02:00,0.785
2017-08-19 03:00,0.775
2017-08-19 04:00,0.731
2017-08-19 05:00,0.711
2017-08-19 06:00,0.689
2017-08-19 07:00,0.785
2017-08-19 08:00,0.842
2017-08-19 09:00,0.868
2017-08-19 10:00,0.874
2017-08-19 11:00,0.878
2017-08-19 12:00,0.883
2017-08-19 13:00,0.893
2017-08-19 14:00,0.891
2017-08-19 15:00,0.871
2017-08-19 16:00,0.833
2017-08-19 17:00,0.783
2017-08-19 18:00,0.750
2017-08-19 19:00,0.713
2017-08-19 20:00,0.648
2017-08-19 21:00,0.601
2017-08-19 22:00,0.606
2017-08-19 23:00,0.591
2017-08-20 00:00,0.591
2017-08-20 01:00,0.586
2017-08-20 02:00,0.567
2017-08-20 03:00,0.527
2017-08-20 04:00,0.499
2017-08-20 05:00,0.430
2017-08-20 06:00,0.287
2017-08-20 07:00,0.293
2017-08-20 08:00,0.335
2017-08-20 09:00,0.302
2017-08-20 10:00,0.238
2017-08-20 11:00,0.190
2017-08-20 12:00,0.165
2017-08-20 13:00,0.136
2017-08-20 14:00,0.103
2017-08-20 15:00,0.089
2017-08-20 16:00,0.072
2017-08-20 17:00,0.044
2017-08-20 18:00,0.024
2017-08-20 19:00,0.016
2017-08-20 20:00,0.023
2017-08-20 21:00,0.048
2017-08-20 22:00,0.075
2017-08-20 23:00,0.102
2017-08-21 00:00,0.160
2017-08-21 01:00,0.196
2017-08-21 02:00,0.198
2017-08-21 03:00,0.204
2017-08-21 04:00,0.216
2017-08-21 05:00,0.214
2017-08-21 06:00,0.170
2017-08-21 07:00,0.173
2017-08-21 08:00,0.309
2017-08-21 09:00,0.379
2017-08-21 10:00,0.354
2017-08-21 11:00,0.293
2017-08-21 12:00,0.229
2017-08-21 13:00,0.185
2017-08-21 14:00,0.159
2017-08-21 15:00,0.136
2017-08-21 16:00,0.112
2017-08-21 17:00,0.093
2017-08-21 18:00,0.113
2017-08-21 19:00,0.161
2017-08-21 20:00,0.194
2017-08-21 21:00,0.204
2017-08-21 22:00,0.194
2017-08-21 23:00,0.169
2017-08-22 00:00,0.136
2017-08-22 01:00,0.106
2017-08-22 02:00,0.080
2017-08-22 03:00,0.068
2017-08-22 04:00,0.062
2017-08-22 05:00,0.067
2017-08-22 06:00,0.059
2017-08-22 07:00,0.050
2017-08-22 08:00,0.073
2017-08-22 09:00,0.093
2017-08-22 10:00,0.108
2017-08-22 11:00,0.125
2017-08-22 12:00,0.150
2017-08-22 13:00,0.182
2017-08-22 14:00,0.226
2017-08-22 15:00,0.280
2017-08-22 16:00,0.314
2017-08-22 17:00,0.325
2017-08-22 18:00,0.371
2017-08-22 19:00,0.410
2017-08-22 20:00,0.429
2017-08-22 21:00,0.410
2017-08-22 22:00,0.403
2017-08-22 23:00,0.447
2017-08-23 00:00,0.413
2017-08-23 01:00,0.380
2017-08-23 02:00,0.362
2017-08-23 03:00,0.341
2017-08-23 04:00,0.327
2017-08-23 05:00,0.270
2017-08-23 06:00,0.159
2017-08-23 07:00,0.105
2017-08-23 08:00,0.085
2017-08-23 09:00,0.095
2017-08-23 10:00,0.129
2017-08-23 11:00,0.185
2017-08-23 12:00,0.263
2017-08-23 13:00,0.340
2017-08-23 14:00,0.406
2017-08-23 15:00,0.442
2017-08-23 16:00,0.442
2017-08-23 17:00,0.371
2017-08-23 18:00,0.316
2017-08-23 19:00,0.308
2017-08-23 20:00,0.303
2017-08-23 21:00,0.345
2017-08-23 22:00,0.402
2017-08-23 23:00,0.426
2017-08-24 00:00,0.427
2017-08-24 01:00,0.429
2017-08-24 02:00,0.430
2017-08-24 03:00,0.420
2017-08-24 04:00,0.406
2017-08-24 05:00,0.380
2017-08-24 06:00,0.268
2017-08-24 07:00,0.267
2017-08-24 08:00,0.322
2017-08-24 09:00,0.360
2017-08-24 10:00,0.387
2017-08-24 11:00,0.411
2017-08-24 12:00,0.428
2017-08-24 13:00,0.436
2017-08-24 14:00,0.415
2017-08-24 15:00,0.374
2017-08-24 16:00,0.314
2017-08-24 17:00,0.225
2017-08-24 18:00,0.193
2017-08-24 19:00,0.204
2017-08-24 20:00,0.231
2017-08-24 21:00,0.279
2017-08-24 22:00,0.341
2017-08-24 23:00,0.374
2017-08-25 00:00,0.359
2017-08-25 01:00,0.338
2017-08-25 02:00,0.321
2017-08-25 03:00,0.333
2017-08-25 04:00,0.336
2017-08-25 05:00,0.314
2017-08-25 06:00,0.191
2017-08-25 07:00,0.142
2017-08-25 08:00,0.139
2017-08-25 09:00,0.146
2017-08-25 10:00,0.156
2017-08-25 11:00,0.164
2017-08-25 12:00,0.169
2017-08-25 13:00,0.156
2017-08-25 14:00,0.126
2017-08-25 15:00,0.093
2017-08-25 16:00,0.073
2017-08-25 17:00,0.057
2017-08-25 18:00,0.054
2017-08-25 19:00,0.048
2017-08-25 20:00,0.043
2017-08-25 21:00,0.037
2017-08-25 22:00,0.039
2017-08-25 23:00,0.056
2017-08-26 00:00,0.083
2017-08-26 01:00,0.113
2017-08-26 02:00,0.148
2017-08-26 03:00,0.171
2017-08-26 04:00,0.189
2017-08-26 05:00,0.204
2017-08-26 06:00,0.156
2017-08-26 07:00,0.110
2017-08-26 08:00,0.129
2017-08-26 09:00,0.156
2017-08-26 10:00,0.203
2017-08-26 11:00,0.244
2017-08-26 12:00,0.265
2017-08-26 13:00,0.270
2017-08-26 14:00,0.257
2017-08-26 15:00,0.255
2017-08-26 16:00,0.259
2017-08-26 17:00,0.245
2017-08-26 18:00,0.256
2017-08-26 19:00,0.292
2017-08-26 20:00,0.293
2017-08-26 21:00,0.279
2017-08-26 22:00,0.265
2017-08-26 23:00,0.267
2017-08-27 00:00,0.273
2017-08-27 01:00,0.268
2017-08-27 02:00,0.252
2017-08-27 03:00,0.212
2017-08-27 04:00,0.171
2017-08-27 05:00,0.131
2017-08-27 06:00,0.087
2017-08-27 07:00,0.054
2017-08-27 08:00,0.064
2017-08-27 09:00,0.085
2017-08-27 10:00,0.100
2017-08-27 11:00,0.102
2017-08-27 12:00,0.097
2017-08-27 13:00,0.095
2017-08-27 14:00,0.107
2017-08-27 15:00,0.123
2017-08-27 16:00,0.131
2017-08-27 17:00,0.115
2017-08-27 18:00,0.093
2017-08-27 19:00,0.091
2017-08-27 20:00,0.134
2017-08-27 21:00,0.194
2017-08-27 22:00,0.253
2017-08-27 23:00,0.302
2017-08-28 00:00,0.330
2017-08-28 01:00,0.351
2017-08-28 02:00,0.374
2017-08-28 03:00,0.381
2017-08-28 04:00,0.374
2017-08-28 05:00,0.355
2017-08-28 06:00,0.248
2017-08-28 07:00,0.213
2017-08-28 08:00,0.369
2017-08-28 09:00,0.450
2017-08-28 10:00,0.500
2017-08-28 11:00,0.536
2017-08-28 12:00,0.544
2017-08-28 13:00,0.527
2017-08-28 14:00,0.504
2017-08-28 15:00,0.478
2017-08-28 16:00,0.449
2017-08-28 17:00,0.384
2017-08-28 18:00,0.365
2017-08-28 19:00,0.339
2017-08-28 20:00,0.302
2017-08-28 21:00,0.316
2017-08-28 22:00,0.345
2017-08-28 23:00,0.366
2017-08-29 00:00,0.375
2017-08-29 01:00,0.347
2017-08-29 02:00,0.288
2017-08-29 03:00,0.285
2017-08-29 04:00,0.273
2017-08-29 05:00,0.265
2017-08-29 06:00,0.194
2017-08-29 07:00,0.181
2017-08-29 08:00,0.186
2017-08-29 09:00,0.163
2017-08-29 10:00,0.175
2017-08-29 11:00,0.188
2017-08-29 12:00,0.198
2017-08-29 13:00,0.214
2017-08-29 14:00,0.239
2017-08-29 15:00,0.251
2017-08-29 16:00,0.230
2017-08-29 17:00,0.188
2017-08-29 18:00,0.165
2017-08-29 19:00,0.182
2017-08-29 20:00,0.226
2017-08-29 21:00,0.253
2017-08-29 22:00,0.254
2017-08-29 23:00,0.246
2017-08-30 00:00,0.239
2017-08-30 01:00,0.227
2017-08-30 02:00,0.235
2017-08-30 03:00,0.205
2017-08-30 04:00,0.118
2017-08-30 05:00,0.092
2017-08-30 06:00,0.114
2017-08-30 07:00,0.131
2017-08-30 08:00,0.113
2017-08-30 09:00,0.130
2017-08-30 10:00,0.134
2017-08-30 11:00,0.123
2017-08-30 12:00,0.110
2017-08-30 13:00,0.097
2017-08-30 14:00,0.088
2017-08-30 15:00,0.095
2017-08-30 16:00,0.121
2017-08-30 17:00,0.156
2017-08-30 18:00,0.225
2017-08-30 19:00,0.295
2017-08-30 20:00,0.326
2017-08-30 21:00,0.322
2017-08-30 22:00,0.295
2017-08-30 23:00,0.257
2017-08-31 00:00,0.224
2017-08-31 01:00,0.203
2017-08-31 02:00,0.179
2017-08-31 03:00,0.149
2017-08-31 04:00,0.117
2017-08-31 05:00,0.093
2017-08-31 06:00,0.075
2017-08-31 07:00,0.051
2017-08-31 08:00,0.052
2017-08-31 09:00,0.069
2017-08-31 10:00,0.083
2017-08-31 11:00,0.082
2017-08-31 12:00,0.075
2017-08-31 13:00,0.070
2017-08-31 14:00,0.069
2017-08-31 15:00,0.068
2017-08-31 16:00,0.070
2017-08-31 17:00,0.075
2017-08-31 18:00,0.097
2017-08-31 19:00,0.118
2017-08-31 20:00,0.133
2017-08-31 21:00,0.148
2017-08-31 22:00,0.164
2017-08-31 23:00,0.181
2017-09-01 00:00,0.202
2017-09-01 01:00,0.223
2017-09-01 02:00,0.240
2017-09-01 03:00,0.251
2017-09-01 04:00,0.248
2017-09-01 05:00,0.237
2017-09-01 06:00,0.162
2017-09-01 07:00,0.090
2017-09-01 08:00,0.093
2017-09-01 09:00,0.088
2017-09-01 10:00,0.089
2017-09-01 11:00,0.100
2017-09-01 12:00,0.111
2017-09-01 13:00,0.118
2017-09-01 14:00,0.125
2017-09-01 15:00,0.136
2017-09-01 16:00,0.140
2017-09-01 17:00,0.137
2017-09-01 18:00,0.148
2017-09-01 19:00,0.141
2017-09-01 20:00,0.112
2017-09-01 21:00,0.079
2017-09-01 22:00,0.052
2017-09-01 23:00,0.039
2017-09-02 00:00,0.032
2017-09-02 01:00,0.032
2017-09-02 02:00,0.032
2017-09-02 03:00,0.029
2017-09-02 04:00,0.024
2017-09-02 05:00,0.017
2017-09-02 06:00,0.010
2017-09-02 07:00,0.005
2017-09-02 08:00,0.007
2017-09-02 09:00,0.017
2017-09-02 10:00,0.027
2017-09-02 11:00,0.035
2017-09-02 12:00,0.045
2017-09-02 13:00,0.062
2017-09-02 14:00,0.085
2017-09-02 15:00,0.106
2017-09-02 16:00,0.119
2017-09-02 17:00,0.128
2017-09-02 18:00,0.178
2017-09-02 19:00,0.265
2017-09-02 20:00,0.342
2017-09-02 21:00,0.376
2017-09-02 22:00,0.367
2017-09-02 23:00,0.352
2017-09-03 00:00,0.345
2017-09-03 01:00,0.348
2017-09-03 02:00,0.345
2017-09-03 03:00,0.345
2017-09-03 04:00,0.348
2017-09-03 05:00,0.345
2017-09-03 06:00,0.322
2017-09-03 07:00,0.324
2017-09-03 08:00,0.533
2017-09-03 09:00,0.689
2017-09-03 10:00,0.736
2017-09-03 11:00,0.740
2017-09-03 12:00,0.723
2017-09-03 13:00,0.682
2017-09-03 14:00,0.629
2017-09-03 15:00,0.564
2017-09-03 16:00,0.447
2017-09-03 17:00,0.390
2017-09-03 18:00,0.411
2017-09-03 19:00,0.416
2017-09-03 20:00,0.380
2017-09-03 21:00,0.410
2017-09-03 22:00,0.403
2017-09-03 23:00,0.390
2017-09-04 00:00,0.393
2017-09-04 01:00,0.422
2017-09-04 02:00,0.403
2017-09-04 03:00,0.379
2017-09-04 04:00,0.352
2017-09-04 05:00,0.330
2017-09-04 06:00,0.268
2017-09-04 07:00,0.197
2017-09-04 08:00,0.162
2017-09-04 09:00,0.163
2017-09-04 10:00,0.182
2017-09-04 11:00,0.224
2017-09-04 12:00,0.290
2017-09-04 13:00,0.355
2017-09-04 14:00,0.376
2017-09-04 15:00,0.345
2017-09-04 16:00,0.288
2017-09-04 17:00,0.272
2017-09-04 18:00,0.315
2017-09-04 19:00,0.367
2017-09-04 20:00,0.355
2017-09-04 21:00,0.336
2017-09-04 22:00,0.335
2017-09-04 23:00,0.314
2017-09-05 00:00,0.309
2017-09-05 01:00,0.315
2017-09-05 02:00,0.297
2017-09-05 03:00,0.291
2017-09-05 04:00,0.341
2017-09-05 05:00,0.438
2017-09-05 06:00,0.510
2017-09-05 07:00,0.605
2017-09-05 08:00,0.643
2017-09-05 09:00,0.619
2017-09-05 10:00,0.728
2017-09-05 11:00,0.734
2017-09-05 12:00,0.687
2017-09-05 13:00,0.616
2017-09-05 14:00,0.551
2017-09-05 15:00,0.528
2017-09-05 16:00,0.506
2017-09-05 17:00,0.436
2017-09-05 18:00,0.421
2017-09-05 19:00,0.429
2017-09-05 20:00,0.439
2017-09-05 21:00,0.461
2017-09-05 22:00,0.503
2017-09-05 23:00,0.539
2017-09-06 00:00,0.547
2017-09-06 01:00,0.545
2017-09-06 02:00,0.559
2017-09-06 03:00,0.563
2017-09-06 04:00,0.553
2017-09-06 05:00,0.539
2017-09-06 06:00,0.474
2017-09-06 07:00,0.451
2017-09-06 08:00,0.597
2017-09-06 09:00,0.635
2017-09-06 10:00,0.631
2017-09-06 11:00,0.628
2017-09-06 12:00,0.634
2017-09-06 13:00,0.643
2017-09-06 14:00,0.643
2017-09-06 15:00,0.612
2017-09-06 16:00,0.533
2017-09-06 17:00,0.450
2017-09-06 18:00,0.410
2017-09-06 19:00,0.378
2017-09-06 20:00,0.381
2017-09-06 21:00,0.396
2017-09-06 22:00,0.392
2017-09-06 23:00,0.380
2017-09-07 00:00,0.387
2017-09-07 01:00,0.377
2017-09-07 02:00,0.358
2017-09-07 03:00,0.342
2017-09-07 04:00,0.374
2017-09-07 05:00,0.404
2017-09-07 06:00,0.340
2017-09-07 07:00,0.248
2017-09-07 08:00,0.355
2017-09-07 09:00,0.431
2017-09-07 10:00,0.454
2017-09-07 11:00,0.483
2017-09-07 12:00,0.518
2017-09-07 13:00,0.565
2017-09-07 14:00,0.561
2017-09-07 15:00,0.490
2017-09-07 16:00,0.510
2017-09-07 17:00,0.588
2017-09-07 18:00,0.645
2017-09-07 19:00,0.684
2017-09-07 20:00,0.641
2017-09-07 21:00,0.613
2017-09-07 22:00,0.636
2017-09-07 23:00,0.633
2017-09-08 00:00,0.613
2017-09-08 01:00,0.604
2017-09-08 02:00,0.623
2017-09-08 03:00,0.551
2017-09-08 04:00,0.527
2017-09-08 05:00,0.527
2017-09-08 06:00,0.494
2017-09-08 07:00,0.483
2017-09-08 08:00,0.542
2017-09-08 09:00,0.533
2017-09-08 10:00,0.533
2017-09-08 11:00,0.546
2017-09-08 12:00,0.563
2017-09-08 13:00,0.584
2017-09-08 14:00,0.594
2017-09-08 15:00,0.587
2017-09-08 16:00,0.559
2017-09-08 17:00,0.446
2017-09-08 18:00,0.413
2017-09-08 19:00,0.460
2017-09-08 20:00,0.473
2017-09-08 21:00,0.473
2017-09-08 22:00,0.450
2017-09-08 23:00,0.406
2017-09-09 00:00,0.394
2017-09-09 01:00,0.393
2017-09-09 02:00,0.390
2017-09-09 03:00,0.387
2017-09-09 04:00,0.404
2017-09-09 05:00,0.412
2017-09-09 06:00,0.375
2017-09-09 07:00,0.294
2017-09-09 08:00,0.275
2017-09-09 09:00,0.276
2017-09-09 10:00,0.257
2017-09-09 11:00,0.251
2017-09-09 12:00,0.252
2017-09-09 13:00,0.261
2017-09-09 14:00,0.276
2017-09-09 15:00,0.303
2017-09-09 16:00,0.275
2017-09-09 17:00,0.223
2017-09-09 18:00,0.217
2017-09-09 19:00,0.156
2017-09-09 20:00,0.115
2017-09-09 21:00,0.137
2017-09-09 22:00,0.216
2017-09-09 23:00,0.321
2017-09-10 00:00,0.409
2017-09-10 01:00,0.437
2017-09-10 02:00,0.417
2017-09-10 03:00,0.400
2017-09-10 04:00,0.418
2017-09-10 05:00,0.442
2017-09-10 06:00,0.393
2017-09-10 07:00,0.361
2017-09-10 08:00,0.489
2017-09-10 09:00,0.628
2017-09-10 10:00,0.735
2017-09-10 11:00,0.834
2017-09-10 12:00,0.889
2017-09-10 13:00,0.908
2017-09-10 14:00,0.895
2017-09-10 15:00,0.851
2017-09-10 16:00,0.853
2017-09-10 17:00,0.874
2017-09-10 18:00,0.841
2017-09-10 19:00,0.803
2017-09-10 20:00,0.806
2017-09-10 21:00,0.775
2017-09-10 22:00,0.778
2017-09-10 23:00,0.811
2017-09-11 00:00,0.822
2017-09-11 01:00,0.818
2017-09-11 02:00,0.792
2017-09-11 03:00,0.774
2017-09-11 04:00,0.752
2017-09-11 05:00,0.723
2017-09-11 06:00,0.711
2017-09-11 07:00,0.767
2017-09-11 08:00,0.774
2017-09-11 09:00,0.847
2017-09-11 10:00,0.865
2017-09-11 11:00,0.867
2017-09-11 12:00,0.873
2017-09-11 13:00,0.892
2017-09-11 14:00,0.911
2017-09-11 15:00,0.908
2017-09-11 16:00,0.879
2017-09-11 17:00,0.837
2017-09-11 18:00,0.808
2017-09-11 19:00,0.775
2017-09-11 20:00,0.733
2017-09-11 21:00,0.680
2017-09-11 22:00,0.707
2017-09-11 23:00,0.730
2017-09-12 00:00,0.742
2017-09-12 01:00,0.743
2017-09-12 02:00,0.746
2017-09-12 03:00,0.740
2017-09-12 04:00,0.719
2017-09-12 05:00,0.702
2017-09-12 06:00,0.651
2017-09-12 07:00,0.614
2017-09-12 08:00,0.696
2017-09-12 09:00,0.672
2017-09-12 10:00,0.669
2017-09-12 11:00,0.637
2017-09-12 12:00,0.586
2017-09-12 13:00,0.600
2017-09-12 14:00,0.581
2017-09-12 15:00,0.536
2017-09-12 16:00,0.340
2017-09-12 17:00,0.270
2017-09-12 18:00,0.416
2017-09-12 19:00,0.616
2017-09-12 20:00,0.773
2017-09-12 21:00,0.863
2017-09-12 22:00,0.850
2017-09-12 23:00,0.819
2017-09-13 00:00,0.865
2017-09-13 01:00,0.879
2017-09-13 02:00,0.879
2017-09-13 03:00,0.948
2017-09-13 04:00,0.973
2017-09-13 05:00,0.962
2017-09-13 06:00,0.938
2017-09-13 07:00,0.913
2017-09-13 08:00,0.924
2017-09-13 09:00,0.926
2017-09-13 10:00,0.911
2017-09-13 11:00,0.886
2017-09-13 12:00,0.860
2017-09-13 13:00,0.833
2017-09-13 14:00,0.804
2017-09-13 15:00,0.767
2017-09-13 16:00,0.677
2017-09-13 17:00,0.581
2017-09-13 18:00,0.548
2017-09-13 19:00,0.502
2017-09-13 20:00,0.476
2017-09-13 21:00,0.468
2017-09-13 22:00,0.464
2017-09-13 23:00,0.463
2017-09-14 00:00,0.444
2017-09-14 01:00,0.450
2017-09-14 02:00,0.428
2017-09-14 03:00,0.423
2017-09-14 04:00,0.439
2017-09-14 05:00,0.467
2017-09-14 06:00,0.454
2017-09-14 07:00,0.423
2017-09-14 08:00,0.513
2017-09-14 09:00,0.616
2017-09-14 10:00,0.618
2017-09-14 11:00,0.594
2017-09-14 12:00,0.580
2017-09-14 13:00,0.601
2017-09-14 14:00,0.647
2017-09-14 15:00,0.669
2017-09-14 16:00,0.640
2017-09-14 17:00,0.609
2017-09-14 18:00,0.584
2017-09-14 19:00,0.528
2017-09-14 20:00,0.520
2017-09-14 21:00,0.516
2017-09-14 22:00,0.520
2017-09-14 23:00,0.505
2017-09-15 00:00,0.499
2017-09-15 01:00,0.459
2017-09-15 02:00,0.423
2017-09-15 03:00,0.393
2017-09-15 04:00,0.380
2017-09-15 05:00,0.374
2017-09-15 06:00,0.357
2017-09-15 07:00,0.299
2017-09-15 08:00,0.333
2017-09-15 09:00,0.431
2017-09-15 10:00,0.418
2017-09-15 11:00,0.345
2017-09-15 12:00,0.272
2017-09-15 13:00,0.226
2017-09-15 14:00,0.206
2017-09-15 15:00,0.213
2017-09-15 16:00,0.191
2017-09-15 17:00,0.186
2017-09-15 18:00,0.253
2017-09-15 19:00,0.306
2017-09-15 20:00,0.353
2017-09-15 21:00,0.377
2017-09-15 22:00,0.390
2017-09-15 23:00,0.396
2017-09-16 00:00,0.396
2017-09-16 01:00,0.402
2017-09-16 02:00,0.400
2017-09-16 03:00,0.403
2017-09-16 04:00,0.418
2017-09-16 05:00,0.409
2017-09-16 06:00,0.385
2017-09-16 07:00,0.361
2017-09-16 08:00,0.393
2017-09-16 09:00,0.403
2017-09-16 10:00,0.359
2017-09-16 11:00,0.332
2017-09-16 12:00,0.314
2017-09-16 13:00,0.283
2017-09-16 14:00,0.251
2017-09-16 15:00,0.230
2017-09-16 16:00,0.189
2017-09-16 17:00,0.204
2017-09-16 18:00,0.272
2017-09-16 19:00,0.320
2017-09-16 20:00,0.342
2017-09-16 21:00,0.356
2017-09-16 22:00,0.352
2017-09-16 23:00,0.330
2017-09-17 00:00,0.300
2017-09-17 01:00,0.285
2017-09-17 02:00,0.285
2017-09-17 03:00,0.296
2017-09-17 04:00,0.325
2017-09-17 05:00,0.355
2017-09-17 06:00,0.342
2017-09-17 07:00,0.246
2017-09-17 08:00,0.246
2017-09-17 09:00,0.281
2017-09-17 10:00,0.251
2017-09-17 11:00,0.229
2017-09-17 12:00,0.229
2017-09-17 13:00,0.246
2017-09-17 14:00,0.272
2017-09-17 15:00,0.283
2017-09-17 16:00,0.242
2017-09-17 17:00,0.253
2017-09-17 18:00,0.330
2017-09-17 19:00,0.385
2017-09-17 20:00,0.419
2017-09-17 21:00,0.433
2017-09-17 22:00,0.436
2017-09-17 23:00,0.433
2017-09-18 00:00,0.431
2017-09-18 01:00,0.429
2017-09-18 02:00,0.426
2017-09-18 03:00,0.418
2017-09-18 04:00,0.416
2017-09-18 05:00,0.399
2017-09-18 06:00,0.334
2017-09-18 07:00,0.235
2017-09-18 08:00,0.215
2017-09-18 09:00,0.231
2017-09-18 10:00,0.218
2017-09-18 11:00,0.210
2017-09-18 12:00,0.204
2017-09-18 13:00,0.195
2017-09-18 14:00,0.162
2017-09-18 15:00,0.128
2017-09-18 16:00,0.114
2017-09-18 17:00,0.116
2017-09-18 18:00,0.127
2017-09-18 19:00,0.131
2017-09-18 20:00,0.132
2017-09-18 21:00,0.129
2017-09-18 22:00,0.125
2017-09-18 23:00,0.131
2017-09-19 00:00,0.133
2017-09-19 01:00,0.119
2017-09-19 02:00,0.096
2017-09-19 03:00,0.073
2017-09-19 04:00,0.054
2017-09-19 05:00,0.041
2017-09-19 06:00,0.033
2017-09-19 07:00,0.027
2017-09-19 08:00,0.028
2017-09-19 09:00,0.038
2017-09-19 10:00,0.054
2017-09-19 11:00,0.073
2017-09-19 12:00,0.096
2017-09-19 13:00,0.119
2017-09-19 14:00,0.141
2017-09-19 15:00,0.156
2017-09-19 16:00,0.141
2017-09-19 17:00,0.118
2017-09-19 18:00,0.107
2017-09-19 19:00,0.115
2017-09-19 20:00,0.145
2017-09-19 21:00,0.195
2017-09-19 22:00,0.251
2017-09-19 23:00,0.306
2017-09-20 00:00,0.354
2017-09-20 01:00,0.388
2017-09-20 02:00,0.395
2017-09-20 03:00,0.369
2017-09-20 04:00,0.367
2017-09-20 05:00,0.377
2017-09-20 06:00,0.365
2017-09-20 07:00,0.256
2017-09-20 08:00,0.206
2017-09-20 09:00,0.344
2017-09-20 10:00,0.365
2017-09-20 11:00,0.384
2017-09-20 12:00,0.420
2017-09-20 13:00,0.453
2017-09-20 14:00,0.478
2017-09-20 15:00,0.483
2017-09-20 16:00,0.490
2017-09-20 17:00,0.528
2017-09-20 18:00,0.601
2017-09-20 19:00,0.647
2017-09-20 20:00,0.614
2017-09-20 21:00,0.616
2017-09-20 22:00,0.584
2017-09-20 23:00,0.551
2017-09-21 00:00,0.539
2017-09-21 01:00,0.563
2017-09-21 02:00,0.581
2017-09-21 03:00,0.639
2017-09-21 04:00,0.750
2017-09-21 05:00,0.739
2017-09-21 06:00,0.716
2017-09-21 07:00,0.692
2017-09-21 08:00,0.631
2017-09-21 09:00,0.640
2017-09-21 10:00,0.616
2017-09-21 11:00,0.551
2017-09-21 12:00,0.432
2017-09-21 13:00,0.400
2017-09-21 14:00,0.436
2017-09-21 15:00,0.452
2017-09-21 16:00,0.408
2017-09-21 17:00,0.334
2017-09-21 18:00,0.349
2017-09-21 19:00,0.374
2017-09-21 20:00,0.380
2017-09-21 21:00,0.355
2017-09-21 22:00,0.317
2017-09-21 23:00,0.278
2017-09-22 00:00,0.261
2017-09-22 01:00,0.288
2017-09-22 02:00,0.330
2017-09-22 03:00,0.334
2017-09-22 04:00,0.303
2017-09-22 05:00,0.263
2017-09-22 06:00,0.234
2017-09-22 07:00,0.189
2017-09-22 08:00,0.197
2017-09-22 09:00,0.335
2017-09-22 10:00,0.408
2017-09-22 11:00,0.446
2017-09-22 12:00,0.467
2017-09-22 13:00,0.479
2017-09-22 14:00,0.491
2017-09-22 15:00,0.503
2017-09-22 16:00,0.508
2017-09-22 17:00,0.591
2017-09-22 18:00,0.649
2017-09-22 19:00,0.684
2017-09-22 20:00,0.635
2017-09-22 21:00,0.530
2017-09-22 22:00,0.536
2017-09-22 23:00,0.506
2017-09-23 00:00,0.477
2017-09-23 01:00,0.448
2017-09-23 02:00,0.428
2017-09-23 03:00,0.442
2017-09-23 04:00,0.439
2017-09-23 05:00,0.410
2017-09-23 06:00,0.395
2017-09-23 07:00,0.327
2017-09-23 08:00,0.294
2017-09-23 09:00,0.305
2017-09-23 10:00,0.364
2017-09-23 11:00,0.394
2017-09-23 12:00,0.415
2017-09-23 13:00,0.442
2017-09-23 14:00,0.456
2017-09-23 15:00,0.407
2017-09-23 16:00,0.345
2017-09-23 17:00,0.380
2017-09-23 18:00,0.461
2017-09-23 19:00,0.492
2017-09-23 20:00,0.476
2017-09-23 21:00,0.460
2017-09-23 22:00,0.444
2017-09-23 23:00,0.429
2017-09-24 00:00,0.413
2017-09-24 01:00,0.404
2017-09-24 02:00,0.416
2017-09-24 03:00,0.446
2017-09-24 04:00,0.469
2017-09-24 05:00,0.479
2017-09-24 06:00,0.450
2017-09-24 07:00,0.328
2017-09-24 08:00,0.272
2017-09-24 09:00,0.382
2017-09-24 10:00,0.476
2017-09-24 11:00,0.517
2017-09-24 12:00,0.502
2017-09-24 13:00,0.456
2017-09-24 14:00,0.398
2017-09-24 15:00,0.338
2017-09-24 16:00,0.342
2017-09-24 17:00,0.410
2017-09-24 18:00,0.449
2017-09-24 19:00,0.424
2017-09-24 20:00,0.397
2017-09-24 21:00,0.380
2017-09-24 22:00,0.342
2017-09-24 23:00,0.311
2017-09-25 00:00,0.286
2017-09-25 01:00,0.264
2017-09-25 02:00,0.260
2017-09-25 03:00,0.265
2017-09-25 04:00,0.270
2017-09-25 05:00,0.281
2017-09-25 06:00,0.285
2017-09-25 07:00,0.235
2017-09-25 08:00,0.161
2017-09-25 09:00,0.107
2017-09-25 10:00,0.095
2017-09-25 11:00,0.109
2017-09-25 12:00,0.113
2017-09-25 13:00,0.106
2017-09-25 14:00,0.092
2017-09-25 15:00,0.085
2017-09-25 16:00,0.091
2017-09-25 17:00,0.129
2017-09-25 18:00,0.184
2017-09-25 19:00,0.221
2017-09-25 20:00,0.214
2017-09-25 21:00,0.189
2017-09-25 22:00,0.177
2017-09-25 23:00,0.184
2017-09-26 00:00,0.194
2017-09-26 01:00,0.171
2017-09-26 02:00,0.147
2017-09-26 03:00,0.141
2017-09-26 04:00,0.143
2017-09-26 05:00,0.147
2017-09-26 06:00,0.145
2017-09-26 07:00,0.104
2017-09-26 08:00,0.066
2017-09-26 09:00,0.063
2017-09-26 10:00,0.059
2017-09-26 11:00,0.061
2017-09-26 12:00,0.070
2017-09-26 13:00,0.080
2017-09-26 14:00,0.093
2017-09-26 15:00,0.118
2017-09-26 16:00,0.161
2017-09-26 17:00,0.262
2017-09-26 18:00,0.377
2017-09-26 19:00,0.410
2017-09-26 20:00,0.393
2017-09-26 21:00,0.415
2017-09-26 22:00,0.432
2017-09-26 23:00,0.447
2017-09-27 00:00,0.430
2017-09-27 01:00,0.426
2017-09-27 02:00,0.440
2017-09-27 03:00,0.439
2017-09-27 04:00,0.449
2017-09-27 05:00,0.467
2017-09-27 06:00,0.452
2017-09-27 07:00,0.388
2017-09-27 08:00,0.430
2017-09-27 09:00,0.551
2017-09-27 10:00,0.604
2017-09-27 11:00,0.640
2017-09-27 12:00,0.669
2017-09-27 13:00,0.692
2017-09-27 14:00,0.681
2017-09-27 15:00,0.632
2017-09-27 16:00,0.650
2017-09-27 17:00,0.712
2017-09-27 18:00,0.741
2017-09-27 19:00,0.728
2017-09-27 20:00,0.683
2017-09-27 21:00,0.652
2017-09-27 22:00,0.649
2017-09-27 23:00,0.669
2017-09-28 00:00,0.641
2017-09-28 01:00,0.550
2017-09-28 02:00,0.387
2017-09-28 03:00,0.297
2017-09-28 04:00,0.265
2017-09-28 05:00,0.260
2017-09-28 06:00,0.254
2017-09-28 07:00,0.164
2017-09-28 08:00,0.082
2017-09-28 09:00,0.049
2017-09-28 10:00,0.043
2017-09-28 11:00,0.057
2017-09-28 12:00,0.096
2017-09-28 13:00,0.136
2017-09-28 14:00,0.163
2017-09-28 15:00,0.170
2017-09-28 16:00,0.181
2017-09-28 17:00,0.243
2017-09-28 18:00,0.333
2017-09-28 19:00,0.410
2017-09-28 20:00,0.467
2017-09-28 21:00,0.492
2017-09-28 22:00,0.459
2017-09-28 23:00,0.422
2017-09-29 00:00,0.413
2017-09-29 01:00,0.466
2017-09-29 02:00,0.490
2017-09-29 03:00,0.491
2017-09-29 04:00,0.491
2017-09-29 05:00,0.449
2017-09-29 06:00,0.442
2017-09-29 07:00,0.390
2017-09-29 08:00,0.381
2017-09-29 09:00,0.452
2017-09-29 10:00,0.403
2017-09-29 11:00,0.410
2017-09-29 12:00,0.440
2017-09-29 13:00,0.466
2017-09-29 14:00,0.488
2017-09-29 15:00,0.472
2017-09-29 16:00,0.417
2017-09-29 17:00,0.436
2017-09-29 18:00,0.463
2017-09-29 19:00,0.460
2017-09-29 20:00,0.480
2017-09-29 21:00,0.502
2017-09-29 22:00,0.483
2017-09-29 23:00,0.450
2017-09-30 00:00,0.421
2017-09-30 01:00,0.390
2017-09-30 02:00,0.348
2017-09-30 03:00,0.316
2017-09-30 04:00,0.297
2017-09-30 05:00,0.279
2017-09-30 06:00,0.279
2017-09-30 07:00,0.242
2017-09-30 08:00,0.229
2017-09-30 09:00,0.288
2017-09-30 10:00,0.319
2017-09-30 11:00,0.325
2017-09-30 12:00,0.336
2017-09-30 13:00,0.332
2017-09-30 14:00,0.309
2017-09-30 15:00,0.232
2017-09-30 16:00,0.149
2017-09-30 17:00,0.149
2017-09-30 18:00,0.157
2017-09-30 19:00,0.155
2017-09-30 20:00,0.202
2017-09-30 21:00,0.290
2017-09-30 22:00,0.363
2017-09-30 23:00,0.379
2017-10-01 00:00,0.380
2017-10-01 01:00,0.426
2017-10-01 02:00,0.434
2017-10-01 03:00,0.429
2017-10-01 04:00,0.423
2017-10-01 05:00,0.395
2017-10-01 06:00,0.410
2017-10-01 07:00,0.377
2017-10-01 08:00,0.365
2017-10-01 09:00,0.429
2017-10-01 10:00,0.639
2017-10-01 11:00,0.834
2017-10-01 12:00,0.878
2017-10-01 13:00,0.891
2017-10-01 14:00,0.879
2017-10-01 15:00,0.867
2017-10-01 16:00,0.856
2017-10-01 17:00,0.850
2017-10-01 18:00,0.839
2017-10-01 19:00,0.837
2017-10-01 20:00,0.836
2017-10-01 21:00,0.852
2017-10-01 22:00,0.864
2017-10-01 23:00,0.872
2017-10-02 00:00,0.890
2017-10-02 01:00,0.915
2017-10-02 02:00,0.936
2017-10-02 03:00,0.944
2017-10-02 04:00,0.949
2017-10-02 05:00,0.951
2017-10-02 06:00,0.955
2017-10-02 07:00,0.951
2017-10-02 08:00,0.953
2017-10-02 09:00,0.966
2017-10-02 10:00,0.971
2017-10-02 11:00,0.970
2017-10-02 12:00,0.967
2017-10-02 13:00,0.962
2017-10-02 14:00,0.946
2017-10-02 15:00,0.917
2017-10-02 16:00,0.855
2017-10-02 17:00,0.826
2017-10-02 18:00,0.814
2017-10-02 19:00,0.795
2017-10-02 20:00,0.763
2017-10-02 21:00,0.792
2017-10-02 22:00,0.798
2017-10-02 23:00,0.795
2017-10-03 00:00,0.791
2017-10-03 01:00,0.796
2017-10-03 02:00,0.821
2017-10-03 03:00,0.823
2017-10-03 04:00,0.807
2017-10-03 05:00,0.785
2017-10-03 06:00,0.752
2017-10-03 07:00,0.725
2017-10-03 08:00,0.756
2017-10-03 09:00,0.837
2017-10-03 10:00,0.814
2017-10-03 11:00,0.789
2017-10-03 12:00,0.770
2017-10-03 13:00,0.779
2017-10-03 14:00,0.761
2017-10-03 15:00,0.676
2017-10-03 16:00,0.606
2017-10-03 17:00,0.572
2017-10-03 18:00,0.559
2017-10-03 19:00,0.550
2017-10-03 20:00,0.551
2017-10-03 21:00,0.572
2017-10-03 22:00,0.612
2017-10-03 23:00,0.650
2017-10-04 00:00,0.637
2017-10-04 01:00,0.640
2017-10-04 02:00,0.675
2017-10-04 03:00,0.692
2017-10-04 04:00,0.718
2017-10-04 05:00,0.729
2017-10-04 06:00,0.735
2017-10-04 07:00,0.748
2017-10-04 08:00,0.740
2017-10-04 09:00,0.852
2017-10-04 10:00,0.883
2017-10-04 11:00,0.893
2017-10-04 12:00,0.883
2017-10-04 13:00,0.868
2017-10-04 14:00,0.828
2017-10-04 15:00,0.746
2017-10-04 16:00,0.672
2017-10-04 17:00,0.647
2017-10-04 18:00,0.615
2017-10-04 19:00,0.591
2017-10-04 20:00,0.637
2017-10-04 21:00,0.795
2017-10-04 22:00,0.940
2017-10-04 23:00,0.977
2017-10-05 00:00,0.987
2017-10-05 01:00,0.986
2017-10-05 02:00,0.968
2017-10-05 03:00,0.928
2017-10-05 04:00,0.879
2017-10-05 05:00,0.831
2017-10-05 06:00,0.776
2017-10-05 07:00,0.686
2017-10-05 08:00,0.676
2017-10-05 09:00,0.757
2017-10-05 10:00,0.800
2017-10-05 11:00,0.824
2017-10-05 12:00,0.845
2017-10-05 13:00,0.858
2017-10-05 14:00,0.861
2017-10-05 15:00,0.810
2017-10-05 16:00,0.733
2017-10-05 17:00,0.735
2017-10-05 18:00,0.714
2017-10-05 19:00,0.658
2017-10-05 20:00,0.598
2017-10-05 21:00,0.597
2017-10-05 22:00,0.595
2017-10-05 23:00,0.594
2017-10-06 00:00,0.578
2017-10-06 01:00,0.553
2017-10-06 02:00,0.513
2017-10-06 03:00,0.490
2017-10-06 04:00,0.479
2017-10-06 05:00,0.423
2017-10-06 06:00,0.335
2017-10-06 07:00,0.290
2017-10-06 08:00,0.233
2017-10-06 09:00,0.227
2017-10-06 10:00,0.183
2017-10-06 11:00,0.143
2017-10-06 12:00,0.140
2017-10-06 13:00,0.187
2017-10-06 14:00,0.261
2017-10-06 15:00,0.254
2017-10-06 16:00,0.243
2017-10-06 17:00,0.275
2017-10-06 18:00,0.304
2017-10-06 19:00,0.364
2017-10-06 20:00,0.436
2017-10-06 21:00,0.495
2017-10-06 22:00,0.569
2017-10-06 23:00,0.631
2017-10-07 00:00,0.612
2017-10-07 01:00,0.653
2017-10-07 02:00,0.721
2017-10-07 03:00,0.828
2017-10-07 04:00,0.820
2017-10-07 05:00,0.819
2017-10-07 06:00,0.760
2017-10-07 07:00,0.733
2017-10-07 08:00,0.729
2017-10-07 09:00,0.754
2017-10-07 10:00,0.781
2017-10-07 11:00,0.748
2017-10-07 12:00,0.733
2017-10-07 13:00,0.740
2017-10-07 14:00,0.730
2017-10-07 15:00,0.697
2017-10-07 16:00,0.669
2017-10-07 17:00,0.675
2017-10-07 18:00,0.610
2017-10-07 19:00,0.581
2017-10-07 20:00,0.572
2017-10-07 21:00,0.550
2017-10-07 22:00,0.532
2017-10-07 23:00,0.510
2017-10-08 00:00,0.490
2017-10-08 01:00,0.471
2017-10-08 02:00,0.442
2017-10-08 03:00,0.426
2017-10-08 04:00,0.433
2017-10-08 05:00,0.429
2017-10-08 06:00,0.400
2017-10-08 07:00,0.326
2017-10-08 08:00,0.216
2017-10-08 09:00,0.209
2017-10-08 10:00,0.207
2017-10-08 11:00,0.203
2017-10-08 12:00,0.214
2017-10-08 13:00,0.227
2017-10-08 14:00,0.221
2017-10-08 15:00,0.186
2017-10-08 16:00,0.157
2017-10-08 17:00,0.172
2017-10-08 18:00,0.198
2017-10-08 19:00,0.211
2017-10-08 20:00,0.203
2017-10-08 21:00,0.191
2017-10-08 22:00,0.183
2017-10-08 23:00,0.180
2017-10-09 00:00,0.184
2017-10-09 01:00,0.187
2017-10-09 02:00,0.194
2017-10-09 03:00,0.195
2017-10-09 04:00,0.198
2017-10-09 05:00,0.190
2017-10-09 06:00,0.188
2017-10-09 07:00,0.185
2017-10-09 08:00,0.145
2017-10-09 09:00,0.142
2017-10-09 10:00,0.163
2017-10-09 11:00,0.187
2017-10-09 12:00,0.209
2017-10-09 13:00,0.232
2017-10-09 14:00,0.251
2017-10-09 15:00,0.252
2017-10-09 16:00,0.232
2017-10-09 17:00,0.257
2017-10-09 18:00,0.292
2017-10-09 19:00,0.357
2017-10-09 20:00,0.421
2017-10-09 21:00,0.447
2017-10-09 22:00,0.513
2017-10-09 23:00,0.586
2017-10-10 00:00,0.641
2017-10-10 01:00,0.634
2017-10-10 02:00,0.719
2017-10-10 03:00,0.742
2017-10-10 04:00,0.714
2017-10-10 05:00,0.643
2017-10-10 06:00,0.574
2017-10-10 07:00,0.470
2017-10-10 08:00,0.342
2017-10-10 09:00,0.380
2017-10-10 10:00,0.432
2017-10-10 11:00,0.466
2017-10-10 12:00,0.513
2017-10-10 13:00,0.574
2017-10-10 14:00,0.581
2017-10-10 15:00,0.540
2017-10-10 16:00,0.586
2017-10-10 17:00,0.630
2017-10-10 18:00,0.636
2017-10-10 19:00,0.640
2017-10-10 20:00,0.643
2017-10-10 21:00,0.604
2017-10-10 22:00,0.630
2017-10-10 23:00,0.718
2017-10-11 00:00,0.774
2017-10-11 01:00,0.768
2017-10-11 02:00,0.816
2017-10-11 03:00,0.851
2017-10-11 04:00,0.854
2017-10-11 05:00,0.853
2017-10-11 06:00,0.857
2017-10-11 07:00,0.857
2017-10-11 08:00,0.853
2017-10-11 09:00,0.855
2017-10-11 10:00,0.901
2017-10-11 11:00,0.910
2017-10-11 12:00,0.906
2017-10-11 13:00,0.898
2017-10-11 14:00,0.903
2017-10-11 15:00,0.879
2017-10-11 16:00,0.843
2017-10-11 17:00,0.814
2017-10-11 18:00,0.817
2017-10-11 19:00,0.836
2017-10-11 20:00,0.845
2017-10-11 21:00,0.866
2017-10-11 22:00,0.872
2017-10-11 23:00,0.846
2017-10-12 00:00,0.784
2017-10-12 01:00,0.718
2017-10-12 02:00,0.665
2017-10-12 03:00,0.591
2017-10-12 04:00,0.547
2017-10-12 05:00,0.525
2017-10-12 06:00,0.505
2017-10-12 07:00,0.471
2017-10-12 08:00,0.429
2017-10-12 09:00,0.566
2017-10-12 10:00,0.658
2017-10-12 11:00,0.653
2017-10-12 12:00,0.647
2017-10-12 13:00,0.640
2017-10-12 14:00,0.618
2017-10-12 15:00,0.564
2017-10-12 16:00,0.573
2017-10-12 17:00,0.610
2017-10-12 18:00,0.594
2017-10-12 19:00,0.564
2017-10-12 20:00,0.591
2017-10-12 21:00,0.585
2017-10-12 22:00,0.591
2017-10-12 23:00,0.615
2017-10-13 00:00,0.649
2017-10-13 01:00,0.669
2017-10-13 02:00,0.672
2017-10-13 03:00,0.676
2017-10-13 04:00,0.694
2017-10-13 05:00,0.784
2017-10-13 06:00,0.817
2017-10-13 07:00,0.814
2017-10-13 08:00,0.853
2017-10-13 09:00,0.811
2017-10-13 10:00,0.845
2017-10-13 11:00,0.855
2017-10-13 12:00,0.887
2017-10-13 13:00,0.901
2017-10-13 14:00,0.897
2017-10-13 15:00,0.886
2017-10-13 16:00,0.878
2017-10-13 17:00,0.873
2017-10-13 18:00,0.853
2017-10-13 19:00,0.833
2017-10-13 20:00,0.811
2017-10-13 21:00,0.763
2017-10-13 22:00,0.750
2017-10-13 23:00,0.719
2017-10-14 00:00,0.700
2017-10-14 01:00,0.686
2017-10-14 02:00,0.682
2017-10-14 03:00,0.643
2017-10-14 04:00,0.650
2017-10-14 05:00,0.661
2017-10-14 06:00,0.650
2017-10-14 07:00,0.603
2017-10-14 08:00,0.536
2017-10-14 09:00,0.572
2017-10-14 10:00,0.640
2017-10-14 11:00,0.709
2017-10-14 12:00,0.741
2017-10-14 13:00,0.738
2017-10-14 14:00,0.676
2017-10-14 15:00,0.549
2017-10-14 16:00,0.465
2017-10-14 17:00,0.474
2017-10-14 18:00,0.483
2017-10-14 19:00,0.473
2017-10-14 20:00,0.479
2017-10-14 21:00,0.493
2017-10-14 22:00,0.492
2017-10-14 23:00,0.509
2017-10-15 00:00,0.523
2017-10-15 01:00,0.542
2017-10-15 02:00,0.569
2017-10-15 03:00,0.550
2017-10-15 04:00,0.523
2017-10-15 05:00,0.510
2017-10-15 06:00,0.516
2017-10-15 07:00,0.466
2017-10-15 08:00,0.370
2017-10-15 09:00,0.451
2017-10-15 10:00,0.577
2017-10-15 11:00,0.580
2017-10-15 12:00,0.538
2017-10-15 13:00,0.500
2017-10-15 14:00,0.476
2017-10-15 15:00,0.425
2017-10-15 16:00,0.422
2017-10-15 17:00,0.451
2017-10-15 18:00,0.456
2017-10-15 19:00,0.442
2017-10-15 20:00,0.412
2017-10-15 21:00,0.375
2017-10-15 22:00,0.339
2017-10-15 23:00,0.304
2017-10-16 00:00,0.286
2017-10-16 01:00,0.254
2017-10-16 02:00,0.223
2017-10-16 03:00,0.206
2017-10-16 04:00,0.214
2017-10-16 05:00,0.281
2017-10-16 06:00,0.390
2017-10-16 07:00,0.463
2017-10-16 08:00,0.523
2017-10-16 09:00,0.606
2017-10-16 10:00,0.664
2017-10-16 11:00,0.871
2017-10-16 12:00,0.935
2017-10-16 13:00,0.961
2017-10-16 14:00,0.980
2017-10-16 15:00,0.987
2017-10-16 16:00,0.991
2017-10-16 17:00,0.993
2017-10-16 18:00,0.993
2017-10-16 19:00,0.993
2017-10-16 20:00,0.993
2017-10-16 21:00,0.992
2017-10-16 22:00,0.991
2017-10-16 23:00,0.990
2017-10-17 00:00,0.987
2017-10-17 01:00,0.982
2017-10-17 02:00,0.975
2017-10-17 03:00,0.967
2017-10-17 04:00,0.957
2017-10-17 05:00,0.945
2017-10-17 06:00,0.931
2017-10-17 07:00,0.914
2017-10-17 08:00,0.903
2017-10-17 09:00,0.927
2017-10-17 10:00,0.926
2017-10-17 11:00,0.908
2017-10-17 12:00,0.879
2017-10-17 13:00,0.831
2017-10-17 14:00,0.752
2017-10-17 15:00,0.632
2017-10-17 16:00,0.533
2017-10-17 17:00,0.463
2017-10-17 18:00,0.390
2017-10-17 19:00,0.342
2017-10-17 20:00,0.285
2017-10-17 21:00,0.246
2017-10-17 22:00,0.200
2017-10-17 23:00,0.154
2017-10-18 00:00,0.109
2017-10-18 01:00,0.070
2017-10-18 02:00,0.039
2017-10-18 03:00,0.017
2017-10-18 04:00,0.007
2017-10-18 05:00,0.010
2017-10-18 06:00,0.026
2017-10-18 07:00,0.051
2017-10-18 08:00,0.060
2017-10-18 09:00,0.074
2017-10-18 10:00,0.112
2017-10-18 11:00,0.134
2017-10-18 12:00,0.148
2017-10-18 13:00,0.156
2017-10-18 14:00,0.163
2017-10-18 15:00,0.162
2017-10-18 16:00,0.192
2017-10-18 17:00,0.252
2017-10-18 18:00,0.264
2017-10-18 19:00,0.256
2017-10-18 20:00,0.271
2017-10-18 21:00,0.276
2017-10-18 22:00,0.286
2017-10-18 23:00,0.279
2017-10-19 00:00,0.257
2017-10-19 01:00,0.246
2017-10-19 02:00,0.257
2017-10-19 03:00,0.244
2017-10-19 04:00,0.217
2017-10-19 05:00,0.227
2017-10-19 06:00,0.247
2017-10-19 07:00,0.252
2017-10-19 08:00,0.203
2017-10-19 09:00,0.173
2017-10-19 10:00,0.211
2017-10-19 11:00,0.242
2017-10-19 12:00,0.297
2017-10-19 13:00,0.387
2017-10-19 14:00,0.516
2017-10-19 15:00,0.523
2017-10-19 16:00,0.492
2017-10-19 17:00,0.495
2017-10-19 18:00,0.410
2017-10-19 19:00,0.415
2017-10-19 20:00,0.476
2017-10-19 21:00,0.545
2017-10-19 22:00,0.640
2017-10-19 23:00,0.625
2017-10-20 00:00,0.561
2017-10-20 01:00,0.421
2017-10-20 02:00,0.333
2017-10-20 03:00,0.232
2017-10-20 04:00,0.162
2017-10-20 05:00,0.163
2017-10-20 06:00,0.224
2017-10-20 07:00,0.279
2017-10-20 08:00,0.287
2017-10-20 09:00,0.327
2017-10-20 10:00,0.371
2017-10-20 11:00,0.367
2017-10-20 12:00,0.356
2017-10-20 13:00,0.479
2017-10-20 14:00,0.562
2017-10-20 15:00,0.448
2017-10-20 16:00,0.335
2017-10-20 17:00,0.361
2017-10-20 18:00,0.351
2017-10-20 19:00,0.392
2017-10-20 20:00,0.479
2017-10-20 21:00,0.562
2017-10-20 22:00,0.697
2017-10-20 23:00,0.806
2017-10-21 00:00,0.809
2017-10-21 01:00,0.775
2017-10-21 02:00,0.717
2017-10-21 03:00,0.706
2017-10-21 04:00,0.701
2017-10-21 05:00,0.767
2017-10-21 06:00,0.835
2017-10-21 07:00,0.862
2017-10-21 08:00,0.870
2017-10-21 09:00,0.913
2017-10-21 10:00,0.955
2017-10-21 11:00,0.971
2017-10-21 12:00,0.974
2017-10-21 13:00,0.973
2017-10-21 14:00,0.975
2017-10-21 15:00,0.966
2017-10-21 16:00,0.915
2017-10-21 17:00,0.857
2017-10-21 18:00,0.913
2017-10-21 19:00,0.967
2017-10-21 20:00,0.977
2017-10-21 21:00,0.976
2017-10-21 22:00,0.967
2017-10-21 23:00,0.960
2017-10-22 00:00,0.957
2017-10-22 01:00,0.958
2017-10-22 02:00,0.962
2017-10-22 03:00,0.963
2017-10-22 04:00,0.958
2017-10-22 05:00,0.956
2017-10-22 06:00,0.955
2017-10-22 07:00,0.956
2017-10-22 08:00,0.958
2017-10-22 09:00,0.960
2017-10-22 10:00,0.963
2017-10-22 11:00,0.966
2017-10-22 12:00,0.967
2017-10-22 13:00,0.956
2017-10-22 14:00,0.932
2017-10-22 15:00,0.889
2017-10-22 16:00,0.854
2017-10-22 17:00,0.811
2017-10-22 18:00,0.761
2017-10-22 19:00,0.686
2017-10-22 20:00,0.628
2017-10-22 21:00,0.574
2017-10-22 22:00,0.539
2017-10-22 23:00,0.483
2017-10-23 00:00,0.427
2017-10-23 01:00,0.385
2017-10-23 02:00,0.358
2017-10-23 03:00,0.317
2017-10-23 04:00,0.297
2017-10-23 05:00,0.309
2017-10-23 06:00,0.340
2017-10-23 07:00,0.348
2017-10-23 08:00,0.259
2017-10-23 09:00,0.234
2017-10-23 10:00,0.315
2017-10-23 11:00,0.326
2017-10-23 12:00,0.323
2017-10-23 13:00,0.309
2017-10-23 14:00,0.285
2017-10-23 15:00,0.259
2017-10-23 16:00,0.311
2017-10-23 17:00,0.414
2017-10-23 18:00,0.460
2017-10-23 19:00,0.478
2017-10-23 20:00,0.490
2017-10-23 21:00,0.497
2017-10-23 22:00,0.502
2017-10-23 23:00,0.476
2017-10-24 00:00,0.473
2017-10-24 01:00,0.454
2017-10-24 02:00,0.420
2017-10-24 03:00,0.410
2017-10-24 04:00,0.444
2017-10-24 05:00,0.530
2017-10-24 06:00,0.693
2017-10-24 07:00,0.765
2017-10-24 08:00,0.711
2017-10-24 09:00,0.867
2017-10-24 10:00,0.864
2017-10-24 11:00,0.869
2017-10-24 12:00,0.858
2017-10-24 13:00,0.840
2017-10-24 14:00,0.801
2017-10-24 15:00,0.689
2017-10-24 16:00,0.544
2017-10-24 17:00,0.482
2017-10-24 18:00,0.499
2017-10-24 19:00,0.463
2017-10-24 20:00,0.456
2017-10-24 21:00,0.516
2017-10-24 22:00,0.637
2017-10-24 23:00,0.755
2017-10-25 00:00,0.826
2017-10-25 01:00,0.837
2017-10-25 02:00,0.785
2017-10-25 03:00,0.723
2017-10-25 04:00,0.628
2017-10-25 05:00,0.523
2017-10-25 06:00,0.513
2017-10-25 07:00,0.505
2017-10-25 08:00,0.466
2017-10-25 09:00,0.539
2017-10-25 10:00,0.595
2017-10-25 11:00,0.655
2017-10-25 12:00,0.582
2017-10-25 13:00,0.511
2017-10-25 14:00,0.483
2017-10-25 15:00,0.479
2017-10-25 16:00,0.490
2017-10-25 17:00,0.502
2017-10-25 18:00,0.478
2017-10-25 19:00,0.448
2017-10-25 20:00,0.447
2017-10-25 21:00,0.436
2017-10-25 22:00,0.436
2017-10-25 23:00,0.440
2017-10-26 00:00,0.413
2017-10-26 01:00,0.379
2017-10-26 02:00,0.352
2017-10-26 03:00,0.355
2017-10-26 04:00,0.348
2017-10-26 05:00,0.330
2017-10-26 06:00,0.302
2017-10-26 07:00,0.266
2017-10-26 08:00,0.232
2017-10-26 09:00,0.183
2017-10-26 10:00,0.153
2017-10-26 11:00,0.142
2017-10-26 12:00,0.140
2017-10-26 13:00,0.149
2017-10-26 14:00,0.155
2017-10-26 15:00,0.184
2017-10-26 16:00,0.235
2017-10-26 17:00,0.314
2017-10-26 18:00,0.384
2017-10-26 19:00,0.436
2017-10-26 20:00,0.468
2017-10-26 21:00,0.458
2017-10-26 22:00,0.433
2017-10-26 23:00,0.429
2017-10-27 00:00,0.410
2017-10-27 01:00,0.370
2017-10-27 02:00,0.327
2017-10-27 03:00,0.273
2017-10-27 04:00,0.207
2017-10-27 05:00,0.165
2017-10-27 06:00,0.120
2017-10-27 07:00,0.089
2017-10-27 08:00,0.078
2017-10-27 09:00,0.077
2017-10-27 10:00,0.072
2017-10-27 11:00,0.101
2017-10-27 12:00,0.132
2017-10-27 13:00,0.157
2017-10-27 14:00,0.191
2017-10-27 15:00,0.241
2017-10-27 16:00,0.359
2017-10-27 17:00,0.497
2017-10-27 18:00,0.561
2017-10-27 19:00,0.581
2017-10-27 20:00,0.616
2017-10-27 21:00,0.638
2017-10-27 22:00,0.646
2017-10-27 23:00,0.678
2017-10-28 00:00,0.722
2017-10-28 01:00,0.756
2017-10-28 02:00,0.775
2017-10-28 03:00,0.800
2017-10-28 04:00,0.805
2017-10-28 05:00,0.827
2017-10-28 06:00,0.841
2017-10-28 07:00,0.840
2017-10-28 08:00,0.848
2017-10-28 09:00,0.886
2017-10-28 10:00,0.911
2017-10-28 11:00,0.927
2017-10-28 12:00,0.943
2017-10-28 13:00,0.945
2017-10-28 14:00,0.943
2017-10-28 15:00,0.943
2017-10-28 16:00,0.949
2017-10-28 17:00,0.958
2017-10-28 18:00,0.964
2017-10-28 19:00,0.970
2017-10-28 20:00,0.975
2017-10-28 21:00,0.974
2017-10-28 22:00,0.972
2017-10-28 23:00,0.964
2017-10-29 00:00,0.951
2017-10-29 01:00,0.921
2017-10-29 02:00,0.867
2017-10-29 03:00,0.809
2017-10-29 04:00,0.733
2017-10-29 05:00,0.632
2017-10-29 06:00,0.526
2017-10-29 07:00,0.522
2017-10-29 08:00,0.367
2017-10-29 09:00,0.397
2017-10-29 10:00,0.466
2017-10-29 11:00,0.410
2017-10-29 12:00,0.379
2017-10-29 13:00,0.363
2017-10-29 14:00,0.352
2017-10-29 15:00,0.310
2017-10-29 16:00,0.309
2017-10-29 17:00,0.353
2017-10-29 18:00,0.367
2017-10-29 19:00,0.377
2017-10-29 20:00,0.383
2017-10-29 21:00,0.390
2017-10-29 22:00,0.385
2017-10-29 23:00,0.362
2017-10-30 00:00,0.321
2017-10-30 01:00,0.301
2017-10-30 02:00,0.300
2017-10-30 03:00,0.294
2017-10-30 04:00,0.260
2017-10-30 05:00,0.194
2017-10-30 06:00,0.134
2017-10-30 07:00,0.088
2017-10-30 08:00,0.050
2017-10-30 09:00,0.029
2017-10-30 10:00,0.027
2017-10-30 11:00,0.051
2017-10-30 12:00,0.094
2017-10-30 13:00,0.130
2017-10-30 14:00,0.134
2017-10-30 15:00,0.125
2017-10-30 16:00,0.160
2017-10-30 17:00,0.234
2017-10-30 18:00,0.319
2017-10-30 19:00,0.410
2017-10-30 20:00,0.446
2017-10-30 21:00,0.428
2017-10-30 22:00,0.420
2017-10-30 23:00,0.436
2017-10-31 00:00,0.436
2017-10-31 01:00,0.439
2017-10-31 02:00,0.443
2017-10-31 03:00,0.439
2017-10-31 04:00,0.426
2017-10-31 05:00,0.419
2017-10-31 06:00,0.423
2017-10-31 07:00,0.442
2017-10-31 08:00,0.429
2017-10-31 09:00,0.399
2017-10-31 10:00,0.369
2017-10-31 11:00,0.359
2017-10-31 12:00,0.444
2017-10-31 13:00,0.489
2017-10-31 14:00,0.461
2017-10-31 15:00,0.467
2017-10-31 16:00,0.473
2017-10-31 17:00,0.489
2017-10-31 18:00,0.486
2017-10-31 19:00,0.476
2017-10-31 20:00,0.475
2017-10-31 21:00,0.466
2017-10-31 22:00,0.451
2017-10-31 23:00,0.452
2017-11-01 00:00,0.469
2017-11-01 01:00,0.487
2017-11-01 02:00,0.499
2017-11-01 03:00,0.486
2017-11-01 04:00,0.461
2017-11-01 05:00,0.510
2017-11-01 06:00,0.516
2017-11-01 07:00,0.481
2017-11-01 08:00,0.416
2017-11-01 09:00,0.363
2017-11-01 10:00,0.361
2017-11-01 11:00,0.381
2017-11-01 12:00,0.355
2017-11-01 13:00,0.324
2017-11-01 14:00,0.268
2017-11-01 15:00,0.278
2017-11-01 16:00,0.337
2017-11-01 17:00,0.387
2017-11-01 18:00,0.436
2017-11-01 19:00,0.479
2017-11-01 20:00,0.505
2017-11-01 21:00,0.529
2017-11-01 22:00,0.544
2017-11-01 23:00,0.551
2017-11-02 00:00,0.563
2017-11-02 01:00,0.546
2017-11-02 02:00,0.521
2017-11-02 03:00,0.510
2017-11-02 04:00,0.479
2017-11-02 05:00,0.432
2017-11-02 06:00,0.383
2017-11-02 07:00,0.319
2017-11-02 08:00,0.218
2017-11-02 09:00,0.131
2017-11-02 10:00,0.096
2017-11-02 11:00,0.064
2017-11-02 12:00,0.044
2017-11-02 13:00,0.033
2017-11-02 14:00,0.025
2017-11-02 15:00,0.023
2017-11-02 16:00,0.024
2017-11-02 17:00,0.025
2017-11-02 18:00,0.028
2017-11-02 19:00,0.037
2017-11-02 20:00,0.062
2017-11-02 21:00,0.102
2017-11-02 22:00,0.146
2017-11-02 23:00,0.184
2017-11-03 00:00,0.214
2017-11-03 01:00,0.232
2017-11-03 02:00,0.238
2017-11-03 03:00,0.240
2017-11-03 04:00,0.257
2017-11-03 05:00,0.286
2017-11-03 06:00,0.326
2017-11-03 07:00,0.376
2017-11-03 08:00,0.353
2017-11-03 09:00,0.281
2017-11-03 10:00,0.254
2017-11-03 11:00,0.258
2017-11-03 12:00,0.275
2017-11-03 13:00,0.279
2017-11-03 14:00,0.242
2017-11-03 15:00,0.257
2017-11-03 16:00,0.330
2017-11-03 17:00,0.388
2017-11-03 18:00,0.419
2017-11-03 19:00,0.420
2017-11-03 20:00,0.419
2017-11-03 21:00,0.409
2017-11-03 22:00,0.367
2017-11-03 23:00,0.330
2017-11-04 00:00,0.291
2017-11-04 01:00,0.268
2017-11-04 02:00,0.271
2017-11-04 03:00,0.288
2017-11-04 04:00,0.283
2017-11-04 05:00,0.260
2017-11-04 06:00,0.276
2017-11-04 07:00,0.303
2017-11-04 08:00,0.318
2017-11-04 09:00,0.302
2017-11-04 10:00,0.357
2017-11-04 11:00,0.480
2017-11-04 12:00,0.559
2017-11-04 13:00,0.595
2017-11-04 14:00,0.582
2017-11-04 15:00,0.550
2017-11-04 16:00,0.574
2017-11-04 17:00,0.543
2017-11-04 18:00,0.505
2017-11-04 19:00,0.507
2017-11-04 20:00,0.527
2017-11-04 21:00,0.514
2017-11-04 22:00,0.486
2017-11-04 23:00,0.450
2017-11-05 00:00,0.442
2017-11-05 01:00,0.441
2017-11-05 02:00,0.412
2017-11-05 03:00,0.418
2017-11-05 04:00,0.432
2017-11-05 05:00,0.455
2017-11-05 06:00,0.409
2017-11-05 07:00,0.418
2017-11-05 08:00,0.376
2017-11-05 09:00,0.349
2017-11-05 10:00,0.395
2017-11-05 11:00,0.450
2017-11-05 12:00,0.501
2017-11-05 13:00,0.527
2017-11-05 14:00,0.513
2017-11-05 15:00,0.454
2017-11-05 16:00,0.454
2017-11-05 17:00,0.446
2017-11-05 18:00,0.389
2017-11-05 19:00,0.326
2017-11-05 20:00,0.285
2017-11-05 21:00,0.251
2017-11-05 22:00,0.223
2017-11-05 23:00,0.207
2017-11-06 00:00,0.170
2017-11-06 01:00,0.135
2017-11-06 02:00,0.144
2017-11-06 03:00,0.159
2017-11-06 04:00,0.154
2017-11-06 05:00,0.147
2017-11-06 06:00,0.151
2017-11-06 07:00,0.179
2017-11-06 08:00,0.217
2017-11-06 09:00,0.173
2017-11-06 10:00,0.155
2017-11-06 11:00,0.220
2017-11-06 12:00,0.310
2017-11-06 13:00,0.368
2017-11-06 14:00,0.365
2017-11-06 15:00,0.413
2017-11-06 16:00,0.536
2017-11-06 17:00,0.593
2017-11-06 18:00,0.606
2017-11-06 19:00,0.606
2017-11-06 20:00,0.613
2017-11-06 21:00,0.623
2017-11-06 22:00,0.623
2017-11-06 23:00,0.677
2017-11-07 00:00,0.749
2017-11-07 01:00,0.673
2017-11-07 02:00,0.664
2017-11-07 03:00,0.686
2017-11-07 04:00,0.703
2017-11-07 05:00,0.711
2017-11-07 06:00,0.743
2017-11-07 07:00,0.794
2017-11-07 08:00,0.786
2017-11-07 09:00,0.721
2017-11-07 10:00,0.619
2017-11-07 11:00,0.400
2017-11-07 12:00,0.299
2017-11-07 13:00,0.273
2017-11-07 14:00,0.395
2017-11-07 15:00,0.488
2017-11-07 16:00,0.497
2017-11-07 17:00,0.474
2017-11-07 18:00,0.443
2017-11-07 19:00,0.403
2017-11-07 20:00,0.358
2017-11-07 21:00,0.357
2017-11-07 22:00,0.353
2017-11-07 23:00,0.348
2017-11-08 00:00,0.349
2017-11-08 01:00,0.352
2017-11-08 02:00,0.353
2017-11-08 03:00,0.358
2017-11-08 04:00,0.374
2017-11-08 05:00,0.355
2017-11-08 06:00,0.323
2017-11-08 07:00,0.286
2017-11-08 08:00,0.230
2017-11-08 09:00,0.137
2017-11-08 10:00,0.085
2017-11-08 11:00,0.103
2017-11-08 12:00,0.119
2017-11-08 13:00,0.124
2017-11-08 14:00,0.123
2017-11-08 15:00,0.142
2017-11-08 16:00,0.169
2017-11-08 17:00,0.211
2017-11-08 18:00,0.283
2017-11-08 19:00,0.370
2017-11-08 20:00,0.425
2017-11-08 21:00,0.450
2017-11-08 22:00,0.455
2017-11-08 23:00,0.511
2017-11-09 00:00,0.533
2017-11-09 01:00,0.523
2017-11-09 02:00,0.538
2017-11-09 03:00,0.613
2017-11-09 04:00,0.689
2017-11-09 05:00,0.748
2017-11-09 06:00,0.748
2017-11-09 07:00,0.748
2017-11-09 08:00,0.700
2017-11-09 09:00,0.584
2017-11-09 10:00,0.524
2017-11-09 11:00,0.545
2017-11-09 12:00,0.569
2017-11-09 13:00,0.520
2017-11-09 14:00,0.439
2017-11-09 15:00,0.429
2017-11-09 16:00,0.480
2017-11-09 17:00,0.511
2017-11-09 18:00,0.499
2017-11-09 19:00,0.516
2017-11-09 20:00,0.521
2017-11-09 21:00,0.536
2017-11-09 22:00,0.549
2017-11-09 23:00,0.568
2017-11-10 00:00,0.640
2017-11-10 01:00,0.677
2017-11-10 02:00,0.645
2017-11-10 03:00,0.696
2017-11-10 04:00,0.837
2017-11-10 05:00,0.889
2017-11-10 06:00,0.875
2017-11-10 07:00,0.850
2017-11-10 08:00,0.820
2017-11-10 09:00,0.792
2017-11-10 10:00,0.808
2017-11-10 11:00,0.840
2017-11-10 12:00,0.847
2017-11-10 13:00,0.830
2017-11-10 14:00,0.790
2017-11-10 15:00,0.749
2017-11-10 16:00,0.719
2017-11-10 17:00,0.674
2017-11-10 18:00,0.619
2017-11-10 19:00,0.562
2017-11-10 20:00,0.556
2017-11-10 21:00,0.536
2017-11-10 22:00,0.489
2017-11-10 23:00,0.431
2017-11-11 00:00,0.374
2017-11-11 01:00,0.303
2017-11-11 02:00,0.238
2017-11-11 03:00,0.180
2017-11-11 04:00,0.135
2017-11-11 05:00,0.104
2017-11-11 06:00,0.104
2017-11-11 07:00,0.147
2017-11-11 08:00,0.168
2017-11-11 09:00,0.170
2017-11-11 10:00,0.183
2017-11-11 11:00,0.204
2017-11-11 12:00,0.233
2017-11-11 13:00,0.236
2017-11-11 14:00,0.192
2017-11-11 15:00,0.206
2017-11-11 16:00,0.221
2017-11-11 17:00,0.233
2017-11-11 18:00,0.238
2017-11-11 19:00,0.224
2017-11-11 20:00,0.204
2017-11-11 21:00,0.205
2017-11-11 22:00,0.261
2017-11-11 23:00,0.335
2017-11-12 00:00,0.400
2017-11-12 01:00,0.476
2017-11-12 02:00,0.552
2017-11-12 03:00,0.577
2017-11-12 04:00,0.582
2017-11-12 05:00,0.584
2017-11-12 06:00,0.574
2017-11-12 07:00,0.616
2017-11-12 08:00,0.620
2017-11-12 09:00,0.590
2017-11-12 10:00,0.738
2017-11-12 11:00,0.807
2017-11-12 12:00,0.813
2017-11-12 13:00,0.817
2017-11-12 14:00,0.806
2017-11-12 15:00,0.792
2017-11-12 16:00,0.795
2017-11-12 17:00,0.783
2017-11-12 18:00,0.761
2017-11-12 19:00,0.705
2017-11-12 20:00,0.595
2017-11-12 21:00,0.572
2017-11-12 22:00,0.579
2017-11-12 23:00,0.551
2017-11-13 00:00,0.528
2017-11-13 01:00,0.507
2017-11-13 02:00,0.436
2017-11-13 03:00,0.390
2017-11-13 04:00,0.319
2017-11-13 05:00,0.282
2017-11-13 06:00,0.239
2017-11-13 07:00,0.215
2017-11-13 08:00,0.195
2017-11-13 09:00,0.156
2017-11-13 10:00,0.148
2017-11-13 11:00,0.156
2017-11-13 12:00,0.150
2017-11-13 13:00,0.153
2017-11-13 14:00,0.146
2017-11-13 15:00,0.155
2017-11-13 16:00,0.243
2017-11-13 17:00,0.349
2017-11-13 18:00,0.426
2017-11-13 19:00,0.499
2017-11-13 20:00,0.604
2017-11-13 21:00,0.663
2017-11-13 22:00,0.697
2017-11-13 23:00,0.722
2017-11-14 00:00,0.713
2017-11-14 01:00,0.703
2017-11-14 02:00,0.693
2017-11-14 03:00,0.715
2017-11-14 04:00,0.688
2017-11-14 05:00,0.699
2017-11-14 06:00,0.645
2017-11-14 07:00,0.574
2017-11-14 08:00,0.569
2017-11-14 09:00,0.439
2017-11-14 10:00,0.289
2017-11-14 11:00,0.276
2017-11-14 12:00,0.281
2017-11-14 13:00,0.235
2017-11-14 14:00,0.230
2017-11-14 15:00,0.311
2017-11-14 16:00,0.374
2017-11-14 17:00,0.381
2017-11-14 18:00,0.376
2017-11-14 19:00,0.374
2017-11-14 20:00,0.388
2017-11-14 21:00,0.384
2017-11-14 22:00,0.364
2017-11-14 23:00,0.319
2017-11-15 00:00,0.270
2017-11-15 01:00,0.232
2017-11-15 02:00,0.194
2017-11-15 03:00,0.168
2017-11-15 04:00,0.161
2017-11-15 05:00,0.165
2017-11-15 06:00,0.162
2017-11-15 07:00,0.146
2017-11-15 08:00,0.116
2017-11-15 09:00,0.065
2017-11-15 10:00,0.038
2017-11-15 11:00,0.038
2017-11-15 12:00,0.037
2017-11-15 13:00,0.036
2017-11-15 14:00,0.043
2017-11-15 15:00,0.071
2017-11-15 16:00,0.109
2017-11-15 17:00,0.169
2017-11-15 18:00,0.236
2017-11-15 19:00,0.275
2017-11-15 20:00,0.310
2017-11-15 21:00,0.345
2017-11-15 22:00,0.360
2017-11-15 23:00,0.378
2017-11-16 00:00,0.416
2017-11-16 01:00,0.439
2017-11-16 02:00,0.460
2017-11-16 03:00,0.512
2017-11-16 04:00,0.582
2017-11-16 05:00,0.633
2017-11-16 06:00,0.643
2017-11-16 07:00,0.663
2017-11-16 08:00,0.688
2017-11-16 09:00,0.628
2017-11-16 10:00,0.639
2017-11-16 11:00,0.673
2017-11-16 12:00,0.600
2017-11-16 13:00,0.503
2017-11-16 14:00,0.430
2017-11-16 15:00,0.418
2017-11-16 16:00,0.410
2017-11-16 17:00,0.390
2017-11-16 18:00,0.397
2017-11-16 19:00,0.416
2017-11-16 20:00,0.406
2017-11-16 21:00,0.405
2017-11-16 22:00,0.416
2017-11-16 23:00,0.409
2017-11-17 00:00,0.412
2017-11-17 01:00,0.421
2017-11-17 02:00,0.420
2017-11-17 03:00,0.418
2017-11-17 04:00,0.423
2017-11-17 05:00,0.423
2017-11-17 06:00,0.430
2017-11-17 07:00,0.466
2017-11-17 08:00,0.502
2017-11-17 09:00,0.410
2017-11-17 10:00,0.285
2017-11-17 11:00,0.311
2017-11-17 12:00,0.455
2017-11-17 13:00,0.480
2017-11-17 14:00,0.451
2017-11-17 15:00,0.457
2017-11-17 16:00,0.569
2017-11-17 17:00,0.620
2017-11-17 18:00,0.620
2017-11-17 19:00,0.637
2017-11-17 20:00,0.669
2017-11-17 21:00,0.686
2017-11-17 22:00,0.702
2017-11-17 23:00,0.731
2017-11-18 00:00,0.734
2017-11-18 01:00,0.779
2017-11-18 02:00,0.772
2017-11-18 03:00,0.752
2017-11-18 04:00,0.763
2017-11-18 05:00,0.734
2017-11-18 06:00,0.713
2017-11-18 07:00,0.677
2017-11-18 08:00,0.622
2017-11-18 09:00,0.498
2017-11-18 10:00,0.406
2017-11-18 11:00,0.358
2017-11-18 12:00,0.352
2017-11-18 13:00,0.345
2017-11-18 14:00,0.351
2017-11-18 15:00,0.400
2017-11-18 16:00,0.463
2017-11-18 17:00,0.469
2017-11-18 18:00,0.456
2017-11-18 19:00,0.483
2017-11-18 20:00,0.513
2017-11-18 21:00,0.529
2017-11-18 22:00,0.541
2017-11-18 23:00,0.539
2017-11-19 00:00,0.546
2017-11-19 01:00,0.562
2017-11-19 02:00,0.579
2017-11-19 03:00,0.584
2017-11-19 04:00,0.565
2017-11-19 05:00,0.535
2017-11-19 06:00,0.497
2017-11-19 07:00,0.460
2017-11-19 08:00,0.394
2017-11-19 09:00,0.247
2017-11-19 10:00,0.129
2017-11-19 11:00,0.090
2017-11-19 12:00,0.096
2017-11-19 13:00,0.093
2017-11-19 14:00,0.090
2017-11-19 15:00,0.117
2017-11-19 16:00,0.149
2017-11-19 17:00,0.180
2017-11-19 18:00,0.210
2017-11-19 19:00,0.231
2017-11-19 20:00,0.259
2017-11-19 21:00,0.273
2017-11-19 22:00,0.292
2017-11-19 23:00,0.319
2017-11-20 00:00,0.355
2017-11-20 01:00,0.432
2017-11-20 02:00,0.413
2017-11-20 03:00,0.449
2017-11-20 04:00,0.569
2017-11-20 05:00,0.734
2017-11-20 06:00,0.793
2017-11-20 07:00,0.814
2017-11-20 08:00,0.818
2017-11-20 09:00,0.827
2017-11-20 10:00,0.843
2017-11-20 11:00,0.862
2017-11-20 12:00,0.864
2017-11-20 13:00,0.832
2017-11-20 14:00,0.784
2017-11-20 15:00,0.750
2017-11-20 16:00,0.690
2017-11-20 17:00,0.625
2017-11-20 18:00,0.567
2017-11-20 19:00,0.528
2017-11-20 20:00,0.476
2017-11-20 21:00,0.440
2017-11-20 22:00,0.383
2017-11-20 23:00,0.335
2017-11-21 00:00,0.330
2017-11-21 01:00,0.403
2017-11-21 02:00,0.505
2017-11-21 03:00,0.569
2017-11-21 04:00,0.650
2017-11-21 05:00,0.663
2017-11-21 06:00,0.640
2017-11-21 07:00,0.606
2017-11-21 08:00,0.630
2017-11-21 09:00,0.621
2017-11-21 10:00,0.606
2017-11-21 11:00,0.595
2017-11-21 12:00,0.572
2017-11-21 13:00,0.570
2017-11-21 14:00,0.642
2017-11-21 15:00,0.644
2017-11-21 16:00,0.665
2017-11-21 17:00,0.754
2017-11-21 18:00,0.808
2017-11-21 19:00,0.824
2017-11-21 20:00,0.831
2017-11-21 21:00,0.827
2017-11-21 22:00,0.808
2017-11-21 23:00,0.789
2017-11-22 00:00,0.780
2017-11-22 01:00,0.774
2017-11-22 02:00,0.752
2017-11-22 03:00,0.748
2017-11-22 04:00,0.711
2017-11-22 05:00,0.750
2017-11-22 06:00,0.793
2017-11-22 07:00,0.856
2017-11-22 08:00,0.891
2017-11-22 09:00,0.932
2017-11-22 10:00,0.963
2017-11-22 11:00,0.982
2017-11-22 12:00,0.984
2017-11-22 13:00,0.983
2017-11-22 14:00,0.983
2017-11-22 15:00,0.986
2017-11-22 16:00,0.989
2017-11-22 17:00,0.989
2017-11-22 18:00,0.984
2017-11-22 19:00,0.971
2017-11-22 20:00,0.952
2017-11-22 21:00,0.942
2017-11-22 22:00,0.934
2017-11-22 23:00,0.931
2017-11-23 00:00,0.932
2017-11-23 01:00,0.934
2017-11-23 02:00,0.918
2017-11-23 03:00,0.902
2017-11-23 04:00,0.853
2017-11-23 05:00,0.774
2017-11-23 06:00,0.759
2017-11-23 07:00,0.781
2017-11-23 08:00,0.832
2017-11-23 09:00,0.855
2017-11-23 10:00,0.923
2017-11-23 11:00,0.958
2017-11-23 12:00,0.965
2017-11-23 13:00,0.947
2017-11-23 14:00,0.928
2017-11-23 15:00,0.900
2017-11-23 16:00,0.850
2017-11-23 17:00,0.787
2017-11-23 18:00,0.692
2017-11-23 19:00,0.593
2017-11-23 20:00,0.551
2017-11-23 21:00,0.499
2017-11-23 22:00,0.479
2017-11-23 23:00,0.446
2017-11-24 00:00,0.416
2017-11-24 01:00,0.393
2017-11-24 02:00,0.387
2017-11-24 03:00,0.400
2017-11-24 04:00,0.420
2017-11-24 05:00,0.418
2017-11-24 06:00,0.414
2017-11-24 07:00,0.434
2017-11-24 08:00,0.463
2017-11-24 09:00,0.400
2017-11-24 10:00,0.276
2017-11-24 11:00,0.229
2017-11-24 12:00,0.297
2017-11-24 13:00,0.358
2017-11-24 14:00,0.371
2017-11-24 15:00,0.423
2017-11-24 16:00,0.513
2017-11-24 17:00,0.510
2017-11-24 18:00,0.473
2017-11-24 19:00,0.432
2017-11-24 20:00,0.396
2017-11-24 21:00,0.390
2017-11-24 22:00,0.390
2017-11-24 23:00,0.419
2017-11-25 00:00,0.450
2017-11-25 01:00,0.455
2017-11-25 02:00,0.442
2017-11-25 03:00,0.445
2017-11-25 04:00,0.454
2017-11-25 05:00,0.490
2017-11-25 06:00,0.494
2017-11-25 07:00,0.466
2017-11-25 08:00,0.447
2017-11-25 09:00,0.406
2017-11-25 10:00,0.419
2017-11-25 11:00,0.486
2017-11-25 12:00,0.555
2017-11-25 13:00,0.617
2017-11-25 14:00,0.662
2017-11-25 15:00,0.684
2017-11-25 16:00,0.678
2017-11-25 17:00,0.682
2017-11-25 18:00,0.697
2017-11-25 19:00,0.726
2017-11-25 20:00,0.736
2017-11-25 21:00,0.743
2017-11-25 22:00,0.759
2017-11-25 23:00,0.752
2017-11-26 00:00,0.754
2017-11-26 01:00,0.759
2017-11-26 02:00,0.759
2017-11-26 03:00,0.746
2017-11-26 04:00,0.723
2017-11-26 05:00,0.704
2017-11-26 06:00,0.646
2017-11-26 07:00,0.606
2017-11-26 08:00,0.581
2017-11-26 09:00,0.507
2017-11-26 10:00,0.466
2017-11-26 11:00,0.494
2017-11-26 12:00,0.582
2017-11-26 13:00,0.622
2017-11-26 14:00,0.628
2017-11-26 15:00,0.577
2017-11-26 16:00,0.516
2017-11-26 17:00,0.506
2017-11-26 18:00,0.518
2017-11-26 19:00,0.500
2017-11-26 20:00,0.500
2017-11-26 21:00,0.559
2017-11-26 22:00,0.670
2017-11-26 23:00,0.731
2017-11-27 00:00,0.803
2017-11-27 01:00,0.841
2017-11-27 02:00,0.840
2017-11-27 03:00,0.804
2017-11-27 04:00,0.785
2017-11-27 05:00,0.747
2017-11-27 06:00,0.712
2017-11-27 07:00,0.696
2017-11-27 08:00,0.700
2017-11-27 09:00,0.696
2017-11-27 10:00,0.728
2017-11-27 11:00,0.795
2017-11-27 12:00,0.859
2017-11-27 13:00,0.850
2017-11-27 14:00,0.834
2017-11-27 15:00,0.826
2017-11-27 16:00,0.826
2017-11-27 17:00,0.824
2017-11-27 18:00,0.813
2017-11-27 19:00,0.772
2017-11-27 20:00,0.691
2017-11-27 21:00,0.609
2017-11-27 22:00,0.516
2017-11-27 23:00,0.473
2017-11-28 00:00,0.412
2017-11-28 01:00,0.380
2017-11-28 02:00,0.390
2017-11-28 03:00,0.442
2017-11-28 04:00,0.471
2017-11-28 05:00,0.512
2017-11-28 06:00,0.536
2017-11-28 07:00,0.550
2017-11-28 08:00,0.542
2017-11-28 09:00,0.467
2017-11-28 10:00,0.365
2017-11-28 11:00,0.364
2017-11-28 12:00,0.411
2017-11-28 13:00,0.447
2017-11-28 14:00,0.467
2017-11-28 15:00,0.533
2017-11-28 16:00,0.580
2017-11-28 17:00,0.585
2017-11-28 18:00,0.582
2017-11-28 19:00,0.575
2017-11-28 20:00,0.601
2017-11-28 21:00,0.607
2017-11-28 22:00,0.606
2017-11-28 23:00,0.611
2017-11-29 00:00,0.632
2017-11-29 01:00,0.651
2017-11-29 02:00,0.653
2017-11-29 03:00,0.672
2017-11-29 04:00,0.722
2017-11-29 05:00,0.712
2017-11-29 06:00,0.700
2017-11-29 07:00,0.687
2017-11-29 08:00,0.672
2017-11-29 09:00,0.643
2017-11-29 10:00,0.621
2017-11-29 11:00,0.625
2017-11-29 12:00,0.652
2017-11-29 13:00,0.661
2017-11-29 14:00,0.648
2017-11-29 15:00,0.618
2017-11-29 16:00,0.601
2017-11-29 17:00,0.542
2017-11-29 18:00,0.545
2017-11-29 19:00,0.523
2017-11-29 20:00,0.506
2017-11-29 21:00,0.513
2017-11-29 22:00,0.516
2017-11-29 23:00,0.524
2017-11-30 00:00,0.524
2017-11-30 01:00,0.532
2017-11-30 02:00,0.533
2017-11-30 03:00,0.562
2017-11-30 04:00,0.583
2017-11-30 05:00,0.608
2017-11-30 06:00,0.626
2017-11-30 07:00,0.645
2017-11-30 08:00,0.658
2017-11-30 09:00,0.621
2017-11-30 10:00,0.587
2017-11-30 11:00,0.719
2017-11-30 12:00,0.787
2017-11-30 13:00,0.813
2017-11-30 14:00,0.826
2017-11-30 15:00,0.859
2017-11-30 16:00,0.869
2017-11-30 17:00,0.855
2017-11-30 18:00,0.829
2017-11-30 19:00,0.814
2017-11-30 20:00,0.814
2017-11-30 21:00,0.808
2017-11-30 22:00,0.806
2017-11-30 23:00,0.797
2017-12-01 00:00,0.784
2017-12-01 01:00,0.774
2017-12-01 02:00,0.694
2017-12-01 03:00,0.665
2017-12-01 04:00,0.643
2017-12-01 05:00,0.604
2017-12-01 06:00,0.582
2017-12-01 07:00,0.539
2017-12-01 08:00,0.556
2017-12-01 09:00,0.486
2017-12-01 10:00,0.403
2017-12-01 11:00,0.365
2017-12-01 12:00,0.393
2017-12-01 13:00,0.374
2017-12-01 14:00,0.377
2017-12-01 15:00,0.390
2017-12-01 16:00,0.400
2017-12-01 17:00,0.369
2017-12-01 18:00,0.362
2017-12-01 19:00,0.348
2017-12-01 20:00,0.324
2017-12-01 21:00,0.309
2017-12-01 22:00,0.311
2017-12-01 23:00,0.326
2017-12-02 00:00,0.352
2017-12-02 01:00,0.373
2017-12-02 02:00,0.379
2017-12-02 03:00,0.348
2017-12-02 04:00,0.333
2017-12-02 05:00,0.312
2017-12-02 06:00,0.282
2017-12-02 07:00,0.257
2017-12-02 08:00,0.217
2017-12-02 09:00,0.172
2017-12-02 10:00,0.137
2017-12-02 11:00,0.114
2017-12-02 12:00,0.113
2017-12-02 13:00,0.122
2017-12-02 14:00,0.147
2017-12-02 15:00,0.186
2017-12-02 16:00,0.230
2017-12-02 17:00,0.262
2017-12-02 18:00,0.277
2017-12-02 19:00,0.270
2017-12-02 20:00,0.270
2017-12-02 21:00,0.291
2017-12-02 22:00,0.319
2017-12-02 23:00,0.352
2017-12-03 00:00,0.406
2017-12-03 01:00,0.478
2017-12-03 02:00,0.548
2017-12-03 03:00,0.559
2017-12-03 04:00,0.529
2017-12-03 05:00,0.520
2017-12-03 06:00,0.480
2017-12-03 07:00,0.467
2017-12-03 08:00,0.413
2017-12-03 09:00,0.324
2017-12-03 10:00,0.229
2017-12-03 11:00,0.163
2017-12-03 12:00,0.156
2017-12-03 13:00,0.139
2017-12-03 14:00,0.171
2017-12-03 15:00,0.265
2017-12-03 16:00,0.357
2017-12-03 17:00,0.389
2017-12-03 18:00,0.391
2017-12-03 19:00,0.413
2017-12-03 20:00,0.436
2017-12-03 21:00,0.451
2017-12-03 22:00,0.473
2017-12-03 23:00,0.478
2017-12-04 00:00,0.467
2017-12-04 01:00,0.431
2017-12-04 02:00,0.403
2017-12-04 03:00,0.394
2017-12-04 04:00,0.385
2017-12-04 05:00,0.377
2017-12-04 06:00,0.394
2017-12-04 07:00,0.406
2017-12-04 08:00,0.392
2017-12-04 09:00,0.348
2017-12-04 10:00,0.297
2017-12-04 11:00,0.289
2017-12-04 12:00,0.276
2017-12-04 13:00,0.309
2017-12-04 14:00,0.360
2017-12-04 15:00,0.446
2017-12-04 16:00,0.516
2017-12-04 17:00,0.528
2017-12-04 18:00,0.510
2017-12-04 19:00,0.505
2017-12-04 20:00,0.506
2017-12-04 21:00,0.486
2017-12-04 22:00,0.460
2017-12-04 23:00,0.445
2017-12-05 00:00,0.436
2017-12-05 01:00,0.436
2017-12-05 02:00,0.468
2017-12-05 03:00,0.484
2017-12-05 04:00,0.492
2017-12-05 05:00,0.491
2017-12-05 06:00,0.506
2017-12-05 07:00,0.530
2017-12-05 08:00,0.525
2017-12-05 09:00,0.486
2017-12-05 10:00,0.413
2017-12-05 11:00,0.433
2017-12-05 12:00,0.478
2017-12-05 13:00,0.480
2017-12-05 14:00,0.510
2017-12-05 15:00,0.505
2017-12-05 16:00,0.552
2017-12-05 17:00,0.578
2017-12-05 18:00,0.604
2017-12-05 19:00,0.601
2017-12-05 20:00,0.625
2017-12-05 21:00,0.652
2017-12-05 22:00,0.644
2017-12-05 23:00,0.696
2017-12-06 00:00,0.715
2017-12-06 01:00,0.727
2017-12-06 02:00,0.734
2017-12-06 03:00,0.730
2017-12-06 04:00,0.703
2017-12-06 05:00,0.695
2017-12-06 06:00,0.653
2017-12-06 07:00,0.669
2017-12-06 08:00,0.692
2017-12-06 09:00,0.672
2017-12-06 10:00,0.648
2017-12-06 11:00,0.655
2017-12-06 12:00,0.696
2017-12-06 13:00,0.755
2017-12-06 14:00,0.784
2017-12-06 15:00,0.808
2017-12-06 16:00,0.851
2017-12-06 17:00,0.871
2017-12-06 18:00,0.885
2017-12-06 19:00,0.911
2017-12-06 20:00,0.927
2017-12-06 21:00,0.939
2017-12-06 22:00,0.948
2017-12-06 23:00,0.955
2017-12-07 00:00,0.958
2017-12-07 01:00,0.961
2017-12-07 02:00,0.960
2017-12-07 03:00,0.963
2017-12-07 04:00,0.963
2017-12-07 05:00,0.955
2017-12-07 06:00,0.923
2017-12-07 07:00,0.872
2017-12-07 08:00,0.863
2017-12-07 09:00,0.856
2017-12-07 10:00,0.931
2017-12-07 11:00,0.941
2017-12-07 12:00,0.927
2017-12-07 13:00,0.906
2017-12-07 14:00,0.891
2017-12-07 15:00,0.881
2017-12-07 16:00,0.863
2017-12-07 17:00,0.850
2017-12-07 18:00,0.842
2017-12-07 19:00,0.852
2017-12-07 20:00,0.872
2017-12-07 21:00,0.877
2017-12-07 22:00,0.861
2017-12-07 23:00,0.823
2017-12-08 00:00,0.744
2017-12-08 01:00,0.637
2017-12-08 02:00,0.599
2017-12-08 03:00,0.645
2017-12-08 04:00,0.695
2017-12-08 05:00,0.753
2017-12-08 06:00,0.782
2017-12-08 07:00,0.804
2017-12-08 08:00,0.818
2017-12-08 09:00,0.807
2017-12-08 10:00,0.803
2017-12-08 11:00,0.831
2017-12-08 12:00,0.845
2017-12-08 13:00,0.834
2017-12-08 14:00,0.819
2017-12-08 15:00,0.808
2017-12-08 16:00,0.795
2017-12-08 17:00,0.772
2017-12-08 18:00,0.756
2017-12-08 19:00,0.734
2017-12-08 20:00,0.731
2017-12-08 21:00,0.689
2017-12-08 22:00,0.682
2017-12-08 23:00,0.692
2017-12-09 00:00,0.686
2017-12-09 01:00,0.673
2017-12-09 02:00,0.643
2017-12-09 03:00,0.603
2017-12-09 04:00,0.556
2017-12-09 05:00,0.540
2017-12-09 06:00,0.541
2017-12-09 07:00,0.536
2017-12-09 08:00,0.489
2017-12-09 09:00,0.394
2017-12-09 10:00,0.294
2017-12-09 11:00,0.268
2017-12-09 12:00,0.262
2017-12-09 13:00,0.261
2017-12-09 14:00,0.270
2017-12-09 15:00,0.355
2017-12-09 16:00,0.423
2017-12-09 17:00,0.399
2017-12-09 18:00,0.345
2017-12-09 19:00,0.297
2017-12-09 20:00,0.240
2017-12-09 21:00,0.208
2017-12-09 22:00,0.229
2017-12-09 23:00,0.227
2017-12-10 00:00,0.196
2017-12-10 01:00,0.164
2017-12-10 02:00,0.112
2017-12-10 03:00,0.077
2017-12-10 04:00,0.082
2017-12-10 05:00,0.117
2017-12-10 06:00,0.206
2017-12-10 07:00,0.285
2017-12-10 08:00,0.325
2017-12-10 09:00,0.357
2017-12-10 10:00,0.380
2017-12-10 11:00,0.393
2017-12-10 12:00,0.373
2017-12-10 13:00,0.347
2017-12-10 14:00,0.339
2017-12-10 15:00,0.359
2017-12-10 16:00,0.377
2017-12-10 17:00,0.385
2017-12-10 18:00,0.390
2017-12-10 19:00,0.371
2017-12-10 20:00,0.360
2017-12-10 21:00,0.349
2017-12-10 22:00,0.352
2017-12-10 23:00,0.361
2017-12-11 00:00,0.374
2017-12-11 01:00,0.393
2017-12-11 02:00,0.385
2017-12-11 03:00,0.381
2017-12-11 04:00,0.403
2017-12-11 05:00,0.421
2017-12-11 06:00,0.413
2017-12-11 07:00,0.392
2017-12-11 08:00,0.404
2017-12-11 09:00,0.369
2017-12-11 10:00,0.285
2017-12-11 11:00,0.238
2017-12-11 12:00,0.251
2017-12-11 13:00,0.270
2017-12-11 14:00,0.304
2017-12-11 15:00,0.386
2017-12-11 16:00,0.432
2017-12-11 17:00,0.419
2017-12-11 18:00,0.403
2017-12-11 19:00,0.377
2017-12-11 20:00,0.349
2017-12-11 21:00,0.330
2017-12-11 22:00,0.322
2017-12-11 23:00,0.303
2017-12-12 00:00,0.291
2017-12-12 01:00,0.286
2017-12-12 02:00,0.271
2017-12-12 03:00,0.235
2017-12-12 04:00,0.196
2017-12-12 05:00,0.172
2017-12-12 06:00,0.159
2017-12-12 07:00,0.155
2017-12-12 08:00,0.147
2017-12-12 09:00,0.134
2017-12-12 10:00,0.133
2017-12-12 11:00,0.164
2017-12-12 12:00,0.204
2017-12-12 13:00,0.252
2017-12-12 14:00,0.302
2017-12-12 15:00,0.345
2017-12-12 16:00,0.365
2017-12-12 17:00,0.387
2017-12-12 18:00,0.431
2017-12-12 19:00,0.514
2017-12-12 20:00,0.606
2017-12-12 21:00,0.729
2017-12-12 22:00,0.827
2017-12-12 23:00,0.757
2017-12-13 00:00,0.652
2017-12-13 01:00,0.590
2017-12-13 02:00,0.562
2017-12-13 03:00,0.562
2017-12-13 04:00,0.572
2017-12-13 05:00,0.643
2017-12-13 06:00,0.640
2017-12-13 07:00,0.641
2017-12-13 08:00,0.661
2017-12-13 09:00,0.712
2017-12-13 10:00,0.717
2017-12-13 11:00,0.706
2017-12-13 12:00,0.642
2017-12-13 13:00,0.676
2017-12-13 14:00,0.754
2017-12-13 15:00,0.762
2017-12-13 16:00,0.715
2017-12-13 17:00,0.648
2017-12-13 18:00,0.595
2017-12-13 19:00,0.594
2017-12-13 20:00,0.611
2017-12-13 21:00,0.651
2017-12-13 22:00,0.729
2017-12-13 23:00,0.778
2017-12-14 00:00,0.774
2017-12-14 01:00,0.703
2017-12-14 02:00,0.680
2017-12-14 03:00,0.683
2017-12-14 04:00,0.713
2017-12-14 05:00,0.723
2017-12-14 06:00,0.752
2017-12-14 07:00,0.750
2017-12-14 08:00,0.749
2017-12-14 09:00,0.705
2017-12-14 10:00,0.702
2017-12-14 11:00,0.688
2017-12-14 12:00,0.672
2017-12-14 13:00,0.643
2017-12-14 14:00,0.598
2017-12-14 15:00,0.572
2017-12-14 16:00,0.499
2017-12-14 17:00,0.359
2017-12-14 18:00,0.276
2017-12-14 19:00,0.428
2017-12-14 20:00,0.510
2017-12-14 21:00,0.483
2017-12-14 22:00,0.422
2017-12-14 23:00,0.330
2017-12-15 00:00,0.291
2017-12-15 01:00,0.313
2017-12-15 02:00,0.413
2017-12-15 03:00,0.526
2017-12-15 04:00,0.628
2017-12-15 05:00,0.607
2017-12-15 06:00,0.590
2017-12-15 07:00,0.583
2017-12-15 08:00,0.568
2017-12-15 09:00,0.524
2017-12-15 10:00,0.516
2017-12-15 11:00,0.506
2017-12-15 12:00,0.536
2017-12-15 13:00,0.571
2017-12-15 14:00,0.597
2017-12-15 15:00,0.628
2017-12-15 16:00,0.624
2017-12-15 17:00,0.528
2017-12-15 18:00,0.463
2017-12-15 19:00,0.406
2017-12-15 20:00,0.357
2017-12-15 21:00,0.322
2017-12-15 22:00,0.297
2017-12-15 23:00,0.284
2017-12-16 00:00,0.276
2017-12-16 01:00,0.279
2017-12-16 02:00,0.284
2017-12-16 03:00,0.285
2017-12-16 04:00,0.292
2017-12-16 05:00,0.287
2017-12-16 06:00,0.284
2017-12-16 07:00,0.271
2017-12-16 08:00,0.261
2017-12-16 09:00,0.254
2017-12-16 10:00,0.216
2017-12-16 11:00,0.179
2017-12-16 12:00,0.164
2017-12-16 13:00,0.159
2017-12-16 14:00,0.224
2017-12-16 15:00,0.325
2017-12-16 16:00,0.380
2017-12-16 17:00,0.358
2017-12-16 18:00,0.313
2017-12-16 19:00,0.243
2017-12-16 20:00,0.184
2017-12-16 21:00,0.143
2017-12-16 22:00,0.112
2017-12-16 23:00,0.093
2017-12-17 00:00,0.093
2017-12-17 01:00,0.097
2017-12-17 02:00,0.095
2017-12-17 03:00,0.103
2017-12-17 04:00,0.148
2017-12-17 05:00,0.224
2017-12-17 06:00,0.302
2017-12-17 07:00,0.336
2017-12-17 08:00,0.365
2017-12-17 09:00,0.426
2017-12-17 10:00,0.467
2017-12-17 11:00,0.510
2017-12-17 12:00,0.583
2017-12-17 13:00,0.756
2017-12-17 14:00,0.783
2017-12-17 15:00,0.735
2017-12-17 16:00,0.712
2017-12-17 17:00,0.703
2017-12-17 18:00,0.655
2017-12-17 19:00,0.594
2017-12-17 20:00,0.546
2017-12-17 21:00,0.536
2017-12-17 22:00,0.541
2017-12-17 23:00,0.523
2017-12-18 00:00,0.501
2017-12-18 01:00,0.483
2017-12-18 02:00,0.472
2017-12-18 03:00,0.428
2017-12-18 04:00,0.374
2017-12-18 05:00,0.312
2017-12-18 06:00,0.225
2017-12-18 07:00,0.142
2017-12-18 08:00,0.093
2017-12-18 09:00,0.053
2017-12-18 10:00,0.029
2017-12-18 11:00,0.033
2017-12-18 12:00,0.054
2017-12-18 13:00,0.077
2017-12-18 14:00,0.103
2017-12-18 15:00,0.145
2017-12-18 16:00,0.181
2017-12-18 17:00,0.186
2017-12-18 18:00,0.197
2017-12-18 19:00,0.221
2017-12-18 20:00,0.254
2017-12-18 21:00,0.261
2017-12-18 22:00,0.265
2017-12-18 23:00,0.257
2017-12-19 00:00,0.238
2017-12-19 01:00,0.214
2017-12-19 02:00,0.204
2017-12-19 03:00,0.198
2017-12-19 04:00,0.199
2017-12-19 05:00,0.204
2017-12-19 06:00,0.209
2017-12-19 07:00,0.217
2017-12-19 08:00,0.232
2017-12-19 09:00,0.232
2017-12-19 10:00,0.232
2017-12-19 11:00,0.215
2017-12-19 12:00,0.204
2017-12-19 13:00,0.200
2017-12-19 14:00,0.221
2017-12-19 15:00,0.281
2017-12-19 16:00,0.322
2017-12-19 17:00,0.330
2017-12-19 18:00,0.333
2017-12-19 19:00,0.335
2017-12-19 20:00,0.331
2017-12-19 21:00,0.349
2017-12-19 22:00,0.381
2017-12-19 23:00,0.419
2017-12-20 00:00,0.442
2017-12-20 01:00,0.445
2017-12-20 02:00,0.439
2017-12-20 03:00,0.442
2017-12-20 04:00,0.460
2017-12-20 05:00,0.475
2017-12-20 06:00,0.509
2017-12-20 07:00,0.519
2017-12-20 08:00,0.496
2017-12-20 09:00,0.439
2017-12-20 10:00,0.387
2017-12-20 11:00,0.321
2017-12-20 12:00,0.249
2017-12-20 13:00,0.226
2017-12-20 14:00,0.258
2017-12-20 15:00,0.297
2017-12-20 16:00,0.339
2017-12-20 17:00,0.328
2017-12-20 18:00,0.285
2017-12-20 19:00,0.250
2017-12-20 20:00,0.218
2017-12-20 21:00,0.176
2017-12-20 22:00,0.122
2017-12-20 23:00,0.103
2017-12-21 00:00,0.118
2017-12-21 01:00,0.107
2017-12-21 02:00,0.056
2017-12-21 03:00,0.026
2017-12-21 04:00,0.021
2017-12-21 05:00,0.021
2017-12-21 06:00,0.033
2017-12-21 07:00,0.072
2017-12-21 08:00,0.128
2017-12-21 09:00,0.155
2017-12-21 10:00,0.150
2017-12-21 11:00,0.145
2017-12-21 12:00,0.144
2017-12-21 13:00,0.153
2017-12-21 14:00,0.181
2017-12-21 15:00,0.230
2017-12-21 16:00,0.273
2017-12-21 17:00,0.299
2017-12-21 18:00,0.302
2017-12-21 19:00,0.290
2017-12-21 20:00,0.261
2017-12-21 21:00,0.233
2017-12-21 22:00,0.228
2017-12-21 23:00,0.242
2017-12-22 00:00,0.267
2017-12-22 01:00,0.313
2017-12-22 02:00,0.317
2017-12-22 03:00,0.286
2017-12-22 04:00,0.214
2017-12-22 05:00,0.160
2017-12-22 06:00,0.150
2017-12-22 07:00,0.157
2017-12-22 08:00,0.172
2017-12-22 09:00,0.139
2017-12-22 10:00,0.066
2017-12-22 11:00,0.032
2017-12-22 12:00,0.042
2017-12-22 13:00,0.065
2017-12-22 14:00,0.102
2017-12-22 15:00,0.172
2017-12-22 16:00,0.251
2017-12-22 17:00,0.304
2017-12-22 18:00,0.316
2017-12-22 19:00,0.316
2017-12-22 20:00,0.339
2017-12-22 21:00,0.377
2017-12-22 22:00,0.426
2017-12-22 23:00,0.455
2017-12-23 00:00,0.486
2017-12-23 01:00,0.528
2017-12-23 02:00,0.586
2017-12-23 03:00,0.614
2017-12-23 04:00,0.607
2017-12-23 05:00,0.595
2017-12-23 06:00,0.606
2017-12-23 07:00,0.622
2017-12-23 08:00,0.625
2017-12-23 09:00,0.604
2017-12-23 10:00,0.569
2017-12-23 11:00,0.573
2017-12-23 12:00,0.569
2017-12-23 13:00,0.557
2017-12-23 14:00,0.539
2017-12-23 15:00,0.568
2017-12-23 16:00,0.609
2017-12-23 17:00,0.677
2017-12-23 18:00,0.654
2017-12-23 19:00,0.646
2017-12-23 20:00,0.753
2017-12-23 21:00,0.750
2017-12-23 22:00,0.784
2017-12-23 23:00,0.824
2017-12-24 00:00,0.819
2017-12-24 01:00,0.803
2017-12-24 02:00,0.800
2017-12-24 03:00,0.803
2017-12-24 04:00,0.815
2017-12-24 05:00,0.820
2017-12-24 06:00,0.848
2017-12-24 07:00,0.864
2017-12-24 08:00,0.886
2017-12-24 09:00,0.904
2017-12-24 10:00,0.908
2017-12-24 11:00,0.912
2017-12-24 12:00,0.914
2017-12-24 13:00,0.903
2017-12-24 14:00,0.888
2017-12-24 15:00,0.871
2017-12-24 16:00,0.848
2017-12-24 17:00,0.838
2017-12-24 18:00,0.828
2017-12-24 19:00,0.824
2017-12-24 20:00,0.837
2017-12-24 21:00,0.865
2017-12-24 22:00,0.891
2017-12-24 23:00,0.907
2017-12-25 00:00,0.913
2017-12-25 01:00,0.911
2017-12-25 02:00,0.905
2017-12-25 03:00,0.913
2017-12-25 04:00,0.922
2017-12-25 05:00,0.922
2017-12-25 06:00,0.922
2017-12-25 07:00,0.920
2017-12-25 08:00,0.919
2017-12-25 09:00,0.914
2017-12-25 10:00,0.909
2017-12-25 11:00,0.912
2017-12-25 12:00,0.922
2017-12-25 13:00,0.930
2017-12-25 14:00,0.941
2017-12-25 15:00,0.946
2017-12-25 16:00,0.929
2017-12-25 17:00,0.884
2017-12-25 18:00,0.772
2017-12-25 19:00,0.637
2017-12-25 20:00,0.572
2017-12-25 21:00,0.542
2017-12-25 22:00,0.530
2017-12-25 23:00,0.546
2017-12-26 00:00,0.609
2017-12-26 01:00,0.669
2017-12-26 02:00,0.718
2017-12-26 03:00,0.756
2017-12-26 04:00,0.780
2017-12-26 05:00,0.779
2017-12-26 06:00,0.763
2017-12-26 07:00,0.745
2017-12-26 08:00,0.710
2017-12-26 09:00,0.654
2017-12-26 10:00,0.584
2017-12-26 11:00,0.545
2017-12-26 12:00,0.516
2017-12-26 13:00,0.400
2017-12-26 14:00,0.281
2017-12-26 15:00,0.257
2017-12-26 16:00,0.249
2017-12-26 17:00,0.128
2017-12-26 18:00,0.032
2017-12-26 19:00,0.067
2017-12-26 20:00,0.199
2017-12-26 21:00,0.345
2017-12-26 22:00,0.463
2017-12-26 23:00,0.593
2017-12-27 00:00,0.687
2017-12-27 01:00,0.769
2017-12-27 02:00,0.799
2017-12-27 03:00,0.785
2017-12-27 04:00,0.777
2017-12-27 05:00,0.782
2017-12-27 06:00,0.792
2017-12-27 07:00,0.791
2017-12-27 08:00,0.779
2017-12-27 09:00,0.755
2017-12-27 10:00,0.729
2017-12-27 11:00,0.689
2017-12-27 12:00,0.654
2017-12-27 13:00,0.625
2017-12-27 14:00,0.619
2017-12-27 15:00,0.625
2017-12-27 16:00,0.622
2017-12-27 17:00,0.616
2017-12-27 18:00,0.591
2017-12-27 19:00,0.572
2017-12-27 20:00,0.569
2017-12-27 21:00,0.582
2017-12-27 22:00,0.594
2017-12-27 23:00,0.602
2017-12-28 00:00,0.610
2017-12-28 01:00,0.609
2017-12-28 02:00,0.609
2017-12-28 03:00,0.616
2017-12-28 04:00,0.624
2017-12-28 05:00,0.632
2017-12-28 06:00,0.652
2017-12-28 07:00,0.658
2017-12-28 08:00,0.658
2017-12-28 09:00,0.604
2017-12-28 10:00,0.543
2017-12-28 11:00,0.491
2017-12-28 12:00,0.483
2017-12-28 13:00,0.503
2017-12-28 14:00,0.544
2017-12-28 15:00,0.591
2017-12-28 16:00,0.604
2017-12-28 17:00,0.591
2017-12-28 18:00,0.570
2017-12-28 19:00,0.546
2017-12-28 20:00,0.505
2017-12-28 21:00,0.412
2017-12-28 22:00,0.330
2017-12-28 23:00,0.332
2017-12-29 00:00,0.346
2017-12-29 01:00,0.270
2017-12-29 02:00,0.224
2017-12-29 03:00,0.255
2017-12-29 04:00,0.303
2017-12-29 05:00,0.401
2017-12-29 06:00,0.518
2017-12-29 07:00,0.585
2017-12-29 08:00,0.616
2017-12-29 09:00,0.467
2017-12-29 10:00,0.261
2017-12-29 11:00,0.260
2017-12-29 12:00,0.401
2017-12-29 13:00,0.574
2017-12-29 14:00,0.712
2017-12-29 15:00,0.758
2017-12-29 16:00,0.826
2017-12-29 17:00,0.844
2017-12-29 18:00,0.862
2017-12-29 19:00,0.863
2017-12-29 20:00,0.842
2017-12-29 21:00,0.759
2017-12-29 22:00,0.609
2017-12-29 23:00,0.583
2017-12-30 00:00,0.562
2017-12-30 01:00,0.468
2017-12-30 02:00,0.324
2017-12-30 03:00,0.276
2017-12-30 04:00,0.271
2017-12-30 05:00,0.187
2017-12-30 06:00,0.165
2017-12-30 07:00,0.359
2017-12-30 08:00,0.653
2017-12-30 09:00,0.802
2017-12-30 10:00,0.863
2017-12-30 11:00,0.926
2017-12-30 12:00,0.940
2017-12-30 13:00,0.951
2017-12-30 14:00,0.962
2017-12-30 15:00,0.953
2017-12-30 16:00,0.927
2017-12-30 17:00,0.867
2017-12-30 18:00,0.684
2017-12-30 19:00,0.574
2017-12-30 20:00,0.580
2017-12-30 21:00,0.555
2017-12-30 22:00,0.492
2017-12-30 23:00,0.476
2017-12-31 00:00,0.572
2017-12-31 01:00,0.783
2017-12-31 02:00,0.898
2017-12-31 03:00,0.927
2017-12-31 04:00,0.946
2017-12-31 05:00,0.963
2017-12-31 06:00,0.972
2017-12-31 07:00,0.968
2017-12-31 08:00,0.966
2017-12-31 09:00,0.970
2017-12-31 10:00,0.969
2017-12-31 11:00,0.943
2017-12-31 12:00,0.897
2017-12-31 13:00,0.839
2017-12-31 14:00,0.744
2017-12-31 15:00,0.671
2017-12-31 16:00,0.596
2017-12-31 17:00,0.552
2017-12-31 18:00,0.532
2017-12-31 19:00,0.590
2017-12-31 20:00,0.535
2017-12-31 21:00,0.541
2017-12-31 22:00,0.645
2017-12-31 23:00,0.761
2018-01-01 00:00,0.839
2018-01-01 01:00,0.849
2018-01-01 02:00,0.822
2018-01-01 03:00,0.844
2018-01-01 04:00,0.845
2018-01-01 05:00,0.810
2018-01-01 06:00,0.763
2018-01-01 07:00,0.716
2018-01-01 08:00,0.719
2018-01-01 09:00,0.665
2018-01-01 10:00,0.585
2018-01-01 11:00,0.556
2018-01-01 12:00,0.574
2018-01-01 13:00,0.600
2018-01-01 14:00,0.627
2018-01-01 15:00,0.694
2018-01-01 16:00,0.731
2018-01-01 17:00,0.766
2018-01-01 18:00,0.837
2018-01-01 19:00,0.898
2018-01-01 20:00,0.889
2018-01-01 21:00,0.806
2018-01-01 22:00,0.755
2018-01-01 23:00,0.786
2018-01-02 00:00,0.784
2018-01-02 01:00,0.772
2018-01-02 02:00,0.739
2018-01-02 03:00,0.636
2018-01-02 04:00,0.523
2018-01-02 05:00,0.460
2018-01-02 06:00,0.407
2018-01-02 07:00,0.413
2018-01-02 08:00,0.429
2018-01-02 09:00,0.448
2018-01-02 10:00,0.536
2018-01-02 11:00,0.667
2018-01-02 12:00,0.692
2018-01-02 13:00,0.754
2018-01-02 14:00,0.750
2018-01-02 15:00,0.729
2018-01-02 16:00,0.616
2018-01-02 17:00,0.591
2018-01-02 18:00,0.627
2018-01-02 19:00,0.642
2018-01-02 20:00,0.811
2018-01-02 21:00,0.934
2018-01-02 22:00,0.992
2018-01-02 23:00,0.976
2018-01-03 00:00,0.988
2018-01-03 01:00,0.993
2018-01-03 02:00,0.993
2018-01-03 03:00,0.991
2018-01-03 04:00,0.990
2018-01-03 05:00,0.991
2018-01-03 06:00,0.992
2018-01-03 07:00,0.993
2018-01-03 08:00,0.993
2018-01-03 09:00,0.991
2018-01-03 10:00,0.989
2018-01-03 11:00,0.987
2018-01-03 12:00,0.983
2018-01-03 13:00,0.977
2018-01-03 14:00,0.971
2018-01-03 15:00,0.968
2018-01-03 16:00,0.970
2018-01-03 17:00,0.971
2018-01-03 18:00,0.971
2018-01-03 19:00,0.968
2018-01-03 20:00,0.966
2018-01-03 21:00,0.955
2018-01-03 22:00,0.940
2018-01-03 23:00,0.882
2018-01-04 00:00,0.831
2018-01-04 01:00,0.772
2018-01-04 02:00,0.643
2018-01-04 03:00,0.526
2018-01-04 04:00,0.438
2018-01-04 05:00,0.352
2018-01-04 06:00,0.293
2018-01-04 07:00,0.268
2018-01-04 08:00,0.268
2018-01-04 09:00,0.285
2018-01-04 10:00,0.318
2018-01-04 11:00,0.358
2018-01-04 12:00,0.539
2018-01-04 13:00,0.782
2018-01-04 14:00,0.926
2018-01-04 15:00,0.961
2018-01-04 16:00,0.965
2018-01-04 17:00,0.950
2018-01-04 18:00,0.930
2018-01-04 19:00,0.916
2018-01-04 20:00,0.901
2018-01-04 21:00,0.870
2018-01-04 22:00,0.799
2018-01-04 23:00,0.690
2018-01-05 00:00,0.568
2018-01-05 01:00,0.446
2018-01-05 02:00,0.344
2018-01-05 03:00,0.242
2018-01-05 04:00,0.152
2018-01-05 05:00,0.102
2018-01-05 06:00,0.073
2018-01-05 07:00,0.064
2018-01-05 08:00,0.048
2018-01-05 09:00,0.032
2018-01-05 10:00,0.015
2018-01-05 11:00,0.009
2018-01-05 12:00,0.034
2018-01-05 13:00,0.097
2018-01-05 14:00,0.147
2018-01-05 15:00,0.179
2018-01-05 16:00,0.195
2018-01-05 17:00,0.188
2018-01-05 18:00,0.175
2018-01-05 19:00,0.171
2018-01-05 20:00,0.172
2018-01-05 21:00,0.187
2018-01-05 22:00,0.189
2018-01-05 23:00,0.189
2018-01-06 00:00,0.190
2018-01-06 01:00,0.237
2018-01-06 02:00,0.305
2018-01-06 03:00,0.396
2018-01-06 04:00,0.510
2018-01-06 05:00,0.614
2018-01-06 06:00,0.681
2018-01-06 07:00,0.725
2018-01-06 08:00,0.725
2018-01-06 09:00,0.640
2018-01-06 10:00,0.600
2018-01-06 11:00,0.664
2018-01-06 12:00,0.700
2018-01-06 13:00,0.710
2018-01-06 14:00,0.696
2018-01-06 15:00,0.683
2018-01-06 16:00,0.680
2018-01-06 17:00,0.655
2018-01-06 18:00,0.634
2018-01-06 19:00,0.624
2018-01-06 20:00,0.609
2018-01-06 21:00,0.600
2018-01-06 22:00,0.587
2018-01-06 23:00,0.589
2018-01-07 00:00,0.607
2018-01-07 01:00,0.615
2018-01-07 02:00,0.618
2018-01-07 03:00,0.612
2018-01-07 04:00,0.566
2018-01-07 05:00,0.538
2018-01-07 06:00,0.513
2018-01-07 07:00,0.492
2018-01-07 08:00,0.477
2018-01-07 09:00,0.410
2018-01-07 10:00,0.299
2018-01-07 11:00,0.246
2018-01-07 12:00,0.258
2018-01-07 13:00,0.284
2018-01-07 14:00,0.335
2018-01-07 15:00,0.429
2018-01-07 16:00,0.497
2018-01-07 17:00,0.527
2018-01-07 18:00,0.552
2018-01-07 19:00,0.585
2018-01-07 20:00,0.607
2018-01-07 21:00,0.625
2018-01-07 22:00,0.630
2018-01-07 23:00,0.625
2018-01-08 00:00,0.613
2018-01-08 01:00,0.605
2018-01-08 02:00,0.603
2018-01-08 03:00,0.606
2018-01-08 04:00,0.616
2018-01-08 05:00,0.627
2018-01-08 06:00,0.635
2018-01-08 07:00,0.635
2018-01-08 08:00,0.621
2018-01-08 09:00,0.528
2018-01-08 10:00,0.400
2018-01-08 11:00,0.330
2018-01-08 12:00,0.345
2018-01-08 13:00,0.333
2018-01-08 14:00,0.362
2018-01-08 15:00,0.416
2018-01-08 16:00,0.454
2018-01-08 17:00,0.465
2018-01-08 18:00,0.461
2018-01-08 19:00,0.439
2018-01-08 20:00,0.406
2018-01-08 21:00,0.397
2018-01-08 22:00,0.359
2018-01-08 23:00,0.337
2018-01-09 00:00,0.332
2018-01-09 01:00,0.320
2018-01-09 02:00,0.322
2018-01-09 03:00,0.299
2018-01-09 04:00,0.314
2018-01-09 05:00,0.338
2018-01-09 06:00,0.370
2018-01-09 07:00,0.387
2018-01-09 08:00,0.370
2018-01-09 09:00,0.320
2018-01-09 10:00,0.256
2018-01-09 11:00,0.220
2018-01-09 12:00,0.216
2018-01-09 13:00,0.218
2018-01-09 14:00,0.224
2018-01-09 15:00,0.268
2018-01-09 16:00,0.314
2018-01-09 17:00,0.321
2018-01-09 18:00,0.327
2018-01-09 19:00,0.332
2018-01-09 20:00,0.331
2018-01-09 21:00,0.348
2018-01-09 22:00,0.370
2018-01-09 23:00,0.393
2018-01-10 00:00,0.403
2018-01-10 01:00,0.395
2018-01-10 02:00,0.334
2018-01-10 03:00,0.303
2018-01-10 04:00,0.244
2018-01-10 05:00,0.181
2018-01-10 06:00,0.121
2018-01-10 07:00,0.092
2018-01-10 08:00,0.081
2018-01-10 09:00,0.074
2018-01-10 10:00,0.062
2018-01-10 11:00,0.055
2018-01-10 12:00,0.062
2018-01-10 13:00,0.068
2018-01-10 14:00,0.088
2018-01-10 15:00,0.129
2018-01-10 16:00,0.156
2018-01-10 17:00,0.162
2018-01-10 18:00,0.164
2018-01-10 19:00,0.167
2018-01-10 20:00,0.168
2018-01-10 21:00,0.174
2018-01-10 22:00,0.204
2018-01-10 23:00,0.241
2018-01-11 00:00,0.273
2018-01-11 01:00,0.309
2018-01-11 02:00,0.329
2018-01-11 03:00,0.316
2018-01-11 04:00,0.300
2018-01-11 05:00,0.277
2018-01-11 06:00,0.257
2018-01-11 07:00,0.241
2018-01-11 08:00,0.203
2018-01-11 09:00,0.145
2018-01-11 10:00,0.112
2018-01-11 11:00,0.108
2018-01-11 12:00,0.108
2018-01-11 13:00,0.093
2018-01-11 14:00,0.088
2018-01-11 15:00,0.112
2018-01-11 16:00,0.145
2018-01-11 17:00,0.142
2018-01-11 18:00,0.118
2018-01-11 19:00,0.095
2018-01-11 20:00,0.076
2018-01-11 21:00,0.069
2018-01-11 22:00,0.082
2018-01-11 23:00,0.089
2018-01-12 00:00,0.078
2018-01-12 01:00,0.068
2018-01-12 02:00,0.073
2018-01-12 03:00,0.092
2018-01-12 04:00,0.128
2018-01-12 05:00,0.169
2018-01-12 06:00,0.204
2018-01-12 07:00,0.235
2018-01-12 08:00,0.248
2018-01-12 09:00,0.218
2018-01-12 10:00,0.194
2018-01-12 11:00,0.229
2018-01-12 12:00,0.232
2018-01-12 13:00,0.229
2018-01-12 14:00,0.238
2018-01-12 15:00,0.309
2018-01-12 16:00,0.365
2018-01-12 17:00,0.386
2018-01-12 18:00,0.406
2018-01-12 19:00,0.423
2018-01-12 20:00,0.447
2018-01-12 21:00,0.465
2018-01-12 22:00,0.478
2018-01-12 23:00,0.489
2018-01-13 00:00,0.497
2018-01-13 01:00,0.493
2018-01-13 02:00,0.516
2018-01-13 03:00,0.517
2018-01-13 04:00,0.545
2018-01-13 05:00,0.530
2018-01-13 06:00,0.549
2018-01-13 07:00,0.559
2018-01-13 08:00,0.572
2018-01-13 09:00,0.522
2018-01-13 10:00,0.549
2018-01-13 11:00,0.615
2018-01-13 12:00,0.625
2018-01-13 13:00,0.606
2018-01-13 14:00,0.583
2018-01-13 15:00,0.596
2018-01-13 16:00,0.609
2018-01-13 17:00,0.582
2018-01-13 18:00,0.532
2018-01-13 19:00,0.491
2018-01-13 20:00,0.460
2018-01-13 21:00,0.414
2018-01-13 22:00,0.375
2018-01-13 23:00,0.328
2018-01-14 00:00,0.271
2018-01-14 01:00,0.239
2018-01-14 02:00,0.215
2018-01-14 03:00,0.200
2018-01-14 04:00,0.224
2018-01-14 05:00,0.258
2018-01-14 06:00,0.276
2018-01-14 07:00,0.260
2018-01-14 08:00,0.227
2018-01-14 09:00,0.182
2018-01-14 10:00,0.248
2018-01-14 11:00,0.428
2018-01-14 12:00,0.487
2018-01-14 13:00,0.493
2018-01-14 14:00,0.483
2018-01-14 15:00,0.529
2018-01-14 16:00,0.549
2018-01-14 17:00,0.539
2018-01-14 18:00,0.569
2018-01-14 19:00,0.617
2018-01-14 20:00,0.685
2018-01-14 21:00,0.777
2018-01-14 22:00,0.818
2018-01-14 23:00,0.837
2018-01-15 00:00,0.853
2018-01-15 01:00,0.879
2018-01-15 02:00,0.907
2018-01-15 03:00,0.926
2018-01-15 04:00,0.891
2018-01-15 05:00,0.857
2018-01-15 06:00,0.815
2018-01-15 07:00,0.715
2018-01-15 08:00,0.637
2018-01-15 09:00,0.602
2018-01-15 10:00,0.675
2018-01-15 11:00,0.764
2018-01-15 12:00,0.781
2018-01-15 13:00,0.772
2018-01-15 14:00,0.772
2018-01-15 15:00,0.780
2018-01-15 16:00,0.807
2018-01-15 17:00,0.822
2018-01-15 18:00,0.829
2018-01-15 19:00,0.817
2018-01-15 20:00,0.804
2018-01-15 21:00,0.819
2018-01-15 22:00,0.842
2018-01-15 23:00,0.851
2018-01-16 00:00,0.855
2018-01-16 01:00,0.857
2018-01-16 02:00,0.867
2018-01-16 03:00,0.886
2018-01-16 04:00,0.903
2018-01-16 05:00,0.899
2018-01-16 06:00,0.894
2018-01-16 07:00,0.889
2018-01-16 08:00,0.887
2018-01-16 09:00,0.888
2018-01-16 10:00,0.895
2018-01-16 11:00,0.896
2018-01-16 12:00,0.894
2018-01-16 13:00,0.886
2018-01-16 14:00,0.882
2018-01-16 15:00,0.886
2018-01-16 16:00,0.868
2018-01-16 17:00,0.820
2018-01-16 18:00,0.752
2018-01-16 19:00,0.811
2018-01-16 20:00,0.882
2018-01-16 21:00,0.910
2018-01-16 22:00,0.894
2018-01-16 23:00,0.899
2018-01-17 00:00,0.905
2018-01-17 01:00,0.884
2018-01-17 02:00,0.923
2018-01-17 03:00,0.968
2018-01-17 04:00,0.969
2018-01-17 05:00,0.969
2018-01-17 06:00,0.956
2018-01-17 07:00,0.940
2018-01-17 08:00,0.931
2018-01-17 09:00,0.935
2018-01-17 10:00,0.940
2018-01-17 11:00,0.937
2018-01-17 12:00,0.932
2018-01-17 13:00,0.913
2018-01-17 14:00,0.896
2018-01-17 15:00,0.878
2018-01-17 16:00,0.848
2018-01-17 17:00,0.803
2018-01-17 18:00,0.694
2018-01-17 19:00,0.588
2018-01-17 20:00,0.556
2018-01-17 21:00,0.492
2018-01-17 22:00,0.456
2018-01-17 23:00,0.492
2018-01-18 00:00,0.497
2018-01-18 01:00,0.527
2018-01-18 02:00,0.787
2018-01-18 03:00,0.909
2018-01-18 04:00,0.938
2018-01-18 05:00,0.894
2018-01-18 06:00,0.805
2018-01-18 07:00,0.712
2018-01-18 08:00,0.658
2018-01-18 09:00,0.590
2018-01-18 10:00,0.541
2018-01-18 11:00,0.557
2018-01-18 12:00,0.525
2018-01-18 13:00,0.546
2018-01-18 14:00,0.572
2018-01-18 15:00,0.569
2018-01-18 16:00,0.585
2018-01-18 17:00,0.600
2018-01-18 18:00,0.601
2018-01-18 19:00,0.597
2018-01-18 20:00,0.604
2018-01-18 21:00,0.555
2018-01-18 22:00,0.536
2018-01-18 23:00,0.544
2018-01-19 00:00,0.548
2018-01-19 01:00,0.552
2018-01-19 02:00,0.570
2018-01-19 03:00,0.541
2018-01-19 04:00,0.564
2018-01-19 05:00,0.573
2018-01-19 06:00,0.574
2018-01-19 07:00,0.589
2018-01-19 08:00,0.556
2018-01-19 09:00,0.535
2018-01-19 10:00,0.523
2018-01-19 11:00,0.612
2018-01-19 12:00,0.683
2018-01-19 13:00,0.663
2018-01-19 14:00,0.669
2018-01-19 15:00,0.702
2018-01-19 16:00,0.723
2018-01-19 17:00,0.696
2018-01-19 18:00,0.721
2018-01-19 19:00,0.754
2018-01-19 20:00,0.742
2018-01-19 21:00,0.713
2018-01-19 22:00,0.665
2018-01-19 23:00,0.641
2018-01-20 00:00,0.593
2018-01-20 01:00,0.523
2018-01-20 02:00,0.444
2018-01-20 03:00,0.410
2018-01-20 04:00,0.365
2018-01-20 05:00,0.306
2018-01-20 06:00,0.257
2018-01-20 07:00,0.219
2018-01-20 08:00,0.153
2018-01-20 09:00,0.096
2018-01-20 10:00,0.065
2018-01-20 11:00,0.032
2018-01-20 12:00,0.019
2018-01-20 13:00,0.049
2018-01-20 14:00,0.100
2018-01-20 15:00,0.185
2018-01-20 16:00,0.279
2018-01-20 17:00,0.332
2018-01-20 18:00,0.384
2018-01-20 19:00,0.359
2018-01-20 20:00,0.335
2018-01-20 21:00,0.291
2018-01-20 22:00,0.254
2018-01-20 23:00,0.214
2018-01-21 00:00,0.186
2018-01-21 01:00,0.160
2018-01-21 02:00,0.126
2018-01-21 03:00,0.090
2018-01-21 04:00,0.058
2018-01-21 05:00,0.053
2018-01-21 06:00,0.058
2018-01-21 07:00,0.072
2018-01-21 08:00,0.161
2018-01-21 09:00,0.231
2018-01-21 10:00,0.262
2018-01-21 11:00,0.390
2018-01-21 12:00,0.542
2018-01-21 13:00,0.630
2018-01-21 14:00,0.727
2018-01-21 15:00,0.707
2018-01-21 16:00,0.629
2018-01-21 17:00,0.463
2018-01-21 18:00,0.389
2018-01-21 19:00,0.507
2018-01-21 20:00,0.728
2018-01-21 21:00,0.803
2018-01-21 22:00,0.727
2018-01-21 23:00,0.712
2018-01-22 00:00,0.687
2018-01-22 01:00,0.597
2018-01-22 02:00,0.547
2018-01-22 03:00,0.546
2018-01-22 04:00,0.559
2018-01-22 05:00,0.586
2018-01-22 06:00,0.546
2018-01-22 07:00,0.574
2018-01-22 08:00,0.564
2018-01-22 09:00,0.513
2018-01-22 10:00,0.504
2018-01-22 11:00,0.581
2018-01-22 12:00,0.713
2018-01-22 13:00,0.753
2018-01-22 14:00,0.748
2018-01-22 15:00,0.723
2018-01-22 16:00,0.697
2018-01-22 17:00,0.666
2018-01-22 18:00,0.616
2018-01-22 19:00,0.562
2018-01-22 20:00,0.533
2018-01-22 21:00,0.530
2018-01-22 22:00,0.509
2018-01-22 23:00,0.487
2018-01-23 00:00,0.466
2018-01-23 01:00,0.446
2018-01-23 02:00,0.439
2018-01-23 03:00,0.447
2018-01-23 04:00,0.510
2018-01-23 05:00,0.605
2018-01-23 06:00,0.719
2018-01-23 07:00,0.797
2018-01-23 08:00,0.800
2018-01-23 09:00,0.793
2018-01-23 10:00,0.795
2018-01-23 11:00,0.827
2018-01-23 12:00,0.886
2018-01-23 13:00,0.929
2018-01-23 14:00,0.937
2018-01-23 15:00,0.938
2018-01-23 16:00,0.935
2018-01-23 17:00,0.928
2018-01-23 18:00,0.893
2018-01-23 19:00,0.855
2018-01-23 20:00,0.784
2018-01-23 21:00,0.731
2018-01-23 22:00,0.717
2018-01-23 23:00,0.725
2018-01-24 00:00,0.746
2018-01-24 01:00,0.812
2018-01-24 02:00,0.890
2018-01-24 03:00,0.930
2018-01-24 04:00,0.968
2018-01-24 05:00,0.993
2018-01-24 06:00,0.990
2018-01-24 07:00,0.993
2018-01-24 08:00,0.980
2018-01-24 09:00,0.904
2018-01-24 10:00,0.853
2018-01-24 11:00,0.868
2018-01-24 12:00,0.887
2018-01-24 13:00,0.914
2018-01-24 14:00,0.922
2018-01-24 15:00,0.919
2018-01-24 16:00,0.901
2018-01-24 17:00,0.886
2018-01-24 18:00,0.862
2018-01-24 19:00,0.821
2018-01-24 20:00,0.791
2018-01-24 21:00,0.768
2018-01-24 22:00,0.739
2018-01-24 23:00,0.729
2018-01-25 00:00,0.715
2018-01-25 01:00,0.698
2018-01-25 02:00,0.690
2018-01-25 03:00,0.669
2018-01-25 04:00,0.612
2018-01-25 05:00,0.585
2018-01-25 06:00,0.578
2018-01-25 07:00,0.569
2018-01-25 08:00,0.546
2018-01-25 09:00,0.574
2018-01-25 10:00,0.606
2018-01-25 11:00,0.604
2018-01-25 12:00,0.594
2018-01-25 13:00,0.597
2018-01-25 14:00,0.597
2018-01-25 15:00,0.609
2018-01-25 16:00,0.612
2018-01-25 17:00,0.546
2018-01-25 18:00,0.491
2018-01-25 19:00,0.441
2018-01-25 20:00,0.348
2018-01-25 21:00,0.287
2018-01-25 22:00,0.232
2018-01-25 23:00,0.190
2018-01-26 00:00,0.147
2018-01-26 01:00,0.133
2018-01-26 02:00,0.152
2018-01-26 03:00,0.202
2018-01-26 04:00,0.281
2018-01-26 05:00,0.338
2018-01-26 06:00,0.361
2018-01-26 07:00,0.377
2018-01-26 08:00,0.330
2018-01-26 09:00,0.259
2018-01-26 10:00,0.193
2018-01-26 11:00,0.137
2018-01-26 12:00,0.080
2018-01-26 13:00,0.041
2018-01-26 14:00,0.037
2018-01-26 15:00,0.104
2018-01-26 16:00,0.139
2018-01-26 17:00,0.064
2018-01-26 18:00,0.036
2018-01-26 19:00,0.094
2018-01-26 20:00,0.222
2018-01-26 21:00,0.361
2018-01-26 22:00,0.446
2018-01-26 23:00,0.483
2018-01-27 00:00,0.473
2018-01-27 01:00,0.466
2018-01-27 02:00,0.436
2018-01-27 03:00,0.407
2018-01-27 04:00,0.442
2018-01-27 05:00,0.505
2018-01-27 06:00,0.643
2018-01-27 07:00,0.694
2018-01-27 08:00,0.739
2018-01-27 09:00,0.774
2018-01-27 10:00,0.800
2018-01-27 11:00,0.904
2018-01-27 12:00,0.831
2018-01-27 13:00,0.807
2018-01-27 14:00,0.808
2018-01-27 15:00,0.889
2018-01-27 16:00,0.912
2018-01-27 17:00,0.922
2018-01-27 18:00,0.922
2018-01-27 19:00,0.919
2018-01-27 20:00,0.910
2018-01-27 21:00,0.891
2018-01-27 22:00,0.880
2018-01-27 23:00,0.872
2018-01-28 00:00,0.865
2018-01-28 01:00,0.862
2018-01-28 02:00,0.838
2018-01-28 03:00,0.778
2018-01-28 04:00,0.719
2018-01-28 05:00,0.786
2018-01-28 06:00,0.873
2018-01-28 07:00,0.890
2018-01-28 08:00,0.873
2018-01-28 09:00,0.884
2018-01-28 10:00,0.904
2018-01-28 11:00,0.905
2018-01-28 12:00,0.908
2018-01-28 13:00,0.913
2018-01-28 14:00,0.913
2018-01-28 15:00,0.909
2018-01-28 16:00,0.906
2018-01-28 17:00,0.906
2018-01-28 18:00,0.904
2018-01-28 19:00,0.904
2018-01-28 20:00,0.934
2018-01-28 21:00,0.951
2018-01-28 22:00,0.956
2018-01-28 23:00,0.961
2018-01-29 00:00,0.971
2018-01-29 01:00,0.973
2018-01-29 02:00,0.978
2018-01-29 03:00,0.981
2018-01-29 04:00,0.975
2018-01-29 05:00,0.960
2018-01-29 06:00,0.919
2018-01-29 07:00,0.808
2018-01-29 08:00,0.654
2018-01-29 09:00,0.574
2018-01-29 10:00,0.549
2018-01-29 11:00,0.582
2018-01-29 12:00,0.718
2018-01-29 13:00,0.805
2018-01-29 14:00,0.793
2018-01-29 15:00,0.741
2018-01-29 16:00,0.677
2018-01-29 17:00,0.613
2018-01-29 18:00,0.604
2018-01-29 19:00,0.596
2018-01-29 20:00,0.563
2018-01-29 21:00,0.534
2018-01-29 22:00,0.516
2018-01-29 23:00,0.502
2018-01-30 00:00,0.460
2018-01-30 01:00,0.444
2018-01-30 02:00,0.447
2018-01-30 03:00,0.437
2018-01-30 04:00,0.439
2018-01-30 05:00,0.442
2018-01-30 06:00,0.430
2018-01-30 07:00,0.385
2018-01-30 08:00,0.354
2018-01-30 09:00,0.342
2018-01-30 10:00,0.347
2018-01-30 11:00,0.426
2018-01-30 12:00,0.487
2018-01-30 13:00,0.499
2018-01-30 14:00,0.436
2018-01-30 15:00,0.460
2018-01-30 16:00,0.546
2018-01-30 17:00,0.515
2018-01-30 18:00,0.481
2018-01-30 19:00,0.466
2018-01-30 20:00,0.479
2018-01-30 21:00,0.488
2018-01-30 22:00,0.520
2018-01-30 23:00,0.523
2018-01-31 00:00,0.562
2018-01-31 01:00,0.666
2018-01-31 02:00,0.778
2018-01-31 03:00,0.842
2018-01-31 04:00,0.854
2018-01-31 05:00,0.870
2018-01-31 06:00,0.845
2018-01-31 07:00,0.826
2018-01-31 08:00,0.825
2018-01-31 09:00,0.845
2018-01-31 10:00,0.876
2018-01-31 11:00,0.907
2018-01-31 12:00,0.924
2018-01-31 13:00,0.917
2018-01-31 14:00,0.905
2018-01-31 15:00,0.903
2018-01-31 16:00,0.898
2018-01-31 17:00,0.901
2018-01-31 18:00,0.901
2018-01-31 19:00,0.880
2018-01-31 20:00,0.841
2018-01-31 21:00,0.799
2018-01-31 22:00,0.692
2018-01-31 23:00,0.573
2018-02-01 00:00,0.546
2018-02-01 01:00,0.627
2018-02-01 02:00,0.646
2018-02-01 03:00,0.666
2018-02-01 04:00,0.720
2018-02-01 05:00,0.761
2018-02-01 06:00,0.779
2018-02-01 07:00,0.792
2018-02-01 08:00,0.792
2018-02-01 09:00,0.785
2018-02-01 10:00,0.850
2018-02-01 11:00,0.913
2018-02-01 12:00,0.916
2018-02-01 13:00,0.900
2018-02-01 14:00,0.879
2018-02-01 15:00,0.866
2018-02-01 16:00,0.857
2018-02-01 17:00,0.842
2018-02-01 18:00,0.837
2018-02-01 19:00,0.826
2018-02-01 20:00,0.786
2018-02-01 21:00,0.771
2018-02-01 22:00,0.782
2018-02-01 23:00,0.791
2018-02-02 00:00,0.782
2018-02-02 01:00,0.782
2018-02-02 02:00,0.795
2018-02-02 03:00,0.754
2018-02-02 04:00,0.715
2018-02-02 05:00,0.707
2018-02-02 06:00,0.696
2018-02-02 07:00,0.692
2018-02-02 08:00,0.591
2018-02-02 09:00,0.574
2018-02-02 10:00,0.511
2018-02-02 11:00,0.505
2018-02-02 12:00,0.476
2018-02-02 13:00,0.390
2018-02-02 14:00,0.271
2018-02-02 15:00,0.224
2018-02-02 16:00,0.252
2018-02-02 17:00,0.255
2018-02-02 18:00,0.232
2018-02-02 19:00,0.221
2018-02-02 20:00,0.233
2018-02-02 21:00,0.260
2018-02-02 22:00,0.286
2018-02-02 23:00,0.297
2018-02-03 00:00,0.289
2018-02-03 01:00,0.266
2018-02-03 02:00,0.254
2018-02-03 03:00,0.225
2018-02-03 04:00,0.172
2018-02-03 05:00,0.127
2018-02-03 06:00,0.109
2018-02-03 07:00,0.106
2018-02-03 08:00,0.097
2018-02-03 09:00,0.067
2018-02-03 10:00,0.046
2018-02-03 11:00,0.027
2018-02-03 12:00,0.009
2018-02-03 13:00,0.007
2018-02-03 14:00,0.027
2018-02-03 15:00,0.066
2018-02-03 16:00,0.122
2018-02-03 17:00,0.181
2018-02-03 18:00,0.221
2018-02-03 19:00,0.257
2018-02-03 20:00,0.292
2018-02-03 21:00,0.311
2018-02-03 22:00,0.313
2018-02-03 23:00,0.310
2018-02-04 00:00,0.330
2018-02-04 01:00,0.356
2018-02-04 02:00,0.330
2018-02-04 03:00,0.310
2018-02-04 04:00,0.324
2018-02-04 05:00,0.346
2018-02-04 06:00,0.379
2018-02-04 07:00,0.397
2018-02-04 08:00,0.361
2018-02-04 09:00,0.242
2018-02-04 10:00,0.208
2018-02-04 11:00,0.309
2018-02-04 12:00,0.348
2018-02-04 13:00,0.358
2018-02-04 14:00,0.299
2018-02-04 15:00,0.273
2018-02-04 16:00,0.338
2018-02-04 17:00,0.380
2018-02-04 18:00,0.395
2018-02-04 19:00,0.387
2018-02-04 20:00,0.367
2018-02-04 21:00,0.339
2018-02-04 22:00,0.324
2018-02-04 23:00,0.309
2018-02-05 00:00,0.281
2018-02-05 01:00,0.276
2018-02-05 02:00,0.279
2018-02-05 03:00,0.280
2018-02-05 04:00,0.268
2018-02-05 05:00,0.254
2018-02-05 06:00,0.237
2018-02-05 07:00,0.217
2018-02-05 08:00,0.182
2018-02-05 09:00,0.124
2018-02-05 10:00,0.126
2018-02-05 11:00,0.129
2018-02-05 12:00,0.111
2018-02-05 13:00,0.083
2018-02-05 14:00,0.059
2018-02-05 15:00,0.056
2018-02-05 16:00,0.063
2018-02-05 17:00,0.070
2018-02-05 18:00,0.071
2018-02-05 19:00,0.069
2018-02-05 20:00,0.063
2018-02-05 21:00,0.052
2018-02-05 22:00,0.037
2018-02-05 23:00,0.023
2018-02-06 00:00,0.014
2018-02-06 01:00,0.020
2018-02-06 02:00,0.043
2018-02-06 03:00,0.068
2018-02-06 04:00,0.084
2018-02-06 05:00,0.090
2018-02-06 06:00,0.089
2018-02-06 07:00,0.090
2018-02-06 08:00,0.086
2018-02-06 09:00,0.070
2018-02-06 10:00,0.071
2018-02-06 11:00,0.077
2018-02-06 12:00,0.097
2018-02-06 13:00,0.130
2018-02-06 14:00,0.155
2018-02-06 15:00,0.194
2018-02-06 16:00,0.302
2018-02-06 17:00,0.428
2018-02-06 18:00,0.450
2018-02-06 19:00,0.437
2018-02-06 20:00,0.422
2018-02-06 21:00,0.429
2018-02-06 22:00,0.441
2018-02-06 23:00,0.455
2018-02-07 00:00,0.459
2018-02-07 01:00,0.439
2018-02-07 02:00,0.426
2018-02-07 03:00,0.416
2018-02-07 04:00,0.400
2018-02-07 05:00,0.374
2018-02-07 06:00,0.338
2018-02-07 07:00,0.287
2018-02-07 08:00,0.206
2018-02-07 09:00,0.143
2018-02-07 10:00,0.121
2018-02-07 11:00,0.088
2018-02-07 12:00,0.075
2018-02-07 13:00,0.099
2018-02-07 14:00,0.117
2018-02-07 15:00,0.132
2018-02-07 16:00,0.150
2018-02-07 17:00,0.163
2018-02-07 18:00,0.186
2018-02-07 19:00,0.224
2018-02-07 20:00,0.281
2018-02-07 21:00,0.342
2018-02-07 22:00,0.400
2018-02-07 23:00,0.443
2018-02-08 00:00,0.459
2018-02-08 01:00,0.483
2018-02-08 02:00,0.468
2018-02-08 03:00,0.467
2018-02-08 04:00,0.478
2018-02-08 05:00,0.493
2018-02-08 06:00,0.505
2018-02-08 07:00,0.531
2018-02-08 08:00,0.569
2018-02-08 09:00,0.545
2018-02-08 10:00,0.521
2018-02-08 11:00,0.563
2018-02-08 12:00,0.590
2018-02-08 13:00,0.652
2018-02-08 14:00,0.715
2018-02-08 15:00,0.714
2018-02-08 16:00,0.735
2018-02-08 17:00,0.768
2018-02-08 18:00,0.797
2018-02-08 19:00,0.793
2018-02-08 20:00,0.805
2018-02-08 21:00,0.776
2018-02-08 22:00,0.729
2018-02-08 23:00,0.710
2018-02-09 00:00,0.612
2018-02-09 01:00,0.505
2018-02-09 02:00,0.442
2018-02-09 03:00,0.429
2018-02-09 04:00,0.449
2018-02-09 05:00,0.470
2018-02-09 06:00,0.569
2018-02-09 07:00,0.687
2018-02-09 08:00,0.702
2018-02-09 09:00,0.708
2018-02-09 10:00,0.759
2018-02-09 11:00,0.799
2018-02-09 12:00,0.818
2018-02-09 13:00,0.813
2018-02-09 14:00,0.776
2018-02-09 15:00,0.737
2018-02-09 16:00,0.675
2018-02-09 17:00,0.619
2018-02-09 18:00,0.594
2018-02-09 19:00,0.569
2018-02-09 20:00,0.551
2018-02-09 21:00,0.511
2018-02-09 22:00,0.486
2018-02-09 23:00,0.463
2018-02-10 00:00,0.439
2018-02-10 01:00,0.440
2018-02-10 02:00,0.464
2018-02-10 03:00,0.469
2018-02-10 04:00,0.466
2018-02-10 05:00,0.509
2018-02-10 06:00,0.579
2018-02-10 07:00,0.644
2018-02-10 08:00,0.715
2018-02-10 09:00,0.767
2018-02-10 10:00,0.848
2018-02-10 11:00,0.898
2018-02-10 12:00,0.812
2018-02-10 13:00,0.761
2018-02-10 14:00,0.741
2018-02-10 15:00,0.723
2018-02-10 16:00,0.666
2018-02-10 17:00,0.609
2018-02-10 18:00,0.611
2018-02-10 19:00,0.631
2018-02-10 20:00,0.696
2018-02-10 21:00,0.772
2018-02-10 22:00,0.886
2018-02-10 23:00,0.950
2018-02-11 00:00,0.973
2018-02-11 01:00,0.978
2018-02-11 02:00,0.980
2018-02-11 03:00,0.975
2018-02-11 04:00,0.956
2018-02-11 05:00,0.936
2018-02-11 06:00,0.902
2018-02-11 07:00,0.861
2018-02-11 08:00,0.868
2018-02-11 09:00,0.898
2018-02-11 10:00,0.920
2018-02-11 11:00,0.926
2018-02-11 12:00,0.916
2018-02-11 13:00,0.892
2018-02-11 14:00,0.854
2018-02-11 15:00,0.814
2018-02-11 16:00,0.818
2018-02-11 17:00,0.845
2018-02-11 18:00,0.866
2018-02-11 19:00,0.863
2018-02-11 20:00,0.851
2018-02-11 21:00,0.837
2018-02-11 22:00,0.810
2018-02-11 23:00,0.779
2018-02-12 00:00,0.749
2018-02-12 01:00,0.750
2018-02-12 02:00,0.665
2018-02-12 03:00,0.637
2018-02-12 04:00,0.620
2018-02-12 05:00,0.604
2018-02-12 06:00,0.588
2018-02-12 07:00,0.566
2018-02-12 08:00,0.528
2018-02-12 09:00,0.510
2018-02-12 10:00,0.670
2018-02-12 11:00,0.729
2018-02-12 12:00,0.719
2018-02-12 13:00,0.689
2018-02-12 14:00,0.617
2018-02-12 15:00,0.577
2018-02-12 16:00,0.613
2018-02-12 17:00,0.654
2018-02-12 18:00,0.617
2018-02-12 19:00,0.586
2018-02-12 20:00,0.594
2018-02-12 21:00,0.600
2018-02-12 22:00,0.608
2018-02-12 23:00,0.626
2018-02-13 00:00,0.658
2018-02-13 01:00,0.685
2018-02-13 02:00,0.713
2018-02-13 03:00,0.746
2018-02-13 04:00,0.775
2018-02-13 05:00,0.809
2018-02-13 06:00,0.834
2018-02-13 07:00,0.845
2018-02-13 08:00,0.859
2018-02-13 09:00,0.871
2018-02-13 10:00,0.845
2018-02-13 11:00,0.740
2018-02-13 12:00,0.539
2018-02-13 13:00,0.287
2018-02-13 14:00,0.178
2018-02-13 15:00,0.162
2018-02-13 16:00,0.205
2018-02-13 17:00,0.289
2018-02-13 18:00,0.293
2018-02-13 19:00,0.251
2018-02-13 20:00,0.180
2018-02-13 21:00,0.112
2018-02-13 22:00,0.066
2018-02-13 23:00,0.062
2018-02-14 00:00,0.087
2018-02-14 01:00,0.136
2018-02-14 02:00,0.183
2018-02-14 03:00,0.237
2018-02-14 04:00,0.321
2018-02-14 05:00,0.415
2018-02-14 06:00,0.473
2018-02-14 07:00,0.539
2018-02-14 08:00,0.628
2018-02-14 09:00,0.725
2018-02-14 10:00,0.904
2018-02-14 11:00,0.965
2018-02-14 12:00,0.979
2018-02-14 13:00,0.976
2018-02-14 14:00,0.968
2018-02-14 15:00,0.963
2018-02-14 16:00,0.945
2018-02-14 17:00,0.899
2018-02-14 18:00,0.841
2018-02-14 19:00,0.782
2018-02-14 20:00,0.706
2018-02-14 21:00,0.650
2018-02-14 22:00,0.616
2018-02-14 23:00,0.546
2018-02-15 00:00,0.561
2018-02-15 01:00,0.539
2018-02-15 02:00,0.482
2018-02-15 03:00,0.430
2018-02-15 04:00,0.440
2018-02-15 05:00,0.460
2018-02-15 06:00,0.612
2018-02-15 07:00,0.671
2018-02-15 08:00,0.673
2018-02-15 09:00,0.786
2018-02-15 10:00,0.893
2018-02-15 11:00,0.927
2018-02-15 12:00,0.934
2018-02-15 13:00,0.927
2018-02-15 14:00,0.908
2018-02-15 15:00,0.882
2018-02-15 16:00,0.860
2018-02-15 17:00,0.848
2018-02-15 18:00,0.818
2018-02-15 19:00,0.777
2018-02-15 20:00,0.697
2018-02-15 21:00,0.680
2018-02-15 22:00,0.702
2018-02-15 23:00,0.696
2018-02-16 00:00,0.689
2018-02-16 01:00,0.675
2018-02-16 02:00,0.609
2018-02-16 03:00,0.584
2018-02-16 04:00,0.574
2018-02-16 05:00,0.541
2018-02-16 06:00,0.481
2018-02-16 07:00,0.446
2018-02-16 08:00,0.381
2018-02-16 09:00,0.311
2018-02-16 10:00,0.378
2018-02-16 11:00,0.422
2018-02-16 12:00,0.390
2018-02-16 13:00,0.335
2018-02-16 14:00,0.260
2018-02-16 15:00,0.253
2018-02-16 16:00,0.365
2018-02-16 17:00,0.483
2018-02-16 18:00,0.516
2018-02-16 19:00,0.549
2018-02-16 20:00,0.569
2018-02-16 21:00,0.569
2018-02-16 22:00,0.556
2018-02-16 23:00,0.509
2018-02-17 00:00,0.436
2018-02-17 01:00,0.387
2018-02-17 02:00,0.313
2018-02-17 03:00,0.294
2018-02-17 04:00,0.299
2018-02-17 05:00,0.335
2018-02-17 06:00,0.355
2018-02-17 07:00,0.370
2018-02-17 08:00,0.423
2018-02-17 09:00,0.365
2018-02-17 10:00,0.369
2018-02-17 11:00,0.355
2018-02-17 12:00,0.327
2018-02-17 13:00,0.287
2018-02-17 14:00,0.248
2018-02-17 15:00,0.217
2018-02-17 16:00,0.242
2018-02-17 17:00,0.265
2018-02-17 18:00,0.272
2018-02-17 19:00,0.270
2018-02-17 20:00,0.270
2018-02-17 21:00,0.276
2018-02-17 22:00,0.279
2018-02-17 23:00,0.271
2018-02-18 00:00,0.243
2018-02-18 01:00,0.208
2018-02-18 02:00,0.170
2018-02-18 03:00,0.139
2018-02-18 04:00,0.118
2018-02-18 05:00,0.118
2018-02-18 06:00,0.121
2018-02-18 07:00,0.150
2018-02-18 08:00,0.176
2018-02-18 09:00,0.181
2018-02-18 10:00,0.164
2018-02-18 11:00,0.150
2018-02-18 12:00,0.164
2018-02-18 13:00,0.186
2018-02-18 14:00,0.181
2018-02-18 15:00,0.205
2018-02-18 16:00,0.259
2018-02-18 17:00,0.292
2018-02-18 18:00,0.318
2018-02-18 19:00,0.345
2018-02-18 20:00,0.355
2018-02-18 21:00,0.357
2018-02-18 22:00,0.345
2018-02-18 23:00,0.325
2018-02-19 00:00,0.304
2018-02-19 01:00,0.281
2018-02-19 02:00,0.276
2018-02-19 03:00,0.299
2018-02-19 04:00,0.333
2018-02-19 05:00,0.365
2018-02-19 06:00,0.388
2018-02-19 07:00,0.393
2018-02-19 08:00,0.342
2018-02-19 09:00,0.273
2018-02-19 10:00,0.256
2018-02-19 11:00,0.313
2018-02-19 12:00,0.355
2018-02-19 13:00,0.365
2018-02-19 14:00,0.335
2018-02-19 15:00,0.310
2018-02-19 16:00,0.358
2018-02-19 17:00,0.375
2018-02-19 18:00,0.348
2018-02-19 19:00,0.342
2018-02-19 20:00,0.314
2018-02-19 21:00,0.292
2018-02-19 22:00,0.295
2018-02-19 23:00,0.301
2018-02-20 00:00,0.279
2018-02-20 01:00,0.286
2018-02-20 02:00,0.396
2018-02-20 03:00,0.525
2018-02-20 04:00,0.628
2018-02-20 05:00,0.646
2018-02-20 06:00,0.599
2018-02-20 07:00,0.578
2018-02-20 08:00,0.515
2018-02-20 09:00,0.592
2018-02-20 10:00,0.710
2018-02-20 11:00,0.775
2018-02-20 12:00,0.791
2018-02-20 13:00,0.793
2018-02-20 14:00,0.784
2018-02-20 15:00,0.712
2018-02-20 16:00,0.661
2018-02-20 17:00,0.613
2018-02-20 18:00,0.588
2018-02-20 19:00,0.538
2018-02-20 20:00,0.499
2018-02-20 21:00,0.432
2018-02-20 22:00,0.359
2018-02-20 23:00,0.314
2018-02-21 00:00,0.267
2018-02-21 01:00,0.211
2018-02-21 02:00,0.177
2018-02-21 03:00,0.147
2018-02-21 04:00,0.146
2018-02-21 05:00,0.155
2018-02-21 06:00,0.163
2018-02-21 07:00,0.160
2018-02-21 08:00,0.134
2018-02-21 09:00,0.117
2018-02-21 10:00,0.116
2018-02-21 11:00,0.118
2018-02-21 12:00,0.119
2018-02-21 13:00,0.122
2018-02-21 14:00,0.123
2018-02-21 15:00,0.125
2018-02-21 16:00,0.149
2018-02-21 17:00,0.197
2018-02-21 18:00,0.225
2018-02-21 19:00,0.229
2018-02-21 20:00,0.218
2018-02-21 21:00,0.204
2018-02-21 22:00,0.181
2018-02-21 23:00,0.160
2018-02-22 00:00,0.134
2018-02-22 01:00,0.114
2018-02-22 02:00,0.104
2018-02-22 03:00,0.099
2018-02-22 04:00,0.105
2018-02-22 05:00,0.118
2018-02-22 06:00,0.135
2018-02-22 07:00,0.151
2018-02-22 08:00,0.164
2018-02-22 09:00,0.243
2018-02-22 10:00,0.276
2018-02-22 11:00,0.285
2018-02-22 12:00,0.282
2018-02-22 13:00,0.276
2018-02-22 14:00,0.269
2018-02-22 15:00,0.241
2018-02-22 16:00,0.219
2018-02-22 17:00,0.239
2018-02-22 18:00,0.278
2018-02-22 19:00,0.325
2018-02-22 20:00,0.362
2018-02-22 21:00,0.380
2018-02-22 22:00,0.374
2018-02-22 23:00,0.373
2018-02-23 00:00,0.348
2018-02-23 01:00,0.333
2018-02-23 02:00,0.311
2018-02-23 03:00,0.310
2018-02-23 04:00,0.317
2018-02-23 05:00,0.288
2018-02-23 06:00,0.246
2018-02-23 07:00,0.194
2018-02-23 08:00,0.197
2018-02-23 09:00,0.337
2018-02-23 10:00,0.439
2018-02-23 11:00,0.483
2018-02-23 12:00,0.513
2018-02-23 13:00,0.525
2018-02-23 14:00,0.526
2018-02-23 15:00,0.516
2018-02-23 16:00,0.540
2018-02-23 17:00,0.594
2018-02-23 18:00,0.603
2018-02-23 19:00,0.587
2018-02-23 20:00,0.572
2018-02-23 21:00,0.524
2018-02-23 22:00,0.499
2018-02-23 23:00,0.476
2018-02-24 00:00,0.460
2018-02-24 01:00,0.471
2018-02-24 02:00,0.486
2018-02-24 03:00,0.481
2018-02-24 04:00,0.452
2018-02-24 05:00,0.406
2018-02-24 06:00,0.382
2018-02-24 07:00,0.374
2018-02-24 08:00,0.356
2018-02-24 09:00,0.567
2018-02-24 10:00,0.643
2018-02-24 11:00,0.685
2018-02-24 12:00,0.705
2018-02-24 13:00,0.710
2018-02-24 14:00,0.692
2018-02-24 15:00,0.672
2018-02-24 16:00,0.676
2018-02-24 17:00,0.651
2018-02-24 18:00,0.625
2018-02-24 19:00,0.608
2018-02-24 20:00,0.585
2018-02-24 21:00,0.552
2018-02-24 22:00,0.506
2018-02-24 23:00,0.466
2018-02-25 00:00,0.453
2018-02-25 01:00,0.445
2018-02-25 02:00,0.439
2018-02-25 03:00,0.439
2018-02-25 04:00,0.417
2018-02-25 05:00,0.400
2018-02-25 06:00,0.413
2018-02-25 07:00,0.410
2018-02-25 08:00,0.348
2018-02-25 09:00,0.540
2018-02-25 10:00,0.525
2018-02-25 11:00,0.497
2018-02-25 12:00,0.467
2018-02-25 13:00,0.454
2018-02-25 14:00,0.462
2018-02-25 15:00,0.472
2018-02-25 16:00,0.491
2018-02-25 17:00,0.562
2018-02-25 18:00,0.559
2018-02-25 19:00,0.536
2018-02-25 20:00,0.510
2018-02-25 21:00,0.472
2018-02-25 22:00,0.424
2018-02-25 23:00,0.363
2018-02-26 00:00,0.333
2018-02-26 01:00,0.302
2018-02-26 02:00,0.306
2018-02-26 03:00,0.352
2018-02-26 04:00,0.415
2018-02-26 05:00,0.406
2018-02-26 06:00,0.387
2018-02-26 07:00,0.342
2018-02-26 08:00,0.393
2018-02-26 09:00,0.500
2018-02-26 10:00,0.548
2018-02-26 11:00,0.557
2018-02-26 12:00,0.548
2018-02-26 13:00,0.540
2018-02-26 14:00,0.513
2018-02-26 15:00,0.457
2018-02-26 16:00,0.399
2018-02-26 17:00,0.421
2018-02-26 18:00,0.400
2018-02-26 19:00,0.367
2018-02-26 20:00,0.374
2018-02-26 21:00,0.351
2018-02-26 22:00,0.294
2018-02-26 23:00,0.230
2018-02-27 00:00,0.165
2018-02-27 01:00,0.120
2018-02-27 02:00,0.089
2018-02-27 03:00,0.063
2018-02-27 04:00,0.054
2018-02-27 05:00,0.043
2018-02-27 06:00,0.020
2018-02-27 07:00,0.017
2018-02-27 08:00,0.075
2018-02-27 09:00,0.205
2018-02-27 10:00,0.355
2018-02-27 11:00,0.510
2018-02-27 12:00,0.623
2018-02-27 13:00,0.658
2018-02-27 14:00,0.628
2018-02-27 15:00,0.530
2018-02-27 16:00,0.381
2018-02-27 17:00,0.341
2018-02-27 18:00,0.302
2018-02-27 19:00,0.289
2018-02-27 20:00,0.318
2018-02-27 21:00,0.394
2018-02-27 22:00,0.393
2018-02-27 23:00,0.410
2018-02-28 00:00,0.394
2018-02-28 01:00,0.409
2018-02-28 02:00,0.408
2018-02-28 03:00,0.423
2018-02-28 04:00,0.426
2018-02-28 05:00,0.413
2018-02-28 06:00,0.410
2018-02-28 07:00,0.466
2018-02-28 08:00,0.616
2018-02-28 09:00,0.792
2018-02-28 10:00,0.841
2018-02-28 11:00,0.868
2018-02-28 12:00,0.873
2018-02-28 13:00,0.872
2018-02-28 14:00,0.872
2018-02-28 15:00,0.864
2018-02-28 16:00,0.815
2018-02-28 17:00,0.734
2018-02-28 18:00,0.690
2018-02-28 19:00,0.730
2018-02-28 20:00,0.775
2018-02-28 21:00,0.785
2018-02-28 22:00,0.778
2018-02-28 23:00,0.779
2018-03-01 00:00,0.792
2018-03-01 01:00,0.823
2018-03-01 02:00,0.854
2018-03-01 03:00,0.878
2018-03-01 04:00,0.903
2018-03-01 05:00,0.926
2018-03-01 06:00,0.941
2018-03-01 07:00,0.954
2018-03-01 08:00,0.963
2018-03-01 09:00,0.975
2018-03-01 10:00,0.983
2018-03-01 11:00,0.986
2018-03-01 12:00,0.988
2018-03-01 13:00,0.988
2018-03-01 14:00,0.988
2018-03-01 15:00,0.985
2018-03-01 16:00,0.982
2018-03-01 17:00,0.980
2018-03-01 18:00,0.980
2018-03-01 19:00,0.982
2018-03-01 20:00,0.983
2018-03-01 21:00,0.981
2018-03-01 22:00,0.978
2018-03-01 23:00,0.973
2018-03-02 00:00,0.970
2018-03-02 01:00,0.974
2018-03-02 02:00,0.976
2018-03-02 03:00,0.980
2018-03-02 04:00,0.982
2018-03-02 05:00,0.985
2018-03-02 06:00,0.985
2018-03-02 07:00,0.986
2018-03-02 08:00,0.988
2018-03-02 09:00,0.989
2018-03-02 10:00,0.989
2018-03-02 11:00,0.988
2018-03-02 12:00,0.986
2018-03-02 13:00,0.983
2018-03-02 14:00,0.978
2018-03-02 15:00,0.971
2018-03-02 16:00,0.962
2018-03-02 17:00,0.949
2018-03-02 18:00,0.938
2018-03-02 19:00,0.926
2018-03-02 20:00,0.915
2018-03-02 21:00,0.897
2018-03-02 22:00,0.865
2018-03-02 23:00,0.833
2018-03-03 00:00,0.799
2018-03-03 01:00,0.757
2018-03-03 02:00,0.711
2018-03-03 03:00,0.676
2018-03-03 04:00,0.660
2018-03-03 05:00,0.623
2018-03-03 06:00,0.591
2018-03-03 07:00,0.550
2018-03-03 08:00,0.550
2018-03-03 09:00,0.605
2018-03-03 10:00,0.569
2018-03-03 11:00,0.539
2018-03-03 12:00,0.524
2018-03-03 13:00,0.523
2018-03-03 14:00,0.523
2018-03-03 15:00,0.525
2018-03-03 16:00,0.489
2018-03-03 17:00,0.511
2018-03-03 18:00,0.514
2018-03-03 19:00,0.499
2018-03-03 20:00,0.483
2018-03-03 21:00,0.497
2018-03-03 22:00,0.497
2018-03-03 23:00,0.497
2018-03-04 00:00,0.516
2018-03-04 01:00,0.514
2018-03-04 02:00,0.491
2018-03-04 03:00,0.500
2018-03-04 04:00,0.502
2018-03-04 05:00,0.488
2018-03-04 06:00,0.447
2018-03-04 07:00,0.410
2018-03-04 08:00,0.370
2018-03-04 09:00,0.357
2018-03-04 10:00,0.320
2018-03-04 11:00,0.293
2018-03-04 12:00,0.279
2018-03-04 13:00,0.299
2018-03-04 14:00,0.297
2018-03-04 15:00,0.333
2018-03-04 16:00,0.411
2018-03-04 17:00,0.479
2018-03-04 18:00,0.492
2018-03-04 19:00,0.454
2018-03-04 20:00,0.396
2018-03-04 21:00,0.352
2018-03-04 22:00,0.285
2018-03-04 23:00,0.223
2018-03-05 00:00,0.175
2018-03-05 01:00,0.145
2018-03-05 02:00,0.118
2018-03-05 03:00,0.097
2018-03-05 04:00,0.088
2018-03-05 05:00,0.093
2018-03-05 06:00,0.108
2018-03-05 07:00,0.126
2018-03-05 08:00,0.122
2018-03-05 09:00,0.100
2018-03-05 10:00,0.097
2018-03-05 11:00,0.118
2018-03-05 12:00,0.128
2018-03-05 13:00,0.140
2018-03-05 14:00,0.176
2018-03-05 15:00,0.279
2018-03-05 16:00,0.452
2018-03-05 17:00,0.587
2018-03-05 18:00,0.557
2018-03-05 19:00,0.482
2018-03-05 20:00,0.435
2018-03-05 21:00,0.460
2018-03-05 22:00,0.499
2018-03-05 23:00,0.549
2018-03-06 00:00,0.516
2018-03-06 01:00,0.448
2018-03-06 02:00,0.430
2018-03-06 03:00,0.357
2018-03-06 04:00,0.264
2018-03-06 05:00,0.190
2018-03-06 06:00,0.166
2018-03-06 07:00,0.168
2018-03-06 08:00,0.155
2018-03-06 09:00,0.162
2018-03-06 10:00,0.202
2018-03-06 11:00,0.238
2018-03-06 12:00,0.265
2018-03-06 13:00,0.271
2018-03-06 14:00,0.244
2018-03-06 15:00,0.195
2018-03-06 16:00,0.165
2018-03-06 17:00,0.153
2018-03-06 18:00,0.143
2018-03-06 19:00,0.147
2018-03-06 20:00,0.152
2018-03-06 21:00,0.150
2018-03-06 22:00,0.143
2018-03-06 23:00,0.133
2018-03-07 00:00,0.123
2018-03-07 01:00,0.109
2018-03-07 02:00,0.096
2018-03-07 03:00,0.104
2018-03-07 04:00,0.116
2018-03-07 05:00,0.125
2018-03-07 06:00,0.156
2018-03-07 07:00,0.184
2018-03-07 08:00,0.149
2018-03-07 09:00,0.147
2018-03-07 10:00,0.189
2018-03-07 11:00,0.223
2018-03-07 12:00,0.250
2018-03-07 13:00,0.263
2018-03-07 14:00,0.261
2018-03-07 15:00,0.244
2018-03-07 16:00,0.252
2018-03-07 17:00,0.291
2018-03-07 18:00,0.335
2018-03-07 19:00,0.377
2018-03-07 20:00,0.416
2018-03-07 21:00,0.453
2018-03-07 22:00,0.429
2018-03-07 23:00,0.336
2018-03-08 00:00,0.246
2018-03-08 01:00,0.224
2018-03-08 02:00,0.239
2018-03-08 03:00,0.294
2018-03-08 04:00,0.324
2018-03-08 05:00,0.303
2018-03-08 06:00,0.224
2018-03-08 07:00,0.165
2018-03-08 08:00,0.229
2018-03-08 09:00,0.449
2018-03-08 10:00,0.647
2018-03-08 11:00,0.749
2018-03-08 12:00,0.772
2018-03-08 13:00,0.752
2018-03-08 14:00,0.682
2018-03-08 15:00,0.570
2018-03-08 16:00,0.453
2018-03-08 17:00,0.478
2018-03-08 18:00,0.510
2018-03-08 19:00,0.494
2018-03-08 20:00,0.477
2018-03-08 21:00,0.464
2018-03-08 22:00,0.451
2018-03-08 23:00,0.439
2018-03-09 00:00,0.412
2018-03-09 01:00,0.373
2018-03-09 02:00,0.305
2018-03-09 03:00,0.235
2018-03-09 04:00,0.160
2018-03-09 05:00,0.111
2018-03-09 06:00,0.087
2018-03-09 07:00,0.065
2018-03-09 08:00,0.055
2018-03-09 09:00,0.055
2018-03-09 10:00,0.060
2018-03-09 11:00,0.064
2018-03-09 12:00,0.077
2018-03-09 13:00,0.102
2018-03-09 14:00,0.129
2018-03-09 15:00,0.166
2018-03-09 16:00,0.261
2018-03-09 17:00,0.380
2018-03-09 18:00,0.450
2018-03-09 19:00,0.453
2018-03-09 20:00,0.476
2018-03-09 21:00,0.500
2018-03-09 22:00,0.516
2018-03-09 23:00,0.505
2018-03-10 00:00,0.460
2018-03-10 01:00,0.406
2018-03-10 02:00,0.340
2018-03-10 03:00,0.260
2018-03-10 04:00,0.258
2018-03-10 05:00,0.254
2018-03-10 06:00,0.263
2018-03-10 07:00,0.276
2018-03-10 08:00,0.257
2018-03-10 09:00,0.257
2018-03-10 10:00,0.297
2018-03-10 11:00,0.317
2018-03-10 12:00,0.380
2018-03-10 13:00,0.432
2018-03-10 14:00,0.417
2018-03-10 15:00,0.417
2018-03-10 16:00,0.499
2018-03-10 17:00,0.562
2018-03-10 18:00,0.600
2018-03-10 19:00,0.572
2018-03-10 20:00,0.519
2018-03-10 21:00,0.523
2018-03-10 22:00,0.499
2018-03-10 23:00,0.419
2018-03-11 00:00,0.309
2018-03-11 01:00,0.201
2018-03-11 02:00,0.115
2018-03-11 03:00,0.067
2018-03-11 04:00,0.037
2018-03-11 05:00,0.019
2018-03-11 06:00,0.011
2018-03-11 07:00,0.013
2018-03-11 08:00,0.026
2018-03-11 09:00,0.050
2018-03-11 10:00,0.096
2018-03-11 11:00,0.134
2018-03-11 12:00,0.159
2018-03-11 13:00,0.188
2018-03-11 14:00,0.242
2018-03-11 15:00,0.298
2018-03-11 16:00,0.354
2018-03-11 17:00,0.431
2018-03-11 18:00,0.463
2018-03-11 19:00,0.435
2018-03-11 20:00,0.389
2018-03-11 21:00,0.352
2018-03-11 22:00,0.329
2018-03-11 23:00,0.344
2018-03-12 00:00,0.349
2018-03-12 01:00,0.345
2018-03-12 02:00,0.365
2018-03-12 03:00,0.390
2018-03-12 04:00,0.426
2018-03-12 05:00,0.410
2018-03-12 06:00,0.365
2018-03-12 07:00,0.370
2018-03-12 08:00,0.358
2018-03-12 09:00,0.371
2018-03-12 10:00,0.406
2018-03-12 11:00,0.418
2018-03-12 12:00,0.425
2018-03-12 13:00,0.432
2018-03-12 14:00,0.424
2018-03-12 15:00,0.405
2018-03-12 16:00,0.379
2018-03-12 17:00,0.372
2018-03-12 18:00,0.348
2018-03-12 19:00,0.303
2018-03-12 20:00,0.265
2018-03-12 21:00,0.235
2018-03-12 22:00,0.209
2018-03-12 23:00,0.202
2018-03-13 00:00,0.199
2018-03-13 01:00,0.194
2018-03-13 02:00,0.181
2018-03-13 03:00,0.169
2018-03-13 04:00,0.158
2018-03-13 05:00,0.175
2018-03-13 06:00,0.211
2018-03-13 07:00,0.180
2018-03-13 08:00,0.118
2018-03-13 09:00,0.132
2018-03-13 10:00,0.155
2018-03-13 11:00,0.156
2018-03-13 12:00,0.165
2018-03-13 13:00,0.173
2018-03-13 14:00,0.163
2018-03-13 15:00,0.129
2018-03-13 16:00,0.098
2018-03-13 17:00,0.086
2018-03-13 18:00,0.061
2018-03-13 19:00,0.029
2018-03-13 20:00,0.028
2018-03-13 21:00,0.069
2018-03-13 22:00,0.148
2018-03-13 23:00,0.246
2018-03-14 00:00,0.334
2018-03-14 01:00,0.406
2018-03-14 02:00,0.444
2018-03-14 03:00,0.452
2018-03-14 04:00,0.468
2018-03-14 05:00,0.463
2018-03-14 06:00,0.480
2018-03-14 07:00,0.516
2018-03-14 08:00,0.574
2018-03-14 09:00,0.693
2018-03-14 10:00,0.768
2018-03-14 11:00,0.829
2018-03-14 12:00,0.876
2018-03-14 13:00,0.897
2018-03-14 14:00,0.904
2018-03-14 15:00,0.899
2018-03-14 16:00,0.889
2018-03-14 17:00,0.892
2018-03-14 18:00,0.882
2018-03-14 19:00,0.857
2018-03-14 20:00,0.838
2018-03-14 21:00,0.855
2018-03-14 22:00,0.874
2018-03-14 23:00,0.877
2018-03-15 00:00,0.874
2018-03-15 01:00,0.873
2018-03-15 02:00,0.874
2018-03-15 03:00,0.881
2018-03-15 04:00,0.876
2018-03-15 05:00,0.854
2018-03-15 06:00,0.809
2018-03-15 07:00,0.753
2018-03-15 08:00,0.701
2018-03-15 09:00,0.632
2018-03-15 10:00,0.519
2018-03-15 11:00,0.466
2018-03-15 12:00,0.412
2018-03-15 13:00,0.375
2018-03-15 14:00,0.359
2018-03-15 15:00,0.365
2018-03-15 16:00,0.436
2018-03-15 17:00,0.482
2018-03-15 18:00,0.466
2018-03-15 19:00,0.419
2018-03-15 20:00,0.403
2018-03-15 21:00,0.408
2018-03-15 22:00,0.395
2018-03-15 23:00,0.395
2018-03-16 00:00,0.378
2018-03-16 01:00,0.378
2018-03-16 02:00,0.433
2018-03-16 03:00,0.473
2018-03-16 04:00,0.530
2018-03-16 05:00,0.562
2018-03-16 06:00,0.645
2018-03-16 07:00,0.674
2018-03-16 08:00,0.708
2018-03-16 09:00,0.754
2018-03-16 10:00,0.738
2018-03-16 11:00,0.681
2018-03-16 12:00,0.574
2018-03-16 13:00,0.450
2018-03-16 14:00,0.407
2018-03-16 15:00,0.457
2018-03-16 16:00,0.571
2018-03-16 17:00,0.682
2018-03-16 18:00,0.728
2018-03-16 19:00,0.758
2018-03-16 20:00,0.785
2018-03-16 21:00,0.780
2018-03-16 22:00,0.789
2018-03-16 23:00,0.806
2018-03-17 00:00,0.826
2018-03-17 01:00,0.846
2018-03-17 02:00,0.871
2018-03-17 03:00,0.883
2018-03-17 04:00,0.881
2018-03-17 05:00,0.882
2018-03-17 06:00,0.884
2018-03-17 07:00,0.888
2018-03-17 08:00,0.947
2018-03-17 09:00,0.965
2018-03-17 10:00,0.973
2018-03-17 11:00,0.975
2018-03-17 12:00,0.973
2018-03-17 13:00,0.971
2018-03-17 14:00,0.968
2018-03-17 15:00,0.961
2018-03-17 16:00,0.937
2018-03-17 17:00,0.915
2018-03-17 18:00,0.925
2018-03-17 19:00,0.936
2018-03-17 20:00,0.941
2018-03-17 21:00,0.939
2018-03-17 22:00,0.936
2018-03-17 23:00,0.934
2018-03-18 00:00,0.930
2018-03-18 01:00,0.926
2018-03-18 02:00,0.922
2018-03-18 03:00,0.921
2018-03-18 04:00,0.922
2018-03-18 05:00,0.919
2018-03-18 06:00,0.916
2018-03-18 07:00,0.923
2018-03-18 08:00,0.956
2018-03-18 09:00,0.964
2018-03-18 10:00,0.965
2018-03-18 11:00,0.962
2018-03-18 12:00,0.957
2018-03-18 13:00,0.949
2018-03-18 14:00,0.941
2018-03-18 15:00,0.929
2018-03-18 16:00,0.905
2018-03-18 17:00,0.867
2018-03-18 18:00,0.845
2018-03-18 19:00,0.829
2018-03-18 20:00,0.799
2018-03-18 21:00,0.755
2018-03-18 22:00,0.760
2018-03-18 23:00,0.735
2018-03-19 00:00,0.719
2018-03-19 01:00,0.712
2018-03-19 02:00,0.729
2018-03-19 03:00,0.743
2018-03-19 04:00,0.746
2018-03-19 05:00,0.719
2018-03-19 06:00,0.735
2018-03-19 07:00,0.744
2018-03-19 08:00,0.852
2018-03-19 09:00,0.880
2018-03-19 10:00,0.874
2018-03-19 11:00,0.866
2018-03-19 12:00,0.856
2018-03-19 13:00,0.847
2018-03-19 14:00,0.836
2018-03-19 15:00,0.821
2018-03-19 16:00,0.789
2018-03-19 17:00,0.744
2018-03-19 18:00,0.709
2018-03-19 19:00,0.653
2018-03-19 20:00,0.574
2018-03-19 21:00,0.524
2018-03-19 22:00,0.502
2018-03-19 23:00,0.506
2018-03-20 00:00,0.509
2018-03-20 01:00,0.505
2018-03-20 02:00,0.533
2018-03-20 03:00,0.534
2018-03-20 04:00,0.542
2018-03-20 05:00,0.546
2018-03-20 06:00,0.519
2018-03-20 07:00,0.418
2018-03-20 08:00,0.380
2018-03-20 09:00,0.418
2018-03-20 10:00,0.393
2018-03-20 11:00,0.360
2018-03-20 12:00,0.337
2018-03-20 13:00,0.297
2018-03-20 14:00,0.239
2018-03-20 15:00,0.183
2018-03-20 16:00,0.145
2018-03-20 17:00,0.162
2018-03-20 18:00,0.198
2018-03-20 19:00,0.240
2018-03-20 20:00,0.298
2018-03-20 21:00,0.351
2018-03-20 22:00,0.384
2018-03-20 23:00,0.406
2018-03-21 00:00,0.420
2018-03-21 01:00,0.431
2018-03-21 02:00,0.436
2018-03-21 03:00,0.423
2018-03-21 04:00,0.374
2018-03-21 05:00,0.321
2018-03-21 06:00,0.285
2018-03-21 07:00,0.229
2018-03-21 08:00,0.224
2018-03-21 09:00,0.374
2018-03-21 10:00,0.502
2018-03-21 11:00,0.581
2018-03-21 12:00,0.635
2018-03-21 13:00,0.669
2018-03-21 14:00,0.668
2018-03-21 15:00,0.644
2018-03-21 16:00,0.631
2018-03-21 17:00,0.645
2018-03-21 18:00,0.694
2018-03-21 19:00,0.753
2018-03-21 20:00,0.782
2018-03-21 21:00,0.795
2018-03-21 22:00,0.780
2018-03-21 23:00,0.784
2018-03-22 00:00,0.777
2018-03-22 01:00,0.757
2018-03-22 02:00,0.726
2018-03-22 03:00,0.672
2018-03-22 04:00,0.591
2018-03-22 05:00,0.519
2018-03-22 06:00,0.432
2018-03-22 07:00,0.338
2018-03-22 08:00,0.345
2018-03-22 09:00,0.400
2018-03-22 10:00,0.372
2018-03-22 11:00,0.357
2018-03-22 12:00,0.390
2018-03-22 13:00,0.446
2018-03-22 14:00,0.488
2018-03-22 15:00,0.508
2018-03-22 16:00,0.493
2018-03-22 17:00,0.510
2018-03-22 18:00,0.559
2018-03-22 19:00,0.559
2018-03-22 20:00,0.548
2018-03-22 21:00,0.577
2018-03-22 22:00,0.668
2018-03-22 23:00,0.710
2018-03-23 00:00,0.741
2018-03-23 01:00,0.764
2018-03-23 02:00,0.797
2018-03-23 03:00,0.821
2018-03-23 04:00,0.819
2018-03-23 05:00,0.794
2018-03-23 06:00,0.801
2018-03-23 07:00,0.831
2018-03-23 08:00,0.852
2018-03-23 09:00,0.870
2018-03-23 10:00,0.887
2018-03-23 11:00,0.886
2018-03-23 12:00,0.850
2018-03-23 13:00,0.785
2018-03-23 14:00,0.672
2018-03-23 15:00,0.464
2018-03-23 16:00,0.276
2018-03-23 17:00,0.178
2018-03-23 18:00,0.107
2018-03-23 19:00,0.055
2018-03-23 20:00,0.027
2018-03-23 21:00,0.036
2018-03-23 22:00,0.074
2018-03-23 23:00,0.126
2018-03-24 00:00,0.183
2018-03-24 01:00,0.223
2018-03-24 02:00,0.223
2018-03-24 03:00,0.216
2018-03-24 04:00,0.218
2018-03-24 05:00,0.212
2018-03-24 06:00,0.177
2018-03-24 07:00,0.099
2018-03-24 08:00,0.057
2018-03-24 09:00,0.029
2018-03-24 10:00,0.017
2018-03-24 11:00,0.021
2018-03-24 12:00,0.037
2018-03-24 13:00,0.056
2018-03-24 14:00,0.069
2018-03-24 15:00,0.070
2018-03-24 16:00,0.060
2018-03-24 17:00,0.051
2018-03-24 18:00,0.052
2018-03-24 19:00,0.064
2018-03-24 20:00,0.092
2018-03-24 21:00,0.131
2018-03-24 22:00,0.173
2018-03-24 23:00,0.214
2018-03-25 00:00,0.247
2018-03-25 01:00,0.265
2018-03-25 02:00,0.284
2018-03-25 03:00,0.302
2018-03-25 04:00,0.302
2018-03-25 05:00,0.270
2018-03-25 06:00,0.207
2018-03-25 07:00,0.106
2018-03-25 08:00,0.067
2018-03-25 09:00,0.107
2018-03-25 10:00,0.125
2018-03-25 11:00,0.156
2018-03-25 12:00,0.212
2018-03-25 13:00,0.285
2018-03-25 14:00,0.348
2018-03-25 15:00,0.376
2018-03-25 16:00,0.363
2018-03-25 17:00,0.331
2018-03-25 18:00,0.382
2018-03-25 19:00,0.417
2018-03-25 20:00,0.400
2018-03-25 21:00,0.374
2018-03-25 22:00,0.374
2018-03-25 23:00,0.333
2018-03-26 00:00,0.272
2018-03-26 01:00,0.222
2018-03-26 02:00,0.201
2018-03-26 03:00,0.185
2018-03-26 04:00,0.126
2018-03-26 05:00,0.069
2018-03-26 06:00,0.056
2018-03-26 07:00,0.051
2018-03-26 08:00,0.055
2018-03-26 09:00,0.069
2018-03-26 10:00,0.089
2018-03-26 11:00,0.098
2018-03-26 12:00,0.107
2018-03-26 13:00,0.108
2018-03-26 14:00,0.103
2018-03-26 15:00,0.089
2018-03-26 16:00,0.064
2018-03-26 17:00,0.035
2018-03-26 18:00,0.036
2018-03-26 19:00,0.116
2018-03-26 20:00,0.262
2018-03-26 21:00,0.370
2018-03-26 22:00,0.401
2018-03-26 23:00,0.410
2018-03-27 00:00,0.450
2018-03-27 01:00,0.516
2018-03-27 02:00,0.600
2018-03-27 03:00,0.681
2018-03-27 04:00,0.710
2018-03-27 05:00,0.690
2018-03-27 06:00,0.581
2018-03-27 07:00,0.406
2018-03-27 08:00,0.262
2018-03-27 09:00,0.199
2018-03-27 10:00,0.224
2018-03-27 11:00,0.358
2018-03-27 12:00,0.513
2018-03-27 13:00,0.622
2018-03-27 14:00,0.711
2018-03-27 15:00,0.729
2018-03-27 16:00,0.684
2018-03-27 17:00,0.574
2018-03-27 18:00,0.577
2018-03-27 19:00,0.559
2018-03-27 20:00,0.513
2018-03-27 21:00,0.452
2018-03-27 22:00,0.419
2018-03-27 23:00,0.369
2018-03-28 00:00,0.323
2018-03-28 01:00,0.267
2018-03-28 02:00,0.221
2018-03-28 03:00,0.191
2018-03-28 04:00,0.182
2018-03-28 05:00,0.176
2018-03-28 06:00,0.155
2018-03-28 07:00,0.158
2018-03-28 08:00,0.181
2018-03-28 09:00,0.203
2018-03-28 10:00,0.227
2018-03-28 11:00,0.265
2018-03-28 12:00,0.312
2018-03-28 13:00,0.370
2018-03-28 14:00,0.430
2018-03-28 15:00,0.454
2018-03-28 16:00,0.415
2018-03-28 17:00,0.335
2018-03-28 18:00,0.351
2018-03-28 19:00,0.364
2018-03-28 20:00,0.342
2018-03-28 21:00,0.328
2018-03-28 22:00,0.325
2018-03-28 23:00,0.297
2018-03-29 00:00,0.243
2018-03-29 01:00,0.181
2018-03-29 02:00,0.125
2018-03-29 03:00,0.088
2018-03-29 04:00,0.069
2018-03-29 05:00,0.060
2018-03-29 06:00,0.055
2018-03-29 07:00,0.063
2018-03-29 08:00,0.112
2018-03-29 09:00,0.162
2018-03-29 10:00,0.158
2018-03-29 11:00,0.177
2018-03-29 12:00,0.232
2018-03-29 13:00,0.315
2018-03-29 14:00,0.421
2018-03-29 15:00,0.520
2018-03-29 16:00,0.554
2018-03-29 17:00,0.574
2018-03-29 18:00,0.617
2018-03-29 19:00,0.617
2018-03-29 20:00,0.572
2018-03-29 21:00,0.507
2018-03-29 22:00,0.426
2018-03-29 23:00,0.319
2018-03-30 00:00,0.224
2018-03-30 01:00,0.179
2018-03-30 02:00,0.156
2018-03-30 03:00,0.129
2018-03-30 04:00,0.118
2018-03-30 05:00,0.117
2018-03-30 06:00,0.106
2018-03-30 07:00,0.094
2018-03-30 08:00,0.096
2018-03-30 09:00,0.106
2018-03-30 10:00,0.113
2018-03-30 11:00,0.108
2018-03-30 12:00,0.113
2018-03-30 13:00,0.137
2018-03-30 14:00,0.177
2018-03-30 15:00,0.251
2018-03-30 16:00,0.324
2018-03-30 17:00,0.400
2018-03-30 18:00,0.460
2018-03-30 19:00,0.470
2018-03-30 20:00,0.490
2018-03-30 21:00,0.562
2018-03-30 22:00,0.643
2018-03-30 23:00,0.704
2018-03-31 00:00,0.739
2018-03-31 01:00,0.759
2018-03-31 02:00,0.768
2018-03-31 03:00,0.753
2018-03-31 04:00,0.729
2018-03-31 05:00,0.710
2018-03-31 06:00,0.686
2018-03-31 07:00,0.658
2018-03-31 08:00,0.672
2018-03-31 09:00,0.729
2018-03-31 10:00,0.741
2018-03-31 11:00,0.736
2018-03-31 12:00,0.740
2018-03-31 13:00,0.750
2018-03-31 14:00,0.757
2018-03-31 15:00,0.758
2018-03-31 16:00,0.739
2018-03-31 17:00,0.636
2018-03-31 18:00,0.587
2018-03-31 19:00,0.594
2018-03-31 20:00,0.576
2018-03-31 21:00,0.533
2018-03-31 22:00,0.521
2018-03-31 23:00,0.489
2018-04-01 00:00,0.455
2018-04-01 01:00,0.406
2018-04-01 02:00,0.359
2018-04-01 03:00,0.348
2018-04-01 04:00,0.342
2018-04-01 05:00,0.342
2018-04-01 06:00,0.285
2018-04-01 07:00,0.233
2018-04-01 08:00,0.302
2018-04-01 09:00,0.276
2018-04-01 10:00,0.233
2018-04-01 11:00,0.182
2018-04-01 12:00,0.142
2018-04-01 13:00,0.123
2018-04-01 14:00,0.128
2018-04-01 15:00,0.162
2018-04-01 16:00,0.215
2018-04-01 17:00,0.249
2018-04-01 18:00,0.290
2018-04-01 19:00,0.314
2018-04-01 20:00,0.319
2018-04-01 21:00,0.314
2018-04-01 22:00,0.315
2018-04-01 23:00,0.319
2018-04-02 00:00,0.329
2018-04-02 01:00,0.356
2018-04-02 02:00,0.403
2018-04-02 03:00,0.466
2018-04-02 04:00,0.528
2018-04-02 05:00,0.583
2018-04-02 06:00,0.618
2018-04-02 07:00,0.628
2018-04-02 08:00,0.662
2018-04-02 09:00,0.658
2018-04-02 10:00,0.499
2018-04-02 11:00,0.384
2018-04-02 12:00,0.338
2018-04-02 13:00,0.345
2018-04-02 14:00,0.355
2018-04-02 15:00,0.447
2018-04-02 16:00,0.499
2018-04-02 17:00,0.552
2018-04-02 18:00,0.604
2018-04-02 19:00,0.616
2018-04-02 20:00,0.597
2018-04-02 21:00,0.574
2018-04-02 22:00,0.533
2018-04-02 23:00,0.510
2018-04-03 00:00,0.535
2018-04-03 01:00,0.505
2018-04-03 02:00,0.420
2018-04-03 03:00,0.376
2018-04-03 04:00,0.365
2018-04-03 05:00,0.374
2018-04-03 06:00,0.374
2018-04-03 07:00,0.361
2018-04-03 08:00,0.379
2018-04-03 09:00,0.411
2018-04-03 10:00,0.569
2018-04-03 11:00,0.666
2018-04-03 12:00,0.685
2018-04-03 13:00,0.674
2018-04-03 14:00,0.634
2018-04-03 15:00,0.577
2018-04-03 16:00,0.476
2018-04-03 17:00,0.403
2018-04-03 18:00,0.451
2018-04-03 19:00,0.529
2018-04-03 20:00,0.539
2018-04-03 21:00,0.487
2018-04-03 22:00,0.429
2018-04-03 23:00,0.429
2018-04-04 00:00,0.420
2018-04-04 01:00,0.354
2018-04-04 02:00,0.340
2018-04-04 03:00,0.349
2018-04-04 04:00,0.363
2018-04-04 05:00,0.355
2018-04-04 06:00,0.330
2018-04-04 07:00,0.348
2018-04-04 08:00,0.403
2018-04-04 09:00,0.480
2018-04-04 10:00,0.498
2018-04-04 11:00,0.445
2018-04-04 12:00,0.376
2018-04-04 13:00,0.299
2018-04-04 14:00,0.207
2018-04-04 15:00,0.130
2018-04-04 16:00,0.111
2018-04-04 17:00,0.178
2018-04-04 18:00,0.375
2018-04-04 19:00,0.585
2018-04-04 20:00,0.768
2018-04-04 21:00,0.854
2018-04-04 22:00,0.879
2018-04-04 23:00,0.876
2018-04-05 00:00,0.827
2018-04-05 01:00,0.756
2018-04-05 02:00,0.655
2018-04-05 03:00,0.569
2018-04-05 04:00,0.510
2018-04-05 05:00,0.460
2018-04-05 06:00,0.339
2018-04-05 07:00,0.190
2018-04-05 08:00,0.233
2018-04-05 09:00,0.208
2018-04-05 10:00,0.191
2018-04-05 11:00,0.164
2018-04-05 12:00,0.138
2018-04-05 13:00,0.141
2018-04-05 14:00,0.170
2018-04-05 15:00,0.187
2018-04-05 16:00,0.181
2018-04-05 17:00,0.167
2018-04-05 18:00,0.232
2018-04-05 19:00,0.376
2018-04-05 20:00,0.472
2018-04-05 21:00,0.475
2018-04-05 22:00,0.442
2018-04-05 23:00,0.410
2018-04-06 00:00,0.430
2018-04-06 01:00,0.430
2018-04-06 02:00,0.410
2018-04-06 03:00,0.410
2018-04-06 04:00,0.436
2018-04-06 05:00,0.474
2018-04-06 06:00,0.499
2018-04-06 07:00,0.572
2018-04-06 08:00,0.636
2018-04-06 09:00,0.702
2018-04-06 10:00,0.778
2018-04-06 11:00,0.817
2018-04-06 12:00,0.836
2018-04-06 13:00,0.845
2018-04-06 14:00,0.834
2018-04-06 15:00,0.789
2018-04-06 16:00,0.734
2018-04-06 17:00,0.689
2018-04-06 18:00,0.619
2018-04-06 19:00,0.551
2018-04-06 20:00,0.502
2018-04-06 21:00,0.467
2018-04-06 22:00,0.429
2018-04-06 23:00,0.389
2018-04-07 00:00,0.335
2018-04-07 01:00,0.251
2018-04-07 02:00,0.155
2018-04-07 03:00,0.070
2018-04-07 04:00,0.011
2018-04-07 05:00,0.019
2018-04-07 06:00,0.046
2018-04-07 07:00,0.027
2018-04-07 08:00,0.093
2018-04-07 09:00,0.183
2018-04-07 10:00,0.266
2018-04-07 11:00,0.224
2018-04-07 12:00,0.152
2018-04-07 13:00,0.098
2018-04-07 14:00,0.053
2018-04-07 15:00,0.068
2018-04-07 16:00,0.085
2018-04-07 17:00,0.119
2018-04-07 18:00,0.202
2018-04-07 19:00,0.272
2018-04-07 20:00,0.278
2018-04-07 21:00,0.282
2018-04-07 22:00,0.265
2018-04-07 23:00,0.235
2018-04-08 00:00,0.207
2018-04-08 01:00,0.180
2018-04-08 02:00,0.136
2018-04-08 03:00,0.092
2018-04-08 04:00,0.059
2018-04-08 05:00,0.043
2018-04-08 06:00,0.030
2018-04-08 07:00,0.015
2018-04-08 08:00,0.011
2018-04-08 09:00,0.015
2018-04-08 10:00,0.006
2018-04-08 11:00,0.004
2018-04-08 12:00,0.009
2018-04-08 13:00,0.018
2018-04-08 14:00,0.025
2018-04-08 15:00,0.027
2018-04-08 16:00,0.029
2018-04-08 17:00,0.031
2018-04-08 18:00,0.025
2018-04-08 19:00,0.022
2018-04-08 20:00,0.018
2018-04-08 21:00,0.016
2018-04-08 22:00,0.024
2018-04-08 23:00,0.032
2018-04-09 00:00,0.036
2018-04-09 01:00,0.043
2018-04-09 02:00,0.048
2018-04-09 03:00,0.054
2018-04-09 04:00,0.055
2018-04-09 05:00,0.043
2018-04-09 06:00,0.023
2018-04-09 07:00,0.012
2018-04-09 08:00,0.013
2018-04-09 09:00,0.033
2018-04-09 10:00,0.071
2018-04-09 11:00,0.115
2018-04-09 12:00,0.165
2018-04-09 13:00,0.217
2018-04-09 14:00,0.280
2018-04-09 15:00,0.346
2018-04-09 16:00,0.402
2018-04-09 17:00,0.439
2018-04-09 18:00,0.411
2018-04-09 19:00,0.431
2018-04-09 20:00,0.473
2018-04-09 21:00,0.497
2018-04-09 22:00,0.487
2018-04-09 23:00,0.474
2018-04-10 00:00,0.460
2018-04-10 01:00,0.442
2018-04-10 02:00,0.451
2018-04-10 03:00,0.486
2018-04-10 04:00,0.508
2018-04-10 05:00,0.559
2018-04-10 06:00,0.609
2018-04-10 07:00,0.655
2018-04-10 08:00,0.672
2018-04-10 09:00,0.628
2018-04-10 10:00,0.536
2018-04-10 11:00,0.427
2018-04-10 12:00,0.309
2018-04-10 13:00,0.223
2018-04-10 14:00,0.182
2018-04-10 15:00,0.170
2018-04-10 16:00,0.177
2018-04-10 17:00,0.166
2018-04-10 18:00,0.194
2018-04-10 19:00,0.244
2018-04-10 20:00,0.254
2018-04-10 21:00,0.240
2018-04-10 22:00,0.228
2018-04-10 23:00,0.225
2018-04-11 00:00,0.251
2018-04-11 01:00,0.300
2018-04-11 02:00,0.332
2018-04-11 03:00,0.355
2018-04-11 04:00,0.401
2018-04-11 05:00,0.415
2018-04-11 06:00,0.489
2018-04-11 07:00,0.513
2018-04-11 08:00,0.508
2018-04-11 09:00,0.484
2018-04-11 10:00,0.442
2018-04-11 11:00,0.431
2018-04-11 12:00,0.451
2018-04-11 13:00,0.484
2018-04-11 14:00,0.512
2018-04-11 15:00,0.500
2018-04-11 16:00,0.460
2018-04-11 17:00,0.417
2018-04-11 18:00,0.412
2018-04-11 19:00,0.436
2018-04-11 20:00,0.430
2018-04-11 21:00,0.423
2018-04-11 22:00,0.419
2018-04-11 23:00,0.382
2018-04-12 00:00,0.416
2018-04-12 01:00,0.416
2018-04-12 02:00,0.415
2018-04-12 03:00,0.415
2018-04-12 04:00,0.420
2018-04-12 05:00,0.430
2018-04-12 06:00,0.430
2018-04-12 07:00,0.436
2018-04-12 08:00,0.460
2018-04-12 09:00,0.473
2018-04-12 10:00,0.459
2018-04-12 11:00,0.442
2018-04-12 12:00,0.426
2018-04-12 13:00,0.413
2018-04-12 14:00,0.403
2018-04-12 15:00,0.396
2018-04-12 16:00,0.391
2018-04-12 17:00,0.358
2018-04-12 18:00,0.348
2018-04-12 19:00,0.345
2018-04-12 20:00,0.343
2018-04-12 21:00,0.341
2018-04-12 22:00,0.320
2018-04-12 23:00,0.296
2018-04-13 00:00,0.259
2018-04-13 01:00,0.238
2018-04-13 02:00,0.246
2018-04-13 03:00,0.210
2018-04-13 04:00,0.177
2018-04-13 05:00,0.147
2018-04-13 06:00,0.102
2018-04-13 07:00,0.052
2018-04-13 08:00,0.023
2018-04-13 09:00,0.010
2018-04-13 10:00,0.007
2018-04-13 11:00,0.012
2018-04-13 12:00,0.026
2018-04-13 13:00,0.050
2018-04-13 14:00,0.085
2018-04-13 15:00,0.106
2018-04-13 16:00,0.106
2018-04-13 17:00,0.109
2018-04-13 18:00,0.146
2018-04-13 19:00,0.179
2018-04-13 20:00,0.196
2018-04-13 21:00,0.215
2018-04-13 22:00,0.241
2018-04-13 23:00,0.243
2018-04-14 00:00,0.224
2018-04-14 01:00,0.192
2018-04-14 02:00,0.163
2018-04-14 03:00,0.140
2018-04-14 04:00,0.134
2018-04-14 05:00,0.134
2018-04-14 06:00,0.106
2018-04-14 07:00,0.075
2018-04-14 08:00,0.097
2018-04-14 09:00,0.104
2018-04-14 10:00,0.100
2018-04-14 11:00,0.091
2018-04-14 12:00,0.085
2018-04-14 13:00,0.077
2018-04-14 14:00,0.063
2018-04-14 15:00,0.051
2018-04-14 16:00,0.048
2018-04-14 17:00,0.064
2018-04-14 18:00,0.130
2018-04-14 19:00,0.271
2018-04-14 20:00,0.389
2018-04-14 21:00,0.416
2018-04-14 22:00,0.406
2018-04-14 23:00,0.394
2018-04-15 00:00,0.381
2018-04-15 01:00,0.363
2018-04-15 02:00,0.358
2018-04-15 03:00,0.342
2018-04-15 04:00,0.311
2018-04-15 05:00,0.281
2018-04-15 06:00,0.254
2018-04-15 07:00,0.273
2018-04-15 08:00,0.345
2018-04-15 09:00,0.408
2018-04-15 10:00,0.460
2018-04-15 11:00,0.504
2018-04-15 12:00,0.520
2018-04-15 13:00,0.513
2018-04-15 14:00,0.470
2018-04-15 15:00,0.448
2018-04-15 16:00,0.415
2018-04-15 17:00,0.420
2018-04-15 18:00,0.429
2018-04-15 19:00,0.413
2018-04-15 20:00,0.423
2018-04-15 21:00,0.454
2018-04-15 22:00,0.451
2018-04-15 23:00,0.422
2018-04-16 00:00,0.400
2018-04-16 01:00,0.442
2018-04-16 02:00,0.442
2018-04-16 03:00,0.406
2018-04-16 04:00,0.424
2018-04-16 05:00,0.446
2018-04-16 06:00,0.448
2018-04-16 07:00,0.510
2018-04-16 08:00,0.516
2018-04-16 09:00,0.506
2018-04-16 10:00,0.502
2018-04-16 11:00,0.524
2018-04-16 12:00,0.556
2018-04-16 13:00,0.601
2018-04-16 14:00,0.655
2018-04-16 15:00,0.628
2018-04-16 16:00,0.562
2018-04-16 17:00,0.577
2018-04-16 18:00,0.625
2018-04-16 19:00,0.593
2018-04-16 20:00,0.536
2018-04-16 21:00,0.536
2018-04-16 22:00,0.547
2018-04-16 23:00,0.562
2018-04-17 00:00,0.584
2018-04-17 01:00,0.608
2018-04-17 02:00,0.632
2018-04-17 03:00,0.665
2018-04-17 04:00,0.687
2018-04-17 05:00,0.699
2018-04-17 06:00,0.702
2018-04-17 07:00,0.726
2018-04-17 08:00,0.897
2018-04-17 09:00,0.903
2018-04-17 10:00,0.906
2018-04-17 11:00,0.898
2018-04-17 12:00,0.897
2018-04-17 13:00,0.893
2018-04-17 14:00,0.875
2018-04-17 15:00,0.850
2018-04-17 16:00,0.845
2018-04-17 17:00,0.814
2018-04-17 18:00,0.786
2018-04-17 19:00,0.770
2018-04-17 20:00,0.736
2018-04-17 21:00,0.667
2018-04-17 22:00,0.623
2018-04-17 23:00,0.625
2018-04-18 00:00,0.666
2018-04-18 01:00,0.658
2018-04-18 02:00,0.676
2018-04-18 03:00,0.664
2018-04-18 04:00,0.593
2018-04-18 05:00,0.572
2018-04-18 06:00,0.504
2018-04-18 07:00,0.550
2018-04-18 08:00,0.648
2018-04-18 09:00,0.708
2018-04-18 10:00,0.721
2018-04-18 11:00,0.692
2018-04-18 12:00,0.637
2018-04-18 13:00,0.536
2018-04-18 14:00,0.407
2018-04-18 15:00,0.367
2018-04-18 16:00,0.423
2018-04-18 17:00,0.523
2018-04-18 18:00,0.672
2018-04-18 19:00,0.739
2018-04-18 20:00,0.698
2018-04-18 21:00,0.672
2018-04-18 22:00,0.648
2018-04-18 23:00,0.619
2018-04-19 00:00,0.582
2018-04-19 01:00,0.542
2018-04-19 02:00,0.502
2018-04-19 03:00,0.464
2018-04-19 04:00,0.430
2018-04-19 05:00,0.385
2018-04-19 06:00,0.233
2018-04-19 07:00,0.102
2018-04-19 08:00,0.069
2018-04-19 09:00,0.114
2018-04-19 10:00,0.130
2018-04-19 11:00,0.125
2018-04-19 12:00,0.119
2018-04-19 13:00,0.113
2018-04-19 14:00,0.106
2018-04-19 15:00,0.097
2018-04-19 16:00,0.090
2018-04-19 17:00,0.096
2018-04-19 18:00,0.160
2018-04-19 19:00,0.265
2018-04-19 20:00,0.335
2018-04-19 21:00,0.342
2018-04-19 22:00,0.324
2018-04-19 23:00,0.314
2018-04-20 00:00,0.306
2018-04-20 01:00,0.299
2018-04-20 02:00,0.279
2018-04-20 03:00,0.254
2018-04-20 04:00,0.235
2018-04-20 05:00,0.213
2018-04-20 06:00,0.130
2018-04-20 07:00,0.113
2018-04-20 08:00,0.144
2018-04-20 09:00,0.183
2018-04-20 10:00,0.214
2018-04-20 11:00,0.240
2018-04-20 12:00,0.265
2018-04-20 13:00,0.277
2018-04-20 14:00,0.281
2018-04-20 15:00,0.280
2018-04-20 16:00,0.271
2018-04-20 17:00,0.246
2018-04-20 18:00,0.258
2018-04-20 19:00,0.283
2018-04-20 20:00,0.257
2018-04-20 21:00,0.217
2018-04-20 22:00,0.181
2018-04-20 23:00,0.149
2018-04-21 00:00,0.122
2018-04-21 01:00,0.100
2018-04-21 02:00,0.085
2018-04-21 03:00,0.082
2018-04-21 04:00,0.088
2018-04-21 05:00,0.106
2018-04-21 06:00,0.105
2018-04-21 07:00,0.084
2018-04-21 08:00,0.148
2018-04-21 09:00,0.194
2018-04-21 10:00,0.224
2018-04-21 11:00,0.248
2018-04-21 12:00,0.276
2018-04-21 13:00,0.310
2018-04-21 14:00,0.337
2018-04-21 15:00,0.355
2018-04-21 16:00,0.318
2018-04-21 17:00,0.370
2018-04-21 18:00,0.469
2018-04-21 19:00,0.550
2018-04-21 20:00,0.539
2018-04-21 21:00,0.502
2018-04-21 22:00,0.494
2018-04-21 23:00,0.519
2018-04-22 00:00,0.505
2018-04-22 01:00,0.497
2018-04-22 02:00,0.588
2018-04-22 03:00,0.563
2018-04-22 04:00,0.562
2018-04-22 05:00,0.499
2018-04-22 06:00,0.348
2018-04-22 07:00,0.338
2018-04-22 08:00,0.416
2018-04-22 09:00,0.473
2018-04-22 10:00,0.513
2018-04-22 11:00,0.562
2018-04-22 12:00,0.628
2018-04-22 13:00,0.664
2018-04-22 14:00,0.664
2018-04-22 15:00,0.632
2018-04-22 16:00,0.593
2018-04-22 17:00,0.499
2018-04-22 18:00,0.403
2018-04-22 19:00,0.393
2018-04-22 20:00,0.423
2018-04-22 21:00,0.497
2018-04-22 22:00,0.547
2018-04-22 23:00,0.591
2018-04-23 00:00,0.597
2018-04-23 01:00,0.600
2018-04-23 02:00,0.674
2018-04-23 03:00,0.682
2018-04-23 04:00,0.681
2018-04-23 05:00,0.703
2018-04-23 06:00,0.658
2018-04-23 07:00,0.663
2018-04-23 08:00,0.686
2018-04-23 09:00,0.700
2018-04-23 10:00,0.703
2018-04-23 11:00,0.705
2018-04-23 12:00,0.716
2018-04-23 13:00,0.736
2018-04-23 14:00,0.768
2018-04-23 15:00,0.775
2018-04-23 16:00,0.746
2018-04-23 17:00,0.754
2018-04-23 18:00,0.792
2018-04-23 19:00,0.826
2018-04-23 20:00,0.831
2018-04-23 21:00,0.813
2018-04-23 22:00,0.797
2018-04-23 23:00,0.791
2018-04-24 00:00,0.766
2018-04-24 01:00,0.736
2018-04-24 02:00,0.711
2018-04-24 03:00,0.658
2018-04-24 04:00,0.594
2018-04-24 05:00,0.525
2018-04-24 06:00,0.439
2018-04-24 07:00,0.423
2018-04-24 08:00,0.491
2018-04-24 09:00,0.540
2018-04-24 10:00,0.510
2018-04-24 11:00,0.450
2018-04-24 12:00,0.359
2018-04-24 13:00,0.265
2018-04-24 14:00,0.234
2018-04-24 15:00,0.156
2018-04-24 16:00,0.056
2018-04-24 17:00,0.032
2018-04-24 18:00,0.094
2018-04-24 19:00,0.235
2018-04-24 20:00,0.314
2018-04-24 21:00,0.338
2018-04-24 22:00,0.385
2018-04-24 23:00,0.432
2018-04-25 00:00,0.453
2018-04-25 01:00,0.479
2018-04-25 02:00,0.500
2018-04-25 03:00,0.515
2018-04-25 04:00,0.531
2018-04-25 05:00,0.487
2018-04-25 06:00,0.433
2018-04-25 07:00,0.494
2018-04-25 08:00,0.556
2018-04-25 09:00,0.612
2018-04-25 10:00,0.652
2018-04-25 11:00,0.679
2018-04-25 12:00,0.690
2018-04-25 13:00,0.679
2018-04-25 14:00,0.653
2018-04-25 15:00,0.630
2018-04-25 16:00,0.609
2018-04-25 17:00,0.600
2018-04-25 18:00,0.633
2018-04-25 19:00,0.669
2018-04-25 20:00,0.622
2018-04-25 21:00,0.587
2018-04-25 22:00,0.590
2018-04-25 23:00,0.599
2018-04-26 00:00,0.604
2018-04-26 01:00,0.608
2018-04-26 02:00,0.650
2018-04-26 03:00,0.651
2018-04-26 04:00,0.685
2018-04-26 05:00,0.716
2018-04-26 06:00,0.710
2018-04-26 07:00,0.809
2018-04-26 08:00,0.859
2018-04-26 09:00,0.871
2018-04-26 10:00,0.871
2018-04-26 11:00,0.869
2018-04-26 12:00,0.863
2018-04-26 13:00,0.847
2018-04-26 14:00,0.826
2018-04-26 15:00,0.800
2018-04-26 16:00,0.756
2018-04-26 17:00,0.620
2018-04-26 18:00,0.509
2018-04-26 19:00,0.457
2018-04-26 20:00,0.419
2018-04-26 21:00,0.413
2018-04-26 22:00,0.386
2018-04-26 23:00,0.336
2018-04-27 00:00,0.272
2018-04-27 01:00,0.199
2018-04-27 02:00,0.136
2018-04-27 03:00,0.088
2018-04-27 04:00,0.051
2018-04-27 05:00,0.023
2018-04-27 06:00,0.009
2018-04-27 07:00,0.015
2018-04-27 08:00,0.048
2018-04-27 09:00,0.086
2018-04-27 10:00,0.105
2018-04-27 11:00,0.112
2018-04-27 12:00,0.115
2018-04-27 13:00,0.127
2018-04-27 14:00,0.145
2018-04-27 15:00,0.159
2018-04-27 16:00,0.176
2018-04-27 17:00,0.194
2018-04-27 18:00,0.194
2018-04-27 19:00,0.214
2018-04-27 20:00,0.212
2018-04-27 21:00,0.189
2018-04-27 22:00,0.167
2018-04-27 23:00,0.153
2018-04-28 00:00,0.149
2018-04-28 01:00,0.156
2018-04-28 02:00,0.167
2018-04-28 03:00,0.180
2018-04-28 04:00,0.199
2018-04-28 05:00,0.217
2018-04-28 06:00,0.229
2018-04-28 07:00,0.241
2018-04-28 08:00,0.266
2018-04-28 09:00,0.261
2018-04-28 10:00,0.250
2018-04-28 11:00,0.244
2018-04-28 12:00,0.235
2018-04-28 13:00,0.233
2018-04-28 14:00,0.240
2018-04-28 15:00,0.243
2018-04-28 16:00,0.251
2018-04-28 17:00,0.247
2018-04-28 18:00,0.207
2018-04-28 19:00,0.215
2018-04-28 20:00,0.224
2018-04-28 21:00,0.248
2018-04-28 22:00,0.271
2018-04-28 23:00,0.273
2018-04-29 00:00,0.229
2018-04-29 01:00,0.193
2018-04-29 02:00,0.187
2018-04-29 03:00,0.206
2018-04-29 04:00,0.239
2018-04-29 05:00,0.265
2018-04-29 06:00,0.270
2018-04-29 07:00,0.393
2018-04-29 08:00,0.439
2018-04-29 09:00,0.445
2018-04-29 10:00,0.484
2018-04-29 11:00,0.533
2018-04-29 12:00,0.556
2018-04-29 13:00,0.556
2018-04-29 14:00,0.545
2018-04-29 15:00,0.550
2018-04-29 16:00,0.559
2018-04-29 17:00,0.546
2018-04-29 18:00,0.519
2018-04-29 19:00,0.479
2018-04-29 20:00,0.456
2018-04-29 21:00,0.432
2018-04-29 22:00,0.456
2018-04-29 23:00,0.479
2018-04-30 00:00,0.470
2018-04-30 01:00,0.483
2018-04-30 02:00,0.505
2018-04-30 03:00,0.463
2018-04-30 04:00,0.536
2018-04-30 05:00,0.587
2018-04-30 06:00,0.656
2018-04-30 07:00,0.792
2018-04-30 08:00,0.835
2018-04-30 09:00,0.836
2018-04-30 10:00,0.838
2018-04-30 11:00,0.830
2018-04-30 12:00,0.813
2018-04-30 13:00,0.779
2018-04-30 14:00,0.749
2018-04-30 15:00,0.727
2018-04-30 16:00,0.706
2018-04-30 17:00,0.669
2018-04-30 18:00,0.588
2018-04-30 19:00,0.542
2018-04-30 20:00,0.470
2018-04-30 21:00,0.439
2018-04-30 22:00,0.428
2018-04-30 23:00,0.418
2018-05-01 00:00,0.422
2018-05-01 01:00,0.457
2018-05-01 02:00,0.520
2018-05-01 03:00,0.536
2018-05-01 04:00,0.465
2018-05-01 05:00,0.367
2018-05-01 06:00,0.232
2018-05-01 07:00,0.211
2018-05-01 08:00,0.337
2018-05-01 09:00,0.413
2018-05-01 10:00,0.487
2018-05-01 11:00,0.556
2018-05-01 12:00,0.622
2018-05-01 13:00,0.683
2018-05-01 14:00,0.738
2018-05-01 15:00,0.753
2018-05-01 16:00,0.721
2018-05-01 17:00,0.689
2018-05-01 18:00,0.679
2018-05-01 19:00,0.712
2018-05-01 20:00,0.732
2018-05-01 21:00,0.768
2018-05-01 22:00,0.803
2018-05-01 23:00,0.826
2018-05-02 00:00,0.843
2018-05-02 01:00,0.867
2018-05-02 02:00,0.886
2018-05-02 03:00,0.899
2018-05-02 04:00,0.904
2018-05-02 05:00,0.901
2018-05-02 06:00,0.864
2018-05-02 07:00,0.739
2018-05-02 08:00,0.569
2018-05-02 09:00,0.581
2018-05-02 10:00,0.683
2018-05-02 11:00,0.752
2018-05-02 12:00,0.769
2018-05-02 13:00,0.776
2018-05-02 14:00,0.786
2018-05-02 15:00,0.797
2018-05-02 16:00,0.785
2018-05-02 17:00,0.700
2018-05-02 18:00,0.630
2018-05-02 19:00,0.616
2018-05-02 20:00,0.545
2018-05-02 21:00,0.526
2018-05-02 22:00,0.522
2018-05-02 23:00,0.526
2018-05-03 00:00,0.524
2018-05-03 01:00,0.516
2018-05-03 02:00,0.492
2018-05-03 03:00,0.436
2018-05-03 04:00,0.349
2018-05-03 05:00,0.244
2018-05-03 06:00,0.161
2018-05-03 07:00,0.145
2018-05-03 08:00,0.165
2018-05-03 09:00,0.194
2018-05-03 10:00,0.214
2018-05-03 11:00,0.253
2018-05-03 12:00,0.306
2018-05-03 13:00,0.370
2018-05-03 14:00,0.425
2018-05-03 15:00,0.420
2018-05-03 16:00,0.374
2018-05-03 17:00,0.279
2018-05-03 18:00,0.212
2018-05-03 19:00,0.238
2018-05-03 20:00,0.288
2018-05-03 21:00,0.344
2018-05-03 22:00,0.400
2018-05-03 23:00,0.435
2018-05-04 00:00,0.437
2018-05-04 01:00,0.410
2018-05-04 02:00,0.377
2018-05-04 03:00,0.355
2018-05-04 04:00,0.335
2018-05-04 05:00,0.270
2018-05-04 06:00,0.157
2018-05-04 07:00,0.145
2018-05-04 08:00,0.163
2018-05-04 09:00,0.170
2018-05-04 10:00,0.168
2018-05-04 11:00,0.161
2018-05-04 12:00,0.155
2018-05-04 13:00,0.152
2018-05-04 14:00,0.148
2018-05-04 15:00,0.142
2018-05-04 16:00,0.135
2018-05-04 17:00,0.121
2018-05-04 18:00,0.102
2018-05-04 19:00,0.079
2018-05-04 20:00,0.051
2018-05-04 21:00,0.035
2018-05-04 22:00,0.040
2018-05-04 23:00,0.056
2018-05-05 00:00,0.071
2018-05-05 01:00,0.078
2018-05-05 02:00,0.080
2018-05-05 03:00,0.070
2018-05-05 04:00,0.060
2018-05-05 05:00,0.071
2018-05-05 06:00,0.064
2018-05-05 07:00,0.109
2018-05-05 08:00,0.181
2018-05-05 09:00,0.203
2018-05-05 10:00,0.203
2018-05-05 11:00,0.191
2018-05-05 12:00,0.178
2018-05-05 13:00,0.164
2018-05-05 14:00,0.154
2018-05-05 15:00,0.139
2018-05-05 16:00,0.121
2018-05-05 17:00,0.101
2018-05-05 18:00,0.086
2018-05-05 19:00,0.073
2018-05-05 20:00,0.050
2018-05-05 21:00,0.037
2018-05-05 22:00,0.038
2018-05-05 23:00,0.037
2018-05-06 00:00,0.033
2018-05-06 01:00,0.029
2018-05-06 02:00,0.027
2018-05-06 03:00,0.027
2018-05-06 04:00,0.026
2018-05-06 05:00,0.031
2018-05-06 06:00,0.027
2018-05-06 07:00,0.021
2018-05-06 08:00,0.055
2018-05-06 09:00,0.110
2018-05-06 10:00,0.143
2018-05-06 11:00,0.169
2018-05-06 12:00,0.185
2018-05-06 13:00,0.199
2018-05-06 14:00,0.208
2018-05-06 15:00,0.206
2018-05-06 16:00,0.187
2018-05-06 17:00,0.164
2018-05-06 18:00,0.135
2018-05-06 19:00,0.111
2018-05-06 20:00,0.087
2018-05-06 21:00,0.080
2018-05-06 22:00,0.077
2018-05-06 23:00,0.067
2018-05-07 00:00,0.057
2018-05-07 01:00,0.051
2018-05-07 02:00,0.046
2018-05-07 03:00,0.043
2018-05-07 04:00,0.043
2018-05-07 05:00,0.050
2018-05-07 06:00,0.049
2018-05-07 07:00,0.033
2018-05-07 08:00,0.042
2018-05-07 09:00,0.087
2018-05-07 10:00,0.109
2018-05-07 11:00,0.124
2018-05-07 12:00,0.134
2018-05-07 13:00,0.141
2018-05-07 14:00,0.148
2018-05-07 15:00,0.162
2018-05-07 16:00,0.177
2018-05-07 17:00,0.186
2018-05-07 18:00,0.190
2018-05-07 19:00,0.222
2018-05-07 20:00,0.304
2018-05-07 21:00,0.413
2018-05-07 22:00,0.476
2018-05-07 23:00,0.489
2018-05-08 00:00,0.456
2018-05-08 01:00,0.396
2018-05-08 02:00,0.309
2018-05-08 03:00,0.234
2018-05-08 04:00,0.194
2018-05-08 05:00,0.156
2018-05-08 06:00,0.093
2018-05-08 07:00,0.082
2018-05-08 08:00,0.107
2018-05-08 09:00,0.174
2018-05-08 10:00,0.250
2018-05-08 11:00,0.314
2018-05-08 12:00,0.364
2018-05-08 13:00,0.403
2018-05-08 14:00,0.432
2018-05-08 15:00,0.437
2018-05-08 16:00,0.442
2018-05-08 17:00,0.413
2018-05-08 18:00,0.333
2018-05-08 19:00,0.269
2018-05-08 20:00,0.282
2018-05-08 21:00,0.247
2018-05-08 22:00,0.214
2018-05-08 23:00,0.209
2018-05-09 00:00,0.180
2018-05-09 01:00,0.123
2018-05-09 02:00,0.073
2018-05-09 03:00,0.053
2018-05-09 04:00,0.071
2018-05-09 05:00,0.099
2018-05-09 06:00,0.080
2018-05-09 07:00,0.123
2018-05-09 08:00,0.203
2018-05-09 09:00,0.261
2018-05-09 10:00,0.320
2018-05-09 11:00,0.359
2018-05-09 12:00,0.355
2018-05-09 13:00,0.337
2018-05-09 14:00,0.330
2018-05-09 15:00,0.332
2018-05-09 16:00,0.287
2018-05-09 17:00,0.222
2018-05-09 18:00,0.227
2018-05-09 19:00,0.285
2018-05-09 20:00,0.314
2018-05-09 21:00,0.321
2018-05-09 22:00,0.314
2018-05-09 23:00,0.314
2018-05-10 00:00,0.302
2018-05-10 01:00,0.312
2018-05-10 02:00,0.321
2018-05-10 03:00,0.352
2018-05-10 04:00,0.365
2018-05-10 05:00,0.343
2018-05-10 06:00,0.406
2018-05-10 07:00,0.488
2018-05-10 08:00,0.526
2018-05-10 09:00,0.549
2018-05-10 10:00,0.563
2018-05-10 11:00,0.557
2018-05-10 12:00,0.537
2018-05-10 13:00,0.504
2018-05-10 14:00,0.439
2018-05-10 15:00,0.350
2018-05-10 16:00,0.263
2018-05-10 17:00,0.189
2018-05-10 18:00,0.121
2018-05-10 19:00,0.047
2018-05-10 20:00,0.007
2018-05-10 21:00,0.041
2018-05-10 22:00,0.151
2018-05-10 23:00,0.302
2018-05-11 00:00,0.409
2018-05-11 01:00,0.450
2018-05-11 02:00,0.451
2018-05-11 03:00,0.461
2018-05-11 04:00,0.489
2018-05-11 05:00,0.423
2018-05-11 06:00,0.303
2018-05-11 07:00,0.325
2018-05-11 08:00,0.526
2018-05-11 09:00,0.643
2018-05-11 10:00,0.695
2018-05-11 11:00,0.710
2018-05-11 12:00,0.711
2018-05-11 13:00,0.715
2018-05-11 14:00,0.696
2018-05-11 15:00,0.688
2018-05-11 16:00,0.696
2018-05-11 17:00,0.696
2018-05-11 18:00,0.693
2018-05-11 19:00,0.677
2018-05-11 20:00,0.604
2018-05-11 21:00,0.527
2018-05-11 22:00,0.455
2018-05-11 23:00,0.372
2018-05-12 00:00,0.270
2018-05-12 01:00,0.170
2018-05-12 02:00,0.084
2018-05-12 03:00,0.042
2018-05-12 04:00,0.037
2018-05-12 05:00,0.036
2018-05-12 06:00,0.026
2018-05-12 07:00,0.013
2018-05-12 08:00,0.006
2018-05-12 09:00,0.007
2018-05-12 10:00,0.013
2018-05-12 11:00,0.025
2018-05-12 12:00,0.027
2018-05-12 13:00,0.027
2018-05-12 14:00,0.037
2018-05-12 15:00,0.053
2018-05-12 16:00,0.027
2018-05-12 17:00,0.021
2018-05-12 18:00,0.013
2018-05-12 19:00,0.007
2018-05-12 20:00,0.006
2018-05-12 21:00,0.009
2018-05-12 22:00,0.019
2018-05-12 23:00,0.042
2018-05-13 00:00,0.064
2018-05-13 01:00,0.081
2018-05-13 02:00,0.128
2018-05-13 03:00,0.188
2018-05-13 04:00,0.214
2018-05-13 05:00,0.230
2018-05-13 06:00,0.223
2018-05-13 07:00,0.218
2018-05-13 08:00,0.232
2018-05-13 09:00,0.235
2018-05-13 10:00,0.223
2018-05-13 11:00,0.222
2018-05-13 12:00,0.215
2018-05-13 13:00,0.208
2018-05-13 14:00,0.221
2018-05-13 15:00,0.246
2018-05-13 16:00,0.269
2018-05-13 17:00,0.287
2018-05-13 18:00,0.314
2018-05-13 19:00,0.406
2018-05-13 20:00,0.464
2018-05-13 21:00,0.449
2018-05-13 22:00,0.416
2018-05-13 23:00,0.382
2018-05-14 00:00,0.375
2018-05-14 01:00,0.400
2018-05-14 02:00,0.419
2018-05-14 03:00,0.419
2018-05-14 04:00,0.400
2018-05-14 05:00,0.298
2018-05-14 06:00,0.150
2018-05-14 07:00,0.120
2018-05-14 08:00,0.103
2018-05-14 09:00,0.079
2018-05-14 10:00,0.068
2018-05-14 11:00,0.065
2018-05-14 12:00,0.067
2018-05-14 13:00,0.073
2018-05-14 14:00,0.083
2018-05-14 15:00,0.090
2018-05-14 16:00,0.093
2018-05-14 17:00,0.095
2018-05-14 18:00,0.107
2018-05-14 19:00,0.128
2018-05-14 20:00,0.127
2018-05-14 21:00,0.118
2018-05-14 22:00,0.109
2018-05-14 23:00,0.108
2018-05-15 00:00,0.115
2018-05-15 01:00,0.125
2018-05-15 02:00,0.142
2018-05-15 03:00,0.165
2018-05-15 04:00,0.197
2018-05-15 05:00,0.208
2018-05-15 06:00,0.117
2018-05-15 07:00,0.084
2018-05-15 08:00,0.090
2018-05-15 09:00,0.079
2018-05-15 10:00,0.073
2018-05-15 11:00,0.074
2018-05-15 12:00,0.081
2018-05-15 13:00,0.093
2018-05-15 14:00,0.113
2018-05-15 15:00,0.137
2018-05-15 16:00,0.163
2018-05-15 17:00,0.204
2018-05-15 18:00,0.248
2018-05-15 19:00,0.302
2018-05-15 20:00,0.340
2018-05-15 21:00,0.357
2018-05-15 22:00,0.380
2018-05-15 23:00,0.410
2018-05-16 00:00,0.448
2018-05-16 01:00,0.463
2018-05-16 02:00,0.463
2018-05-16 03:00,0.529
2018-05-16 04:00,0.576
2018-05-16 05:00,0.603
2018-05-16 06:00,0.609
2018-05-16 07:00,0.612
2018-05-16 08:00,0.618
2018-05-16 09:00,0.621
2018-05-16 10:00,0.612
2018-05-16 11:00,0.574
2018-05-16 12:00,0.531
2018-05-16 13:00,0.493
2018-05-16 14:00,0.472
2018-05-16 15:00,0.473
2018-05-16 16:00,0.476
2018-05-16 17:00,0.468
2018-05-16 18:00,0.420
2018-05-16 19:00,0.384
2018-05-16 20:00,0.367
2018-05-16 21:00,0.346
2018-05-16 22:00,0.330
2018-05-16 23:00,0.312
2018-05-17 00:00,0.303
2018-05-17 01:00,0.291
2018-05-17 02:00,0.268
2018-05-17 03:00,0.233
2018-05-17 04:00,0.194
2018-05-17 05:00,0.151
2018-05-17 06:00,0.147
2018-05-17 07:00,0.173
2018-05-17 08:00,0.167
2018-05-17 09:00,0.167
2018-05-17 10:00,0.163
2018-05-17 11:00,0.155
2018-05-17 12:00,0.142
2018-05-17 13:00,0.130
2018-05-17 14:00,0.118
2018-05-17 15:00,0.113
2018-05-17 16:00,0.113
2018-05-17 17:00,0.119
2018-05-17 18:00,0.140
2018-05-17 19:00,0.198
2018-05-17 20:00,0.232
2018-05-17 21:00,0.199
2018-05-17 22:00,0.136
2018-05-17 23:00,0.078
2018-05-18 00:00,0.047
2018-05-18 01:00,0.043
2018-05-18 02:00,0.051
2018-05-18 03:00,0.063
2018-05-18 04:00,0.079
2018-05-18 05:00,0.062
2018-05-18 06:00,0.030
2018-05-18 07:00,0.020
2018-05-18 08:00,0.012
2018-05-18 09:00,0.010
2018-05-18 10:00,0.010
2018-05-18 11:00,0.012
2018-05-18 12:00,0.015
2018-05-18 13:00,0.017
2018-05-18 14:00,0.020
2018-05-18 15:00,0.023
2018-05-18 16:00,0.028
2018-05-18 17:00,0.032
2018-05-18 18:00,0.037
2018-05-18 19:00,0.037
2018-05-18 20:00,0.037
2018-05-18 21:00,0.037
2018-05-18 22:00,0.032
2018-05-18 23:00,0.027
2018-05-19 00:00,0.023
2018-05-19 01:00,0.017
2018-05-19 02:00,0.019
2018-05-19 03:00,0.020
2018-05-19 04:00,0.015
2018-05-19 05:00,0.009
2018-05-19 06:00,0.005
2018-05-19 07:00,0.009
2018-05-19 08:00,0.022
2018-05-19 09:00,0.029
2018-05-19 10:00,0.035
2018-05-19 11:00,0.044
2018-05-19 12:00,0.061
2018-05-19 13:00,0.082
2018-05-19 14:00,0.100
2018-05-19 15:00,0.115
2018-05-19 16:00,0.128
2018-05-19 17:00,0.134
2018-05-19 18:00,0.142
2018-05-19 19:00,0.187
2018-05-19 20:00,0.285
2018-05-19 21:00,0.366
2018-05-19 22:00,0.375
2018-05-19 23:00,0.366
2018-05-20 00:00,0.352
2018-05-20 01:00,0.331
2018-05-20 02:00,0.303
2018-05-20 03:00,0.266
2018-05-20 04:00,0.216
2018-05-20 05:00,0.144
2018-05-20 06:00,0.084
2018-05-20 07:00,0.069
2018-05-20 08:00,0.101
2018-05-20 09:00,0.133
2018-05-20 10:00,0.154
2018-05-20 11:00,0.158
2018-05-20 12:00,0.152
2018-05-20 13:00,0.140
2018-05-20 14:00,0.128
2018-05-20 15:00,0.120
2018-05-20 16:00,0.122
2018-05-20 17:00,0.145
2018-05-20 18:00,0.204
2018-05-20 19:00,0.305
2018-05-20 20:00,0.398
2018-05-20 21:00,0.421
2018-05-20 22:00,0.410
2018-05-20 23:00,0.382
2018-05-21 00:00,0.348
2018-05-21 01:00,0.302
2018-05-21 02:00,0.263
2018-05-21 03:00,0.232
2018-05-21 04:00,0.163
2018-05-21 05:00,0.081
2018-05-21 06:00,0.042
2018-05-21 07:00,0.051
2018-05-21 08:00,0.072
2018-05-21 09:00,0.071
2018-05-21 10:00,0.080
2018-05-21 11:00,0.096
2018-05-21 12:00,0.102
2018-05-21 13:00,0.102
2018-05-21 14:00,0.095
2018-05-21 15:00,0.086
2018-05-21 16:00,0.083
2018-05-21 17:00,0.093
2018-05-21 18:00,0.114
2018-05-21 19:00,0.143
2018-05-21 20:00,0.167
2018-05-21 21:00,0.174
2018-05-21 22:00,0.181
2018-05-21 23:00,0.215
2018-05-22 00:00,0.279
2018-05-22 01:00,0.326
2018-05-22 02:00,0.345
2018-05-22 03:00,0.348
2018-05-22 04:00,0.351
2018-05-22 05:00,0.361
2018-05-22 06:00,0.429
2018-05-22 07:00,0.559
2018-05-22 08:00,0.616
2018-05-22 09:00,0.604
2018-05-22 10:00,0.572
2018-05-22 11:00,0.537
2018-05-22 12:00,0.502
2018-05-22 13:00,0.460
2018-05-22 14:00,0.432
2018-05-22 15:00,0.436
2018-05-22 16:00,0.480
2018-05-22 17:00,0.498
2018-05-22 18:00,0.448
2018-05-22 19:00,0.382
2018-05-22 20:00,0.397
2018-05-22 21:00,0.400
2018-05-22 22:00,0.394
2018-05-22 23:00,0.371
2018-05-23 00:00,0.352
2018-05-23 01:00,0.320
2018-05-23 02:00,0.270
2018-05-23 03:00,0.230
2018-05-23 04:00,0.238
2018-05-23 05:00,0.284
2018-05-23 06:00,0.299
2018-05-23 07:00,0.309
2018-05-23 08:00,0.312
2018-05-23 09:00,0.299
2018-05-23 10:00,0.284
2018-05-23 11:00,0.265
2018-05-23 12:00,0.245
2018-05-23 13:00,0.231
2018-05-23 14:00,0.232
2018-05-23 15:00,0.248
2018-05-23 16:00,0.280
2018-05-23 17:00,0.324
2018-05-23 18:00,0.355
2018-05-23 19:00,0.372
2018-05-23 20:00,0.398
2018-05-23 21:00,0.365
2018-05-23 22:00,0.333
2018-05-23 23:00,0.334
2018-05-24 00:00,0.335
2018-05-24 01:00,0.350
2018-05-24 02:00,0.365
2018-05-24 03:00,0.367
2018-05-24 04:00,0.377
2018-05-24 05:00,0.374
2018-05-24 06:00,0.365
2018-05-24 07:00,0.365
2018-05-24 08:00,0.418
2018-05-24 09:00,0.446
2018-05-24 10:00,0.460
2018-05-24 11:00,0.460
2018-05-24 12:00,0.443
2018-05-24 13:00,0.425
2018-05-24 14:00,0.410
2018-05-24 15:00,0.400
2018-05-24 16:00,0.384
2018-05-24 17:00,0.351
2018-05-24 18:00,0.322
2018-05-24 19:00,0.387
2018-05-24 20:00,0.466
2018-05-24 21:00,0.435
2018-05-24 22:00,0.387
2018-05-24 23:00,0.365
2018-05-25 00:00,0.366
2018-05-25 01:00,0.384
2018-05-25 02:00,0.413
2018-05-25 03:00,0.439
2018-05-25 04:00,0.491
2018-05-25 05:00,0.533
2018-05-25 06:00,0.581
2018-05-25 07:00,0.604
2018-05-25 08:00,0.587
2018-05-25 09:00,0.587
2018-05-25 10:00,0.604
2018-05-25 11:00,0.645
2018-05-25 12:00,0.637
2018-05-25 13:00,0.592
2018-05-25 14:00,0.541
2018-05-25 15:00,0.491
2018-05-25 16:00,0.460
2018-05-25 17:00,0.442
2018-05-25 18:00,0.425
2018-05-25 19:00,0.423
2018-05-25 20:00,0.463
2018-05-25 21:00,0.456
2018-05-25 22:00,0.416
2018-05-25 23:00,0.382
2018-05-26 00:00,0.399
2018-05-26 01:00,0.390
2018-05-26 02:00,0.409
2018-05-26 03:00,0.430
2018-05-26 04:00,0.423
2018-05-26 05:00,0.381
2018-05-26 06:00,0.450
2018-05-26 07:00,0.497
2018-05-26 08:00,0.564
2018-05-26 09:00,0.616
2018-05-26 10:00,0.640
2018-05-26 11:00,0.650
2018-05-26 12:00,0.654
2018-05-26 13:00,0.676
2018-05-26 14:00,0.683
2018-05-26 15:00,0.686
2018-05-26 16:00,0.689
2018-05-26 17:00,0.663
2018-05-26 18:00,0.615
2018-05-26 19:00,0.609
2018-05-26 20:00,0.600
2018-05-26 21:00,0.569
2018-05-26 22:00,0.563
2018-05-26 23:00,0.568
2018-05-27 00:00,0.569
2018-05-27 01:00,0.573
2018-05-27 02:00,0.565
2018-05-27 03:00,0.549
2018-05-27 04:00,0.531
2018-05-27 05:00,0.516
2018-05-27 06:00,0.455
2018-05-27 07:00,0.629
2018-05-27 08:00,0.712
2018-05-27 09:00,0.762
2018-05-27 10:00,0.799
2018-05-27 11:00,0.817
2018-05-27 12:00,0.827
2018-05-27 13:00,0.815
2018-05-27 14:00,0.795
2018-05-27 15:00,0.762
2018-05-27 16:00,0.702
2018-05-27 17:00,0.597
2018-05-27 18:00,0.481
2018-05-27 19:00,0.442
2018-05-27 20:00,0.445
2018-05-27 21:00,0.394
2018-05-27 22:00,0.326
2018-05-27 23:00,0.311
2018-05-28 00:00,0.314
2018-05-28 01:00,0.322
2018-05-28 02:00,0.333
2018-05-28 03:00,0.333
2018-05-28 04:00,0.311
2018-05-28 05:00,0.206
2018-05-28 06:00,0.153
2018-05-28 07:00,0.143
2018-05-28 08:00,0.147
2018-05-28 09:00,0.142
2018-05-28 10:00,0.133
2018-05-28 11:00,0.137
2018-05-28 12:00,0.154
2018-05-28 13:00,0.180
2018-05-28 14:00,0.206
2018-05-28 15:00,0.224
2018-05-28 16:00,0.246
2018-05-28 17:00,0.278
2018-05-28 18:00,0.289
2018-05-28 19:00,0.323
2018-05-28 20:00,0.377
2018-05-28 21:00,0.374
2018-05-28 22:00,0.355
2018-05-28 23:00,0.360
2018-05-29 00:00,0.365
2018-05-29 01:00,0.371
2018-05-29 02:00,0.380
2018-05-29 03:00,0.393
2018-05-29 04:00,0.380
2018-05-29 05:00,0.319
2018-05-29 06:00,0.362
2018-05-29 07:00,0.442
2018-05-29 08:00,0.463
2018-05-29 09:00,0.467
2018-05-29 10:00,0.466
2018-05-29 11:00,0.465
2018-05-29 12:00,0.471
2018-05-29 13:00,0.487
2018-05-29 14:00,0.516
2018-05-29 15:00,0.547
2018-05-29 16:00,0.569
2018-05-29 17:00,0.577
2018-05-29 18:00,0.544
2018-05-29 19:00,0.466
2018-05-29 20:00,0.439
2018-05-29 21:00,0.409
2018-05-29 22:00,0.383
2018-05-29 23:00,0.386
2018-05-30 00:00,0.422
2018-05-30 01:00,0.442
2018-05-30 02:00,0.442
2018-05-30 03:00,0.420
2018-05-30 04:00,0.370
2018-05-30 05:00,0.275
2018-05-30 06:00,0.220
2018-05-30 07:00,0.270
2018-05-30 08:00,0.259
2018-05-30 09:00,0.238
2018-05-30 10:00,0.205
2018-05-30 11:00,0.169
2018-05-30 12:00,0.147
2018-05-30 13:00,0.128
2018-05-30 14:00,0.106
2018-05-30 15:00,0.077
2018-05-30 16:00,0.046
2018-05-30 17:00,0.024
2018-05-30 18:00,0.015
2018-05-30 19:00,0.019
2018-05-30 20:00,0.037
2018-05-30 21:00,0.064
2018-05-30 22:00,0.105
2018-05-30 23:00,0.158
2018-05-31 00:00,0.200
2018-05-31 01:00,0.216
2018-05-31 02:00,0.208
2018-05-31 03:00,0.174
2018-05-31 04:00,0.143
2018-05-31 05:00,0.088
2018-05-31 06:00,0.062
2018-05-31 07:00,0.066
2018-05-31 08:00,0.072
2018-05-31 09:00,0.078
2018-05-31 10:00,0.079
2018-05-31 11:00,0.082
2018-05-31 12:00,0.085
2018-05-31 13:00,0.089
2018-05-31 14:00,0.099
2018-05-31 15:00,0.125
2018-05-31 16:00,0.179
2018-05-31 17:00,0.221
2018-05-31 18:00,0.226
2018-05-31 19:00,0.217
2018-05-31 20:00,0.223
2018-05-31 21:00,0.194
2018-05-31 22:00,0.155
2018-05-31 23:00,0.126
2018-06-01 00:00,0.108
2018-06-01 01:00,0.105
2018-06-01 02:00,0.114
2018-06-01 03:00,0.115
2018-06-01 04:00,0.092
2018-06-01 05:00,0.054
2018-06-01 06:00,0.043
2018-06-01 07:00,0.047
2018-06-01 08:00,0.050
2018-06-01 09:00,0.048
2018-06-01 10:00,0.050
2018-06-01 11:00,0.053
2018-06-01 12:00,0.047
2018-06-01 13:00,0.036
2018-06-01 14:00,0.029
2018-06-01 15:00,0.026
2018-06-01 16:00,0.024
2018-06-01 17:00,0.023
2018-06-01 18:00,0.021
2018-06-01 19:00,0.020
2018-06-01 20:00,0.019
2018-06-01 21:00,0.016
2018-06-01 22:00,0.011
2018-06-01 23:00,0.009
2018-06-02 00:00,0.009
2018-06-02 01:00,0.009
2018-06-02 02:00,0.015
2018-06-02 03:00,0.034
2018-06-02 04:00,0.052
2018-06-02 05:00,0.052
2018-06-02 06:00,0.034
2018-06-02 07:00,0.022
2018-06-02 08:00,0.013
2018-06-02 09:00,0.010
2018-06-02 10:00,0.016
2018-06-02 11:00,0.028
2018-06-02 12:00,0.046
2018-06-02 13:00,0.061
2018-06-02 14:00,0.073
2018-06-02 15:00,0.088
2018-06-02 16:00,0.097
2018-06-02 17:00,0.096
2018-06-02 18:00,0.101
2018-06-02 19:00,0.113
2018-06-02 20:00,0.134
2018-06-02 21:00,0.157
2018-06-02 22:00,0.178
2018-06-02 23:00,0.194
2018-06-03 00:00,0.210
2018-06-03 01:00,0.224
2018-06-03 02:00,0.240
2018-06-03 03:00,0.247
2018-06-03 04:00,0.232
2018-06-03 05:00,0.155
2018-06-03 06:00,0.107
2018-06-03 07:00,0.114
2018-06-03 08:00,0.111
2018-06-03 09:00,0.098
2018-06-03 10:00,0.081
2018-06-03 11:00,0.066
2018-06-03 12:00,0.061
2018-06-03 13:00,0.064
2018-06-03 14:00,0.072
2018-06-03 15:00,0.086
2018-06-03 16:00,0.106
2018-06-03 17:00,0.132
2018-06-03 18:00,0.145
2018-06-03 19:00,0.158
2018-06-03 20:00,0.181
2018-06-03 21:00,0.169
2018-06-03 22:00,0.146
2018-06-03 23:00,0.139
2018-06-04 00:00,0.146
2018-06-04 01:00,0.151
2018-06-04 02:00,0.143
2018-06-04 03:00,0.139
2018-06-04 04:00,0.131
2018-06-04 05:00,0.101
2018-06-04 06:00,0.116
2018-06-04 07:00,0.130
2018-06-04 08:00,0.133
2018-06-04 09:00,0.144
2018-06-04 10:00,0.169
2018-06-04 11:00,0.196
2018-06-04 12:00,0.224
2018-06-04 13:00,0.251
2018-06-04 14:00,0.276
2018-06-04 15:00,0.299
2018-06-04 16:00,0.316
2018-06-04 17:00,0.334
2018-06-04 18:00,0.345
2018-06-04 19:00,0.318
2018-06-04 20:00,0.256
2018-06-04 21:00,0.240
2018-06-04 22:00,0.246
2018-06-04 23:00,0.227
2018-06-05 00:00,0.207
2018-06-05 01:00,0.205
2018-06-05 02:00,0.211
2018-06-05 03:00,0.196
2018-06-05 04:00,0.193
2018-06-05 05:00,0.223
2018-06-05 06:00,0.232
2018-06-05 07:00,0.220
2018-06-05 08:00,0.194
2018-06-05 09:00,0.166
2018-06-05 10:00,0.145
2018-06-05 11:00,0.134
2018-06-05 12:00,0.132
2018-06-05 13:00,0.135
2018-06-05 14:00,0.135
2018-06-05 15:00,0.135
2018-06-05 16:00,0.140
2018-06-05 17:00,0.156
2018-06-05 18:00,0.178
2018-06-05 19:00,0.212
2018-06-05 20:00,0.257
2018-06-05 21:00,0.242
2018-06-05 22:00,0.200
2018-06-05 23:00,0.171
2018-06-06 00:00,0.163
2018-06-06 01:00,0.160
2018-06-06 02:00,0.160
2018-06-06 03:00,0.162
2018-06-06 04:00,0.137
2018-06-06 05:00,0.100
2018-06-06 06:00,0.112
2018-06-06 07:00,0.158
2018-06-06 08:00,0.182
2018-06-06 09:00,0.183
2018-06-06 10:00,0.170
2018-06-06 11:00,0.147
2018-06-06 12:00,0.127
2018-06-06 13:00,0.124
2018-06-06 14:00,0.138
2018-06-06 15:00,0.157
2018-06-06 16:00,0.169
2018-06-06 17:00,0.172
2018-06-06 18:00,0.164
2018-06-06 19:00,0.161
2018-06-06 20:00,0.156
2018-06-06 21:00,0.129
2018-06-06 22:00,0.104
2018-06-06 23:00,0.093
2018-06-07 00:00,0.096
2018-06-07 01:00,0.110
2018-06-07 02:00,0.132
2018-06-07 03:00,0.134
2018-06-07 04:00,0.109
2018-06-07 05:00,0.086
2018-06-07 06:00,0.100
2018-06-07 07:00,0.104
2018-06-07 08:00,0.109
2018-06-07 09:00,0.113
2018-06-07 10:00,0.117
2018-06-07 11:00,0.118
2018-06-07 12:00,0.117
2018-06-07 13:00,0.117
2018-06-07 14:00,0.119
2018-06-07 15:00,0.128
2018-06-07 16:00,0.145
2018-06-07 17:00,0.169
2018-06-07 18:00,0.194
2018-06-07 19:00,0.223
2018-06-07 20:00,0.252
2018-06-07 21:00,0.220
2018-06-07 22:00,0.172
2018-06-07 23:00,0.146
2018-06-08 00:00,0.141
2018-06-08 01:00,0.152
2018-06-08 02:00,0.167
2018-06-08 03:00,0.166
2018-06-08 04:00,0.146
2018-06-08 05:00,0.110
2018-06-08 06:00,0.107
2018-06-08 07:00,0.099
2018-06-08 08:00,0.093
2018-06-08 09:00,0.085
2018-06-08 10:00,0.069
2018-06-08 11:00,0.052
2018-06-08 12:00,0.040
2018-06-08 13:00,0.032
2018-06-08 14:00,0.029
2018-06-08 15:00,0.032
2018-06-08 16:00,0.039
2018-06-08 17:00,0.047
2018-06-08 18:00,0.059
2018-06-08 19:00,0.081
2018-06-08 20:00,0.112
2018-06-08 21:00,0.115
2018-06-08 22:00,0.095
2018-06-08 23:00,0.070
2018-06-09 00:00,0.052
2018-06-09 01:00,0.043
2018-06-09 02:00,0.042
2018-06-09 03:00,0.044
2018-06-09 04:00,0.043
2018-06-09 05:00,0.031
2018-06-09 06:00,0.029
2018-06-09 07:00,0.033
2018-06-09 08:00,0.038
2018-06-09 09:00,0.043
2018-06-09 10:00,0.045
2018-06-09 11:00,0.044
2018-06-09 12:00,0.044
2018-06-09 13:00,0.046
2018-06-09 14:00,0.046
2018-06-09 15:00,0.047
2018-06-09 16:00,0.050
2018-06-09 17:00,0.062
2018-06-09 18:00,0.087
2018-06-09 19:00,0.134
2018-06-09 20:00,0.190
2018-06-09 21:00,0.196
2018-06-09 22:00,0.170
2018-06-09 23:00,0.137
2018-06-10 00:00,0.103
2018-06-10 01:00,0.065
2018-06-10 02:00,0.029
2018-06-10 03:00,0.011
2018-06-10 04:00,0.008
2018-06-10 05:00,0.006
2018-06-10 06:00,0.008
2018-06-10 07:00,0.017
2018-06-10 08:00,0.025
2018-06-10 09:00,0.027
2018-06-10 10:00,0.024
2018-06-10 11:00,0.019
2018-06-10 12:00,0.015
2018-06-10 13:00,0.013
2018-06-10 14:00,0.013
2018-06-10 15:00,0.016
2018-06-10 16:00,0.021
2018-06-10 17:00,0.030
2018-06-10 18:00,0.053
2018-06-10 19:00,0.118
2018-06-10 20:00,0.220
2018-06-10 21:00,0.264
2018-06-10 22:00,0.258
2018-06-10 23:00,0.246
2018-06-11 00:00,0.221
2018-06-11 01:00,0.185
2018-06-11 02:00,0.149
2018-06-11 03:00,0.118
2018-06-11 04:00,0.090
2018-06-11 05:00,0.044
2018-06-11 06:00,0.023
2018-06-11 07:00,0.027
2018-06-11 08:00,0.024
2018-06-11 09:00,0.023
2018-06-11 10:00,0.032
2018-06-11 11:00,0.052
2018-06-11 12:00,0.085
2018-06-11 13:00,0.123
2018-06-11 14:00,0.157
2018-06-11 15:00,0.182
2018-06-11 16:00,0.195
2018-06-11 17:00,0.196
2018-06-11 18:00,0.186
2018-06-11 19:00,0.185
2018-06-11 20:00,0.211
2018-06-11 21:00,0.225
2018-06-11 22:00,0.257
2018-06-11 23:00,0.285
2018-06-12 00:00,0.297
2018-06-12 01:00,0.289
2018-06-12 02:00,0.265
2018-06-12 03:00,0.229
2018-06-12 04:00,0.197
2018-06-12 05:00,0.189
2018-06-12 06:00,0.187
2018-06-12 07:00,0.185
2018-06-12 08:00,0.185
2018-06-12 09:00,0.185
2018-06-12 10:00,0.175
2018-06-12 11:00,0.156
2018-06-12 12:00,0.138
2018-06-12 13:00,0.119
2018-06-12 14:00,0.096
2018-06-12 15:00,0.073
2018-06-12 16:00,0.054
2018-06-12 17:00,0.039
2018-06-12 18:00,0.031
2018-06-12 19:00,0.029
2018-06-12 20:00,0.036
2018-06-12 21:00,0.054
2018-06-12 22:00,0.096
2018-06-12 23:00,0.163
2018-06-13 00:00,0.209
2018-06-13 01:00,0.221
2018-06-13 02:00,0.223
2018-06-13 03:00,0.227
2018-06-13 04:00,0.204
2018-06-13 05:00,0.114
2018-06-13 06:00,0.110
2018-06-13 07:00,0.154
2018-06-13 08:00,0.213
2018-06-13 09:00,0.248
2018-06-13 10:00,0.265
2018-06-13 11:00,0.303
2018-06-13 12:00,0.338
2018-06-13 13:00,0.377
2018-06-13 14:00,0.426
2018-06-13 15:00,0.448
2018-06-13 16:00,0.447
2018-06-13 17:00,0.466
2018-06-13 18:00,0.510
2018-06-13 19:00,0.571
2018-06-13 20:00,0.577
2018-06-13 21:00,0.577
2018-06-13 22:00,0.640
2018-06-13 23:00,0.701
2018-06-14 00:00,0.772
2018-06-14 01:00,0.814
2018-06-14 02:00,0.893
2018-06-14 03:00,0.932
2018-06-14 04:00,0.939
2018-06-14 05:00,0.938
2018-06-14 06:00,0.954
2018-06-14 07:00,0.979
2018-06-14 08:00,0.990
2018-06-14 09:00,0.990
2018-06-14 10:00,0.988
2018-06-14 11:00,0.980
2018-06-14 12:00,0.959
2018-06-14 13:00,0.934
2018-06-14 14:00,0.897
2018-06-14 15:00,0.847
2018-06-14 16:00,0.789
2018-06-14 17:00,0.735
2018-06-14 18:00,0.618
2018-06-14 19:00,0.465
2018-06-14 20:00,0.381
2018-06-14 21:00,0.358
2018-06-14 22:00,0.410
2018-06-14 23:00,0.476
2018-06-15 00:00,0.470
2018-06-15 01:00,0.426
2018-06-15 02:00,0.413
2018-06-15 03:00,0.389
2018-06-15 04:00,0.318
2018-06-15 05:00,0.205
2018-06-15 06:00,0.251
2018-06-15 07:00,0.324
2018-06-15 08:00,0.372
2018-06-15 09:00,0.366
2018-06-15 10:00,0.334
2018-06-15 11:00,0.333
2018-06-15 12:00,0.312
2018-06-15 13:00,0.284
2018-06-15 14:00,0.269
2018-06-15 15:00,0.273
2018-06-15 16:00,0.261
2018-06-15 17:00,0.224
2018-06-15 18:00,0.177
2018-06-15 19:00,0.138
2018-06-15 20:00,0.094
2018-06-15 21:00,0.074
2018-06-15 22:00,0.079
2018-06-15 23:00,0.108
2018-06-16 00:00,0.139
2018-06-16 01:00,0.155
2018-06-16 02:00,0.203
2018-06-16 03:00,0.238
2018-06-16 04:00,0.210
2018-06-16 05:00,0.151
2018-06-16 06:00,0.154
2018-06-16 07:00,0.257
2018-06-16 08:00,0.380
2018-06-16 09:00,0.460
2018-06-16 10:00,0.546
2018-06-16 11:00,0.607
2018-06-16 12:00,0.647
2018-06-16 13:00,0.670
2018-06-16 14:00,0.687
2018-06-16 15:00,0.655
2018-06-16 16:00,0.643
2018-06-16 17:00,0.584
2018-06-16 18:00,0.467
2018-06-16 19:00,0.460
2018-06-16 20:00,0.529
2018-06-16 21:00,0.575
2018-06-16 22:00,0.539
2018-06-16 23:00,0.493
2018-06-17 00:00,0.483
2018-06-17 01:00,0.458
2018-06-17 02:00,0.477
2018-06-17 03:00,0.463
2018-06-17 04:00,0.390
2018-06-17 05:00,0.299
2018-06-17 06:00,0.367
2018-06-17 07:00,0.427
2018-06-17 08:00,0.423
2018-06-17 09:00,0.395
2018-06-17 10:00,0.376
2018-06-17 11:00,0.380
2018-06-17 12:00,0.398
2018-06-17 13:00,0.439
2018-06-17 14:00,0.488
2018-06-17 15:00,0.488
2018-06-17 16:00,0.466
2018-06-17 17:00,0.460
2018-06-17 18:00,0.436
2018-06-17 19:00,0.499
2018-06-17 20:00,0.562
2018-06-17 21:00,0.549
2018-06-17 22:00,0.495
2018-06-17 23:00,0.525
2018-06-18 00:00,0.493
2018-06-18 01:00,0.497
2018-06-18 02:00,0.526
2018-06-18 03:00,0.532
2018-06-18 04:00,0.523
2018-06-18 05:00,0.513
2018-06-18 06:00,0.666
2018-06-18 07:00,0.695
2018-06-18 08:00,0.669
2018-06-18 09:00,0.634
2018-06-18 10:00,0.625
2018-06-18 11:00,0.625
2018-06-18 12:00,0.628
2018-06-18 13:00,0.659
2018-06-18 14:00,0.689
2018-06-18 15:00,0.684
2018-06-18 16:00,0.663
2018-06-18 17:00,0.606
2018-06-18 18:00,0.577
2018-06-18 19:00,0.672
2018-06-18 20:00,0.722
2018-06-18 21:00,0.730
2018-06-18 22:00,0.689
2018-06-18 23:00,0.571
2018-06-19 00:00,0.413
2018-06-19 01:00,0.293
2018-06-19 02:00,0.275
2018-06-19 03:00,0.281
2018-06-19 04:00,0.232
2018-06-19 05:00,0.138
2018-06-19 06:00,0.156
2018-06-19 07:00,0.158
2018-06-19 08:00,0.188
2018-06-19 09:00,0.230
2018-06-19 10:00,0.276
2018-06-19 11:00,0.321
2018-06-19 12:00,0.358
2018-06-19 13:00,0.365
2018-06-19 14:00,0.340
2018-06-19 15:00,0.321
2018-06-19 16:00,0.319
2018-06-19 17:00,0.306
2018-06-19 18:00,0.290
2018-06-19 19:00,0.403
2018-06-19 20:00,0.584
2018-06-19 21:00,0.650
2018-06-19 22:00,0.621
2018-06-19 23:00,0.637
2018-06-20 00:00,0.646
2018-06-20 01:00,0.645
2018-06-20 02:00,0.645
2018-06-20 03:00,0.648
2018-06-20 04:00,0.643
2018-06-20 05:00,0.649
2018-06-20 06:00,0.783
2018-06-20 07:00,0.868
2018-06-20 08:00,0.920
2018-06-20 09:00,0.929
2018-06-20 10:00,0.913
2018-06-20 11:00,0.871
2018-06-20 12:00,0.803
2018-06-20 13:00,0.737
2018-06-20 14:00,0.689
2018-06-20 15:00,0.637
2018-06-20 16:00,0.586
2018-06-20 17:00,0.547
2018-06-20 18:00,0.500
2018-06-20 19:00,0.476
2018-06-20 20:00,0.536
2018-06-20 21:00,0.546
2018-06-20 22:00,0.525
2018-06-20 23:00,0.520
2018-06-21 00:00,0.616
2018-06-21 01:00,0.705
2018-06-21 02:00,0.729
2018-06-21 03:00,0.715
2018-06-21 04:00,0.661
2018-06-21 05:00,0.647
2018-06-21 06:00,0.726
2018-06-21 07:00,0.688
2018-06-21 08:00,0.616
2018-06-21 09:00,0.550
2018-06-21 10:00,0.502
2018-06-21 11:00,0.476
2018-06-21 12:00,0.476
2018-06-21 13:00,0.499
2018-06-21 14:00,0.539
2018-06-21 15:00,0.556
2018-06-21 16:00,0.562
2018-06-21 17:00,0.535
2018-06-21 18:00,0.466
2018-06-21 19:00,0.483
2018-06-21 20:00,0.559
2018-06-21 21:00,0.565
2018-06-21 22:00,0.562
2018-06-21 23:00,0.531
2018-06-22 00:00,0.524
2018-06-22 01:00,0.505
2018-06-22 02:00,0.459
2018-06-22 03:00,0.399
2018-06-22 04:00,0.293
2018-06-22 05:00,0.168
2018-06-22 06:00,0.189
2018-06-22 07:00,0.140
2018-06-22 08:00,0.096
2018-06-22 09:00,0.081
2018-06-22 10:00,0.083
2018-06-22 11:00,0.095
2018-06-22 12:00,0.118
2018-06-22 13:00,0.147
2018-06-22 14:00,0.167
2018-06-22 15:00,0.186
2018-06-22 16:00,0.212
2018-06-22 17:00,0.238
2018-06-22 18:00,0.254
2018-06-22 19:00,0.293
2018-06-22 20:00,0.365
2018-06-22 21:00,0.396
2018-06-22 22:00,0.392
2018-06-22 23:00,0.391
2018-06-23 00:00,0.395
2018-06-23 01:00,0.397
2018-06-23 02:00,0.407
2018-06-23 03:00,0.396
2018-06-23 04:00,0.320
2018-06-23 05:00,0.229
2018-06-23 06:00,0.252
2018-06-23 07:00,0.270
2018-06-23 08:00,0.269
2018-06-23 09:00,0.279
2018-06-23 10:00,0.278
2018-06-23 11:00,0.285
2018-06-23 12:00,0.297
2018-06-23 13:00,0.313
2018-06-23 14:00,0.321
2018-06-23 15:00,0.317
2018-06-23 16:00,0.322
2018-06-23 17:00,0.292
2018-06-23 18:00,0.252
2018-06-23 19:00,0.240
2018-06-23 20:00,0.251
2018-06-23 21:00,0.265
2018-06-23 22:00,0.270
2018-06-23 23:00,0.270
2018-06-24 00:00,0.268
2018-06-24 01:00,0.260
2018-06-24 02:00,0.240
2018-06-24 03:00,0.216
2018-06-24 04:00,0.177
2018-06-24 05:00,0.086
2018-06-24 06:00,0.033
2018-06-24 07:00,0.013
2018-06-24 08:00,0.007
2018-06-24 09:00,0.006
2018-06-24 10:00,0.008
2018-06-24 11:00,0.013
2018-06-24 12:00,0.020
2018-06-24 13:00,0.025
2018-06-24 14:00,0.028
2018-06-24 15:00,0.030
2018-06-24 16:00,0.033
2018-06-24 17:00,0.037
2018-06-24 18:00,0.048
2018-06-24 19:00,0.077
2018-06-24 20:00,0.123
2018-06-24 21:00,0.169
2018-06-24 22:00,0.204
2018-06-24 23:00,0.220
2018-06-25 00:00,0.234
2018-06-25 01:00,0.253
2018-06-25 02:00,0.266
2018-06-25 03:00,0.270
2018-06-25 04:00,0.260
2018-06-25 05:00,0.170
2018-06-25 06:00,0.079
2018-06-25 07:00,0.100
2018-06-25 08:00,0.104
2018-06-25 09:00,0.086
2018-06-25 10:00,0.068
2018-06-25 11:00,0.054
2018-06-25 12:00,0.046
2018-06-25 13:00,0.043
2018-06-25 14:00,0.040
2018-06-25 15:00,0.038
2018-06-25 16:00,0.038
2018-06-25 17:00,0.042
2018-06-25 18:00,0.047
2018-06-25 19:00,0.091
2018-06-25 20:00,0.165
2018-06-25 21:00,0.212
2018-06-25 22:00,0.196
2018-06-25 23:00,0.142
2018-06-26 00:00,0.094
2018-06-26 01:00,0.065
2018-06-26 02:00,0.049
2018-06-26 03:00,0.042
2018-06-26 04:00,0.040
2018-06-26 05:00,0.031
2018-06-26 06:00,0.020
2018-06-26 07:00,0.019
2018-06-26 08:00,0.021
2018-06-26 09:00,0.016
2018-06-26 10:00,0.015
2018-06-26 11:00,0.019
2018-06-26 12:00,0.028
2018-06-26 13:00,0.045
2018-06-26 14:00,0.075
2018-06-26 15:00,0.118
2018-06-26 16:00,0.169
2018-06-26 17:00,0.224
2018-06-26 18:00,0.276
2018-06-26 19:00,0.346
2018-06-26 20:00,0.384
2018-06-26 21:00,0.342
2018-06-26 22:00,0.271
2018-06-26 23:00,0.217
2018-06-27 00:00,0.179
2018-06-27 01:00,0.149
2018-06-27 02:00,0.131
2018-06-27 03:00,0.120
2018-06-27 04:00,0.121
2018-06-27 05:00,0.085
2018-06-27 06:00,0.066
2018-06-27 07:00,0.077
2018-06-27 08:00,0.086
2018-06-27 09:00,0.098
2018-06-27 10:00,0.114
2018-06-27 11:00,0.134
2018-06-27 12:00,0.152
2018-06-27 13:00,0.166
2018-06-27 14:00,0.181
2018-06-27 15:00,0.195
2018-06-27 16:00,0.209
2018-06-27 17:00,0.224
2018-06-27 18:00,0.242
2018-06-27 19:00,0.303
2018-06-27 20:00,0.374
2018-06-27 21:00,0.379
2018-06-27 22:00,0.337
2018-06-27 23:00,0.279
2018-06-28 00:00,0.223
2018-06-28 01:00,0.181
2018-06-28 02:00,0.160
2018-06-28 03:00,0.155
2018-06-28 04:00,0.153
2018-06-28 05:00,0.100
2018-06-28 06:00,0.064
2018-06-28 07:00,0.059
2018-06-28 08:00,0.055
2018-06-28 09:00,0.058
2018-06-28 10:00,0.065
2018-06-28 11:00,0.076
2018-06-28 12:00,0.080
2018-06-28 13:00,0.079
2018-06-28 14:00,0.080
2018-06-28 15:00,0.101
2018-06-28 16:00,0.140
2018-06-28 17:00,0.182
2018-06-28 18:00,0.224
2018-06-28 19:00,0.312
2018-06-28 20:00,0.401
2018-06-28 21:00,0.388
2018-06-28 22:00,0.314
2018-06-28 23:00,0.251
2018-06-29 00:00,0.216
2018-06-29 01:00,0.202
2018-06-29 02:00,0.197
2018-06-29 03:00,0.206
2018-06-29 04:00,0.224
2018-06-29 05:00,0.165
2018-06-29 06:00,0.135
2018-06-29 07:00,0.172
2018-06-29 08:00,0.204
2018-06-29 09:00,0.215
2018-06-29 10:00,0.212
2018-06-29 11:00,0.211
2018-06-29 12:00,0.221
2018-06-29 13:00,0.246
2018-06-29 14:00,0.288
2018-06-29 15:00,0.336
2018-06-29 16:00,0.372
2018-06-29 17:00,0.380
2018-06-29 18:00,0.355
2018-06-29 19:00,0.335
2018-06-29 20:00,0.374
2018-06-29 21:00,0.381
2018-06-29 22:00,0.348
2018-06-29 23:00,0.335
2018-06-30 00:00,0.344
2018-06-30 01:00,0.361
2018-06-30 02:00,0.383
2018-06-30 03:00,0.397
2018-06-30 04:00,0.358
2018-06-30 05:00,0.265
2018-06-30 06:00,0.297
2018-06-30 07:00,0.302
2018-06-30 08:00,0.311
2018-06-30 09:00,0.320
2018-06-30 10:00,0.333
2018-06-30 11:00,0.355
2018-06-30 12:00,0.382
2018-06-30 13:00,0.410
2018-06-30 14:00,0.432
2018-06-30 15:00,0.450
2018-06-30 16:00,0.453
2018-06-30 17:00,0.426
2018-06-30 18:00,0.377
2018-06-30 19:00,0.381
2018-06-30 20:00,0.455
2018-06-30 21:00,0.466
2018-06-30 22:00,0.442
2018-06-30 23:00,0.431
2018-07-01 00:00,0.448
2018-07-01 01:00,0.463
2018-07-01 02:00,0.460
2018-07-01 03:00,0.435
2018-07-01 04:00,0.385
2018-07-01 05:00,0.240
2018-07-01 06:00,0.179
2018-07-01 07:00,0.217
2018-07-01 08:00,0.261
2018-07-01 09:00,0.299
2018-07-01 10:00,0.326
2018-07-01 11:00,0.327
2018-07-01 12:00,0.311
2018-07-01 13:00,0.297
2018-07-01 14:00,0.292
2018-07-01 15:00,0.293
2018-07-01 16:00,0.296
2018-07-01 17:00,0.292
2018-07-01 18:00,0.292
2018-07-01 19:00,0.331
2018-07-01 20:00,0.374
2018-07-01 21:00,0.362
2018-07-01 22:00,0.305
2018-07-01 23:00,0.268
2018-07-02 00:00,0.268
2018-07-02 01:00,0.314
2018-07-02 02:00,0.369
2018-07-02 03:00,0.381
2018-07-02 04:00,0.321
2018-07-02 05:00,0.166
2018-07-02 06:00,0.103
2018-07-02 07:00,0.126
2018-07-02 08:00,0.202
2018-07-02 09:00,0.319
2018-07-02 10:00,0.394
2018-07-02 11:00,0.424
2018-07-02 12:00,0.426
2018-07-02 13:00,0.418
2018-07-02 14:00,0.413
2018-07-02 15:00,0.418
2018-07-02 16:00,0.437
2018-07-02 17:00,0.445
2018-07-02 18:00,0.416
2018-07-02 19:00,0.413
2018-07-02 20:00,0.460
2018-07-02 21:00,0.463
2018-07-02 22:00,0.429
2018-07-02 23:00,0.416
2018-07-03 00:00,0.423
2018-07-03 01:00,0.436
2018-07-03 02:00,0.449
2018-07-03 03:00,0.446
2018-07-03 04:00,0.393
2018-07-03 05:00,0.234
2018-07-03 06:00,0.215
2018-07-03 07:00,0.257
2018-07-03 08:00,0.243
2018-07-03 09:00,0.225
2018-07-03 10:00,0.213
2018-07-03 11:00,0.208
2018-07-03 12:00,0.202
2018-07-03 13:00,0.188
2018-07-03 14:00,0.172
2018-07-03 15:00,0.163
2018-07-03 16:00,0.164
2018-07-03 17:00,0.179
2018-07-03 18:00,0.213
2018-07-03 19:00,0.295
2018-07-03 20:00,0.382
2018-07-03 21:00,0.369
2018-07-03 22:00,0.297
2018-07-03 23:00,0.224
2018-07-04 00:00,0.161
2018-07-04 01:00,0.113
2018-07-04 02:00,0.080
2018-07-04 03:00,0.061
2018-07-04 04:00,0.050
2018-07-04 05:00,0.031
2018-07-04 06:00,0.024
2018-07-04 07:00,0.021
2018-07-04 08:00,0.020
2018-07-04 09:00,0.019
2018-07-04 10:00,0.018
2018-07-04 11:00,0.019
2018-07-04 12:00,0.020
2018-07-04 13:00,0.022
2018-07-04 14:00,0.024
2018-07-04 15:00,0.026
2018-07-04 16:00,0.026
2018-07-04 17:00,0.027
2018-07-04 18:00,0.027
2018-07-04 19:00,0.028
2018-07-04 20:00,0.036
2018-07-04 21:00,0.054
2018-07-04 22:00,0.082
2018-07-04 23:00,0.124
2018-07-05 00:00,0.179
2018-07-05 01:00,0.227
2018-07-05 02:00,0.260
2018-07-05 03:00,0.304
2018-07-05 04:00,0.349
2018-07-05 05:00,0.270
2018-07-05 06:00,0.135
2018-07-05 07:00,0.125
2018-07-05 08:00,0.115
2018-07-05 09:00,0.106
2018-07-05 10:00,0.102
2018-07-05 11:00,0.094
2018-07-05 12:00,0.089
2018-07-05 13:00,0.087
2018-07-05 14:00,0.085
2018-07-05 15:00,0.088
2018-07-05 16:00,0.095
2018-07-05 17:00,0.102
2018-07-05 18:00,0.101
2018-07-05 19:00,0.094
2018-07-05 20:00,0.085
2018-07-05 21:00,0.068
2018-07-05 22:00,0.050
2018-07-05 23:00,0.036
2018-07-06 00:00,0.025
2018-07-06 01:00,0.022
2018-07-06 02:00,0.022
2018-07-06 03:00,0.027
2018-07-06 04:00,0.044
2018-07-06 05:00,0.050
2018-07-06 06:00,0.069
2018-07-06 07:00,0.089
2018-07-06 08:00,0.094
2018-07-06 09:00,0.089
2018-07-06 10:00,0.078
2018-07-06 11:00,0.072
2018-07-06 12:00,0.075
2018-07-06 13:00,0.087
2018-07-06 14:00,0.103
2018-07-06 15:00,0.108
2018-07-06 16:00,0.098
2018-07-06 17:00,0.085
2018-07-06 18:00,0.083
2018-07-06 19:00,0.102
2018-07-06 20:00,0.133
2018-07-06 21:00,0.151
2018-07-06 22:00,0.154
2018-07-06 23:00,0.144
2018-07-07 00:00,0.134
2018-07-07 01:00,0.126
2018-07-07 02:00,0.129
2018-07-07 03:00,0.146
2018-07-07 04:00,0.159
2018-07-07 05:00,0.102
2018-07-07 06:00,0.072
2018-07-07 07:00,0.060
2018-07-07 08:00,0.046
2018-07-07 09:00,0.035
2018-07-07 10:00,0.031
2018-07-07 11:00,0.039
2018-07-07 12:00,0.052
2018-07-07 13:00,0.063
2018-07-07 14:00,0.063
2018-07-07 15:00,0.062
2018-07-07 16:00,0.064
2018-07-07 17:00,0.067
2018-07-07 18:00,0.077
2018-07-07 19:00,0.093
2018-07-07 20:00,0.115
2018-07-07 21:00,0.138
2018-07-07 22:00,0.149
2018-07-07 23:00,0.152
2018-07-08 00:00,0.146
2018-07-08 01:00,0.143
2018-07-08 02:00,0.149
2018-07-08 03:00,0.166
2018-07-08 04:00,0.184
2018-07-08 05:00,0.123
2018-07-08 06:00,0.071
2018-07-08 07:00,0.084
2018-07-08 08:00,0.082
2018-07-08 09:00,0.084
2018-07-08 10:00,0.087
2018-07-08 11:00,0.094
2018-07-08 12:00,0.104
2018-07-08 13:00,0.109
2018-07-08 14:00,0.115
2018-07-08 15:00,0.131
2018-07-08 16:00,0.156
2018-07-08 17:00,0.171
2018-07-08 18:00,0.164
2018-07-08 19:00,0.162
2018-07-08 20:00,0.170
2018-07-08 21:00,0.174
2018-07-08 22:00,0.174
2018-07-08 23:00,0.181
2018-07-09 00:00,0.193
2018-07-09 01:00,0.215
2018-07-09 02:00,0.243
2018-07-09 03:00,0.272
2018-07-09 04:00,0.268
2018-07-09 05:00,0.163
2018-07-09 06:00,0.124
2018-07-09 07:00,0.118
2018-07-09 08:00,0.112
2018-07-09 09:00,0.107
2018-07-09 10:00,0.105
2018-07-09 11:00,0.103
2018-07-09 12:00,0.104
2018-07-09 13:00,0.109
2018-07-09 14:00,0.112
2018-07-09 15:00,0.111
2018-07-09 16:00,0.121
2018-07-09 17:00,0.143
2018-07-09 18:00,0.156
2018-07-09 19:00,0.177
2018-07-09 20:00,0.207
2018-07-09 21:00,0.219
2018-07-09 22:00,0.194
2018-07-09 23:00,0.171
2018-07-10 00:00,0.154
2018-07-10 01:00,0.147
2018-07-10 02:00,0.153
2018-07-10 03:00,0.169
2018-07-10 04:00,0.166
2018-07-10 05:00,0.156
2018-07-10 06:00,0.206
2018-07-10 07:00,0.217
2018-07-10 08:00,0.223
2018-07-10 09:00,0.224
2018-07-10 10:00,0.221
2018-07-10 11:00,0.205
2018-07-10 12:00,0.181
2018-07-10 13:00,0.156
2018-07-10 14:00,0.133
2018-07-10 15:00,0.123
2018-07-10 16:00,0.129
2018-07-10 17:00,0.145
2018-07-10 18:00,0.172
2018-07-10 19:00,0.221
2018-07-10 20:00,0.275
2018-07-10 21:00,0.261
2018-07-10 22:00,0.212
2018-07-10 23:00,0.171
2018-07-11 00:00,0.148
2018-07-11 01:00,0.144
2018-07-11 02:00,0.153
2018-07-11 03:00,0.156
2018-07-11 04:00,0.141
2018-07-11 05:00,0.087
2018-07-11 06:00,0.071
2018-07-11 07:00,0.054
2018-07-11 08:00,0.041
2018-07-11 09:00,0.030
2018-07-11 10:00,0.022
2018-07-11 11:00,0.016
2018-07-11 12:00,0.014
2018-07-11 13:00,0.015
2018-07-11 14:00,0.019
2018-07-11 15:00,0.027
2018-07-11 16:00,0.036
2018-07-11 17:00,0.056
2018-07-11 18:00,0.093
2018-07-11 19:00,0.155
2018-07-11 20:00,0.221
2018-07-11 21:00,0.224
2018-07-11 22:00,0.187
2018-07-11 23:00,0.152
2018-07-12 00:00,0.118
2018-07-12 01:00,0.095
2018-07-12 02:00,0.089
2018-07-12 03:00,0.093
2018-07-12 04:00,0.089
2018-07-12 05:00,0.062
2018-07-12 06:00,0.055
2018-07-12 07:00,0.047
2018-07-12 08:00,0.043
2018-07-12 09:00,0.039
2018-07-12 10:00,0.034
2018-07-12 11:00,0.028
2018-07-12 12:00,0.023
2018-07-12 13:00,0.017
2018-07-12 14:00,0.013
2018-07-12 15:00,0.012
2018-07-12 16:00,0.016
2018-07-12 17:00,0.028
2018-07-12 18:00,0.059
2018-07-12 19:00,0.123
2018-07-12 20:00,0.207
2018-07-12 21:00,0.224
2018-07-12 22:00,0.190
2018-07-12 23:00,0.158
2018-07-13 00:00,0.129
2018-07-13 01:00,0.101
2018-07-13 02:00,0.079
2018-07-13 03:00,0.068
2018-07-13 04:00,0.061
2018-07-13 05:00,0.046
2018-07-13 06:00,0.046
2018-07-13 07:00,0.049
2018-07-13 08:00,0.054
2018-07-13 09:00,0.058
2018-07-13 10:00,0.059
2018-07-13 11:00,0.059
2018-07-13 12:00,0.058
2018-07-13 13:00,0.058
2018-07-13 14:00,0.056
2018-07-13 15:00,0.053
2018-07-13 16:00,0.048
2018-07-13 17:00,0.041
2018-07-13 18:00,0.038
2018-07-13 19:00,0.040
2018-07-13 20:00,0.047
2018-07-13 21:00,0.059
2018-07-13 22:00,0.072
2018-07-13 23:00,0.083
2018-07-14 00:00,0.083
2018-07-14 01:00,0.077
2018-07-14 02:00,0.072
2018-07-14 03:00,0.068
2018-07-14 04:00,0.067
2018-07-14 05:00,0.047
2018-07-14 06:00,0.044
2018-07-14 07:00,0.051
2018-07-14 08:00,0.059
2018-07-14 09:00,0.073
2018-07-14 10:00,0.091
2018-07-14 11:00,0.105
2018-07-14 12:00,0.109
2018-07-14 13:00,0.103
2018-07-14 14:00,0.096
2018-07-14 15:00,0.091
2018-07-14 16:00,0.090
2018-07-14 17:00,0.095
2018-07-14 18:00,0.104
2018-07-14 19:00,0.113
2018-07-14 20:00,0.124
2018-07-14 21:00,0.138
2018-07-14 22:00,0.153
2018-07-14 23:00,0.164
2018-07-15 00:00,0.168
2018-07-15 01:00,0.150
2018-07-15 02:00,0.113
2018-07-15 03:00,0.075
2018-07-15 04:00,0.058
2018-07-15 05:00,0.047
2018-07-15 06:00,0.055
2018-07-15 07:00,0.087
2018-07-15 08:00,0.123
2018-07-15 09:00,0.149
2018-07-15 10:00,0.166
2018-07-15 11:00,0.176
2018-07-15 12:00,0.174
2018-07-15 13:00,0.166
2018-07-15 14:00,0.157
2018-07-15 15:00,0.145
2018-07-15 16:00,0.134
2018-07-15 17:00,0.132
2018-07-15 18:00,0.126
2018-07-15 19:00,0.138
2018-07-15 20:00,0.153
2018-07-15 21:00,0.148
2018-07-15 22:00,0.130
2018-07-15 23:00,0.109
2018-07-16 00:00,0.093
2018-07-16 01:00,0.086
2018-07-16 02:00,0.085
2018-07-16 03:00,0.090
2018-07-16 04:00,0.098
2018-07-16 05:00,0.085
2018-07-16 06:00,0.089
2018-07-16 07:00,0.112
2018-07-16 08:00,0.118
2018-07-16 09:00,0.127
2018-07-16 10:00,0.135
2018-07-16 11:00,0.139
2018-07-16 12:00,0.138
2018-07-16 13:00,0.132
2018-07-16 14:00,0.118
2018-07-16 15:00,0.094
2018-07-16 16:00,0.063
2018-07-16 17:00,0.037
2018-07-16 18:00,0.023
2018-07-16 19:00,0.026
2018-07-16 20:00,0.046
2018-07-16 21:00,0.068
2018-07-16 22:00,0.097
2018-07-16 23:00,0.154
2018-07-17 00:00,0.244
2018-07-17 01:00,0.306
2018-07-17 02:00,0.339
2018-07-17 03:00,0.331
2018-07-17 04:00,0.311
2018-07-17 05:00,0.227
2018-07-17 06:00,0.206
2018-07-17 07:00,0.210
2018-07-17 08:00,0.224
2018-07-17 09:00,0.253
2018-07-17 10:00,0.282
2018-07-17 11:00,0.300
2018-07-17 12:00,0.310
2018-07-17 13:00,0.309
2018-07-17 14:00,0.294
2018-07-17 15:00,0.276
2018-07-17 16:00,0.251
2018-07-17 17:00,0.203
2018-07-17 18:00,0.150
2018-07-17 19:00,0.136
2018-07-17 20:00,0.129
2018-07-17 21:00,0.115
2018-07-17 22:00,0.093
2018-07-17 23:00,0.069
2018-07-18 00:00,0.047
2018-07-18 01:00,0.028
2018-07-18 02:00,0.017
2018-07-18 03:00,0.018
2018-07-18 04:00,0.018
2018-07-18 05:00,0.018
2018-07-18 06:00,0.018
2018-07-18 07:00,0.035
2018-07-18 08:00,0.052
2018-07-18 09:00,0.067
2018-07-18 10:00,0.076
2018-07-18 11:00,0.081
2018-07-18 12:00,0.086
2018-07-18 13:00,0.086
2018-07-18 14:00,0.072
2018-07-18 15:00,0.052
2018-07-18 16:00,0.035
2018-07-18 17:00,0.024
2018-07-18 18:00,0.019
2018-07-18 19:00,0.022
2018-07-18 20:00,0.029
2018-07-18 21:00,0.035
2018-07-18 22:00,0.037
2018-07-18 23:00,0.035
2018-07-19 00:00,0.032
2018-07-19 01:00,0.028
2018-07-19 02:00,0.026
2018-07-19 03:00,0.025
2018-07-19 04:00,0.025
2018-07-19 05:00,0.021
2018-07-19 06:00,0.016
2018-07-19 07:00,0.017
2018-07-19 08:00,0.018
2018-07-19 09:00,0.023
2018-07-19 10:00,0.035
2018-07-19 11:00,0.049
2018-07-19 12:00,0.060
2018-07-19 13:00,0.069
2018-07-19 14:00,0.083
2018-07-19 15:00,0.101
2018-07-19 16:00,0.122
2018-07-19 17:00,0.148
2018-07-19 18:00,0.177
2018-07-19 19:00,0.232
2018-07-19 20:00,0.276
2018-07-19 21:00,0.276
2018-07-19 22:00,0.241
2018-07-19 23:00,0.194
2018-07-20 00:00,0.154
2018-07-20 01:00,0.130
2018-07-20 02:00,0.115
2018-07-20 03:00,0.094
2018-07-20 04:00,0.066
2018-07-20 05:00,0.036
2018-07-20 06:00,0.015
2018-07-20 07:00,0.013
2018-07-20 08:00,0.031
2018-07-20 09:00,0.064
2018-07-20 10:00,0.096
2018-07-20 11:00,0.113
2018-07-20 12:00,0.120
2018-07-20 13:00,0.118
2018-07-20 14:00,0.112
2018-07-20 15:00,0.099
2018-07-20 16:00,0.080
2018-07-20 17:00,0.059
2018-07-20 18:00,0.047
2018-07-20 19:00,0.036
2018-07-20 20:00,0.037
2018-07-20 21:00,0.031
2018-07-20 22:00,0.022
2018-07-20 23:00,0.011
2018-07-21 00:00,0.013
2018-07-21 01:00,0.013
2018-07-21 02:00,0.013
2018-07-21 03:00,0.014
2018-07-21 04:00,0.017
2018-07-21 05:00,0.017
2018-07-21 06:00,0.020
2018-07-21 07:00,0.028
2018-07-21 08:00,0.036
2018-07-21 09:00,0.039
2018-07-21 10:00,0.048
2018-07-21 11:00,0.068
2018-07-21 12:00,0.097
2018-07-21 13:00,0.131
2018-07-21 14:00,0.162
2018-07-21 15:00,0.188
2018-07-21 16:00,0.208
2018-07-21 17:00,0.227
2018-07-21 18:00,0.243
2018-07-21 19:00,0.265
2018-07-21 20:00,0.287
2018-07-21 21:00,0.275
2018-07-21 22:00,0.268
2018-07-21 23:00,0.269
2018-07-22 00:00,0.275
2018-07-22 01:00,0.279
2018-07-22 02:00,0.281
2018-07-22 03:00,0.275
2018-07-22 04:00,0.284
2018-07-22 05:00,0.204
2018-07-22 06:00,0.165
2018-07-22 07:00,0.158
2018-07-22 08:00,0.141
2018-07-22 09:00,0.132
2018-07-22 10:00,0.132
2018-07-22 11:00,0.138
2018-07-22 12:00,0.146
2018-07-22 13:00,0.153
2018-07-22 14:00,0.159
2018-07-22 15:00,0.166
2018-07-22 16:00,0.173
2018-07-22 17:00,0.181
2018-07-22 18:00,0.180
2018-07-22 19:00,0.188
2018-07-22 20:00,0.200
2018-07-22 21:00,0.181
2018-07-22 22:00,0.162
2018-07-22 23:00,0.156
2018-07-23 00:00,0.165
2018-07-23 01:00,0.189
2018-07-23 02:00,0.224
2018-07-23 03:00,0.227
2018-07-23 04:00,0.211
2018-07-23 05:00,0.143
2018-07-23 06:00,0.098
2018-07-23 07:00,0.115
2018-07-23 08:00,0.124
2018-07-23 09:00,0.139
2018-07-23 10:00,0.150
2018-07-23 11:00,0.160
2018-07-23 12:00,0.171
2018-07-23 13:00,0.183
2018-07-23 14:00,0.197
2018-07-23 15:00,0.204
2018-07-23 16:00,0.195
2018-07-23 17:00,0.175
2018-07-23 18:00,0.161
2018-07-23 19:00,0.181
2018-07-23 20:00,0.213
2018-07-23 21:00,0.227
2018-07-23 22:00,0.218
2018-07-23 23:00,0.205
2018-07-24 00:00,0.224
2018-07-24 01:00,0.230
2018-07-24 02:00,0.213
2018-07-24 03:00,0.194
2018-07-24 04:00,0.198
2018-07-24 05:00,0.152
2018-07-24 06:00,0.143
2018-07-24 07:00,0.135
2018-07-24 08:00,0.133
2018-07-24 09:00,0.133
2018-07-24 10:00,0.135
2018-07-24 11:00,0.143
2018-07-24 12:00,0.156
2018-07-24 13:00,0.169
2018-07-24 14:00,0.183
2018-07-24 15:00,0.203
2018-07-24 16:00,0.239
2018-07-24 17:00,0.273
2018-07-24 18:00,0.276
2018-07-24 19:00,0.257
2018-07-24 20:00,0.229
2018-07-24 21:00,0.194
2018-07-24 22:00,0.181
2018-07-24 23:00,0.173
2018-07-25 00:00,0.156
2018-07-25 01:00,0.147
2018-07-25 02:00,0.159
2018-07-25 03:00,0.155
2018-07-25 04:00,0.140
2018-07-25 05:00,0.091
2018-07-25 06:00,0.051
2018-07-25 07:00,0.035
2018-07-25 08:00,0.020
2018-07-25 09:00,0.010
2018-07-25 10:00,0.008
2018-07-25 11:00,0.012
2018-07-25 12:00,0.013
2018-07-25 13:00,0.011
2018-07-25 14:00,0.009
2018-07-25 15:00,0.008
2018-07-25 16:00,0.010
2018-07-25 17:00,0.011
2018-07-25 18:00,0.013
2018-07-25 19:00,0.023
2018-07-25 20:00,0.074
2018-07-25 21:00,0.175
2018-07-25 22:00,0.276
2018-07-25 23:00,0.329
2018-07-26 00:00,0.348
2018-07-26 01:00,0.335
2018-07-26 02:00,0.321
2018-07-26 03:00,0.331
2018-07-26 04:00,0.333
2018-07-26 05:00,0.214
2018-07-26 06:00,0.154
2018-07-26 07:00,0.165
2018-07-26 08:00,0.145
2018-07-26 09:00,0.144
2018-07-26 10:00,0.170
2018-07-26 11:00,0.217
2018-07-26 12:00,0.263
2018-07-26 13:00,0.291
2018-07-26 14:00,0.284
2018-07-26 15:00,0.212
2018-07-26 16:00,0.165
2018-07-26 17:00,0.159
2018-07-26 18:00,0.167
2018-07-26 19:00,0.171
2018-07-26 20:00,0.178
2018-07-26 21:00,0.207
2018-07-26 22:00,0.239
2018-07-26 23:00,0.241
2018-07-27 00:00,0.209
2018-07-27 01:00,0.155
2018-07-27 02:00,0.107
2018-07-27 03:00,0.090
2018-07-27 04:00,0.079
2018-07-27 05:00,0.057
2018-07-27 06:00,0.031
2018-07-27 07:00,0.033
2018-07-27 08:00,0.088
2018-07-27 09:00,0.130
2018-07-27 10:00,0.170
2018-07-27 11:00,0.224
2018-07-27 12:00,0.275
2018-07-27 13:00,0.304
2018-07-27 14:00,0.303
2018-07-27 15:00,0.260
2018-07-27 16:00,0.176
2018-07-27 17:00,0.119
2018-07-27 18:00,0.147
2018-07-27 19:00,0.169
2018-07-27 20:00,0.220
2018-07-27 21:00,0.336
2018-07-27 22:00,0.367
2018-07-27 23:00,0.284
2018-07-28 00:00,0.274
2018-07-28 01:00,0.352
2018-07-28 02:00,0.406
2018-07-28 03:00,0.426
2018-07-28 04:00,0.442
2018-07-28 05:00,0.432
2018-07-28 06:00,0.586
2018-07-28 07:00,0.684
2018-07-28 08:00,0.748
2018-07-28 09:00,0.811
2018-07-28 10:00,0.855
2018-07-28 11:00,0.867
2018-07-28 12:00,0.882
2018-07-28 13:00,0.893
2018-07-28 14:00,0.890
2018-07-28 15:00,0.871
2018-07-28 16:00,0.851
2018-07-28 17:00,0.819
2018-07-28 18:00,0.797
2018-07-28 19:00,0.786
2018-07-28 20:00,0.777
2018-07-28 21:00,0.705
2018-07-28 22:00,0.606
2018-07-28 23:00,0.560
2018-07-29 00:00,0.539
2018-07-29 01:00,0.533
2018-07-29 02:00,0.597
2018-07-29 03:00,0.636
2018-07-29 04:00,0.685
2018-07-29 05:00,0.686
2018-07-29 06:00,0.757
2018-07-29 07:00,0.862
2018-07-29 08:00,0.929
2018-07-29 09:00,0.961
2018-07-29 10:00,0.968
2018-07-29 11:00,0.961
2018-07-29 12:00,0.948
2018-07-29 13:00,0.934
2018-07-29 14:00,0.921
2018-07-29 15:00,0.893
2018-07-29 16:00,0.845
2018-07-29 17:00,0.748
2018-07-29 18:00,0.597
2018-07-29 19:00,0.465
2018-07-29 20:00,0.393
2018-07-29 21:00,0.399
2018-07-29 22:00,0.400
2018-07-29 23:00,0.410
2018-07-30 00:00,0.423
2018-07-30 01:00,0.431
2018-07-30 02:00,0.436
2018-07-30 03:00,0.406
2018-07-30 04:00,0.373
2018-07-30 05:00,0.247
2018-07-30 06:00,0.178
2018-07-30 07:00,0.269
2018-07-30 08:00,0.332
2018-07-30 09:00,0.360
2018-07-30 10:00,0.390
2018-07-30 11:00,0.426
2018-07-30 12:00,0.439
2018-07-30 13:00,0.447
2018-07-30 14:00,0.439
2018-07-30 15:00,0.335
2018-07-30 16:00,0.286
2018-07-30 17:00,0.308
2018-07-30 18:00,0.276
2018-07-30 19:00,0.263
2018-07-30 20:00,0.265
2018-07-30 21:00,0.246
2018-07-30 22:00,0.193
2018-07-30 23:00,0.153
2018-07-31 00:00,0.133
2018-07-31 01:00,0.117
2018-07-31 02:00,0.091
2018-07-31 03:00,0.084
2018-07-31 04:00,0.116
2018-07-31 05:00,0.154
2018-07-31 06:00,0.138
2018-07-31 07:00,0.251
2018-07-31 08:00,0.323
2018-07-31 09:00,0.374
2018-07-31 10:00,0.406
2018-07-31 11:00,0.430
2018-07-31 12:00,0.487
2018-07-31 13:00,0.553
2018-07-31 14:00,0.565
2018-07-31 15:00,0.523
2018-07-31 16:00,0.429
2018-07-31 17:00,0.304
2018-07-31 18:00,0.268
2018-07-31 19:00,0.311
2018-07-31 20:00,0.380
2018-07-31 21:00,0.417
2018-07-31 22:00,0.429
2018-07-31 23:00,0.409
2018-08-01 00:00,0.372
2018-08-01 01:00,0.345
2018-08-01 02:00,0.348
2018-08-01 03:00,0.374
2018-08-01 04:00,0.391
2018-08-01 05:00,0.285
2018-08-01 06:00,0.204
2018-08-01 07:00,0.282
2018-08-01 08:00,0.301
2018-08-01 09:00,0.325
2018-08-01 10:00,0.338
2018-08-01 11:00,0.337
2018-08-01 12:00,0.333
2018-08-01 13:00,0.322
2018-08-01 14:00,0.281
2018-08-01 15:00,0.245
2018-08-01 16:00,0.242
2018-08-01 17:00,0.242
2018-08-01 18:00,0.265
2018-08-01 19:00,0.316
2018-08-01 20:00,0.392
2018-08-01 21:00,0.456
2018-08-01 22:00,0.486
2018-08-01 23:00,0.489
2018-08-02 00:00,0.416
2018-08-02 01:00,0.381
2018-08-02 02:00,0.393
2018-08-02 03:00,0.416
2018-08-02 04:00,0.436
2018-08-02 05:00,0.380
2018-08-02 06:00,0.325
2018-08-02 07:00,0.321
2018-08-02 08:00,0.339
2018-08-02 09:00,0.352
2018-08-02 10:00,0.346
2018-08-02 11:00,0.339
2018-08-02 12:00,0.329
2018-08-02 13:00,0.318
2018-08-02 14:00,0.307
2018-08-02 15:00,0.287
2018-08-02 16:00,0.254
2018-08-02 17:00,0.209
2018-08-02 18:00,0.172
2018-08-02 19:00,0.151
2018-08-02 20:00,0.134
2018-08-02 21:00,0.136
2018-08-02 22:00,0.154
2018-08-02 23:00,0.160
2018-08-03 00:00,0.172
2018-08-03 01:00,0.194
2018-08-03 02:00,0.195
2018-08-03 03:00,0.187
2018-08-03 04:00,0.173
2018-08-03 05:00,0.136
2018-08-03 06:00,0.078
2018-08-03 07:00,0.063
2018-08-03 08:00,0.056
2018-08-03 09:00,0.063
2018-08-03 10:00,0.085
2018-08-03 11:00,0.131
2018-08-03 12:00,0.203
2018-08-03 13:00,0.268
2018-08-03 14:00,0.278
2018-08-03 15:00,0.274
2018-08-03 16:00,0.280
2018-08-03 17:00,0.273
2018-08-03 18:00,0.251
2018-08-03 19:00,0.267
2018-08-03 20:00,0.321
2018-08-03 21:00,0.354
2018-08-03 22:00,0.359
2018-08-03 23:00,0.360
2018-08-04 00:00,0.370
2018-08-04 01:00,0.346
2018-08-04 02:00,0.290
2018-08-04 03:00,0.239
2018-08-04 04:00,0.227
2018-08-04 05:00,0.181
2018-08-04 06:00,0.135
2018-08-04 07:00,0.134
2018-08-04 08:00,0.127
2018-08-04 09:00,0.130
2018-08-04 10:00,0.136
2018-08-04 11:00,0.150
2018-08-04 12:00,0.169
2018-08-04 13:00,0.190
2018-08-04 14:00,0.212
2018-08-04 15:00,0.238
2018-08-04 16:00,0.261
2018-08-04 17:00,0.274
2018-08-04 18:00,0.263
2018-08-04 19:00,0.279
2018-08-04 20:00,0.289
2018-08-04 21:00,0.257
2018-08-04 22:00,0.232
2018-08-04 23:00,0.206
2018-08-05 00:00,0.182
2018-08-05 01:00,0.158
2018-08-05 02:00,0.133
2018-08-05 03:00,0.101
2018-08-05 04:00,0.062
2018-08-05 05:00,0.027
2018-08-05 06:00,0.004
2018-08-05 07:00,0.018
2018-08-05 08:00,0.049
2018-08-05 09:00,0.089
2018-08-05 10:00,0.133
2018-08-05 11:00,0.172
2018-08-05 12:00,0.207
2018-08-05 13:00,0.238
2018-08-05 14:00,0.257
2018-08-05 15:00,0.254
2018-08-05 16:00,0.224
2018-08-05 17:00,0.169
2018-08-05 18:00,0.139
2018-08-05 19:00,0.131
2018-08-05 20:00,0.113
2018-08-05 21:00,0.104
2018-08-05 22:00,0.105
2018-08-05 23:00,0.115
2018-08-06 00:00,0.132
2018-08-06 01:00,0.156
2018-08-06 02:00,0.171
2018-08-06 03:00,0.173
2018-08-06 04:00,0.187
2018-08-06 05:00,0.169
2018-08-06 06:00,0.121
2018-08-06 07:00,0.146
2018-08-06 08:00,0.168
2018-08-06 09:00,0.179
2018-08-06 10:00,0.177
2018-08-06 11:00,0.163
2018-08-06 12:00,0.148
2018-08-06 13:00,0.126
2018-08-06 14:00,0.113
2018-08-06 15:00,0.108
2018-08-06 16:00,0.105
2018-08-06 17:00,0.103
2018-08-06 18:00,0.108
2018-08-06 19:00,0.139
2018-08-06 20:00,0.160
2018-08-06 21:00,0.157
2018-08-06 22:00,0.138
2018-08-06 23:00,0.118
2018-08-07 00:00,0.111
2018-08-07 01:00,0.113
2018-08-07 02:00,0.101
2018-08-07 03:00,0.068
2018-08-07 04:00,0.032
2018-08-07 05:00,0.010
2018-08-07 06:00,0.008
2018-08-07 07:00,0.033
2018-08-07 08:00,0.091
2018-08-07 09:00,0.121
2018-08-07 10:00,0.133
2018-08-07 11:00,0.154
2018-08-07 12:00,0.182
2018-08-07 13:00,0.207
2018-08-07 14:00,0.226
2018-08-07 15:00,0.237
2018-08-07 16:00,0.248
2018-08-07 17:00,0.285
2018-08-07 18:00,0.312
2018-08-07 19:00,0.281
2018-08-07 20:00,0.254
2018-08-07 21:00,0.230
2018-08-07 22:00,0.237
2018-08-07 23:00,0.248
2018-08-08 00:00,0.254
2018-08-08 01:00,0.267
2018-08-08 02:00,0.272
2018-08-08 03:00,0.276
2018-08-08 04:00,0.261
2018-08-08 05:00,0.203
2018-08-08 06:00,0.147
2018-08-08 07:00,0.197
2018-08-08 08:00,0.265
2018-08-08 09:00,0.355
2018-08-08 10:00,0.438
2018-08-08 11:00,0.497
2018-08-08 12:00,0.536
2018-08-08 13:00,0.555
2018-08-08 14:00,0.546
2018-08-08 15:00,0.505
2018-08-08 16:00,0.436
2018-08-08 17:00,0.352
2018-08-08 18:00,0.268
2018-08-08 19:00,0.251
2018-08-08 20:00,0.219
2018-08-08 21:00,0.165
2018-08-08 22:00,0.113
2018-08-08 23:00,0.071
2018-08-09 00:00,0.051
2018-08-09 01:00,0.044
2018-08-09 02:00,0.041
2018-08-09 03:00,0.043
2018-08-09 04:00,0.049
2018-08-09 05:00,0.053
2018-08-09 06:00,0.033
2018-08-09 07:00,0.023
2018-08-09 08:00,0.019
2018-08-09 09:00,0.025
2018-08-09 10:00,0.032
2018-08-09 11:00,0.046
2018-08-09 12:00,0.068
2018-08-09 13:00,0.084
2018-08-09 14:00,0.105
2018-08-09 15:00,0.145
2018-08-09 16:00,0.204
2018-08-09 17:00,0.256
2018-08-09 18:00,0.254
2018-08-09 19:00,0.251
2018-08-09 20:00,0.238
2018-08-09 21:00,0.204
2018-08-09 22:00,0.197
2018-08-09 23:00,0.257
2018-08-10 00:00,0.348
2018-08-10 01:00,0.420
2018-08-10 02:00,0.446
2018-08-10 03:00,0.429
2018-08-10 04:00,0.413
2018-08-10 05:00,0.359
2018-08-10 06:00,0.284
2018-08-10 07:00,0.377
2018-08-10 08:00,0.412
2018-08-10 09:00,0.371
2018-08-10 10:00,0.340
2018-08-10 11:00,0.302
2018-08-10 12:00,0.249
2018-08-10 13:00,0.244
2018-08-10 14:00,0.281
2018-08-10 15:00,0.340
2018-08-10 16:00,0.410
2018-08-10 17:00,0.439
2018-08-10 18:00,0.411
2018-08-10 19:00,0.423
2018-08-10 20:00,0.466
2018-08-10 21:00,0.471
2018-08-10 22:00,0.470
2018-08-10 23:00,0.474
2018-08-11 00:00,0.479
2018-08-11 01:00,0.473
2018-08-11 02:00,0.460
2018-08-11 03:00,0.423
2018-08-11 04:00,0.365
2018-08-11 05:00,0.256
2018-08-11 06:00,0.126
2018-08-11 07:00,0.137
2018-08-11 08:00,0.148
2018-08-11 09:00,0.161
2018-08-11 10:00,0.190
2018-08-11 11:00,0.223
2018-08-11 12:00,0.236
2018-08-11 13:00,0.253
2018-08-11 14:00,0.279
2018-08-11 15:00,0.294
2018-08-11 16:00,0.272
2018-08-11 17:00,0.311
2018-08-11 18:00,0.422
2018-08-11 19:00,0.492
2018-08-11 20:00,0.516
2018-08-11 21:00,0.510
2018-08-11 22:00,0.494
2018-08-11 23:00,0.505
2018-08-12 00:00,0.513
2018-08-12 01:00,0.516
2018-08-12 02:00,0.510
2018-08-12 03:00,0.492
2018-08-12 04:00,0.456
2018-08-12 05:00,0.464
2018-08-12 06:00,0.440
2018-08-12 07:00,0.397
2018-08-12 08:00,0.369
2018-08-12 09:00,0.341
2018-08-12 10:00,0.313
2018-08-12 11:00,0.274
2018-08-12 12:00,0.243
2018-08-12 13:00,0.217
2018-08-12 14:00,0.207
2018-08-12 15:00,0.212
2018-08-12 16:00,0.223
2018-08-12 17:00,0.212
2018-08-12 18:00,0.215
2018-08-12 19:00,0.238
2018-08-12 20:00,0.229
2018-08-12 21:00,0.194
2018-08-12 22:00,0.158
2018-08-12 23:00,0.114
2018-08-13 00:00,0.082
2018-08-13 01:00,0.079
2018-08-13 02:00,0.112
2018-08-13 03:00,0.147
2018-08-13 04:00,0.139
2018-08-13 05:00,0.121
2018-08-13 06:00,0.089
2018-08-13 07:00,0.081
2018-08-13 08:00,0.094
2018-08-13 09:00,0.118
2018-08-13 10:00,0.145
2018-08-13 11:00,0.176
2018-08-13 12:00,0.219
2018-08-13 13:00,0.276
2018-08-13 14:00,0.328
2018-08-13 15:00,0.359
2018-08-13 16:00,0.370
2018-08-13 17:00,0.348
2018-08-13 18:00,0.325
2018-08-13 19:00,0.360
2018-08-13 20:00,0.376
2018-08-13 21:00,0.373
2018-08-13 22:00,0.357
2018-08-13 23:00,0.356
2018-08-14 00:00,0.373
2018-08-14 01:00,0.377
2018-08-14 02:00,0.382
2018-08-14 03:00,0.368
2018-08-14 04:00,0.346
2018-08-14 05:00,0.283
2018-08-14 06:00,0.186
2018-08-14 07:00,0.257
2018-08-14 08:00,0.313
2018-08-14 09:00,0.353
2018-08-14 10:00,0.384
2018-08-14 11:00,0.406
2018-08-14 12:00,0.438
2018-08-14 13:00,0.471
2018-08-14 14:00,0.486
2018-08-14 15:00,0.488
2018-08-14 16:00,0.479
2018-08-14 17:00,0.429
2018-08-14 18:00,0.352
2018-08-14 19:00,0.344
2018-08-14 20:00,0.380
2018-08-14 21:00,0.420
2018-08-14 22:00,0.449
2018-08-14 23:00,0.436
2018-08-15 00:00,0.429
2018-08-15 01:00,0.419
2018-08-15 02:00,0.418
2018-08-15 03:00,0.418
2018-08-15 04:00,0.436
2018-08-15 05:00,0.441
2018-08-15 06:00,0.377
2018-08-15 07:00,0.492
2018-08-15 08:00,0.658
2018-08-15 09:00,0.704
2018-08-15 10:00,0.725
2018-08-15 11:00,0.738
2018-08-15 12:00,0.754
2018-08-15 13:00,0.789
2018-08-15 14:00,0.819
2018-08-15 15:00,0.828
2018-08-15 16:00,0.807
2018-08-15 17:00,0.767
2018-08-15 18:00,0.740
2018-08-15 19:00,0.742
2018-08-15 20:00,0.723
2018-08-15 21:00,0.661
2018-08-15 22:00,0.665
2018-08-15 23:00,0.660
2018-08-16 00:00,0.628
2018-08-16 01:00,0.612
2018-08-16 02:00,0.604
2018-08-16 03:00,0.557
2018-08-16 04:00,0.481
2018-08-16 05:00,0.426
2018-08-16 06:00,0.395
2018-08-16 07:00,0.387
2018-08-16 08:00,0.439
2018-08-16 09:00,0.445
2018-08-16 10:00,0.460
2018-08-16 11:00,0.490
2018-08-16 12:00,0.516
2018-08-16 13:00,0.556
2018-08-16 14:00,0.598
2018-08-16 15:00,0.628
2018-08-16 16:00,0.633
2018-08-16 17:00,0.546
2018-08-16 18:00,0.454
2018-08-16 19:00,0.444
2018-08-16 20:00,0.463
2018-08-16 21:00,0.506
2018-08-16 22:00,0.496
2018-08-16 23:00,0.476
2018-08-17 00:00,0.463
2018-08-17 01:00,0.451
2018-08-17 02:00,0.460
2018-08-17 03:00,0.421
2018-08-17 04:00,0.381
2018-08-17 05:00,0.332
2018-08-17 06:00,0.257
2018-08-17 07:00,0.325
2018-08-17 08:00,0.410
2018-08-17 09:00,0.484
2018-08-17 10:00,0.556
2018-08-17 11:00,0.613
2018-08-17 12:00,0.650
2018-08-17 13:00,0.671
2018-08-17 14:00,0.675
2018-08-17 15:00,0.667
2018-08-17 16:00,0.630
2018-08-17 17:00,0.587
2018-08-17 18:00,0.591
2018-08-17 19:00,0.594
2018-08-17 20:00,0.616
2018-08-17 21:00,0.645
2018-08-17 22:00,0.658
2018-08-17 23:00,0.618
2018-08-18 00:00,0.600
2018-08-18 01:00,0.609
2018-08-18 02:00,0.614
2018-08-18 03:00,0.619
2018-08-18 04:00,0.607
2018-08-18 05:00,0.574
2018-08-18 06:00,0.502
2018-08-18 07:00,0.544
2018-08-18 08:00,0.644
2018-08-18 09:00,0.664
2018-08-18 10:00,0.661
2018-08-18 11:00,0.652
2018-08-18 12:00,0.644
2018-08-18 13:00,0.628
2018-08-18 14:00,0.604
2018-08-18 15:00,0.558
2018-08-18 16:00,0.484
2018-08-18 17:00,0.389
2018-08-18 18:00,0.357
2018-08-18 19:00,0.396
2018-08-18 20:00,0.436
2018-08-18 21:00,0.428
2018-08-18 22:00,0.411
2018-08-18 23:00,0.408
2018-08-19 00:00,0.468
2018-08-19 01:00,0.466
2018-08-19 02:00,0.476
2018-08-19 03:00,0.582
2018-08-19 04:00,0.659
2018-08-19 05:00,0.712
2018-08-19 06:00,0.696
2018-08-19 07:00,0.640
2018-08-19 08:00,0.669
2018-08-19 09:00,0.699
2018-08-19 10:00,0.681
2018-08-19 11:00,0.674
2018-08-19 12:00,0.678
2018-08-19 13:00,0.683
2018-08-19 14:00,0.679
2018-08-19 15:00,0.643
2018-08-19 16:00,0.574
2018-08-19 17:00,0.463
2018-08-19 18:00,0.311
2018-08-19 19:00,0.251
2018-08-19 20:00,0.232
2018-08-19 21:00,0.232
2018-08-19 22:00,0.229
2018-08-19 23:00,0.205
2018-08-20 00:00,0.187
2018-08-20 01:00,0.187
2018-08-20 02:00,0.191
2018-08-20 03:00,0.171
2018-08-20 04:00,0.140
2018-08-20 05:00,0.112
2018-08-20 06:00,0.062
2018-08-20 07:00,0.044
2018-08-20 08:00,0.049
2018-08-20 09:00,0.056
2018-08-20 10:00,0.060
2018-08-20 11:00,0.060
2018-08-20 12:00,0.062
2018-08-20 13:00,0.069
2018-08-20 14:00,0.072
2018-08-20 15:00,0.069
2018-08-20 16:00,0.061
2018-08-20 17:00,0.051
2018-08-20 18:00,0.049
2018-08-20 19:00,0.056
2018-08-20 20:00,0.069
2018-08-20 21:00,0.082
2018-08-20 22:00,0.100
2018-08-20 23:00,0.120
2018-08-21 00:00,0.135
2018-08-21 01:00,0.140
2018-08-21 02:00,0.137
2018-08-21 03:00,0.128
2018-08-21 04:00,0.115
2018-08-21 05:00,0.096
2018-08-21 06:00,0.050
2018-08-21 07:00,0.029
2018-08-21 08:00,0.022
2018-08-21 09:00,0.028
2018-08-21 10:00,0.044
2018-08-21 11:00,0.064
2018-08-21 12:00,0.086
2018-08-21 13:00,0.109
2018-08-21 14:00,0.128
2018-08-21 15:00,0.145
2018-08-21 16:00,0.160
2018-08-21 17:00,0.162
2018-08-21 18:00,0.164
2018-08-21 19:00,0.187
2018-08-21 20:00,0.221
2018-08-21 21:00,0.273
2018-08-21 22:00,0.325
2018-08-21 23:00,0.371
2018-08-22 00:00,0.416
2018-08-22 01:00,0.441
2018-08-22 02:00,0.456
2018-08-22 03:00,0.460
2018-08-22 04:00,0.484
2018-08-22 05:00,0.481
2018-08-22 06:00,0.401
2018-08-22 07:00,0.449
2018-08-22 08:00,0.536
2018-08-22 09:00,0.574
2018-08-22 10:00,0.607
2018-08-22 11:00,0.643
2018-08-22 12:00,0.648
2018-08-22 13:00,0.634
2018-08-22 14:00,0.596
2018-08-22 15:00,0.533
2018-08-22 16:00,0.436
2018-08-22 17:00,0.325
2018-08-22 18:00,0.257
2018-08-22 19:00,0.248
2018-08-22 20:00,0.245
2018-08-22 21:00,0.229
2018-08-22 22:00,0.204
2018-08-22 23:00,0.176
2018-08-23 00:00,0.157
2018-08-23 01:00,0.152
2018-08-23 02:00,0.148
2018-08-23 03:00,0.138
2018-08-23 04:00,0.113
2018-08-23 05:00,0.100
2018-08-23 06:00,0.090
2018-08-23 07:00,0.133
2018-08-23 08:00,0.227
2018-08-23 09:00,0.288
2018-08-23 10:00,0.345
2018-08-23 11:00,0.439
2018-08-23 12:00,0.546
2018-08-23 13:00,0.643
2018-08-23 14:00,0.704
2018-08-23 15:00,0.740
2018-08-23 16:00,0.759
2018-08-23 17:00,0.704
2018-08-23 18:00,0.633
2018-08-23 19:00,0.556
2018-08-23 20:00,0.542
2018-08-23 21:00,0.546
2018-08-23 22:00,0.594
2018-08-23 23:00,0.631
2018-08-24 00:00,0.654
2018-08-24 01:00,0.647
2018-08-24 02:00,0.642
2018-08-24 03:00,0.630
2018-08-24 04:00,0.634
2018-08-24 05:00,0.620
2018-08-24 06:00,0.600
2018-08-24 07:00,0.701
2018-08-24 08:00,0.748
2018-08-24 09:00,0.754
2018-08-24 10:00,0.767
2018-08-24 11:00,0.774
2018-08-24 12:00,0.769
2018-08-24 13:00,0.758
2018-08-24 14:00,0.736
2018-08-24 15:00,0.682
2018-08-24 16:00,0.592
2018-08-24 17:00,0.484
2018-08-24 18:00,0.466
2018-08-24 19:00,0.460
2018-08-24 20:00,0.439
2018-08-24 21:00,0.455
2018-08-24 22:00,0.504
2018-08-24 23:00,0.550
2018-08-25 00:00,0.572
2018-08-25 01:00,0.558
2018-08-25 02:00,0.546
2018-08-25 03:00,0.539
2018-08-25 04:00,0.513
2018-08-25 05:00,0.454
2018-08-25 06:00,0.315
2018-08-25 07:00,0.344
2018-08-25 08:00,0.334
2018-08-25 09:00,0.277
2018-08-25 10:00,0.230
2018-08-25 11:00,0.210
2018-08-25 12:00,0.227
2018-08-25 13:00,0.241
2018-08-25 14:00,0.243
2018-08-25 15:00,0.219
2018-08-25 16:00,0.183
2018-08-25 17:00,0.149
2018-08-25 18:00,0.147
2018-08-25 19:00,0.172
2018-08-25 20:00,0.196
2018-08-25 21:00,0.197
2018-08-25 22:00,0.165
2018-08-25 23:00,0.128
2018-08-26 00:00,0.090
2018-08-26 01:00,0.072
2018-08-26 02:00,0.085
2018-08-26 03:00,0.148
2018-08-26 04:00,0.244
2018-08-26 05:00,0.304
2018-08-26 06:00,0.270
2018-08-26 07:00,0.266
2018-08-26 08:00,0.391
2018-08-26 09:00,0.676
2018-08-26 10:00,0.778
2018-08-26 11:00,0.810
2018-08-26 12:00,0.822
2018-08-26 13:00,0.848
2018-08-26 14:00,0.799
2018-08-26 15:00,0.657
2018-08-26 16:00,0.476
2018-08-26 17:00,0.497
2018-08-26 18:00,0.658
2018-08-26 19:00,0.692
2018-08-26 20:00,0.637
2018-08-26 21:00,0.630
2018-08-26 22:00,0.602
2018-08-26 23:00,0.600
2018-08-27 00:00,0.609
2018-08-27 01:00,0.587
2018-08-27 02:00,0.609
2018-08-27 03:00,0.630
2018-08-27 04:00,0.632
2018-08-27 05:00,0.631
2018-08-27 06:00,0.645
2018-08-27 07:00,0.637
2018-08-27 08:00,0.743
2018-08-27 09:00,0.793
2018-08-27 10:00,0.804
2018-08-27 11:00,0.805
2018-08-27 12:00,0.804
2018-08-27 13:00,0.800
2018-08-27 14:00,0.782
2018-08-27 15:00,0.733
2018-08-27 16:00,0.650
2018-08-27 17:00,0.499
2018-08-27 18:00,0.450
2018-08-27 19:00,0.479
2018-08-27 20:00,0.463
2018-08-27 21:00,0.423
2018-08-27 22:00,0.395
2018-08-27 23:00,0.365
2018-08-28 00:00,0.330
2018-08-28 01:00,0.297
2018-08-28 02:00,0.272
2018-08-28 03:00,0.247
2018-08-28 04:00,0.221
2018-08-28 05:00,0.206
2018-08-28 06:00,0.163
2018-08-28 07:00,0.124
2018-08-28 08:00,0.194
2018-08-28 09:00,0.270
2018-08-28 10:00,0.307
2018-08-28 11:00,0.303
2018-08-28 12:00,0.284
2018-08-28 13:00,0.259
2018-08-28 14:00,0.245
2018-08-28 15:00,0.243
2018-08-28 16:00,0.235
2018-08-28 17:00,0.189
2018-08-28 18:00,0.162
2018-08-28 19:00,0.155
2018-08-28 20:00,0.151
2018-08-28 21:00,0.153
2018-08-28 22:00,0.154
2018-08-28 23:00,0.148
2018-08-29 00:00,0.148
2018-08-29 01:00,0.140
2018-08-29 02:00,0.156
2018-08-29 03:00,0.175
2018-08-29 04:00,0.181
2018-08-29 05:00,0.201
2018-08-29 06:00,0.173
2018-08-29 07:00,0.127
2018-08-29 08:00,0.147
2018-08-29 09:00,0.196
2018-08-29 10:00,0.281
2018-08-29 11:00,0.342
2018-08-29 12:00,0.367
2018-08-29 13:00,0.367
2018-08-29 14:00,0.348
2018-08-29 15:00,0.341
2018-08-29 16:00,0.328
2018-08-29 17:00,0.320
2018-08-29 18:00,0.370
2018-08-29 19:00,0.467
2018-08-29 20:00,0.484
2018-08-29 21:00,0.430
2018-08-29 22:00,0.372
2018-08-29 23:00,0.334
2018-08-30 00:00,0.321
2018-08-30 01:00,0.304
2018-08-30 02:00,0.283
2018-08-30 03:00,0.265
2018-08-30 04:00,0.243
2018-08-30 05:00,0.214
2018-08-30 06:00,0.131
2018-08-30 07:00,0.083
2018-08-30 08:00,0.074
2018-08-30 09:00,0.059
2018-08-30 10:00,0.044
2018-08-30 11:00,0.037
2018-08-30 12:00,0.033
2018-08-30 13:00,0.032
2018-08-30 14:00,0.032
2018-08-30 15:00,0.030
2018-08-30 16:00,0.026
2018-08-30 17:00,0.024
2018-08-30 18:00,0.031
2018-08-30 19:00,0.051
2018-08-30 20:00,0.090
2018-08-30 21:00,0.134
2018-08-30 22:00,0.160
2018-08-30 23:00,0.160
2018-08-31 00:00,0.134
2018-08-31 01:00,0.096
2018-08-31 02:00,0.068
2018-08-31 03:00,0.056
2018-08-31 04:00,0.055
2018-08-31 05:00,0.062
2018-08-31 06:00,0.060
2018-08-31 07:00,0.051
2018-08-31 08:00,0.093
2018-08-31 09:00,0.113
2018-08-31 10:00,0.114
2018-08-31 11:00,0.112
2018-08-31 12:00,0.107
2018-08-31 13:00,0.104
2018-08-31 14:00,0.105
2018-08-31 15:00,0.114
2018-08-31 16:00,0.134
2018-08-31 17:00,0.168
2018-08-31 18:00,0.268
2018-08-31 19:00,0.401
2018-08-31 20:00,0.487
2018-08-31 21:00,0.513
2018-08-31 22:00,0.510
2018-08-31 23:00,0.500
2018-09-01 00:00,0.476
2018-09-01 01:00,0.426
2018-09-01 02:00,0.376
2018-09-01 03:00,0.345
2018-09-01 04:00,0.335
2018-09-01 05:00,0.333
2018-09-01 06:00,0.243
2018-09-01 07:00,0.146
2018-09-01 08:00,0.189
2018-09-01 09:00,0.299
2018-09-01 10:00,0.373
2018-09-01 11:00,0.399
2018-09-01 12:00,0.389
2018-09-01 13:00,0.359
2018-09-01 14:00,0.325
2018-09-01 15:00,0.291
2018-09-01 16:00,0.236
2018-09-01 17:00,0.195
2018-09-01 18:00,0.209
2018-09-01 19:00,0.227
2018-09-01 20:00,0.259
2018-09-01 21:00,0.287
2018-09-01 22:00,0.303
2018-09-01 23:00,0.325
2018-09-02 00:00,0.357
2018-09-02 01:00,0.383
2018-09-02 02:00,0.400
2018-09-02 03:00,0.426
2018-09-02 04:00,0.433
2018-09-02 05:00,0.426
2018-09-02 06:00,0.325
2018-09-02 07:00,0.233
2018-09-02 08:00,0.289
2018-09-02 09:00,0.386
2018-09-02 10:00,0.439
2018-09-02 11:00,0.436
2018-09-02 12:00,0.400
2018-09-02 13:00,0.350
2018-09-02 14:00,0.301
2018-09-02 15:00,0.256
2018-09-02 16:00,0.199
2018-09-02 17:00,0.191
2018-09-02 18:00,0.223
2018-09-02 19:00,0.232
2018-09-02 20:00,0.219
2018-09-02 21:00,0.193
2018-09-02 22:00,0.157
2018-09-02 23:00,0.120
2018-09-03 00:00,0.088
2018-09-03 01:00,0.063
2018-09-03 02:00,0.045
2018-09-03 03:00,0.033
2018-09-03 04:00,0.026
2018-09-03 05:00,0.023
2018-09-03 06:00,0.017
2018-09-03 07:00,0.012
2018-09-03 08:00,0.013
2018-09-03 09:00,0.017
2018-09-03 10:00,0.022
2018-09-03 11:00,0.029
2018-09-03 12:00,0.038
2018-09-03 13:00,0.048
2018-09-03 14:00,0.063
2018-09-03 15:00,0.098
2018-09-03 16:00,0.147
2018-09-03 17:00,0.199
2018-09-03 18:00,0.240
2018-09-03 19:00,0.302
2018-09-03 20:00,0.338
2018-09-03 21:00,0.327
2018-09-03 22:00,0.319
2018-09-03 23:00,0.293
2018-09-04 00:00,0.257
2018-09-04 01:00,0.227
2018-09-04 02:00,0.195
2018-09-04 03:00,0.182
2018-09-04 04:00,0.207
2018-09-04 05:00,0.223
2018-09-04 06:00,0.190
2018-09-04 07:00,0.170
2018-09-04 08:00,0.193
2018-09-04 09:00,0.193
2018-09-04 10:00,0.174
2018-09-04 11:00,0.153
2018-09-04 12:00,0.128
2018-09-04 13:00,0.113
2018-09-04 14:00,0.109
2018-09-04 15:00,0.114
2018-09-04 16:00,0.122
2018-09-04 17:00,0.125
2018-09-04 18:00,0.143
2018-09-04 19:00,0.161
2018-09-04 20:00,0.156
2018-09-04 21:00,0.154
2018-09-04 22:00,0.153
2018-09-04 23:00,0.151
2018-09-05 00:00,0.154
2018-09-05 01:00,0.156
2018-09-05 02:00,0.159
2018-09-05 03:00,0.170
2018-09-05 04:00,0.182
2018-09-05 05:00,0.194
2018-09-05 06:00,0.147
2018-09-05 07:00,0.087
2018-09-05 08:00,0.103
2018-09-05 09:00,0.102
2018-09-05 10:00,0.096
2018-09-05 11:00,0.095
2018-09-05 12:00,0.096
2018-09-05 13:00,0.100
2018-09-05 14:00,0.107
2018-09-05 15:00,0.118
2018-09-05 16:00,0.123
2018-09-05 17:00,0.126
2018-09-05 18:00,0.160
2018-09-05 19:00,0.208
2018-09-05 20:00,0.250
2018-09-05 21:00,0.264
2018-09-05 22:00,0.248
2018-09-05 23:00,0.238
2018-09-06 00:00,0.242
2018-09-06 01:00,0.251
2018-09-06 02:00,0.280
2018-09-06 03:00,0.307
2018-09-06 04:00,0.319
2018-09-06 05:00,0.325
2018-09-06 06:00,0.268
2018-09-06 07:00,0.206
2018-09-06 08:00,0.203
2018-09-06 09:00,0.198
2018-09-06 10:00,0.204
2018-09-06 11:00,0.222
2018-09-06 12:00,0.248
2018-09-06 13:00,0.276
2018-09-06 14:00,0.305
2018-09-06 15:00,0.348
2018-09-06 16:00,0.394
2018-09-06 17:00,0.367
2018-09-06 18:00,0.392
2018-09-06 19:00,0.438
2018-09-06 20:00,0.406
2018-09-06 21:00,0.377
2018-09-06 22:00,0.372
2018-09-06 23:00,0.380
2018-09-07 00:00,0.395
2018-09-07 01:00,0.430
2018-09-07 02:00,0.464
2018-09-07 03:00,0.476
2018-09-07 04:00,0.482
2018-09-07 05:00,0.510
2018-09-07 06:00,0.477
2018-09-07 07:00,0.479
2018-09-07 08:00,0.679
2018-09-07 09:00,0.748
2018-09-07 10:00,0.777
2018-09-07 11:00,0.792
2018-09-07 12:00,0.793
2018-09-07 13:00,0.777
2018-09-07 14:00,0.755
2018-09-07 15:00,0.723
2018-09-07 16:00,0.644
2018-09-07 17:00,0.567
2018-09-07 18:00,0.526
2018-09-07 19:00,0.497
2018-09-07 20:00,0.487
2018-09-07 21:00,0.468
2018-09-07 22:00,0.431
2018-09-07 23:00,0.406
2018-09-08 00:00,0.410
2018-09-08 01:00,0.423
2018-09-08 02:00,0.396
2018-09-08 03:00,0.359
2018-09-08 04:00,0.358
2018-09-08 05:00,0.361
2018-09-08 06:00,0.326
2018-09-08 07:00,0.265
2018-09-08 08:00,0.251
2018-09-08 09:00,0.302
2018-09-08 10:00,0.457
2018-09-08 11:00,0.591
2018-09-08 12:00,0.679
2018-09-08 13:00,0.686
2018-09-08 14:00,0.613
2018-09-08 15:00,0.513
2018-09-08 16:00,0.385
2018-09-08 17:00,0.269
2018-09-08 18:00,0.322
2018-09-08 19:00,0.406
2018-09-08 20:00,0.462
2018-09-08 21:00,0.483
2018-09-08 22:00,0.491
2018-09-08 23:00,0.466
2018-09-09 00:00,0.478
2018-09-09 01:00,0.480
2018-09-09 02:00,0.491
2018-09-09 03:00,0.519
2018-09-09 04:00,0.564
2018-09-09 05:00,0.658
2018-09-09 06:00,0.663
2018-09-09 07:00,0.624
2018-09-09 08:00,0.736
2018-09-09 09:00,0.774
2018-09-09 10:00,0.743
2018-09-09 11:00,0.721
2018-09-09 12:00,0.746
2018-09-09 13:00,0.803
2018-09-09 14:00,0.829
2018-09-09 15:00,0.788
2018-09-09 16:00,0.726
2018-09-09 17:00,0.602
2018-09-09 18:00,0.549
2018-09-09 19:00,0.556
2018-09-09 20:00,0.572
2018-09-09 21:00,0.597
2018-09-09 22:00,0.600
2018-09-09 23:00,0.595
2018-09-10 00:00,0.604
2018-09-10 01:00,0.620
2018-09-10 02:00,0.576
2018-09-10 03:00,0.516
2018-09-10 04:00,0.516
2018-09-10 05:00,0.499
2018-09-10 06:00,0.460
2018-09-10 07:00,0.380
2018-09-10 08:00,0.446
2018-09-10 09:00,0.549
2018-09-10 10:00,0.579
2018-09-10 11:00,0.553
2018-09-10 12:00,0.540
2018-09-10 13:00,0.563
2018-09-10 14:00,0.586
2018-09-10 15:00,0.615
2018-09-10 16:00,0.562
2018-09-10 17:00,0.528
2018-09-10 18:00,0.580
2018-09-10 19:00,0.610
2018-09-10 20:00,0.599
2018-09-10 21:00,0.632
2018-09-10 22:00,0.684
2018-09-10 23:00,0.754
2018-09-11 00:00,0.748
2018-09-11 01:00,0.709
2018-09-11 02:00,0.667
2018-09-11 03:00,0.655
2018-09-11 04:00,0.629
2018-09-11 05:00,0.545
2018-09-11 06:00,0.456
2018-09-11 07:00,0.497
2018-09-11 08:00,0.590
2018-09-11 09:00,0.643
2018-09-11 10:00,0.653
2018-09-11 11:00,0.652
2018-09-11 12:00,0.645
2018-09-11 13:00,0.637
2018-09-11 14:00,0.618
2018-09-11 15:00,0.604
2018-09-11 16:00,0.551
2018-09-11 17:00,0.440
2018-09-11 18:00,0.390
2018-09-11 19:00,0.374
2018-09-11 20:00,0.400
2018-09-11 21:00,0.508
2018-09-11 22:00,0.594
2018-09-11 23:00,0.629
2018-09-12 00:00,0.588
2018-09-12 01:00,0.520
2018-09-12 02:00,0.410
2018-09-12 03:00,0.354
2018-09-12 04:00,0.348
2018-09-12 05:00,0.392
2018-09-12 06:00,0.371
2018-09-12 07:00,0.310
2018-09-12 08:00,0.283
2018-09-12 09:00,0.351
2018-09-12 10:00,0.365
2018-09-12 11:00,0.374
2018-09-12 12:00,0.398
2018-09-12 13:00,0.418
2018-09-12 14:00,0.428
2018-09-12 15:00,0.429
2018-09-12 16:00,0.406
2018-09-12 17:00,0.332
2018-09-12 18:00,0.293
2018-09-12 19:00,0.275
2018-09-12 20:00,0.270
2018-09-12 21:00,0.280
2018-09-12 22:00,0.322
2018-09-12 23:00,0.390
2018-09-13 00:00,0.460
2018-09-13 01:00,0.510
2018-09-13 02:00,0.528
2018-09-13 03:00,0.523
2018-09-13 04:00,0.509
2018-09-13 05:00,0.502
2018-09-13 06:00,0.430
2018-09-13 07:00,0.291
2018-09-13 08:00,0.474
2018-09-13 09:00,0.519
2018-09-13 10:00,0.533
2018-09-13 11:00,0.542
2018-09-13 12:00,0.538
2018-09-13 13:00,0.551
2018-09-13 14:00,0.565
2018-09-13 15:00,0.574
2018-09-13 16:00,0.506
2018-09-13 17:00,0.436
2018-09-13 18:00,0.425
2018-09-13 19:00,0.426
2018-09-13 20:00,0.453
2018-09-13 21:00,0.483
2018-09-13 22:00,0.523
2018-09-13 23:00,0.521
2018-09-14 00:00,0.483
2018-09-14 01:00,0.450
2018-09-14 02:00,0.439
2018-09-14 03:00,0.439
2018-09-14 04:00,0.454
2018-09-14 05:00,0.486
2018-09-14 06:00,0.456
2018-09-14 07:00,0.406
2018-09-14 08:00,0.423
2018-09-14 09:00,0.533
2018-09-14 10:00,0.575
2018-09-14 11:00,0.588
2018-09-14 12:00,0.595
2018-09-14 13:00,0.629
2018-09-14 14:00,0.653
2018-09-14 15:00,0.646
2018-09-14 16:00,0.588
2018-09-14 17:00,0.491
2018-09-14 18:00,0.472
2018-09-14 19:00,0.484
2018-09-14 20:00,0.502
2018-09-14 21:00,0.531
2018-09-14 22:00,0.536
2018-09-14 23:00,0.527
2018-09-15 00:00,0.517
2018-09-15 01:00,0.506
2018-09-15 02:00,0.495
2018-09-15 03:00,0.463
2018-09-15 04:00,0.431
2018-09-15 05:00,0.387
2018-09-15 06:00,0.312
2018-09-15 07:00,0.212
2018-09-15 08:00,0.257
2018-09-15 09:00,0.330
2018-09-15 10:00,0.393
2018-09-15 11:00,0.435
2018-09-15 12:00,0.423
2018-09-15 13:00,0.400
2018-09-15 14:00,0.393
2018-09-15 15:00,0.380
2018-09-15 16:00,0.279
2018-09-15 17:00,0.223
2018-09-15 18:00,0.270
2018-09-15 19:00,0.354
2018-09-15 20:00,0.420
2018-09-15 21:00,0.447
2018-09-15 22:00,0.483
2018-09-15 23:00,0.533
2018-09-16 00:00,0.641
2018-09-16 01:00,0.676
2018-09-16 02:00,0.749
2018-09-16 03:00,0.797
2018-09-16 04:00,0.806
2018-09-16 05:00,0.818
2018-09-16 06:00,0.826
2018-09-16 07:00,0.824
2018-09-16 08:00,0.833
2018-09-16 09:00,0.843
2018-09-16 10:00,0.837
2018-09-16 11:00,0.813
2018-09-16 12:00,0.768
2018-09-16 13:00,0.700
2018-09-16 14:00,0.601
2018-09-16 15:00,0.428
2018-09-16 16:00,0.285
2018-09-16 17:00,0.194
2018-09-16 18:00,0.179
2018-09-16 19:00,0.158
2018-09-16 20:00,0.150
2018-09-16 21:00,0.192
2018-09-16 22:00,0.239
2018-09-16 23:00,0.263
2018-09-17 00:00,0.305
2018-09-17 01:00,0.321
2018-09-17 02:00,0.367
2018-09-17 03:00,0.397
2018-09-17 04:00,0.413
2018-09-17 05:00,0.396
2018-09-17 06:00,0.353
2018-09-17 07:00,0.237
2018-09-17 08:00,0.204
2018-09-17 09:00,0.373
2018-09-17 10:00,0.615
2018-09-17 11:00,0.750
2018-09-17 12:00,0.814
2018-09-17 13:00,0.840
2018-09-17 14:00,0.838
2018-09-17 15:00,0.788
2018-09-17 16:00,0.716
2018-09-17 17:00,0.686
2018-09-17 18:00,0.674
2018-09-17 19:00,0.665
2018-09-17 20:00,0.675
2018-09-17 21:00,0.682
2018-09-17 22:00,0.680
2018-09-17 23:00,0.674
2018-09-18 00:00,0.658
2018-09-18 01:00,0.671
2018-09-18 02:00,0.708
2018-09-18 03:00,0.770
2018-09-18 04:00,0.850
2018-09-18 05:00,0.922
2018-09-18 06:00,0.938
2018-09-18 07:00,0.922
2018-09-18 08:00,0.916
2018-09-18 09:00,0.949
2018-09-18 10:00,0.968
2018-09-18 11:00,0.972
2018-09-18 12:00,0.966
2018-09-18 13:00,0.954
2018-09-18 14:00,0.939
2018-09-18 15:00,0.930
2018-09-18 16:00,0.915
2018-09-18 17:00,0.895
2018-09-18 18:00,0.871
2018-09-18 19:00,0.858
2018-09-18 20:00,0.857
2018-09-18 21:00,0.840
2018-09-18 22:00,0.837
2018-09-18 23:00,0.833
2018-09-19 00:00,0.782
2018-09-19 01:00,0.680
2018-09-19 02:00,0.594
2018-09-19 03:00,0.583
2018-09-19 04:00,0.612
2018-09-19 05:00,0.687
2018-09-19 06:00,0.817
2018-09-19 07:00,0.883
2018-09-19 08:00,0.930
2018-09-19 09:00,0.963
2018-09-19 10:00,0.988
2018-09-19 11:00,0.993
2018-09-19 12:00,0.993
2018-09-19 13:00,0.993
2018-09-19 14:00,0.993
2018-09-19 15:00,0.986
2018-09-19 16:00,0.967
2018-09-19 17:00,0.919
2018-09-19 18:00,0.856
2018-09-19 19:00,0.813
2018-09-19 20:00,0.781
2018-09-19 21:00,0.761
2018-09-19 22:00,0.726
2018-09-19 23:00,0.716
2018-09-20 00:00,0.702
2018-09-20 01:00,0.643
2018-09-20 02:00,0.526
2018-09-20 03:00,0.447
2018-09-20 04:00,0.404
2018-09-20 05:00,0.343
2018-09-20 06:00,0.268
2018-09-20 07:00,0.183
2018-09-20 08:00,0.155
2018-09-20 09:00,0.101
2018-09-20 10:00,0.066
2018-09-20 11:00,0.054
2018-09-20 12:00,0.069
2018-09-20 13:00,0.097
2018-09-20 14:00,0.168
2018-09-20 15:00,0.310
2018-09-20 16:00,0.497
2018-09-20 17:00,0.762
2018-09-20 18:00,0.887
2018-09-20 19:00,0.923
2018-09-20 20:00,0.916
2018-09-20 21:00,0.919
2018-09-20 22:00,0.942
2018-09-20 23:00,0.961
2018-09-21 00:00,0.973
2018-09-21 01:00,0.974
2018-09-21 02:00,0.967
2018-09-21 03:00,0.971
2018-09-21 04:00,0.939
2018-09-21 05:00,0.891
2018-09-21 06:00,0.879
2018-09-21 07:00,0.879
2018-09-21 08:00,0.917
2018-09-21 09:00,0.948
2018-09-21 10:00,0.956
2018-09-21 11:00,0.951
2018-09-21 12:00,0.943
2018-09-21 13:00,0.926
2018-09-21 14:00,0.913
2018-09-21 15:00,0.906
2018-09-21 16:00,0.879
2018-09-21 17:00,0.847
2018-09-21 18:00,0.782
2018-09-21 19:00,0.637
2018-09-21 20:00,0.599
2018-09-21 21:00,0.616
2018-09-21 22:00,0.663
2018-09-21 23:00,0.706
2018-09-22 00:00,0.681
2018-09-22 01:00,0.572
2018-09-22 02:00,0.483
2018-09-22 03:00,0.479
2018-09-22 04:00,0.482
2018-09-22 05:00,0.445
2018-09-22 06:00,0.394
2018-09-22 07:00,0.297
2018-09-22 08:00,0.258
2018-09-22 09:00,0.371
2018-09-22 10:00,0.373
2018-09-22 11:00,0.344
2018-09-22 12:00,0.277
2018-09-22 13:00,0.228
2018-09-22 14:00,0.159
2018-09-22 15:00,0.093
2018-09-22 16:00,0.050
2018-09-22 17:00,0.036
2018-09-22 18:00,0.030
2018-09-22 19:00,0.024
2018-09-22 20:00,0.027
2018-09-22 21:00,0.039
2018-09-22 22:00,0.071
2018-09-22 23:00,0.124
2018-09-23 00:00,0.194
2018-09-23 01:00,0.249
2018-09-23 02:00,0.280
2018-09-23 03:00,0.276
2018-09-23 04:00,0.248
2018-09-23 05:00,0.228
2018-09-23 06:00,0.225
2018-09-23 07:00,0.207
2018-09-23 08:00,0.171
2018-09-23 09:00,0.227
2018-09-23 10:00,0.374
2018-09-23 11:00,0.503
2018-09-23 12:00,0.577
2018-09-23 13:00,0.599
2018-09-23 14:00,0.575
2018-09-23 15:00,0.522
2018-09-23 16:00,0.430
2018-09-23 17:00,0.400
2018-09-23 18:00,0.464
2018-09-23 19:00,0.503
2018-09-23 20:00,0.542
2018-09-23 21:00,0.550
2018-09-23 22:00,0.559
2018-09-23 23:00,0.562
2018-09-24 00:00,0.553
2018-09-24 01:00,0.536
2018-09-24 02:00,0.493
2018-09-24 03:00,0.466
2018-09-24 04:00,0.450
2018-09-24 05:00,0.421
2018-09-24 06:00,0.364
2018-09-24 07:00,0.239
2018-09-24 08:00,0.229
2018-09-24 09:00,0.404
2018-09-24 10:00,0.380
2018-09-24 11:00,0.345
2018-09-24 12:00,0.342
2018-09-24 13:00,0.355
2018-09-24 14:00,0.361
2018-09-24 15:00,0.353
2018-09-24 16:00,0.319
2018-09-24 17:00,0.303
2018-09-24 18:00,0.312
2018-09-24 19:00,0.265
2018-09-24 20:00,0.215
2018-09-24 21:00,0.189
2018-09-24 22:00,0.187
2018-09-24 23:00,0.169
2018-09-25 00:00,0.141
2018-09-25 01:00,0.131
2018-09-25 02:00,0.137
2018-09-25 03:00,0.164
2018-09-25 04:00,0.207
2018-09-25 05:00,0.255
2018-09-25 06:00,0.295
2018-09-25 07:00,0.211
2018-09-25 08:00,0.194
2018-09-25 09:00,0.412
2018-09-25 10:00,0.543
2018-09-25 11:00,0.597
2018-09-25 12:00,0.604
2018-09-25 13:00,0.601
2018-09-25 14:00,0.600
2018-09-25 15:00,0.606
2018-09-25 16:00,0.585
2018-09-25 17:00,0.627
2018-09-25 18:00,0.687
2018-09-25 19:00,0.702
2018-09-25 20:00,0.715
2018-09-25 21:00,0.719
2018-09-25 22:00,0.700
2018-09-25 23:00,0.714
2018-09-26 00:00,0.723
2018-09-26 01:00,0.726
2018-09-26 02:00,0.707
2018-09-26 03:00,0.675
2018-09-26 04:00,0.666
2018-09-26 05:00,0.645
2018-09-26 06:00,0.636
2018-09-26 07:00,0.621
2018-09-26 08:00,0.654
2018-09-26 09:00,0.739
2018-09-26 10:00,0.758
2018-09-26 11:00,0.754
2018-09-26 12:00,0.738
2018-09-26 13:00,0.700
2018-09-26 14:00,0.645
2018-09-26 15:00,0.574
2018-09-26 16:00,0.458
2018-09-26 17:00,0.393
2018-09-26 18:00,0.407
2018-09-26 19:00,0.406
2018-09-26 20:00,0.387
2018-09-26 21:00,0.404
2018-09-26 22:00,0.418
2018-09-26 23:00,0.423
2018-09-27 00:00,0.423
2018-09-27 01:00,0.429
2018-09-27 02:00,0.432
2018-09-27 03:00,0.447
2018-09-27 04:00,0.457
2018-09-27 05:00,0.471
2018-09-27 06:00,0.473
2018-09-27 07:00,0.413
2018-09-27 08:00,0.360
2018-09-27 09:00,0.476
2018-09-27 10:00,0.585
2018-09-27 11:00,0.652
2018-09-27 12:00,0.676
2018-09-27 13:00,0.669
2018-09-27 14:00,0.643
2018-09-27 15:00,0.585
2018-09-27 16:00,0.487
2018-09-27 17:00,0.414
2018-09-27 18:00,0.423
2018-09-27 19:00,0.393
2018-09-27 20:00,0.339
2018-09-27 21:00,0.292
2018-09-27 22:00,0.266
2018-09-27 23:00,0.256
2018-09-28 00:00,0.252
2018-09-28 01:00,0.242
2018-09-28 02:00,0.230
2018-09-28 03:00,0.227
2018-09-28 04:00,0.218
2018-09-28 05:00,0.196
2018-09-28 06:00,0.172
2018-09-28 07:00,0.139
2018-09-28 08:00,0.128
2018-09-28 09:00,0.118
2018-09-28 10:00,0.087
2018-09-28 11:00,0.064
2018-09-28 12:00,0.054
2018-09-28 13:00,0.056
2018-09-28 14:00,0.047
2018-09-28 15:00,0.042
2018-09-28 16:00,0.053
2018-09-28 17:00,0.068
2018-09-28 18:00,0.059
2018-09-28 19:00,0.043
2018-09-28 20:00,0.029
2018-09-28 21:00,0.032
2018-09-28 22:00,0.048
2018-09-28 23:00,0.084
2018-09-29 00:00,0.128
2018-09-29 01:00,0.179
2018-09-29 02:00,0.232
2018-09-29 03:00,0.271
2018-09-29 04:00,0.301
2018-09-29 05:00,0.335
2018-09-29 06:00,0.362
2018-09-29 07:00,0.268
2018-09-29 08:00,0.194
2018-09-29 09:00,0.323
2018-09-29 10:00,0.377
2018-09-29 11:00,0.419
2018-09-29 12:00,0.455
2018-09-29 13:00,0.476
2018-09-29 14:00,0.486
2018-09-29 15:00,0.489
2018-09-29 16:00,0.454
2018-09-29 17:00,0.439
2018-09-29 18:00,0.469
2018-09-29 19:00,0.475
2018-09-29 20:00,0.461
2018-09-29 21:00,0.466
2018-09-29 22:00,0.497
2018-09-29 23:00,0.543
2018-09-30 00:00,0.560
2018-09-30 01:00,0.536
2018-09-30 02:00,0.513
2018-09-30 03:00,0.497
2018-09-30 04:00,0.477
2018-09-30 05:00,0.479
2018-09-30 06:00,0.418
2018-09-30 07:00,0.367
2018-09-30 08:00,0.314
2018-09-30 09:00,0.309
2018-09-30 10:00,0.481
2018-09-30 11:00,0.548
2018-09-30 12:00,0.591
2018-09-30 13:00,0.679
2018-09-30 14:00,0.735
2018-09-30 15:00,0.711
2018-09-30 16:00,0.672
2018-09-30 17:00,0.676
2018-09-30 18:00,0.646
2018-09-30 19:00,0.546
2018-09-30 20:00,0.546
2018-09-30 21:00,0.569
2018-09-30 22:00,0.564
2018-09-30 23:00,0.546
2018-10-01 00:00,0.496
2018-10-01 01:00,0.413
2018-10-01 02:00,0.311
2018-10-01 03:00,0.243
2018-10-01 04:00,0.221
2018-10-01 05:00,0.202
2018-10-01 06:00,0.193
2018-10-01 07:00,0.190
2018-10-01 08:00,0.179
2018-10-01 09:00,0.272
2018-10-01 10:00,0.286
2018-10-01 11:00,0.268
2018-10-01 12:00,0.297
2018-10-01 13:00,0.367
2018-10-01 14:00,0.458
2018-10-01 15:00,0.510
2018-10-01 16:00,0.492
2018-10-01 17:00,0.453
2018-10-01 18:00,0.408
2018-10-01 19:00,0.410
2018-10-01 20:00,0.468
2018-10-01 21:00,0.516
2018-10-01 22:00,0.597
2018-10-01 23:00,0.706
2018-10-02 00:00,0.767
2018-10-02 01:00,0.805
2018-10-02 02:00,0.838
2018-10-02 03:00,0.857
2018-10-02 04:00,0.907
2018-10-02 05:00,0.907
2018-10-02 06:00,0.897
2018-10-02 07:00,0.868
2018-10-02 08:00,0.848
2018-10-02 09:00,0.867
2018-10-02 10:00,0.887
2018-10-02 11:00,0.898
2018-10-02 12:00,0.903
2018-10-02 13:00,0.901
2018-10-02 14:00,0.893
2018-10-02 15:00,0.863
2018-10-02 16:00,0.797
2018-10-02 17:00,0.719
2018-10-02 18:00,0.661
2018-10-02 19:00,0.612
2018-10-02 20:00,0.581
2018-10-02 21:00,0.529
2018-10-02 22:00,0.538
2018-10-02 23:00,0.539
2018-10-03 00:00,0.524
2018-10-03 01:00,0.483
2018-10-03 02:00,0.456
2018-10-03 03:00,0.404
2018-10-03 04:00,0.323
2018-10-03 05:00,0.299
2018-10-03 06:00,0.297
2018-10-03 07:00,0.276
2018-10-03 08:00,0.254
2018-10-03 09:00,0.386
2018-10-03 10:00,0.488
2018-10-03 11:00,0.525
2018-10-03 12:00,0.546
2018-10-03 13:00,0.559
2018-10-03 14:00,0.559
2018-10-03 15:00,0.531
2018-10-03 16:00,0.440
2018-10-03 17:00,0.389
2018-10-03 18:00,0.408
2018-10-03 19:00,0.442
2018-10-03 20:00,0.449
2018-10-03 21:00,0.478
2018-10-03 22:00,0.479
2018-10-03 23:00,0.414
2018-10-04 00:00,0.406
2018-10-04 01:00,0.380
2018-10-04 02:00,0.392
2018-10-04 03:00,0.382
2018-10-04 04:00,0.361
2018-10-04 05:00,0.365
2018-10-04 06:00,0.393
2018-10-04 07:00,0.397
2018-10-04 08:00,0.374
2018-10-04 09:00,0.413
2018-10-04 10:00,0.483
2018-10-04 11:00,0.545
2018-10-04 12:00,0.597
2018-10-04 13:00,0.625
2018-10-04 14:00,0.613
2018-10-04 15:00,0.566
2018-10-04 16:00,0.540
2018-10-04 17:00,0.513
2018-10-04 18:00,0.470
2018-10-04 19:00,0.450
2018-10-04 20:00,0.439
2018-10-04 21:00,0.423
2018-10-04 22:00,0.403
2018-10-04 23:00,0.382
2018-10-05 00:00,0.375
2018-10-05 01:00,0.368
2018-10-05 02:00,0.349
2018-10-05 03:00,0.329
2018-10-05 04:00,0.322
2018-10-05 05:00,0.355
2018-10-05 06:00,0.355
2018-10-05 07:00,0.265
2018-10-05 08:00,0.170
2018-10-05 09:00,0.140
2018-10-05 10:00,0.134
2018-10-05 11:00,0.114
2018-10-05 12:00,0.091
2018-10-05 13:00,0.066
2018-10-05 14:00,0.052
2018-10-05 15:00,0.071
2018-10-05 16:00,0.117
2018-10-05 17:00,0.160
2018-10-05 18:00,0.186
2018-10-05 19:00,0.180
2018-10-05 20:00,0.172
2018-10-05 21:00,0.182
2018-10-05 22:00,0.205
2018-10-05 23:00,0.227
2018-10-06 00:00,0.254
2018-10-06 01:00,0.270
2018-10-06 02:00,0.285
2018-10-06 03:00,0.270
2018-10-06 04:00,0.257
2018-10-06 05:00,0.234
2018-10-06 06:00,0.237
2018-10-06 07:00,0.237
2018-10-06 08:00,0.250
2018-10-06 09:00,0.284
2018-10-06 10:00,0.357
2018-10-06 11:00,0.421
2018-10-06 12:00,0.461
2018-10-06 13:00,0.481
2018-10-06 14:00,0.475
2018-10-06 15:00,0.430
2018-10-06 16:00,0.362
2018-10-06 17:00,0.370
2018-10-06 18:00,0.387
2018-10-06 19:00,0.370
2018-10-06 20:00,0.322
2018-10-06 21:00,0.276
2018-10-06 22:00,0.235
2018-10-06 23:00,0.201
2018-10-07 00:00,0.191
2018-10-07 01:00,0.223
2018-10-07 02:00,0.240
2018-10-07 03:00,0.155
2018-10-07 04:00,0.054
2018-10-07 05:00,0.046
2018-10-07 06:00,0.069
2018-10-07 07:00,0.118
2018-10-07 08:00,0.125
2018-10-07 09:00,0.151
2018-10-07 10:00,0.257
2018-10-07 11:00,0.377
2018-10-07 12:00,0.492
2018-10-07 13:00,0.567
2018-10-07 14:00,0.633
2018-10-07 15:00,0.653
2018-10-07 16:00,0.646
2018-10-07 17:00,0.678
2018-10-07 18:00,0.647
2018-10-07 19:00,0.606
2018-10-07 20:00,0.591
2018-10-07 21:00,0.612
2018-10-07 22:00,0.613
2018-10-07 23:00,0.593
2018-10-08 00:00,0.581
2018-10-08 01:00,0.577
2018-10-08 02:00,0.579
2018-10-08 03:00,0.574
2018-10-08 04:00,0.571
2018-10-08 05:00,0.566
2018-10-08 06:00,0.581
2018-10-08 07:00,0.523
2018-10-08 08:00,0.450
2018-10-08 09:00,0.534
2018-10-08 10:00,0.705
2018-10-08 11:00,0.723
2018-10-08 12:00,0.752
2018-10-08 13:00,0.774
2018-10-08 14:00,0.765
2018-10-08 15:00,0.729
2018-10-08 16:00,0.700
2018-10-08 17:00,0.707
2018-10-08 18:00,0.694
2018-10-08 19:00,0.669
2018-10-08 20:00,0.600
2018-10-08 21:00,0.625
2018-10-08 22:00,0.640
2018-10-08 23:00,0.620
2018-10-09 00:00,0.598
2018-10-09 01:00,0.587
2018-10-09 02:00,0.587
2018-10-09 03:00,0.588
2018-10-09 04:00,0.597
2018-10-09 05:00,0.623
2018-10-09 06:00,0.634
2018-10-09 07:00,0.652
2018-10-09 08:00,0.694
2018-10-09 09:00,0.786
2018-10-09 10:00,0.789
2018-10-09 11:00,0.781
2018-10-09 12:00,0.767
2018-10-09 13:00,0.738
2018-10-09 14:00,0.680
2018-10-09 15:00,0.581
2018-10-09 16:00,0.552
2018-10-09 17:00,0.572
2018-10-09 18:00,0.577
2018-10-09 19:00,0.557
2018-10-09 20:00,0.549
2018-10-09 21:00,0.553
2018-10-09 22:00,0.546
2018-10-09 23:00,0.524
2018-10-10 00:00,0.486
2018-10-10 01:00,0.440
2018-10-10 02:00,0.393
2018-10-10 03:00,0.344
2018-10-10 04:00,0.298
2018-10-10 05:00,0.268
2018-10-10 06:00,0.281
2018-10-10 07:00,0.297
2018-10-10 08:00,0.203
2018-10-10 09:00,0.162
2018-10-10 10:00,0.272
2018-10-10 11:00,0.521
2018-10-10 12:00,0.617
2018-10-10 13:00,0.640
2018-10-10 14:00,0.606
2018-10-10 15:00,0.568
2018-10-10 16:00,0.592
2018-10-10 17:00,0.665
2018-10-10 18:00,0.661
2018-10-10 19:00,0.628
2018-10-10 20:00,0.608
2018-10-10 21:00,0.604
2018-10-10 22:00,0.599
2018-10-10 23:00,0.586
2018-10-11 00:00,0.575
2018-10-11 01:00,0.564
2018-10-11 02:00,0.545
2018-10-11 03:00,0.520
2018-10-11 04:00,0.505
2018-10-11 05:00,0.477
2018-10-11 06:00,0.485
2018-10-11 07:00,0.528
2018-10-11 08:00,0.574
2018-10-11 09:00,0.658
2018-10-11 10:00,0.762
2018-10-11 11:00,0.761
2018-10-11 12:00,0.734
2018-10-11 13:00,0.710
2018-10-11 14:00,0.798
2018-10-11 15:00,0.886
2018-10-11 16:00,0.903
2018-10-11 17:00,0.866
2018-10-11 18:00,0.707
2018-10-11 19:00,0.450
2018-10-11 20:00,0.366
2018-10-11 21:00,0.396
2018-10-11 22:00,0.403
2018-10-11 23:00,0.406
2018-10-12 00:00,0.468
2018-10-12 01:00,0.558
2018-10-12 02:00,0.653
2018-10-12 03:00,0.725
2018-10-12 04:00,0.798
2018-10-12 05:00,0.861
2018-10-12 06:00,0.895
2018-10-12 07:00,0.923
2018-10-12 08:00,0.981
2018-10-12 09:00,0.983
2018-10-12 10:00,0.985
2018-10-12 11:00,0.987
2018-10-12 12:00,0.989
2018-10-12 13:00,0.993
2018-10-12 14:00,0.993
2018-10-12 15:00,0.993
2018-10-12 16:00,0.993
2018-10-12 17:00,0.993
2018-10-12 18:00,0.991
2018-10-12 19:00,0.986
2018-10-12 20:00,0.969
2018-10-12 21:00,0.932
2018-10-12 22:00,0.875
2018-10-12 23:00,0.856
2018-10-13 00:00,0.877
2018-10-13 01:00,0.920
2018-10-13 02:00,0.945
2018-10-13 03:00,0.939
2018-10-13 04:00,0.935
2018-10-13 05:00,0.940
2018-10-13 06:00,0.949
2018-10-13 07:00,0.959
2018-10-13 08:00,0.963
2018-10-13 09:00,0.981
2018-10-13 10:00,0.992
2018-10-13 11:00,0.993
2018-10-13 12:00,0.993
2018-10-13 13:00,0.993
2018-10-13 14:00,0.991
2018-10-13 15:00,0.986
2018-10-13 16:00,0.982
2018-10-13 17:00,0.979
2018-10-13 18:00,0.969
2018-10-13 19:00,0.941
2018-10-13 20:00,0.900
2018-10-13 21:00,0.847
2018-10-13 22:00,0.772
2018-10-13 23:00,0.696
2018-10-14 00:00,0.643
2018-10-14 01:00,0.532
2018-10-14 02:00,0.449
2018-10-14 03:00,0.397
2018-10-14 04:00,0.309
2018-10-14 05:00,0.250
2018-10-14 06:00,0.275
2018-10-14 07:00,0.309
2018-10-14 08:00,0.348
2018-10-14 09:00,0.403
2018-10-14 10:00,0.355
2018-10-14 11:00,0.261
2018-10-14 12:00,0.204
2018-10-14 13:00,0.187
2018-10-14 14:00,0.166
2018-10-14 15:00,0.137
2018-10-14 16:00,0.093
2018-10-14 17:00,0.083
2018-10-14 18:00,0.090
2018-10-14 19:00,0.100
2018-10-14 20:00,0.102
2018-10-14 21:00,0.121
2018-10-14 22:00,0.149
2018-10-14 23:00,0.188
2018-10-15 00:00,0.213
2018-10-15 01:00,0.222
2018-10-15 02:00,0.257
2018-10-15 03:00,0.269
2018-10-15 04:00,0.274
2018-10-15 05:00,0.279
2018-10-15 06:00,0.290
2018-10-15 07:00,0.276
2018-10-15 08:00,0.238
2018-10-15 09:00,0.245
2018-10-15 10:00,0.315
2018-10-15 11:00,0.328
2018-10-15 12:00,0.311
2018-10-15 13:00,0.308
2018-10-15 14:00,0.305
2018-10-15 15:00,0.290
2018-10-15 16:00,0.255
2018-10-15 17:00,0.248
2018-10-15 18:00,0.248
2018-10-15 19:00,0.223
2018-10-15 20:00,0.219
2018-10-15 21:00,0.213
2018-10-15 22:00,0.217
2018-10-15 23:00,0.227
2018-10-16 00:00,0.232
2018-10-16 01:00,0.243
2018-10-16 02:00,0.258
2018-10-16 03:00,0.281
2018-10-16 04:00,0.323
2018-10-16 05:00,0.348
2018-10-16 06:00,0.367
2018-10-16 07:00,0.360
2018-10-16 08:00,0.338
2018-10-16 09:00,0.358
2018-10-16 10:00,0.483
2018-10-16 11:00,0.581
2018-10-16 12:00,0.628
2018-10-16 13:00,0.643
2018-10-16 14:00,0.610
2018-10-16 15:00,0.493
2018-10-16 16:00,0.454
2018-10-16 17:00,0.485
2018-10-16 18:00,0.472
2018-10-16 19:00,0.439
2018-10-16 20:00,0.423
2018-10-16 21:00,0.430
2018-10-16 22:00,0.395
2018-10-16 23:00,0.387
2018-10-17 00:00,0.383
2018-10-17 01:00,0.333
2018-10-17 02:00,0.318
2018-10-17 03:00,0.315
2018-10-17 04:00,0.302
2018-10-17 05:00,0.303
2018-10-17 06:00,0.293
2018-10-17 07:00,0.268
2018-10-17 08:00,0.212
2018-10-17 09:00,0.137
2018-10-17 10:00,0.127
2018-10-17 11:00,0.125
2018-10-17 12:00,0.115
2018-10-17 13:00,0.111
2018-10-17 14:00,0.118
2018-10-17 15:00,0.131
2018-10-17 16:00,0.173
2018-10-17 17:00,0.247
2018-10-17 18:00,0.323
2018-10-17 19:00,0.362
2018-10-17 20:00,0.357
2018-10-17 21:00,0.338
2018-10-17 22:00,0.336
2018-10-17 23:00,0.356
2018-10-18 00:00,0.368
2018-10-18 01:00,0.343
2018-10-18 02:00,0.313
2018-10-18 03:00,0.299
2018-10-18 04:00,0.275
2018-10-18 05:00,0.234
2018-10-18 06:00,0.196
2018-10-18 07:00,0.147
2018-10-18 08:00,0.083
2018-10-18 09:00,0.056
2018-10-18 10:00,0.043
2018-10-18 11:00,0.023
2018-10-18 12:00,0.013
2018-10-18 13:00,0.008
2018-10-18 14:00,0.006
2018-10-18 15:00,0.007
2018-10-18 16:00,0.015
2018-10-18 17:00,0.037
2018-10-18 18:00,0.077
2018-10-18 19:00,0.118
2018-10-18 20:00,0.139
2018-10-18 21:00,0.147
2018-10-18 22:00,0.172
2018-10-18 23:00,0.202
2018-10-19 00:00,0.203
2018-10-19 01:00,0.204
2018-10-19 02:00,0.207
2018-10-19 03:00,0.197
2018-10-19 04:00,0.186
2018-10-19 05:00,0.184
2018-10-19 06:00,0.174
2018-10-19 07:00,0.171
2018-10-19 08:00,0.147
2018-10-19 09:00,0.148
2018-10-19 10:00,0.166
2018-10-19 11:00,0.268
2018-10-19 12:00,0.311
2018-10-19 13:00,0.290
2018-10-19 14:00,0.215
2018-10-19 15:00,0.179
2018-10-19 16:00,0.196
2018-10-19 17:00,0.216
2018-10-19 18:00,0.216
2018-10-19 19:00,0.186
2018-10-19 20:00,0.163
2018-10-19 21:00,0.190
2018-10-19 22:00,0.224
2018-10-19 23:00,0.190
2018-10-20 00:00,0.148
2018-10-20 01:00,0.125
2018-10-20 02:00,0.114
2018-10-20 03:00,0.109
2018-10-20 04:00,0.142
2018-10-20 05:00,0.216
2018-10-20 06:00,0.299
2018-10-20 07:00,0.355
2018-10-20 08:00,0.271
2018-10-20 09:00,0.248
2018-10-20 10:00,0.328
2018-10-20 11:00,0.343
2018-10-20 12:00,0.357
2018-10-20 13:00,0.361
2018-10-20 14:00,0.355
2018-10-20 15:00,0.303
2018-10-20 16:00,0.303
2018-10-20 17:00,0.355
2018-10-20 18:00,0.377
2018-10-20 19:00,0.386
2018-10-20 20:00,0.382
2018-10-20 21:00,0.383
2018-10-20 22:00,0.384
2018-10-20 23:00,0.380
2018-10-21 00:00,0.380
2018-10-21 01:00,0.387
2018-10-21 02:00,0.407
2018-10-21 03:00,0.413
2018-10-21 04:00,0.420
2018-10-21 05:00,0.433
2018-10-21 06:00,0.442
2018-10-21 07:00,0.428
2018-10-21 08:00,0.299
2018-10-21 09:00,0.316
2018-10-21 10:00,0.470
2018-10-21 11:00,0.552
2018-10-21 12:00,0.624
2018-10-21 13:00,0.645
2018-10-21 14:00,0.616
2018-10-21 15:00,0.581
2018-10-21 16:00,0.546
2018-10-21 17:00,0.545
2018-10-21 18:00,0.520
2018-10-21 19:00,0.555
2018-10-21 20:00,0.577
2018-10-21 21:00,0.528
2018-10-21 22:00,0.466
2018-10-21 23:00,0.447
2018-10-22 00:00,0.470
2018-10-22 01:00,0.502
2018-10-22 02:00,0.493
2018-10-22 03:00,0.463
2018-10-22 04:00,0.471
2018-10-22 05:00,0.503
2018-10-22 06:00,0.510
2018-10-22 07:00,0.495
2018-10-22 08:00,0.338
2018-10-22 09:00,0.288
2018-10-22 10:00,0.390
2018-10-22 11:00,0.332
2018-10-22 12:00,0.343
2018-10-22 13:00,0.421
2018-10-22 14:00,0.525
2018-10-22 15:00,0.581
2018-10-22 16:00,0.597
2018-10-22 17:00,0.606
2018-10-22 18:00,0.642
2018-10-22 19:00,0.713
2018-10-22 20:00,0.772
2018-10-22 21:00,0.828
2018-10-22 22:00,0.850
2018-10-22 23:00,0.865
2018-10-23 00:00,0.905
2018-10-23 01:00,0.919
2018-10-23 02:00,0.913
2018-10-23 03:00,0.915
2018-10-23 04:00,0.922
2018-10-23 05:00,0.923
2018-10-23 06:00,0.923
2018-10-23 07:00,0.920
2018-10-23 08:00,0.914
2018-10-23 09:00,0.932
2018-10-23 10:00,0.941
2018-10-23 11:00,0.945
2018-10-23 12:00,0.944
2018-10-23 13:00,0.941
2018-10-23 14:00,0.927
2018-10-23 15:00,0.903
2018-10-23 16:00,0.882
2018-10-23 17:00,0.879
2018-10-23 18:00,0.879
2018-10-23 19:00,0.882
2018-10-23 20:00,0.880
2018-10-23 21:00,0.881
2018-10-23 22:00,0.876
2018-10-23 23:00,0.871
2018-10-24 00:00,0.866
2018-10-24 01:00,0.857
2018-10-24 02:00,0.844
2018-10-24 03:00,0.811
2018-10-24 04:00,0.775
2018-10-24 05:00,0.731
2018-10-24 06:00,0.696
2018-10-24 07:00,0.655
2018-10-24 08:00,0.591
2018-10-24 09:00,0.633
2018-10-24 10:00,0.617
2018-10-24 11:00,0.600
2018-10-24 12:00,0.601
2018-10-24 13:00,0.604
2018-10-24 14:00,0.612
2018-10-24 15:00,0.604
2018-10-24 16:00,0.600
2018-10-24 17:00,0.646
2018-10-24 18:00,0.696
2018-10-24 19:00,0.715
2018-10-24 20:00,0.716
2018-10-24 21:00,0.704
2018-10-24 22:00,0.673
2018-10-24 23:00,0.633
2018-10-25 00:00,0.576
2018-10-25 01:00,0.553
2018-10-25 02:00,0.552
2018-10-25 03:00,0.562
2018-10-25 04:00,0.559
2018-10-25 05:00,0.542
2018-10-25 06:00,0.512
2018-10-25 07:00,0.483
2018-10-25 08:00,0.361
2018-10-25 09:00,0.393
2018-10-25 10:00,0.433
2018-10-25 11:00,0.377
2018-10-25 12:00,0.345
2018-10-25 13:00,0.349
2018-10-25 14:00,0.358
2018-10-25 15:00,0.330
2018-10-25 16:00,0.344
2018-10-25 17:00,0.403
2018-10-25 18:00,0.447
2018-10-25 19:00,0.472
2018-10-25 20:00,0.513
2018-10-25 21:00,0.516
2018-10-25 22:00,0.508
2018-10-25 23:00,0.549
2018-10-26 00:00,0.581
2018-10-26 01:00,0.581
2018-10-26 02:00,0.612
2018-10-26 03:00,0.620
2018-10-26 04:00,0.604
2018-10-26 05:00,0.575
2018-10-26 06:00,0.556
2018-10-26 07:00,0.539
2018-10-26 08:00,0.466
2018-10-26 09:00,0.476
2018-10-26 10:00,0.547
2018-10-26 11:00,0.584
2018-10-26 12:00,0.628
2018-10-26 13:00,0.675
2018-10-26 14:00,0.705
2018-10-26 15:00,0.663
2018-10-26 16:00,0.649
2018-10-26 17:00,0.669
2018-10-26 18:00,0.677
2018-10-26 19:00,0.692
2018-10-26 20:00,0.696
2018-10-26 21:00,0.696
2018-10-26 22:00,0.692
2018-10-26 23:00,0.651
2018-10-27 00:00,0.622
2018-10-27 01:00,0.578
2018-10-27 02:00,0.516
2018-10-27 03:00,0.490
2018-10-27 04:00,0.480
2018-10-27 05:00,0.510
2018-10-27 06:00,0.586
2018-10-27 07:00,0.641
2018-10-27 08:00,0.669
2018-10-27 09:00,0.723
2018-10-27 10:00,0.725
2018-10-27 11:00,0.723
2018-10-27 12:00,0.732
2018-10-27 13:00,0.741
2018-10-27 14:00,0.739
2018-10-27 15:00,0.738
2018-10-27 16:00,0.745
2018-10-27 17:00,0.740
2018-10-27 18:00,0.678
2018-10-27 19:00,0.667
2018-10-27 20:00,0.606
2018-10-27 21:00,0.600
2018-10-27 22:00,0.594
2018-10-27 23:00,0.583
2018-10-28 00:00,0.581
2018-10-28 01:00,0.600
2018-10-28 02:00,0.649
2018-10-28 03:00,0.681
2018-10-28 04:00,0.711
2018-10-28 05:00,0.666
2018-10-28 06:00,0.621
2018-10-28 07:00,0.545
2018-10-28 08:00,0.391
2018-10-28 09:00,0.326
2018-10-28 10:00,0.486
2018-10-28 11:00,0.514
2018-10-28 12:00,0.488
2018-10-28 13:00,0.473
2018-10-28 14:00,0.467
2018-10-28 15:00,0.417
2018-10-28 16:00,0.416
2018-10-28 17:00,0.468
2018-10-28 18:00,0.489
2018-10-28 19:00,0.479
2018-10-28 20:00,0.442
2018-10-28 21:00,0.423
2018-10-28 22:00,0.402
2018-10-28 23:00,0.380
2018-10-29 00:00,0.364
2018-10-29 01:00,0.350
2018-10-29 02:00,0.338
2018-10-29 03:00,0.314
2018-10-29 04:00,0.276
2018-10-29 05:00,0.249
2018-10-29 06:00,0.241
2018-10-29 07:00,0.241
2018-10-29 08:00,0.211
2018-10-29 09:00,0.132
2018-10-29 10:00,0.176
2018-10-29 11:00,0.189
2018-10-29 12:00,0.198
2018-10-29 13:00,0.217
2018-10-29 14:00,0.223
2018-10-29 15:00,0.208
2018-10-29 16:00,0.254
2018-10-29 17:00,0.352
2018-10-29 18:00,0.417
2018-10-29 19:00,0.456
2018-10-29 20:00,0.480
2018-10-29 21:00,0.471
2018-10-29 22:00,0.475
2018-10-29 23:00,0.507
2018-10-30 00:00,0.572
2018-10-30 01:00,0.606
2018-10-30 02:00,0.545
2018-10-30 03:00,0.501
2018-10-30 04:00,0.499
2018-10-30 05:00,0.510
2018-10-30 06:00,0.505
2018-10-30 07:00,0.514
2018-10-30 08:00,0.457
2018-10-30 09:00,0.442
2018-10-30 10:00,0.400
2018-10-30 11:00,0.375
2018-10-30 12:00,0.370
2018-10-30 13:00,0.348
2018-10-30 14:00,0.327
2018-10-30 15:00,0.330
2018-10-30 16:00,0.355
2018-10-30 17:00,0.375
2018-10-30 18:00,0.365
2018-10-30 19:00,0.355
2018-10-30 20:00,0.346
2018-10-30 21:00,0.352
2018-10-30 22:00,0.346
2018-10-30 23:00,0.322
2018-10-31 00:00,0.281
2018-10-31 01:00,0.246
2018-10-31 02:00,0.245
2018-10-31 03:00,0.265
2018-10-31 04:00,0.327
2018-10-31 05:00,0.377
2018-10-31 06:00,0.406
2018-10-31 07:00,0.417
2018-10-31 08:00,0.341
2018-10-31 09:00,0.235
2018-10-31 10:00,0.268
2018-10-31 11:00,0.425
2018-10-31 12:00,0.497
2018-10-31 13:00,0.499
2018-10-31 14:00,0.463
2018-10-31 15:00,0.442
2018-10-31 16:00,0.510
2018-10-31 17:00,0.616
2018-10-31 18:00,0.667
2018-10-31 19:00,0.672
2018-10-31 20:00,0.664
2018-10-31 21:00,0.645
2018-10-31 22:00,0.602
2018-10-31 23:00,0.545
2018-11-01 00:00,0.447
2018-11-01 01:00,0.333
2018-11-01 02:00,0.289
2018-11-01 03:00,0.259
2018-11-01 04:00,0.229
2018-11-01 05:00,0.212
2018-11-01 06:00,0.204
2018-11-01 07:00,0.195
2018-11-01 08:00,0.212
2018-11-01 09:00,0.232
2018-11-01 10:00,0.235
2018-11-01 11:00,0.287
2018-11-01 12:00,0.365
2018-11-01 13:00,0.426
2018-11-01 14:00,0.439
2018-11-01 15:00,0.398
2018-11-01 16:00,0.419
2018-11-01 17:00,0.463
2018-11-01 18:00,0.451
2018-11-01 19:00,0.455
2018-11-01 20:00,0.480
2018-11-01 21:00,0.514
2018-11-01 22:00,0.542
2018-11-01 23:00,0.569
2018-11-02 00:00,0.594
2018-11-02 01:00,0.584
2018-11-02 02:00,0.572
2018-11-02 03:00,0.536
2018-11-02 04:00,0.521
2018-11-02 05:00,0.547
2018-11-02 06:00,0.524
2018-11-02 07:00,0.476
2018-11-02 08:00,0.410
2018-11-02 09:00,0.276
2018-11-02 10:00,0.213
2018-11-02 11:00,0.205
2018-11-02 12:00,0.186
2018-11-02 13:00,0.187
2018-11-02 14:00,0.161
2018-11-02 15:00,0.165
2018-11-02 16:00,0.206
2018-11-02 17:00,0.268
2018-11-02 18:00,0.370
2018-11-02 19:00,0.476
2018-11-02 20:00,0.523
2018-11-02 21:00,0.545
2018-11-02 22:00,0.590
2018-11-02 23:00,0.643
2018-11-03 00:00,0.661
2018-11-03 01:00,0.710
2018-11-03 02:00,0.747
2018-11-03 03:00,0.754
2018-11-03 04:00,0.772
2018-11-03 05:00,0.771
2018-11-03 06:00,0.772
2018-11-03 07:00,0.774
2018-11-03 08:00,0.760
2018-11-03 09:00,0.754
2018-11-03 10:00,0.837
2018-11-03 11:00,0.867
2018-11-03 12:00,0.872
2018-11-03 13:00,0.887
2018-11-03 14:00,0.896
2018-11-03 15:00,0.911
2018-11-03 16:00,0.924
2018-11-03 17:00,0.933
2018-11-03 18:00,0.935
2018-11-03 19:00,0.937
2018-11-03 20:00,0.937
2018-11-03 21:00,0.922
2018-11-03 22:00,0.911
2018-11-03 23:00,0.905
2018-11-04 00:00,0.895
2018-11-04 01:00,0.876
2018-11-04 02:00,0.819
2018-11-04 03:00,0.755
2018-11-04 04:00,0.730
2018-11-04 05:00,0.670
2018-11-04 06:00,0.591
2018-11-04 07:00,0.628
2018-11-04 08:00,0.546
2018-11-04 09:00,0.435
2018-11-04 10:00,0.390
2018-11-04 11:00,0.395
2018-11-04 12:00,0.373
2018-11-04 13:00,0.322
2018-11-04 14:00,0.275
2018-11-04 15:00,0.299
2018-11-04 16:00,0.355
2018-11-04 17:00,0.377
2018-11-04 18:00,0.387
2018-11-04 19:00,0.361
2018-11-04 20:00,0.311
2018-11-04 21:00,0.279
2018-11-04 22:00,0.249
2018-11-04 23:00,0.209
2018-11-05 00:00,0.183
2018-11-05 01:00,0.153
2018-11-05 02:00,0.157
2018-11-05 03:00,0.165
2018-11-05 04:00,0.178
2018-11-05 05:00,0.205
2018-11-05 06:00,0.224
2018-11-05 07:00,0.215
2018-11-05 08:00,0.180
2018-11-05 09:00,0.132
2018-11-05 10:00,0.151
2018-11-05 11:00,0.167
2018-11-05 12:00,0.171
2018-11-05 13:00,0.156
2018-11-05 14:00,0.124
2018-11-05 15:00,0.113
2018-11-05 16:00,0.153
2018-11-05 17:00,0.251
2018-11-05 18:00,0.362
2018-11-05 19:00,0.418
2018-11-05 20:00,0.436
2018-11-05 21:00,0.440
2018-11-05 22:00,0.418
2018-11-05 23:00,0.374
2018-11-06 00:00,0.320
2018-11-06 01:00,0.264
2018-11-06 02:00,0.242
2018-11-06 03:00,0.229
2018-11-06 04:00,0.217
2018-11-06 05:00,0.216
2018-11-06 06:00,0.238
2018-11-06 07:00,0.276
2018-11-06 08:00,0.359
2018-11-06 09:00,0.379
2018-11-06 10:00,0.356
2018-11-06 11:00,0.502
2018-11-06 12:00,0.661
2018-11-06 13:00,0.752
2018-11-06 14:00,0.777
2018-11-06 15:00,0.777
2018-11-06 16:00,0.799
2018-11-06 17:00,0.803
2018-11-06 18:00,0.799
2018-11-06 19:00,0.833
2018-11-06 20:00,0.834
2018-11-06 21:00,0.834
2018-11-06 22:00,0.829
2018-11-06 23:00,0.803
2018-11-07 00:00,0.787
2018-11-07 01:00,0.799
2018-11-07 02:00,0.826
2018-11-07 03:00,0.838
2018-11-07 04:00,0.862
2018-11-07 05:00,0.889
2018-11-07 06:00,0.893
2018-11-07 07:00,0.892
2018-11-07 08:00,0.866
2018-11-07 09:00,0.834
2018-11-07 10:00,0.826
2018-11-07 11:00,0.841
2018-11-07 12:00,0.860
2018-11-07 13:00,0.810
2018-11-07 14:00,0.729
2018-11-07 15:00,0.654
2018-11-07 16:00,0.568
2018-11-07 17:00,0.503
2018-11-07 18:00,0.525
2018-11-07 19:00,0.542
2018-11-07 20:00,0.486
2018-11-07 21:00,0.445
2018-11-07 22:00,0.447
2018-11-07 23:00,0.415
2018-11-08 00:00,0.377
2018-11-08 01:00,0.338
2018-11-08 02:00,0.307
2018-11-08 03:00,0.305
2018-11-08 04:00,0.309
2018-11-08 05:00,0.313
2018-11-08 06:00,0.345
2018-11-08 07:00,0.429
2018-11-08 08:00,0.561
2018-11-08 09:00,0.672
2018-11-08 10:00,0.693
2018-11-08 11:00,0.668
2018-11-08 12:00,0.675
2018-11-08 13:00,0.696
2018-11-08 14:00,0.709
2018-11-08 15:00,0.734
2018-11-08 16:00,0.734
2018-11-08 17:00,0.700
2018-11-08 18:00,0.704
2018-11-08 19:00,0.726
2018-11-08 20:00,0.728
2018-11-08 21:00,0.706
2018-11-08 22:00,0.661
2018-11-08 23:00,0.673
2018-11-09 00:00,0.618
2018-11-09 01:00,0.540
2018-11-09 02:00,0.549
2018-11-09 03:00,0.558
2018-11-09 04:00,0.517
2018-11-09 05:00,0.488
2018-11-09 06:00,0.501
2018-11-09 07:00,0.532
2018-11-09 08:00,0.559
2018-11-09 09:00,0.636
2018-11-09 10:00,0.661
2018-11-09 11:00,0.696
2018-11-09 12:00,0.767
2018-11-09 13:00,0.813
2018-11-09 14:00,0.834
2018-11-09 15:00,0.866
2018-11-09 16:00,0.900
2018-11-09 17:00,0.938
2018-11-09 18:00,0.966
2018-11-09 19:00,0.980
2018-11-09 20:00,0.986
2018-11-09 21:00,0.984
2018-11-09 22:00,0.969
2018-11-09 23:00,0.918
2018-11-10 00:00,0.824
2018-11-10 01:00,0.682
2018-11-10 02:00,0.558
2018-11-10 03:00,0.546
2018-11-10 04:00,0.512
2018-11-10 05:00,0.461
2018-11-10 06:00,0.439
2018-11-10 07:00,0.400
2018-11-10 08:00,0.380
2018-11-10 09:00,0.359
2018-11-10 10:00,0.458
2018-11-10 11:00,0.466
2018-11-10 12:00,0.476
2018-11-10 13:00,0.489
2018-11-10 14:00,0.571
2018-11-10 15:00,0.673
2018-11-10 16:00,0.699
2018-11-10 17:00,0.638
2018-11-10 18:00,0.572
2018-11-10 19:00,0.505
2018-11-10 20:00,0.463
2018-11-10 21:00,0.400
2018-11-10 22:00,0.360
2018-11-10 23:00,0.345
2018-11-11 00:00,0.314
2018-11-11 01:00,0.286
2018-11-11 02:00,0.239
2018-11-11 03:00,0.212
2018-11-11 04:00,0.207
2018-11-11 05:00,0.212
2018-11-11 06:00,0.218
2018-11-11 07:00,0.235
2018-11-11 08:00,0.295
2018-11-11 09:00,0.338
2018-11-11 10:00,0.386
2018-11-11 11:00,0.453
2018-11-11 12:00,0.643
2018-11-11 13:00,0.767
2018-11-11 14:00,0.754
2018-11-11 15:00,0.689
2018-11-11 16:00,0.667
2018-11-11 17:00,0.652
2018-11-11 18:00,0.645
2018-11-11 19:00,0.611
2018-11-11 20:00,0.581
2018-11-11 21:00,0.586
2018-11-11 22:00,0.559
2018-11-11 23:00,0.487
2018-11-12 00:00,0.441
2018-11-12 01:00,0.442
2018-11-12 02:00,0.463
2018-11-12 03:00,0.466
2018-11-12 04:00,0.460
2018-11-12 05:00,0.456
2018-11-12 06:00,0.463
2018-11-12 07:00,0.467
2018-11-12 08:00,0.485
2018-11-12 09:00,0.480
2018-11-12 10:00,0.574
2018-11-12 11:00,0.677
2018-11-12 12:00,0.704
2018-11-12 13:00,0.765
2018-11-12 14:00,0.799
2018-11-12 15:00,0.807
2018-11-12 16:00,0.806
2018-11-12 17:00,0.804
2018-11-12 18:00,0.803
2018-11-12 19:00,0.777
2018-11-12 20:00,0.725
2018-11-12 21:00,0.705
2018-11-12 22:00,0.696
2018-11-12 23:00,0.696
2018-11-13 00:00,0.683
2018-11-13 01:00,0.697
2018-11-13 02:00,0.712
2018-11-13 03:00,0.715
2018-11-13 04:00,0.721
2018-11-13 05:00,0.740
2018-11-13 06:00,0.767
2018-11-13 07:00,0.770
2018-11-13 08:00,0.757
2018-11-13 09:00,0.746
2018-11-13 10:00,0.699
2018-11-13 11:00,0.713
2018-11-13 12:00,0.723
2018-11-13 13:00,0.696
2018-11-13 14:00,0.609
2018-11-13 15:00,0.542
2018-11-13 16:00,0.527
2018-11-13 17:00,0.528
2018-11-13 18:00,0.523
2018-11-13 19:00,0.505
2018-11-13 20:00,0.522
2018-11-13 21:00,0.528
2018-11-13 22:00,0.536
2018-11-13 23:00,0.555
2018-11-14 00:00,0.588
2018-11-14 01:00,0.616
2018-11-14 02:00,0.639
2018-11-14 03:00,0.663
2018-11-14 04:00,0.768
2018-11-14 05:00,0.772
2018-11-14 06:00,0.768
2018-11-14 07:00,0.768
2018-11-14 08:00,0.752
2018-11-14 09:00,0.754
2018-11-14 10:00,0.758
2018-11-14 11:00,0.748
2018-11-14 12:00,0.786
2018-11-14 13:00,0.760
2018-11-14 14:00,0.707
2018-11-14 15:00,0.663
2018-11-14 16:00,0.641
2018-11-14 17:00,0.635
2018-11-14 18:00,0.613
2018-11-14 19:00,0.594
2018-11-14 20:00,0.571
2018-11-14 21:00,0.562
2018-11-14 22:00,0.559
2018-11-14 23:00,0.502
2018-11-15 00:00,0.463
2018-11-15 01:00,0.421
2018-11-15 02:00,0.423
2018-11-15 03:00,0.400
2018-11-15 04:00,0.403
2018-11-15 05:00,0.436
2018-11-15 06:00,0.460
2018-11-15 07:00,0.473
2018-11-15 08:00,0.465
2018-11-15 09:00,0.418
2018-11-15 10:00,0.434
2018-11-15 11:00,0.486
2018-11-15 12:00,0.462
2018-11-15 13:00,0.426
2018-11-15 14:00,0.372
2018-11-15 15:00,0.422
2018-11-15 16:00,0.510
2018-11-15 17:00,0.549
2018-11-15 18:00,0.546
2018-11-15 19:00,0.527
2018-11-15 20:00,0.509
2018-11-15 21:00,0.472
2018-11-15 22:00,0.403
2018-11-15 23:00,0.323
2018-11-16 00:00,0.252
2018-11-16 01:00,0.199
2018-11-16 02:00,0.163
2018-11-16 03:00,0.174
2018-11-16 04:00,0.231
2018-11-16 05:00,0.285
2018-11-16 06:00,0.299
2018-11-16 07:00,0.286
2018-11-16 08:00,0.251
2018-11-16 09:00,0.185
2018-11-16 10:00,0.152
2018-11-16 11:00,0.147
2018-11-16 12:00,0.163
2018-11-16 13:00,0.167
2018-11-16 14:00,0.182
2018-11-16 15:00,0.228
2018-11-16 16:00,0.308
2018-11-16 17:00,0.304
2018-11-16 18:00,0.284
2018-11-16 19:00,0.280
2018-11-16 20:00,0.270
2018-11-16 21:00,0.263
2018-11-16 22:00,0.270
2018-11-16 23:00,0.265
2018-11-17 00:00,0.248
2018-11-17 01:00,0.229
2018-11-17 02:00,0.239
2018-11-17 03:00,0.251
2018-11-17 04:00,0.259
2018-11-17 05:00,0.273
2018-11-17 06:00,0.297
2018-11-17 07:00,0.335
2018-11-17 08:00,0.367
2018-11-17 09:00,0.390
2018-11-17 10:00,0.406
2018-11-17 11:00,0.383
2018-11-17 12:00,0.355
2018-11-17 13:00,0.387
2018-11-17 14:00,0.418
2018-11-17 15:00,0.500
2018-11-17 16:00,0.582
2018-11-17 17:00,0.600
2018-11-17 18:00,0.576
2018-11-17 19:00,0.544
2018-11-17 20:00,0.506
2018-11-17 21:00,0.442
2018-11-17 22:00,0.450
2018-11-17 23:00,0.422
2018-11-18 00:00,0.364
2018-11-18 01:00,0.326
2018-11-18 02:00,0.311
2018-11-18 03:00,0.312
2018-11-18 04:00,0.323
2018-11-18 05:00,0.350
2018-11-18 06:00,0.367
2018-11-18 07:00,0.379
2018-11-18 08:00,0.362
2018-11-18 09:00,0.322
2018-11-18 10:00,0.341
2018-11-18 11:00,0.410
2018-11-18 12:00,0.456
2018-11-18 13:00,0.514
2018-11-18 14:00,0.557
2018-11-18 15:00,0.581
2018-11-18 16:00,0.589
2018-11-18 17:00,0.603
2018-11-18 18:00,0.595
2018-11-18 19:00,0.588
2018-11-18 20:00,0.594
2018-11-18 21:00,0.597
2018-11-18 22:00,0.599
2018-11-18 23:00,0.601
2018-11-19 00:00,0.604
2018-11-19 01:00,0.551
2018-11-19 02:00,0.522
2018-11-19 03:00,0.520
2018-11-19 04:00,0.554
2018-11-19 05:00,0.606
2018-11-19 06:00,0.640
2018-11-19 07:00,0.640
2018-11-19 08:00,0.616
2018-11-19 09:00,0.560
2018-11-19 10:00,0.528
2018-11-19 11:00,0.666
2018-11-19 12:00,0.750
2018-11-19 13:00,0.696
2018-11-19 14:00,0.648
2018-11-19 15:00,0.655
2018-11-19 16:00,0.695
2018-11-19 17:00,0.693
2018-11-19 18:00,0.666
2018-11-19 19:00,0.674
2018-11-19 20:00,0.687
2018-11-19 21:00,0.704
2018-11-19 22:00,0.700
2018-11-19 23:00,0.692
2018-11-20 00:00,0.674
2018-11-20 01:00,0.674
2018-11-20 02:00,0.665
2018-11-20 03:00,0.663
2018-11-20 04:00,0.692
2018-11-20 05:00,0.702
2018-11-20 06:00,0.696
2018-11-20 07:00,0.700
2018-11-20 08:00,0.683
2018-11-20 09:00,0.656
2018-11-20 10:00,0.739
2018-11-20 11:00,0.814
2018-11-20 12:00,0.803
2018-11-20 13:00,0.779
2018-11-20 14:00,0.758
2018-11-20 15:00,0.739
2018-11-20 16:00,0.707
2018-11-20 17:00,0.670
2018-11-20 18:00,0.625
2018-11-20 19:00,0.542
2018-11-20 20:00,0.468
2018-11-20 21:00,0.481
2018-11-20 22:00,0.429
2018-11-20 23:00,0.380
2018-11-21 00:00,0.364
2018-11-21 01:00,0.397
2018-11-21 02:00,0.388
2018-11-21 03:00,0.394
2018-11-21 04:00,0.405
2018-11-21 05:00,0.429
2018-11-21 06:00,0.439
2018-11-21 07:00,0.426
2018-11-21 08:00,0.405
2018-11-21 09:00,0.442
2018-11-21 10:00,0.500
2018-11-21 11:00,0.523
2018-11-21 12:00,0.524
2018-11-21 13:00,0.517
2018-11-21 14:00,0.499
2018-11-21 15:00,0.549
2018-11-21 16:00,0.600
2018-11-21 17:00,0.553
2018-11-21 18:00,0.490
2018-11-21 19:00,0.442
2018-11-21 20:00,0.395
2018-11-21 21:00,0.314
2018-11-21 22:00,0.210
2018-11-21 23:00,0.131
2018-11-22 00:00,0.074
2018-11-22 01:00,0.046
2018-11-22 02:00,0.044
2018-11-22 03:00,0.058
2018-11-22 04:00,0.070
2018-11-22 05:00,0.078
2018-11-22 06:00,0.083
2018-11-22 07:00,0.091
2018-11-22 08:00,0.102
2018-11-22 09:00,0.105
2018-11-22 10:00,0.087
2018-11-22 11:00,0.085
2018-11-22 12:00,0.084
2018-11-22 13:00,0.088
2018-11-22 14:00,0.102
2018-11-22 15:00,0.158
2018-11-22 16:00,0.216
2018-11-22 17:00,0.246
2018-11-22 18:00,0.257
2018-11-22 19:00,0.254
2018-11-22 20:00,0.245
2018-11-22 21:00,0.230
2018-11-22 22:00,0.206
2018-11-22 23:00,0.178
2018-11-23 00:00,0.145
2018-11-23 01:00,0.125
2018-11-23 02:00,0.111
2018-11-23 03:00,0.111
2018-11-23 04:00,0.119
2018-11-23 05:00,0.138
2018-11-23 06:00,0.160
2018-11-23 07:00,0.180
2018-11-23 08:00,0.186
2018-11-23 09:00,0.156
2018-11-23 10:00,0.123
2018-11-23 11:00,0.112
2018-11-23 12:00,0.116
2018-11-23 13:00,0.121
2018-11-23 14:00,0.135
2018-11-23 15:00,0.198
2018-11-23 16:00,0.281
2018-11-23 17:00,0.317
2018-11-23 18:00,0.312
2018-11-23 19:00,0.312
2018-11-23 20:00,0.319
2018-11-23 21:00,0.327
2018-11-23 22:00,0.334
2018-11-23 23:00,0.345
2018-11-24 00:00,0.357
2018-11-24 01:00,0.355
2018-11-24 02:00,0.338
2018-11-24 03:00,0.339
2018-11-24 04:00,0.348
2018-11-24 05:00,0.369
2018-11-24 06:00,0.383
2018-11-24 07:00,0.395
2018-11-24 08:00,0.416
2018-11-24 09:00,0.395
2018-11-24 10:00,0.345
2018-11-24 11:00,0.313
2018-11-24 12:00,0.322
2018-11-24 13:00,0.314
2018-11-24 14:00,0.328
2018-11-24 15:00,0.378
2018-11-24 16:00,0.425
2018-11-24 17:00,0.410
2018-11-24 18:00,0.390
2018-11-24 19:00,0.360
2018-11-24 20:00,0.343
2018-11-24 21:00,0.314
2018-11-24 22:00,0.288
2018-11-24 23:00,0.272
2018-11-25 00:00,0.256
2018-11-25 01:00,0.246
2018-11-25 02:00,0.248
2018-11-25 03:00,0.263
2018-11-25 04:00,0.289
2018-11-25 05:00,0.318
2018-11-25 06:00,0.349
2018-11-25 07:00,0.372
2018-11-25 08:00,0.362
2018-11-25 09:00,0.317
2018-11-25 10:00,0.262
2018-11-25 11:00,0.275
2018-11-25 12:00,0.289
2018-11-25 13:00,0.261
2018-11-25 14:00,0.265
2018-11-25 15:00,0.311
2018-11-25 16:00,0.382
2018-11-25 17:00,0.403
2018-11-25 18:00,0.391
2018-11-25 19:00,0.393
2018-11-25 20:00,0.403
2018-11-25 21:00,0.419
2018-11-25 22:00,0.437
2018-11-25 23:00,0.451
2018-11-26 00:00,0.454
2018-11-26 01:00,0.423
2018-11-26 02:00,0.387
2018-11-26 03:00,0.335
2018-11-26 04:00,0.326
2018-11-26 05:00,0.348
2018-11-26 06:00,0.365
2018-11-26 07:00,0.379
2018-11-26 08:00,0.377
2018-11-26 09:00,0.282
2018-11-26 10:00,0.173
2018-11-26 11:00,0.141
2018-11-26 12:00,0.122
2018-11-26 13:00,0.100
2018-11-26 14:00,0.091
2018-11-26 15:00,0.114
2018-11-26 16:00,0.116
2018-11-26 17:00,0.099
2018-11-26 18:00,0.080
2018-11-26 19:00,0.076
2018-11-26 20:00,0.072
2018-11-26 21:00,0.061
2018-11-26 22:00,0.060
2018-11-26 23:00,0.066
2018-11-27 00:00,0.093
2018-11-27 01:00,0.148
2018-11-27 02:00,0.213
2018-11-27 03:00,0.213
2018-11-27 04:00,0.211
2018-11-27 05:00,0.243
2018-11-27 06:00,0.307
2018-11-27 07:00,0.345
2018-11-27 08:00,0.410
2018-11-27 09:00,0.465
2018-11-27 10:00,0.520
2018-11-27 11:00,0.645
2018-11-27 12:00,0.735
2018-11-27 13:00,0.803
2018-11-27 14:00,0.847
2018-11-27 15:00,0.879
2018-11-27 16:00,0.893
2018-11-27 17:00,0.859
2018-11-27 18:00,0.775
2018-11-27 19:00,0.609
2018-11-27 20:00,0.463
2018-11-27 21:00,0.294
2018-11-27 22:00,0.213
2018-11-27 23:00,0.196
2018-11-28 00:00,0.204
2018-11-28 01:00,0.205
2018-11-28 02:00,0.210
2018-11-28 03:00,0.279
2018-11-28 04:00,0.413
2018-11-28 05:00,0.574
2018-11-28 06:00,0.758
2018-11-28 07:00,0.831
2018-11-28 08:00,0.848
2018-11-28 09:00,0.884
2018-11-28 10:00,0.899
2018-11-28 11:00,0.927
2018-11-28 12:00,0.953
2018-11-28 13:00,0.972
2018-11-28 14:00,0.987
2018-11-28 15:00,0.992
2018-11-28 16:00,0.993
2018-11-28 17:00,0.993
2018-11-28 18:00,0.990
2018-11-28 19:00,0.976
2018-11-28 20:00,0.941
2018-11-28 21:00,0.888
2018-11-28 22:00,0.817
2018-11-28 23:00,0.692
2018-11-29 00:00,0.562
2018-11-29 01:00,0.497
2018-11-29 02:00,0.450
2018-11-29 03:00,0.433
2018-11-29 04:00,0.454
2018-11-29 05:00,0.529
2018-11-29 06:00,0.765
2018-11-29 07:00,0.932
2018-11-29 08:00,0.966
2018-11-29 09:00,0.983
2018-11-29 10:00,0.988
2018-11-29 11:00,0.993
2018-11-29 12:00,0.990
2018-11-29 13:00,0.991
2018-11-29 14:00,0.993
2018-11-29 15:00,0.937
2018-11-29 16:00,0.851
2018-11-29 17:00,0.842
2018-11-29 18:00,0.851
2018-11-29 19:00,0.837
2018-11-29 20:00,0.853
2018-11-29 21:00,0.850
2018-11-29 22:00,0.839
2018-11-29 23:00,0.821
2018-11-30 00:00,0.817
2018-11-30 01:00,0.807
2018-11-30 02:00,0.748
2018-11-30 03:00,0.723
2018-11-30 04:00,0.714
2018-11-30 05:00,0.694
2018-11-30 06:00,0.675
2018-11-30 07:00,0.669
2018-11-30 08:00,0.686
2018-11-30 09:00,0.715
2018-11-30 10:00,0.702
2018-11-30 11:00,0.765
2018-11-30 12:00,0.789
2018-11-30 13:00,0.811
2018-11-30 14:00,0.801
2018-11-30 15:00,0.782
2018-11-30 16:00,0.772
2018-11-30 17:00,0.753
2018-11-30 18:00,0.691
2018-11-30 19:00,0.599
2018-11-30 20:00,0.563
2018-11-30 21:00,0.549
2018-11-30 22:00,0.542
2018-11-30 23:00,0.488
2018-12-01 00:00,0.442
2018-12-01 01:00,0.396
2018-12-01 02:00,0.338
2018-12-01 03:00,0.319
2018-12-01 04:00,0.270
2018-12-01 05:00,0.265
2018-12-01 06:00,0.303
2018-12-01 07:00,0.355
2018-12-01 08:00,0.383
2018-12-01 09:00,0.414
2018-12-01 10:00,0.448
2018-12-01 11:00,0.499
2018-12-01 12:00,0.611
2018-12-01 13:00,0.587
2018-12-01 14:00,0.521
2018-12-01 15:00,0.520
2018-12-01 16:00,0.523
2018-12-01 17:00,0.562
2018-12-01 18:00,0.615
2018-12-01 19:00,0.564
2018-12-01 20:00,0.502
2018-12-01 21:00,0.473
2018-12-01 22:00,0.462
2018-12-01 23:00,0.453
2018-12-02 00:00,0.447
2018-12-02 01:00,0.473
2018-12-02 02:00,0.431
2018-12-02 03:00,0.439
2018-12-02 04:00,0.409
2018-12-02 05:00,0.366
2018-12-02 06:00,0.362
2018-12-02 07:00,0.431
2018-12-02 08:00,0.581
2018-12-02 09:00,0.689
2018-12-02 10:00,0.749
2018-12-02 11:00,0.758
2018-12-02 12:00,0.799
2018-12-02 13:00,0.792
2018-12-02 14:00,0.748
2018-12-02 15:00,0.720
2018-12-02 16:00,0.766
2018-12-02 17:00,0.802
2018-12-02 18:00,0.837
2018-12-02 19:00,0.845
2018-12-02 20:00,0.840
2018-12-02 21:00,0.847
2018-12-02 22:00,0.870
2018-12-02 23:00,0.878
2018-12-03 00:00,0.878
2018-12-03 01:00,0.899
2018-12-03 02:00,0.919
2018-12-03 03:00,0.908
2018-12-03 04:00,0.860
2018-12-03 05:00,0.707
2018-12-03 06:00,0.516
2018-12-03 07:00,0.361
2018-12-03 08:00,0.251
2018-12-03 09:00,0.156
2018-12-03 10:00,0.106
2018-12-03 11:00,0.109
2018-12-03 12:00,0.142
2018-12-03 13:00,0.171
2018-12-03 14:00,0.183
2018-12-03 15:00,0.246
2018-12-03 16:00,0.306
2018-12-03 17:00,0.305
2018-12-03 18:00,0.268
2018-12-03 19:00,0.212
2018-12-03 20:00,0.159
2018-12-03 21:00,0.130
2018-12-03 22:00,0.153
2018-12-03 23:00,0.188
2018-12-04 00:00,0.200
2018-12-04 01:00,0.199
2018-12-04 02:00,0.195
2018-12-04 03:00,0.170
2018-12-04 04:00,0.129
2018-12-04 05:00,0.109
2018-12-04 06:00,0.079
2018-12-04 07:00,0.059
2018-12-04 08:00,0.043
2018-12-04 09:00,0.025
2018-12-04 10:00,0.029
2018-12-04 11:00,0.046
2018-12-04 12:00,0.070
2018-12-04 13:00,0.082
2018-12-04 14:00,0.103
2018-12-04 15:00,0.132
2018-12-04 16:00,0.154
2018-12-04 17:00,0.190
2018-12-04 18:00,0.217
2018-12-04 19:00,0.172
2018-12-04 20:00,0.135
2018-12-04 21:00,0.123
2018-12-04 22:00,0.113
2018-12-04 23:00,0.104
2018-12-05 00:00,0.092
2018-12-05 01:00,0.085
2018-12-05 02:00,0.112
2018-12-05 03:00,0.165
2018-12-05 04:00,0.257
2018-12-05 05:00,0.358
2018-12-05 06:00,0.428
2018-12-05 07:00,0.479
2018-12-05 08:00,0.486
2018-12-05 09:00,0.450
2018-12-05 10:00,0.376
2018-12-05 11:00,0.359
2018-12-05 12:00,0.336
2018-12-05 13:00,0.410
2018-12-05 14:00,0.473
2018-12-05 15:00,0.460
2018-12-05 16:00,0.408
2018-12-05 17:00,0.373
2018-12-05 18:00,0.345
2018-12-05 19:00,0.426
2018-12-05 20:00,0.497
2018-12-05 21:00,0.477
2018-12-05 22:00,0.445
2018-12-05 23:00,0.390
2018-12-06 00:00,0.385
2018-12-06 01:00,0.442
2018-12-06 02:00,0.374
2018-12-06 03:00,0.361
2018-12-06 04:00,0.374
2018-12-06 05:00,0.402
2018-12-06 06:00,0.460
2018-12-06 07:00,0.539
2018-12-06 08:00,0.574
2018-12-06 09:00,0.577
2018-12-06 10:00,0.645
2018-12-06 11:00,0.659
2018-12-06 12:00,0.702
2018-12-06 13:00,0.768
2018-12-06 14:00,0.761
2018-12-06 15:00,0.732
2018-12-06 16:00,0.710
2018-12-06 17:00,0.628
2018-12-06 18:00,0.581
2018-12-06 19:00,0.534
2018-12-06 20:00,0.456
2018-12-06 21:00,0.445
2018-12-06 22:00,0.429
2018-12-06 23:00,0.410
2018-12-07 00:00,0.499
2018-12-07 01:00,0.610
2018-12-07 02:00,0.694
2018-12-07 03:00,0.834
2018-12-07 04:00,0.912
2018-12-07 05:00,0.901
2018-12-07 06:00,0.847
2018-12-07 07:00,0.837
2018-12-07 08:00,0.869
2018-12-07 09:00,0.882
2018-12-07 10:00,0.863
2018-12-07 11:00,0.890
2018-12-07 12:00,0.919
2018-12-07 13:00,0.932
2018-12-07 14:00,0.933
2018-12-07 15:00,0.926
2018-12-07 16:00,0.921
2018-12-07 17:00,0.914
2018-12-07 18:00,0.916
2018-12-07 19:00,0.944
2018-12-07 20:00,0.963
2018-12-07 21:00,0.978
2018-12-07 22:00,0.984
2018-12-07 23:00,0.986
2018-12-08 00:00,0.989
2018-12-08 01:00,0.990
2018-12-08 02:00,0.991
2018-12-08 03:00,0.991
2018-12-08 04:00,0.992
2018-12-08 05:00,0.992
2018-12-08 06:00,0.990
2018-12-08 07:00,0.986
2018-12-08 08:00,0.980
2018-12-08 09:00,0.971
2018-12-08 10:00,0.951
2018-12-08 11:00,0.927
2018-12-08 12:00,0.884
2018-12-08 13:00,0.759
2018-12-08 14:00,0.660
2018-12-08 15:00,0.804
2018-12-08 16:00,0.950
2018-12-08 17:00,0.959
2018-12-08 18:00,0.948
2018-12-08 19:00,0.923
2018-12-08 20:00,0.905
2018-12-08 21:00,0.907
2018-12-08 22:00,0.908
2018-12-08 23:00,0.901
2018-12-09 00:00,0.878
2018-12-09 01:00,0.837
2018-12-09 02:00,0.746
2018-12-09 03:00,0.580
2018-12-09 04:00,0.473
2018-12-09 05:00,0.456
2018-12-09 06:00,0.516
2018-12-09 07:00,0.549
2018-12-09 08:00,0.536
2018-12-09 09:00,0.505
2018-12-09 10:00,0.461
2018-12-09 11:00,0.442
2018-12-09 12:00,0.489
2018-12-09 13:00,0.499
2018-12-09 14:00,0.539
2018-12-09 15:00,0.590
2018-12-09 16:00,0.581
2018-12-09 17:00,0.572
2018-12-09 18:00,0.568
2018-12-09 19:00,0.556
2018-12-09 20:00,0.545
2018-12-09 21:00,0.536
2018-12-09 22:00,0.541
2018-12-09 23:00,0.522
2018-12-10 00:00,0.497
2018-12-10 01:00,0.454
2018-12-10 02:00,0.387
2018-12-10 03:00,0.327
2018-12-10 04:00,0.293
2018-12-10 05:00,0.257
2018-12-10 06:00,0.232
2018-12-10 07:00,0.198
2018-12-10 08:00,0.159
2018-12-10 09:00,0.145
2018-12-10 10:00,0.117
2018-12-10 11:00,0.102
2018-12-10 12:00,0.074
2018-12-10 13:00,0.049
2018-12-10 14:00,0.033
2018-12-10 15:00,0.026
2018-12-10 16:00,0.021
2018-12-10 17:00,0.019
2018-12-10 18:00,0.021
2018-12-10 19:00,0.021
2018-12-10 20:00,0.018
2018-12-10 21:00,0.013
2018-12-10 22:00,0.010
2018-12-10 23:00,0.014
2018-12-11 00:00,0.026
2018-12-11 01:00,0.042
2018-12-11 02:00,0.058
2018-12-11 03:00,0.070
2018-12-11 04:00,0.086
2018-12-11 05:00,0.114
2018-12-11 06:00,0.139
2018-12-11 07:00,0.146
2018-12-11 08:00,0.149
2018-12-11 09:00,0.141
2018-12-11 10:00,0.138
2018-12-11 11:00,0.153
2018-12-11 12:00,0.141
2018-12-11 13:00,0.125
2018-12-11 14:00,0.139
2018-12-11 15:00,0.204
2018-12-11 16:00,0.276
2018-12-11 17:00,0.296
2018-12-11 18:00,0.310
2018-12-11 19:00,0.321
2018-12-11 20:00,0.311
2018-12-11 21:00,0.309
2018-12-11 22:00,0.298
2018-12-11 23:00,0.289
2018-12-12 00:00,0.280
2018-12-12 01:00,0.268
2018-12-12 02:00,0.260
2018-12-12 03:00,0.276
2018-12-12 04:00,0.320
2018-12-12 05:00,0.348
2018-12-12 06:00,0.367
2018-12-12 07:00,0.403
2018-12-12 08:00,0.436
2018-12-12 09:00,0.466
2018-12-12 10:00,0.490
2018-12-12 11:00,0.546
2018-12-12 12:00,0.575
2018-12-12 13:00,0.539
2018-12-12 14:00,0.524
2018-12-12 15:00,0.580
2018-12-12 16:00,0.628
2018-12-12 17:00,0.656
2018-12-12 18:00,0.649
2018-12-12 19:00,0.591
2018-12-12 20:00,0.562
2018-12-12 21:00,0.597
2018-12-12 22:00,0.611
2018-12-12 23:00,0.585
2018-12-13 00:00,0.575
2018-12-13 01:00,0.563
2018-12-13 02:00,0.570
2018-12-13 03:00,0.612
2018-12-13 04:00,0.659
2018-12-13 05:00,0.682
2018-12-13 06:00,0.694
2018-12-13 07:00,0.713
2018-12-13 08:00,0.714
2018-12-13 09:00,0.709
2018-12-13 10:00,0.628
2018-12-13 11:00,0.616
2018-12-13 12:00,0.710
2018-12-13 13:00,0.711
2018-12-13 14:00,0.712
2018-12-13 15:00,0.708
2018-12-13 16:00,0.704
2018-12-13 17:00,0.689
2018-12-13 18:00,0.629
2018-12-13 19:00,0.582
2018-12-13 20:00,0.542
2018-12-13 21:00,0.518
2018-12-13 22:00,0.499
2018-12-13 23:00,0.483
2018-12-14 00:00,0.476
2018-12-14 01:00,0.452
2018-12-14 02:00,0.440
2018-12-14 03:00,0.443
2018-12-14 04:00,0.402
2018-12-14 05:00,0.326
2018-12-14 06:00,0.285
2018-12-14 07:00,0.299
2018-12-14 08:00,0.360
2018-12-14 09:00,0.348
2018-12-14 10:00,0.215
2018-12-14 11:00,0.135
2018-12-14 12:00,0.134
2018-12-14 13:00,0.165
2018-12-14 14:00,0.254
2018-12-14 15:00,0.393
2018-12-14 16:00,0.479
2018-12-14 17:00,0.504
2018-12-14 18:00,0.470
2018-12-14 19:00,0.439
2018-12-14 20:00,0.431
2018-12-14 21:00,0.438
2018-12-14 22:00,0.450
2018-12-14 23:00,0.483
2018-12-15 00:00,0.499
2018-12-15 01:00,0.563
2018-12-15 02:00,0.596
2018-12-15 03:00,0.581
2018-12-15 04:00,0.585
2018-12-15 05:00,0.618
2018-12-15 06:00,0.661
2018-12-15 07:00,0.705
2018-12-15 08:00,0.732
2018-12-15 09:00,0.749
2018-12-15 10:00,0.855
2018-12-15 11:00,0.909
2018-12-15 12:00,0.935
2018-12-15 13:00,0.938
2018-12-15 14:00,0.944
2018-12-15 15:00,0.963
2018-12-15 16:00,0.977
2018-12-15 17:00,0.983
2018-12-15 18:00,0.981
2018-12-15 19:00,0.978
2018-12-15 20:00,0.945
2018-12-15 21:00,0.932
2018-12-15 22:00,0.953
2018-12-15 23:00,0.973
2018-12-16 00:00,0.988
2018-12-16 01:00,0.987
2018-12-16 02:00,0.967
2018-12-16 03:00,0.931
2018-12-16 04:00,0.861
2018-12-16 05:00,0.739
2018-12-16 06:00,0.606
2018-12-16 07:00,0.479
2018-12-16 08:00,0.384
2018-12-16 09:00,0.306
2018-12-16 10:00,0.238
2018-12-16 11:00,0.226
2018-12-16 12:00,0.222
2018-12-16 13:00,0.182
2018-12-16 14:00,0.178
2018-12-16 15:00,0.240
2018-12-16 16:00,0.273
2018-12-16 17:00,0.314
2018-12-16 18:00,0.330
2018-12-16 19:00,0.311
2018-12-16 20:00,0.288
2018-12-16 21:00,0.224
2018-12-16 22:00,0.157
2018-12-16 23:00,0.165
2018-12-17 00:00,0.259
2018-12-17 01:00,0.404
2018-12-17 02:00,0.502
2018-12-17 03:00,0.549
2018-12-17 04:00,0.549
2018-12-17 05:00,0.526
2018-12-17 06:00,0.496
2018-12-17 07:00,0.452
2018-12-17 08:00,0.420
2018-12-17 09:00,0.355
2018-12-17 10:00,0.269
2018-12-17 11:00,0.213
2018-12-17 12:00,0.181
2018-12-17 13:00,0.207
2018-12-17 14:00,0.271
2018-12-17 15:00,0.335
2018-12-17 16:00,0.382
2018-12-17 17:00,0.442
2018-12-17 18:00,0.513
2018-12-17 19:00,0.559
2018-12-17 20:00,0.577
2018-12-17 21:00,0.583
2018-12-17 22:00,0.606
2018-12-17 23:00,0.640
2018-12-18 00:00,0.672
2018-12-18 01:00,0.709
2018-12-18 02:00,0.721
2018-12-18 03:00,0.775
2018-12-18 04:00,0.797
2018-12-18 05:00,0.824
2018-12-18 06:00,0.871
2018-12-18 07:00,0.949
2018-12-18 08:00,0.968
2018-12-18 09:00,0.978
2018-12-18 10:00,0.981
2018-12-18 11:00,0.976
2018-12-18 12:00,0.970
2018-12-18 13:00,0.961
2018-12-18 14:00,0.948
2018-12-18 15:00,0.916
2018-12-18 16:00,0.861
2018-12-18 17:00,0.782
2018-12-18 18:00,0.614
2018-12-18 19:00,0.483
2018-12-18 20:00,0.355
2018-12-18 21:00,0.298
2018-12-18 22:00,0.301
2018-12-18 23:00,0.318
2018-12-19 00:00,0.314
2018-12-19 01:00,0.322
2018-12-19 02:00,0.367
2018-12-19 03:00,0.366
2018-12-19 04:00,0.356
2018-12-19 05:00,0.358
2018-12-19 06:00,0.345
2018-12-19 07:00,0.303
2018-12-19 08:00,0.299
2018-12-19 09:00,0.249
2018-12-19 10:00,0.227
2018-12-19 11:00,0.258
2018-12-19 12:00,0.272
2018-12-19 13:00,0.291
2018-12-19 14:00,0.339
2018-12-19 15:00,0.455
2018-12-19 16:00,0.517
2018-12-19 17:00,0.516
2018-12-19 18:00,0.516
2018-12-19 19:00,0.556
2018-12-19 20:00,0.545
2018-12-19 21:00,0.525
2018-12-19 22:00,0.519
2018-12-19 23:00,0.506
2018-12-20 00:00,0.473
2018-12-20 01:00,0.459
2018-12-20 02:00,0.458
2018-12-20 03:00,0.470
2018-12-20 04:00,0.463
2018-12-20 05:00,0.546
2018-12-20 06:00,0.556
2018-12-20 07:00,0.536
2018-12-20 08:00,0.533
2018-12-20 09:00,0.513
2018-12-20 10:00,0.510
2018-12-20 11:00,0.481
2018-12-20 12:00,0.547
2018-12-20 13:00,0.615
2018-12-20 14:00,0.643
2018-12-20 15:00,0.673
2018-12-20 16:00,0.637
2018-12-20 17:00,0.655
2018-12-20 18:00,0.570
2018-12-20 19:00,0.552
2018-12-20 20:00,0.520
2018-12-20 21:00,0.516
2018-12-20 22:00,0.467
2018-12-20 23:00,0.419
2018-12-21 00:00,0.342
2018-12-21 01:00,0.244
2018-12-21 02:00,0.207
2018-12-21 03:00,0.187
2018-12-21 04:00,0.161
2018-12-21 05:00,0.141
2018-12-21 06:00,0.132
2018-12-21 07:00,0.134
2018-12-21 08:00,0.106
2018-12-21 09:00,0.050
2018-12-21 10:00,0.026
2018-12-21 11:00,0.037
2018-12-21 12:00,0.067
2018-12-21 13:00,0.122
2018-12-21 14:00,0.185
2018-12-21 15:00,0.241
2018-12-21 16:00,0.321
2018-12-21 17:00,0.393
2018-12-21 18:00,0.417
2018-12-21 19:00,0.458
2018-12-21 20:00,0.518
2018-12-21 21:00,0.452
2018-12-21 22:00,0.406
2018-12-21 23:00,0.414
2018-12-22 00:00,0.447
2018-12-22 01:00,0.544
2018-12-22 02:00,0.616
2018-12-22 03:00,0.588
2018-12-22 04:00,0.586
2018-12-22 05:00,0.637
2018-12-22 06:00,0.640
2018-12-22 07:00,0.672
2018-12-22 08:00,0.680
2018-12-22 09:00,0.648
2018-12-22 10:00,0.637
2018-12-22 11:00,0.655
2018-12-22 12:00,0.705
2018-12-22 13:00,0.719
2018-12-22 14:00,0.703
2018-12-22 15:00,0.669
2018-12-22 16:00,0.637
2018-12-22 17:00,0.578
2018-12-22 18:00,0.510
2018-12-22 19:00,0.505
2018-12-22 20:00,0.479
2018-12-22 21:00,0.450
2018-12-22 22:00,0.390
2018-12-22 23:00,0.351
2018-12-23 00:00,0.293
2018-12-23 01:00,0.243
2018-12-23 02:00,0.203
2018-12-23 03:00,0.158
2018-12-23 04:00,0.136
2018-12-23 05:00,0.124
2018-12-23 06:00,0.106
2018-12-23 07:00,0.086
2018-12-23 08:00,0.057
2018-12-23 09:00,0.037
2018-12-23 10:00,0.033
2018-12-23 11:00,0.039
2018-12-23 12:00,0.051
2018-12-23 13:00,0.078
2018-12-23 14:00,0.103
2018-12-23 15:00,0.141
2018-12-23 16:00,0.195
2018-12-23 17:00,0.241
2018-12-23 18:00,0.250
2018-12-23 19:00,0.222
2018-12-23 20:00,0.206
2018-12-23 21:00,0.199
2018-12-23 22:00,0.179
2018-12-23 23:00,0.143
2018-12-24 00:00,0.102
2018-12-24 01:00,0.073
2018-12-24 02:00,0.055
2018-12-24 03:00,0.043
2018-12-24 04:00,0.041
2018-12-24 05:00,0.046
2018-12-24 06:00,0.042
2018-12-24 07:00,0.031
2018-12-24 08:00,0.020
2018-12-24 09:00,0.014
2018-12-24 10:00,0.010
2018-12-24 11:00,0.013
2018-12-24 12:00,0.023
2018-12-24 13:00,0.033
2018-12-24 14:00,0.044
2018-12-24 15:00,0.056
2018-12-24 16:00,0.073
2018-12-24 17:00,0.083
2018-12-24 18:00,0.092
2018-12-24 19:00,0.115
2018-12-24 20:00,0.145
2018-12-24 21:00,0.171
2018-12-24 22:00,0.188
2018-12-24 23:00,0.198
2018-12-25 00:00,0.194
2018-12-25 01:00,0.182
2018-12-25 02:00,0.175
2018-12-25 03:00,0.172
2018-12-25 04:00,0.183
2018-12-25 05:00,0.194
2018-12-25 06:00,0.207
2018-12-25 07:00,0.225
2018-12-25 08:00,0.241
2018-12-25 09:00,0.224
2018-12-25 10:00,0.182
2018-12-25 11:00,0.178
2018-12-25 12:00,0.185
2018-12-25 13:00,0.199
2018-12-25 14:00,0.222
2018-12-25 15:00,0.232
2018-12-25 16:00,0.232
2018-12-25 17:00,0.224
2018-12-25 18:00,0.224
2018-12-25 19:00,0.238
2018-12-25 20:00,0.272
2018-12-25 21:00,0.309
2018-12-25 22:00,0.321
2018-12-25 23:00,0.323
2018-12-26 00:00,0.317
2018-12-26 01:00,0.307
2018-12-26 02:00,0.299
2018-12-26 03:00,0.276
2018-12-26 04:00,0.252
2018-12-26 05:00,0.229
2018-12-26 06:00,0.211
2018-12-26 07:00,0.204
2018-12-26 08:00,0.204
2018-12-26 09:00,0.194
2018-12-26 10:00,0.179
2018-12-26 11:00,0.160
2018-12-26 12:00,0.149
2018-12-26 13:00,0.147
2018-12-26 14:00,0.163
2018-12-26 15:00,0.204
2018-12-26 16:00,0.235
2018-12-26 17:00,0.222
2018-12-26 18:00,0.194
2018-12-26 19:00,0.180
2018-12-26 20:00,0.182
2018-12-26 21:00,0.188
2018-12-26 22:00,0.195
2018-12-26 23:00,0.184
2018-12-27 00:00,0.178
2018-12-27 01:00,0.192
2018-12-27 02:00,0.202
2018-12-27 03:00,0.199
2018-12-27 04:00,0.192
2018-12-27 05:00,0.182
2018-12-27 06:00,0.173
2018-12-27 07:00,0.162
2018-12-27 08:00,0.140
2018-12-27 09:00,0.116
2018-12-27 10:00,0.090
2018-12-27 11:00,0.070
2018-12-27 12:00,0.073
2018-12-27 13:00,0.087
2018-12-27 14:00,0.104
2018-12-27 15:00,0.119
2018-12-27 16:00,0.118
2018-12-27 17:00,0.110
2018-12-27 18:00,0.106
2018-12-27 19:00,0.106
2018-12-27 20:00,0.112
2018-12-27 21:00,0.130
2018-12-27 22:00,0.169
2018-12-27 23:00,0.211
2018-12-28 00:00,0.246
2018-12-28 01:00,0.272
2018-12-28 02:00,0.299
2018-12-28 03:00,0.327
2018-12-28 04:00,0.344
2018-12-28 05:00,0.340
2018-12-28 06:00,0.362
2018-12-28 07:00,0.418
2018-12-28 08:00,0.449
2018-12-28 09:00,0.420
2018-12-28 10:00,0.341
2018-12-28 11:00,0.345
2018-12-28 12:00,0.372
2018-12-28 13:00,0.403
2018-12-28 14:00,0.394
2018-12-28 15:00,0.413
2018-12-28 16:00,0.406
2018-12-28 17:00,0.336
2018-12-28 18:00,0.272
2018-12-28 19:00,0.218
2018-12-28 20:00,0.257
2018-12-28 21:00,0.267
2018-12-28 22:00,0.325
2018-12-28 23:00,0.421
2018-12-29 00:00,0.518
2018-12-29 01:00,0.623
2018-12-29 02:00,0.690
2018-12-29 03:00,0.789
2018-12-29 04:00,0.788
2018-12-29 05:00,0.807
2018-12-29 06:00,0.824
2018-12-29 07:00,0.856
2018-12-29 08:00,0.874
2018-12-29 09:00,0.910
2018-12-29 10:00,0.943
2018-12-29 11:00,0.959
2018-12-29 12:00,0.948
2018-12-29 13:00,0.911
2018-12-29 14:00,0.843
2018-12-29 15:00,0.712
2018-12-29 16:00,0.598
2018-12-29 17:00,0.492
2018-12-29 18:00,0.419
2018-12-29 19:00,0.387
2018-12-29 20:00,0.360
2018-12-29 21:00,0.351
2018-12-29 22:00,0.372
2018-12-29 23:00,0.376
2018-12-30 00:00,0.351
2018-12-30 01:00,0.315
2018-12-30 02:00,0.341
2018-12-30 03:00,0.454
2018-12-30 04:00,0.565
2018-12-30 05:00,0.620
2018-12-30 06:00,0.612
2018-12-30 07:00,0.550
2018-12-30 08:00,0.523
2018-12-30 09:00,0.516
2018-12-30 10:00,0.470
2018-12-30 11:00,0.430
2018-12-30 12:00,0.449
2018-12-30 13:00,0.483
2018-12-30 14:00,0.483
2018-12-30 15:00,0.496
2018-12-30 16:00,0.489
2018-12-30 17:00,0.479
2018-12-30 18:00,0.466
2018-12-30 19:00,0.451
2018-12-30 20:00,0.431
2018-12-30 21:00,0.406
2018-12-30 22:00,0.387
2018-12-30 23:00,0.378
2018-12-31 00:00,0.377
2018-12-31 01:00,0.398
2018-12-31 02:00,0.417
2018-12-31 03:00,0.394
2018-12-31 04:00,0.380
2018-12-31 05:00,0.384
2018-12-31 06:00,0.392
2018-12-31 07:00,0.408
2018-12-31 08:00,0.416
2018-12-31 09:00,0.439
2018-12-31 10:00,0.416
2018-12-31 11:00,0.423
2018-12-31 12:00,0.473
2018-12-31 13:00,0.536
2018-12-31 14:00,0.607
2018-12-31 15:00,0.660
2018-12-31 16:00,0.696
2018-12-31 17:00,0.694
2018-12-31 18:00,0.704
2018-12-31 19:00,0.712
2018-12-31 20:00,0.726
2018-12-31 21:00,0.746
2018-12-31 22:00,0.747
2018-12-31 23:00,0.772
2019-01-01 00:00,0.765
2019-01-01 01:00,0.748
2019-01-01 02:00,0.739
2019-01-01 03:00,0.726
2019-01-01 04:00,0.673
2019-01-01 05:00,0.649
2019-01-01 06:00,0.582
2019-01-01 07:00,0.527
2019-01-01 08:00,0.493
2019-01-01 09:00,0.391
2019-01-01 10:00,0.290
2019-01-01 11:00,0.257
2019-01-01 12:00,0.287
2019-01-01 13:00,0.275
2019-01-01 14:00,0.303
2019-01-01 15:00,0.397
2019-01-01 16:00,0.439
2019-01-01 17:00,0.447
2019-01-01 18:00,0.474
2019-01-01 19:00,0.490
2019-01-01 20:00,0.465
2019-01-01 21:00,0.429
2019-01-01 22:00,0.390
2019-01-01 23:00,0.367
2019-01-02 00:00,0.348
2019-01-02 01:00,0.314
2019-01-02 02:00,0.279
2019-01-02 03:00,0.261
2019-01-02 04:00,0.271
2019-01-02 05:00,0.292
2019-01-02 06:00,0.305
2019-01-02 07:00,0.303
2019-01-02 08:00,0.285
2019-01-02 09:00,0.216
2019-01-02 10:00,0.113
2019-01-02 11:00,0.065
2019-01-02 12:00,0.053
2019-01-02 13:00,0.047
2019-01-02 14:00,0.061
2019-01-02 15:00,0.078
2019-01-02 16:00,0.084
2019-01-02 17:00,0.078
2019-01-02 18:00,0.062
2019-01-02 19:00,0.046
2019-01-02 20:00,0.038
2019-01-02 21:00,0.041
2019-01-02 22:00,0.051
2019-01-02 23:00,0.064
2019-01-03 00:00,0.070
2019-01-03 01:00,0.062
2019-01-03 02:00,0.043
2019-01-03 03:00,0.031
2019-01-03 04:00,0.026
2019-01-03 05:00,0.019
2019-01-03 06:00,0.012
2019-01-03 07:00,0.010
2019-01-03 08:00,0.011
2019-01-03 09:00,0.015
2019-01-03 10:00,0.016
2019-01-03 11:00,0.015
2019-01-03 12:00,0.015
2019-01-03 13:00,0.012
2019-01-03 14:00,0.012
2019-01-03 15:00,0.018
2019-01-03 16:00,0.024
2019-01-03 17:00,0.032
2019-01-03 18:00,0.044
2019-01-03 19:00,0.054
2019-01-03 20:00,0.085
2019-01-03 21:00,0.096
2019-01-03 22:00,0.100
2019-01-03 23:00,0.153
2019-01-04 00:00,0.206
2019-01-04 01:00,0.215
2019-01-04 02:00,0.192
2019-01-04 03:00,0.208
2019-01-04 04:00,0.246
2019-01-04 05:00,0.260
2019-01-04 06:00,0.279
2019-01-04 07:00,0.309
2019-01-04 08:00,0.318
2019-01-04 09:00,0.264
2019-01-04 10:00,0.189
2019-01-04 11:00,0.179
2019-01-04 12:00,0.184
2019-01-04 13:00,0.212
2019-01-04 14:00,0.303
2019-01-04 15:00,0.389
2019-01-04 16:00,0.426
2019-01-04 17:00,0.429
2019-01-04 18:00,0.410
2019-01-04 19:00,0.383
2019-01-04 20:00,0.363
2019-01-04 21:00,0.355
2019-01-04 22:00,0.357
2019-01-04 23:00,0.367
2019-01-05 00:00,0.370
2019-01-05 01:00,0.368
2019-01-05 02:00,0.370
2019-01-05 03:00,0.361
2019-01-05 04:00,0.349
2019-01-05 05:00,0.333
2019-01-05 06:00,0.311
2019-01-05 07:00,0.278
2019-01-05 08:00,0.235
2019-01-05 09:00,0.191
2019-01-05 10:00,0.164
2019-01-05 11:00,0.166
2019-01-05 12:00,0.186
2019-01-05 13:00,0.238
2019-01-05 14:00,0.281
2019-01-05 15:00,0.335
2019-01-05 16:00,0.374
2019-01-05 17:00,0.401
2019-01-05 18:00,0.422
2019-01-05 19:00,0.431
2019-01-05 20:00,0.431
2019-01-05 21:00,0.430
2019-01-05 22:00,0.446
2019-01-05 23:00,0.450
2019-01-06 00:00,0.443
2019-01-06 01:00,0.431
2019-01-06 02:00,0.431
2019-01-06 03:00,0.447
2019-01-06 04:00,0.483
2019-01-06 05:00,0.515
2019-01-06 06:00,0.500
2019-01-06 07:00,0.499
2019-01-06 08:00,0.506
2019-01-06 09:00,0.460
2019-01-06 10:00,0.381
2019-01-06 11:00,0.309
2019-01-06 12:00,0.273
2019-01-06 13:00,0.288
2019-01-06 14:00,0.325
2019-01-06 15:00,0.370
2019-01-06 16:00,0.386
2019-01-06 17:00,0.330
2019-01-06 18:00,0.268
2019-01-06 19:00,0.241
2019-01-06 20:00,0.257
2019-01-06 21:00,0.317
2019-01-06 22:00,0.400
2019-01-06 23:00,0.430
2019-01-07 00:00,0.426
2019-01-07 01:00,0.467
2019-01-07 02:00,0.524
2019-01-07 03:00,0.503
2019-01-07 04:00,0.520
2019-01-07 05:00,0.509
2019-01-07 06:00,0.520
2019-01-07 07:00,0.601
2019-01-07 08:00,0.686
2019-01-07 09:00,0.716
2019-01-07 10:00,0.792
2019-01-07 11:00,0.879
2019-01-07 12:00,0.914
2019-01-07 13:00,0.928
2019-01-07 14:00,0.926
2019-01-07 15:00,0.927
2019-01-07 16:00,0.936
2019-01-07 17:00,0.938
2019-01-07 18:00,0.932
2019-01-07 19:00,0.920
2019-01-07 20:00,0.913
2019-01-07 21:00,0.912
2019-01-07 22:00,0.909
2019-01-07 23:00,0.912
2019-01-08 00:00,0.906
2019-01-08 01:00,0.911
2019-01-08 02:00,0.913
2019-01-08 03:00,0.907
2019-01-08 04:00,0.887
2019-01-08 05:00,0.849
2019-01-08 06:00,0.803
2019-01-08 07:00,0.696
2019-01-08 08:00,0.649
2019-01-08 09:00,0.620
2019-01-08 10:00,0.581
2019-01-08 11:00,0.594
2019-01-08 12:00,0.604
2019-01-08 13:00,0.565
2019-01-08 14:00,0.539
2019-01-08 15:00,0.559
2019-01-08 16:00,0.579
2019-01-08 17:00,0.544
2019-01-08 18:00,0.468
2019-01-08 19:00,0.397
2019-01-08 20:00,0.355
2019-01-08 21:00,0.348
2019-01-08 22:00,0.382
2019-01-08 23:00,0.395
2019-01-09 00:00,0.388
2019-01-09 01:00,0.393
2019-01-09 02:00,0.434
2019-01-09 03:00,0.421
2019-01-09 04:00,0.387
2019-01-09 05:00,0.380
2019-01-09 06:00,0.397
2019-01-09 07:00,0.381
2019-01-09 08:00,0.388
2019-01-09 09:00,0.375
2019-01-09 10:00,0.321
2019-01-09 11:00,0.292
2019-01-09 12:00,0.302
2019-01-09 13:00,0.277
2019-01-09 14:00,0.260
2019-01-09 15:00,0.314
2019-01-09 16:00,0.370
2019-01-09 17:00,0.400
2019-01-09 18:00,0.374
2019-01-09 19:00,0.326
2019-01-09 20:00,0.281
2019-01-09 21:00,0.258
2019-01-09 22:00,0.239
2019-01-09 23:00,0.197
2019-01-10 00:00,0.160
2019-01-10 01:00,0.172
2019-01-10 02:00,0.224
2019-01-10 03:00,0.266
2019-01-10 04:00,0.291
2019-01-10 05:00,0.321
2019-01-10 06:00,0.348
2019-01-10 07:00,0.352
2019-01-10 08:00,0.360
2019-01-10 09:00,0.366
2019-01-10 10:00,0.355
2019-01-10 11:00,0.321
2019-01-10 12:00,0.271
2019-01-10 13:00,0.271
2019-01-10 14:00,0.305
2019-01-10 15:00,0.380
2019-01-10 16:00,0.459
2019-01-10 17:00,0.482
2019-01-10 18:00,0.466
2019-01-10 19:00,0.430
2019-01-10 20:00,0.387
2019-01-10 21:00,0.325
2019-01-10 22:00,0.257
2019-01-10 23:00,0.222
2019-01-11 00:00,0.203
2019-01-11 01:00,0.190
2019-01-11 02:00,0.189
2019-01-11 03:00,0.177
2019-01-11 04:00,0.179
2019-01-11 05:00,0.188
2019-01-11 06:00,0.200
2019-01-11 07:00,0.212
2019-01-11 08:00,0.219
2019-01-11 09:00,0.210
2019-01-11 10:00,0.201
2019-01-11 11:00,0.191
2019-01-11 12:00,0.188
2019-01-11 13:00,0.213
2019-01-11 14:00,0.271
2019-01-11 15:00,0.348
2019-01-11 16:00,0.442
2019-01-11 17:00,0.502
2019-01-11 18:00,0.521
2019-01-11 19:00,0.535
2019-01-11 20:00,0.556
2019-01-11 21:00,0.601
2019-01-11 22:00,0.612
2019-01-11 23:00,0.619
2019-01-12 00:00,0.694
2019-01-12 01:00,0.725
2019-01-12 02:00,0.767
2019-01-12 03:00,0.806
2019-01-12 04:00,0.811
2019-01-12 05:00,0.824
2019-01-12 06:00,0.836
2019-01-12 07:00,0.825
2019-01-12 08:00,0.828
2019-01-12 09:00,0.843
2019-01-12 10:00,0.854
2019-01-12 11:00,0.868
2019-01-12 12:00,0.875
2019-01-12 13:00,0.878
2019-01-12 14:00,0.878
2019-01-12 15:00,0.891
2019-01-12 16:00,0.912
2019-01-12 17:00,0.926
2019-01-12 18:00,0.935
2019-01-12 19:00,0.939
2019-01-12 20:00,0.938
2019-01-12 21:00,0.943
2019-01-12 22:00,0.939
2019-01-12 23:00,0.942
2019-01-13 00:00,0.946
2019-01-13 01:00,0.951
2019-01-13 02:00,0.960
2019-01-13 03:00,0.959
2019-01-13 04:00,0.954
2019-01-13 05:00,0.953
2019-01-13 06:00,0.956
2019-01-13 07:00,0.956
2019-01-13 08:00,0.955
2019-01-13 09:00,0.961
2019-01-13 10:00,0.973
2019-01-13 11:00,0.983
2019-01-13 12:00,0.984
2019-01-13 13:00,0.984
2019-01-13 14:00,0.980
2019-01-13 15:00,0.974
2019-01-13 16:00,0.968
2019-01-13 17:00,0.959
2019-01-13 18:00,0.948
2019-01-13 19:00,0.938
2019-01-13 20:00,0.928
2019-01-13 21:00,0.923
2019-01-13 22:00,0.915
2019-01-13 23:00,0.904
2019-01-14 00:00,0.893
2019-01-14 01:00,0.874
2019-01-14 02:00,0.855
2019-01-14 03:00,0.828
2019-01-14 04:00,0.767
2019-01-14 05:00,0.671
2019-01-14 06:00,0.559
2019-01-14 07:00,0.449
2019-01-14 08:00,0.342
2019-01-14 09:00,0.257
2019-01-14 10:00,0.201
2019-01-14 11:00,0.194
2019-01-14 12:00,0.184
2019-01-14 13:00,0.157
2019-01-14 14:00,0.165
2019-01-14 15:00,0.259
2019-01-14 16:00,0.380
2019-01-14 17:00,0.454
2019-01-14 18:00,0.490
2019-01-14 19:00,0.525
2019-01-14 20:00,0.529
2019-01-14 21:00,0.559
2019-01-14 22:00,0.600
2019-01-14 23:00,0.643
2019-01-15 00:00,0.710
2019-01-15 01:00,0.739
2019-01-15 02:00,0.729
2019-01-15 03:00,0.762
2019-01-15 04:00,0.763
2019-01-15 05:00,0.746
2019-01-15 06:00,0.733
2019-01-15 07:00,0.713
2019-01-15 08:00,0.697
2019-01-15 09:00,0.629
2019-01-15 10:00,0.586
2019-01-15 11:00,0.584
2019-01-15 12:00,0.672
2019-01-15 13:00,0.692
2019-01-15 14:00,0.691
2019-01-15 15:00,0.676
2019-01-15 16:00,0.665
2019-01-15 17:00,0.631
2019-01-15 18:00,0.616
2019-01-15 19:00,0.618
2019-01-15 20:00,0.609
2019-01-15 21:00,0.597
2019-01-15 22:00,0.609
2019-01-15 23:00,0.628
2019-01-16 00:00,0.723
2019-01-16 01:00,0.738
2019-01-16 02:00,0.739
2019-01-16 03:00,0.805
2019-01-16 04:00,0.819
2019-01-16 05:00,0.830
2019-01-16 06:00,0.837
2019-01-16 07:00,0.834
2019-01-16 08:00,0.811
2019-01-16 09:00,0.754
2019-01-16 10:00,0.658
2019-01-16 11:00,0.591
2019-01-16 12:00,0.483
2019-01-16 13:00,0.483
2019-01-16 14:00,0.522
2019-01-16 15:00,0.549
2019-01-16 16:00,0.575
2019-01-16 17:00,0.545
2019-01-16 18:00,0.533
2019-01-16 19:00,0.565
2019-01-16 20:00,0.516
2019-01-16 21:00,0.470
2019-01-16 22:00,0.499
2019-01-16 23:00,0.516
2019-01-17 00:00,0.510
2019-01-17 01:00,0.581
2019-01-17 02:00,0.648
2019-01-17 03:00,0.684
2019-01-17 04:00,0.678
2019-01-17 05:00,0.681
2019-01-17 06:00,0.705
2019-01-17 07:00,0.725
2019-01-17 08:00,0.725
2019-01-17 09:00,0.704
2019-01-17 10:00,0.708
2019-01-17 11:00,0.745
2019-01-17 12:00,0.714
2019-01-17 13:00,0.642
2019-01-17 14:00,0.542
2019-01-17 15:00,0.476
2019-01-17 16:00,0.432
2019-01-17 17:00,0.402
2019-01-17 18:00,0.348
2019-01-17 19:00,0.277
2019-01-17 20:00,0.204
2019-01-17 21:00,0.140
2019-01-17 22:00,0.083
2019-01-17 23:00,0.034
2019-01-18 00:00,0.016
2019-01-18 01:00,0.022
2019-01-18 02:00,0.039
2019-01-18 03:00,0.089
2019-01-18 04:00,0.157
2019-01-18 05:00,0.231
2019-01-18 06:00,0.292
2019-01-18 07:00,0.327
2019-01-18 08:00,0.339
2019-01-18 09:00,0.279
2019-01-18 10:00,0.246
2019-01-18 11:00,0.260
2019-01-18 12:00,0.395
2019-01-18 13:00,0.468
2019-01-18 14:00,0.488
2019-01-18 15:00,0.559
2019-01-18 16:00,0.602
2019-01-18 17:00,0.594
2019-01-18 18:00,0.574
2019-01-18 19:00,0.583
2019-01-18 20:00,0.619
2019-01-18 21:00,0.605
2019-01-18 22:00,0.594
2019-01-18 23:00,0.563
2019-01-19 00:00,0.537
2019-01-19 01:00,0.577
2019-01-19 02:00,0.545
2019-01-19 03:00,0.491
2019-01-19 04:00,0.449
2019-01-19 05:00,0.450
2019-01-19 06:00,0.439
2019-01-19 07:00,0.381
2019-01-19 08:00,0.353
2019-01-19 09:00,0.325
2019-01-19 10:00,0.302
2019-01-19 11:00,0.285
2019-01-19 12:00,0.279
2019-01-19 13:00,0.260
2019-01-19 14:00,0.244
2019-01-19 15:00,0.262
2019-01-19 16:00,0.287
2019-01-19 17:00,0.276
2019-01-19 18:00,0.252
2019-01-19 19:00,0.224
2019-01-19 20:00,0.195
2019-01-19 21:00,0.174
2019-01-19 22:00,0.158
2019-01-19 23:00,0.135
2019-01-20 00:00,0.102
2019-01-20 01:00,0.072
2019-01-20 02:00,0.048
2019-01-20 03:00,0.033
2019-01-20 04:00,0.023
2019-01-20 05:00,0.016
2019-01-20 06:00,0.012
2019-01-20 07:00,0.011
2019-01-20 08:00,0.011
2019-01-20 09:00,0.011
2019-01-20 10:00,0.010
2019-01-20 11:00,0.013
2019-01-20 12:00,0.024
2019-01-20 13:00,0.040
2019-01-20 14:00,0.068
2019-01-20 15:00,0.114
2019-01-20 16:00,0.162
2019-01-20 17:00,0.194
2019-01-20 18:00,0.199
2019-01-20 19:00,0.206
2019-01-20 20:00,0.221
2019-01-20 21:00,0.248
2019-01-20 22:00,0.267
2019-01-20 23:00,0.249
2019-01-21 00:00,0.208
2019-01-21 01:00,0.160
2019-01-21 02:00,0.104
2019-01-21 03:00,0.059
2019-01-21 04:00,0.030
2019-01-21 05:00,0.013
2019-01-21 06:00,0.012
2019-01-21 07:00,0.030
2019-01-21 08:00,0.064
2019-01-21 09:00,0.095
2019-01-21 10:00,0.127
2019-01-21 11:00,0.183
2019-01-21 12:00,0.272
2019-01-21 13:00,0.363
2019-01-21 14:00,0.407
2019-01-21 15:00,0.482
2019-01-21 16:00,0.536
2019-01-21 17:00,0.586
2019-01-21 18:00,0.637
2019-01-21 19:00,0.683
2019-01-21 20:00,0.730
2019-01-21 21:00,0.785
2019-01-21 22:00,0.816
2019-01-21 23:00,0.777
2019-01-22 00:00,0.672
2019-01-22 01:00,0.571
2019-01-22 02:00,0.506
2019-01-22 03:00,0.572
2019-01-22 04:00,0.574
2019-01-22 05:00,0.591
2019-01-22 06:00,0.573
2019-01-22 07:00,0.568
2019-01-22 08:00,0.548
2019-01-22 09:00,0.408
2019-01-22 10:00,0.273
2019-01-22 11:00,0.299
2019-01-22 12:00,0.271
2019-01-22 13:00,0.204
2019-01-22 14:00,0.168
2019-01-22 15:00,0.181
2019-01-22 16:00,0.207
2019-01-22 17:00,0.229
2019-01-22 18:00,0.254
2019-01-22 19:00,0.254
2019-01-22 20:00,0.246
2019-01-22 21:00,0.249
2019-01-22 22:00,0.249
2019-01-22 23:00,0.242
2019-01-23 00:00,0.225
2019-01-23 01:00,0.215
2019-01-23 02:00,0.224
2019-01-23 03:00,0.235
2019-01-23 04:00,0.250
2019-01-23 05:00,0.262
2019-01-23 06:00,0.259
2019-01-23 07:00,0.232
2019-01-23 08:00,0.202
2019-01-23 09:00,0.193
2019-01-23 10:00,0.181
2019-01-23 11:00,0.157
2019-01-23 12:00,0.141
2019-01-23 13:00,0.138
2019-01-23 14:00,0.137
2019-01-23 15:00,0.152
2019-01-23 16:00,0.145
2019-01-23 17:00,0.113
2019-01-23 18:00,0.100
2019-01-23 19:00,0.094
2019-01-23 20:00,0.112
2019-01-23 21:00,0.119
2019-01-23 22:00,0.115
2019-01-23 23:00,0.118
2019-01-24 00:00,0.137
2019-01-24 01:00,0.170
2019-01-24 02:00,0.196
2019-01-24 03:00,0.205
2019-01-24 04:00,0.204
2019-01-24 05:00,0.219
2019-01-24 06:00,0.232
2019-01-24 07:00,0.226
2019-01-24 08:00,0.196
2019-01-24 09:00,0.145
2019-01-24 10:00,0.103
2019-01-24 11:00,0.073
2019-01-24 12:00,0.058
2019-01-24 13:00,0.056
2019-01-24 14:00,0.056
2019-01-24 15:00,0.046
2019-01-24 16:00,0.033
2019-01-24 17:00,0.018
2019-01-24 18:00,0.015
2019-01-24 19:00,0.030
2019-01-24 20:00,0.065
2019-01-24 21:00,0.126
2019-01-24 22:00,0.217
2019-01-24 23:00,0.320
2019-01-25 00:00,0.365
2019-01-25 01:00,0.368
2019-01-25 02:00,0.393
2019-01-25 03:00,0.485
2019-01-25 04:00,0.618
2019-01-25 05:00,0.753
2019-01-25 06:00,0.795
2019-01-25 07:00,0.792
2019-01-25 08:00,0.745
2019-01-25 09:00,0.725
2019-01-25 10:00,0.739
2019-01-25 11:00,0.739
2019-01-25 12:00,0.756
2019-01-25 13:00,0.758
2019-01-25 14:00,0.752
2019-01-25 15:00,0.746
2019-01-25 16:00,0.746
2019-01-25 17:00,0.748
2019-01-25 18:00,0.736
2019-01-25 19:00,0.751
2019-01-25 20:00,0.750
2019-01-25 21:00,0.764
2019-01-25 22:00,0.803
2019-01-25 23:00,0.822
2019-01-26 00:00,0.805
2019-01-26 01:00,0.788
2019-01-26 02:00,0.742
2019-01-26 03:00,0.710
2019-01-26 04:00,0.672
2019-01-26 05:00,0.646
2019-01-26 06:00,0.645
2019-01-26 07:00,0.620
2019-01-26 08:00,0.618
2019-01-26 09:00,0.614
2019-01-26 10:00,0.580
2019-01-26 11:00,0.602
2019-01-26 12:00,0.723
2019-01-26 13:00,0.769
2019-01-26 14:00,0.806
2019-01-26 15:00,0.827
2019-01-26 16:00,0.812
2019-01-26 17:00,0.789
2019-01-26 18:00,0.704
2019-01-26 19:00,0.572
2019-01-26 20:00,0.463
2019-01-26 21:00,0.361
2019-01-26 22:00,0.265
2019-01-26 23:00,0.208
2019-01-27 00:00,0.285
2019-01-27 01:00,0.660
2019-01-27 02:00,0.889
2019-01-27 03:00,0.900
2019-01-27 04:00,0.900
2019-01-27 05:00,0.908
2019-01-27 06:00,0.929
2019-01-27 07:00,0.941
2019-01-27 08:00,0.949
2019-01-27 09:00,0.960
2019-01-27 10:00,0.972
2019-01-27 11:00,0.979
2019-01-27 12:00,0.983
2019-01-27 13:00,0.987
2019-01-27 14:00,0.988
2019-01-27 15:00,0.987
2019-01-27 16:00,0.983
2019-01-27 17:00,0.975
2019-01-27 18:00,0.962
2019-01-27 19:00,0.940
2019-01-27 20:00,0.908
2019-01-27 21:00,0.863
2019-01-27 22:00,0.826
2019-01-27 23:00,0.803
2019-01-28 00:00,0.772
2019-01-28 01:00,0.710
2019-01-28 02:00,0.648
2019-01-28 03:00,0.618
2019-01-28 04:00,0.581
2019-01-28 05:00,0.549
2019-01-28 06:00,0.581
2019-01-28 07:00,0.572
2019-01-28 08:00,0.499
2019-01-28 09:00,0.380
2019-01-28 10:00,0.433
2019-01-28 11:00,0.563
2019-01-28 12:00,0.506
2019-01-28 13:00,0.413
2019-01-28 14:00,0.336
2019-01-28 15:00,0.322
2019-01-28 16:00,0.356
2019-01-28 17:00,0.396
2019-01-28 18:00,0.450
2019-01-28 19:00,0.479
2019-01-28 20:00,0.513
2019-01-28 21:00,0.550
2019-01-28 22:00,0.544
2019-01-28 23:00,0.525
2019-01-29 00:00,0.506
2019-01-29 01:00,0.459
2019-01-29 02:00,0.399
2019-01-29 03:00,0.349
2019-01-29 04:00,0.319
2019-01-29 05:00,0.314
2019-01-29 06:00,0.314
2019-01-29 07:00,0.327
2019-01-29 08:00,0.366
2019-01-29 09:00,0.368
2019-01-29 10:00,0.377
2019-01-29 11:00,0.390
2019-01-29 12:00,0.416
2019-01-29 13:00,0.437
2019-01-29 14:00,0.397
2019-01-29 15:00,0.335
2019-01-29 16:00,0.297
2019-01-29 17:00,0.320
2019-01-29 18:00,0.352
2019-01-29 19:00,0.374
2019-01-29 20:00,0.398
2019-01-29 21:00,0.418
2019-01-29 22:00,0.426
2019-01-29 23:00,0.439
2019-01-30 00:00,0.453
2019-01-30 01:00,0.449
2019-01-30 02:00,0.428
2019-01-30 03:00,0.399
2019-01-30 04:00,0.359
2019-01-30 05:00,0.315
2019-01-30 06:00,0.279
2019-01-30 07:00,0.251
2019-01-30 08:00,0.217
2019-01-30 09:00,0.149
2019-01-30 10:00,0.115
2019-01-30 11:00,0.123
2019-01-30 12:00,0.121
2019-01-30 13:00,0.108
2019-01-30 14:00,0.087
2019-01-30 15:00,0.092
2019-01-30 16:00,0.111
2019-01-30 17:00,0.122
2019-01-30 18:00,0.118
2019-01-30 19:00,0.103
2019-01-30 20:00,0.089
2019-01-30 21:00,0.082
2019-01-30 22:00,0.075
2019-01-30 23:00,0.057
2019-01-31 00:00,0.038
2019-01-31 01:00,0.034
2019-01-31 02:00,0.031
2019-01-31 03:00,0.019
2019-01-31 04:00,0.012
2019-01-31 05:00,0.013
2019-01-31 06:00,0.018
2019-01-31 07:00,0.027
2019-01-31 08:00,0.038
2019-01-31 09:00,0.053
2019-01-31 10:00,0.093
2019-01-31 11:00,0.148
2019-01-31 12:00,0.239
2019-01-31 13:00,0.309
2019-01-31 14:00,0.323
2019-01-31 15:00,0.354
2019-01-31 16:00,0.478
2019-01-31 17:00,0.506
2019-01-31 18:00,0.487
2019-01-31 19:00,0.477
2019-01-31 20:00,0.489
2019-01-31 21:00,0.453
2019-01-31 22:00,0.396
2019-01-31 23:00,0.387
2019-02-01 00:00,0.413
2019-02-01 01:00,0.442
2019-02-01 02:00,0.461
2019-02-01 03:00,0.491
2019-02-01 04:00,0.502
2019-02-01 05:00,0.508
2019-02-01 06:00,0.496
2019-02-01 07:00,0.511
2019-02-01 08:00,0.516
2019-02-01 09:00,0.501
2019-02-01 10:00,0.499
2019-02-01 11:00,0.550
2019-02-01 12:00,0.586
2019-02-01 13:00,0.534
2019-02-01 14:00,0.500
2019-02-01 15:00,0.510
2019-02-01 16:00,0.513
2019-02-01 17:00,0.505
2019-02-01 18:00,0.480
2019-02-01 19:00,0.460
2019-02-01 20:00,0.443
2019-02-01 21:00,0.430
2019-02-01 22:00,0.416
2019-02-01 23:00,0.403
2019-02-02 00:00,0.387
2019-02-02 01:00,0.360
2019-02-02 02:00,0.345
2019-02-02 03:00,0.324
2019-02-02 04:00,0.316
2019-02-02 05:00,0.314
2019-02-02 06:00,0.314
2019-02-02 07:00,0.305
2019-02-02 08:00,0.338
2019-02-02 09:00,0.306
2019-02-02 10:00,0.365
2019-02-02 11:00,0.436
2019-02-02 12:00,0.516
2019-02-02 13:00,0.549
2019-02-02 14:00,0.536
2019-02-02 15:00,0.561
2019-02-02 16:00,0.566
2019-02-02 17:00,0.510
2019-02-02 18:00,0.513
2019-02-02 19:00,0.518
2019-02-02 20:00,0.492
2019-02-02 21:00,0.458
2019-02-02 22:00,0.403
2019-02-02 23:00,0.328
2019-02-03 00:00,0.259
2019-02-03 01:00,0.220
2019-02-03 02:00,0.202
2019-02-03 03:00,0.197
2019-02-03 04:00,0.222
2019-02-03 05:00,0.279
2019-02-03 06:00,0.342
2019-02-03 07:00,0.406
2019-02-03 08:00,0.387
2019-02-03 09:00,0.276
2019-02-03 10:00,0.248
2019-02-03 11:00,0.328
2019-02-03 12:00,0.439
2019-02-03 13:00,0.516
2019-02-03 14:00,0.606
2019-02-03 15:00,0.703
2019-02-03 16:00,0.754
2019-02-03 17:00,0.737
2019-02-03 18:00,0.659
2019-02-03 19:00,0.629
2019-02-03 20:00,0.569
2019-02-03 21:00,0.551
2019-02-03 22:00,0.589
2019-02-03 23:00,0.618
2019-02-04 00:00,0.651
2019-02-04 01:00,0.780
2019-02-04 02:00,0.878
2019-02-04 03:00,0.874
2019-02-04 04:00,0.879
2019-02-04 05:00,0.886
2019-02-04 06:00,0.873
2019-02-04 07:00,0.809
2019-02-04 08:00,0.742
2019-02-04 09:00,0.707
2019-02-04 10:00,0.661
2019-02-04 11:00,0.645
2019-02-04 12:00,0.678
2019-02-04 13:00,0.616
2019-02-04 14:00,0.530
2019-02-04 15:00,0.499
2019-02-04 16:00,0.510
2019-02-04 17:00,0.490
2019-02-04 18:00,0.443
2019-02-04 19:00,0.403
2019-02-04 20:00,0.380
2019-02-04 21:00,0.356
2019-02-04 22:00,0.326
2019-02-04 23:00,0.294
2019-02-05 00:00,0.241
2019-02-05 01:00,0.195
2019-02-05 02:00,0.179
2019-02-05 03:00,0.162
2019-02-05 04:00,0.145
2019-02-05 05:00,0.142
2019-02-05 06:00,0.148
2019-02-05 07:00,0.182
2019-02-05 08:00,0.206
2019-02-05 09:00,0.232
2019-02-05 10:00,0.270
2019-02-05 11:00,0.307
2019-02-05 12:00,0.374
2019-02-05 13:00,0.488
2019-02-05 14:00,0.588
2019-02-05 15:00,0.704
2019-02-05 16:00,0.725
2019-02-05 17:00,0.817
2019-02-05 18:00,0.807
2019-02-05 19:00,0.834
2019-02-05 20:00,0.868
2019-02-05 21:00,0.839
2019-02-05 22:00,0.753
2019-02-05 23:00,0.764
2019-02-06 00:00,0.683
2019-02-06 01:00,0.603
2019-02-06 02:00,0.541
2019-02-06 03:00,0.442
2019-02-06 04:00,0.338
2019-02-06 05:00,0.295
2019-02-06 06:00,0.282
2019-02-06 07:00,0.270
2019-02-06 08:00,0.265
2019-02-06 09:00,0.274
2019-02-06 10:00,0.270
2019-02-06 11:00,0.287
2019-02-06 12:00,0.320
2019-02-06 13:00,0.309
2019-02-06 14:00,0.312
2019-02-06 15:00,0.342
2019-02-06 16:00,0.390
2019-02-06 17:00,0.422
2019-02-06 18:00,0.399
2019-02-06 19:00,0.338
2019-02-06 20:00,0.276
2019-02-06 21:00,0.245
2019-02-06 22:00,0.238
2019-02-06 23:00,0.248
2019-02-07 00:00,0.302
2019-02-07 01:00,0.352
2019-02-07 02:00,0.398
2019-02-07 03:00,0.355
2019-02-07 04:00,0.307
2019-02-07 05:00,0.383
2019-02-07 06:00,0.586
2019-02-07 07:00,0.770
2019-02-07 08:00,0.803
2019-02-07 09:00,0.840
2019-02-07 10:00,0.867
2019-02-07 11:00,0.893
2019-02-07 12:00,0.920
2019-02-07 13:00,0.906
2019-02-07 14:00,0.885
2019-02-07 15:00,0.847
2019-02-07 16:00,0.811
2019-02-07 17:00,0.755
2019-02-07 18:00,0.700
2019-02-07 19:00,0.636
2019-02-07 20:00,0.606
2019-02-07 21:00,0.591
2019-02-07 22:00,0.562
2019-02-07 23:00,0.553
2019-02-08 00:00,0.561
2019-02-08 01:00,0.618
2019-02-08 02:00,0.681
2019-02-08 03:00,0.723
2019-02-08 04:00,0.758
2019-02-08 05:00,0.811
2019-02-08 06:00,0.904
2019-02-08 07:00,0.932
2019-02-08 08:00,0.953
2019-02-08 09:00,0.978
2019-02-08 10:00,0.989
2019-02-08 11:00,0.991
2019-02-08 12:00,0.990
2019-02-08 13:00,0.983
2019-02-08 14:00,0.977
2019-02-08 15:00,0.974
2019-02-08 16:00,0.967
2019-02-08 17:00,0.961
2019-02-08 18:00,0.949
2019-02-08 19:00,0.935
2019-02-08 20:00,0.922
2019-02-08 21:00,0.922
2019-02-08 22:00,0.935
2019-02-08 23:00,0.953
2019-02-09 00:00,0.966
2019-02-09 01:00,0.983
2019-02-09 02:00,0.993
2019-02-09 03:00,0.989
2019-02-09 04:00,0.986
2019-02-09 05:00,0.983
2019-02-09 06:00,0.986
2019-02-09 07:00,0.990
2019-02-09 08:00,0.993
2019-02-09 09:00,0.992
2019-02-09 10:00,0.987
2019-02-09 11:00,0.981
2019-02-09 12:00,0.974
2019-02-09 13:00,0.961
2019-02-09 14:00,0.934
2019-02-09 15:00,0.891
2019-02-09 16:00,0.857
2019-02-09 17:00,0.829
2019-02-09 18:00,0.776
2019-02-09 19:00,0.737
2019-02-09 20:00,0.645
2019-02-09 21:00,0.564
2019-02-09 22:00,0.488
2019-02-09 23:00,0.382
2019-02-10 00:00,0.279
2019-02-10 01:00,0.195
2019-02-10 02:00,0.137
2019-02-10 03:00,0.089
2019-02-10 04:00,0.054
2019-02-10 05:00,0.052
2019-02-10 06:00,0.093
2019-02-10 07:00,0.180
2019-02-10 08:00,0.270
2019-02-10 09:00,0.310
2019-02-10 10:00,0.442
2019-02-10 11:00,0.593
2019-02-10 12:00,0.694
2019-02-10 13:00,0.767
2019-02-10 14:00,0.785
2019-02-10 15:00,0.764
2019-02-10 16:00,0.725
2019-02-10 17:00,0.669
2019-02-10 18:00,0.612
2019-02-10 19:00,0.581
2019-02-10 20:00,0.532
2019-02-10 21:00,0.473
2019-02-10 22:00,0.395
2019-02-10 23:00,0.390
2019-02-11 00:00,0.451
2019-02-11 01:00,0.497
2019-02-11 02:00,0.510
2019-02-11 03:00,0.499
2019-02-11 04:00,0.549
2019-02-11 05:00,0.545
2019-02-11 06:00,0.502
2019-02-11 07:00,0.448
2019-02-11 08:00,0.297
2019-02-11 09:00,0.153
2019-02-11 10:00,0.101
2019-02-11 11:00,0.056
2019-02-11 12:00,0.018
2019-02-11 13:00,0.010
2019-02-11 14:00,0.029
2019-02-11 15:00,0.068
2019-02-11 16:00,0.102
2019-02-11 17:00,0.125
2019-02-11 18:00,0.151
2019-02-11 19:00,0.180
2019-02-11 20:00,0.238
2019-02-11 21:00,0.306
2019-02-11 22:00,0.341
2019-02-11 23:00,0.349
2019-02-12 00:00,0.362
2019-02-12 01:00,0.378
2019-02-12 02:00,0.346
2019-02-12 03:00,0.281
2019-02-12 04:00,0.240
2019-02-12 05:00,0.246
2019-02-12 06:00,0.288
2019-02-12 07:00,0.344
2019-02-12 08:00,0.380
2019-02-12 09:00,0.380
2019-02-12 10:00,0.384
2019-02-12 11:00,0.616
2019-02-12 12:00,0.643
2019-02-12 13:00,0.606
2019-02-12 14:00,0.597
2019-02-12 15:00,0.633
2019-02-12 16:00,0.673
2019-02-12 17:00,0.672
2019-02-12 18:00,0.645
2019-02-12 19:00,0.619
2019-02-12 20:00,0.574
2019-02-12 21:00,0.523
2019-02-12 22:00,0.502
2019-02-12 23:00,0.497
2019-02-13 00:00,0.484
2019-02-13 01:00,0.454
2019-02-13 02:00,0.460
2019-02-13 03:00,0.455
2019-02-13 04:00,0.460
2019-02-13 05:00,0.449
2019-02-13 06:00,0.454
2019-02-13 07:00,0.466
2019-02-13 08:00,0.475
2019-02-13 09:00,0.460
2019-02-13 10:00,0.543
2019-02-13 11:00,0.619
2019-02-13 12:00,0.607
2019-02-13 13:00,0.574
2019-02-13 14:00,0.539
2019-02-13 15:00,0.510
2019-02-13 16:00,0.510
2019-02-13 17:00,0.535
2019-02-13 18:00,0.542
2019-02-13 19:00,0.540
2019-02-13 20:00,0.511
2019-02-13 21:00,0.457
2019-02-13 22:00,0.439
2019-02-13 23:00,0.419
2019-02-14 00:00,0.393
2019-02-14 01:00,0.358
2019-02-14 02:00,0.328
2019-02-14 03:00,0.304
2019-02-14 04:00,0.276
2019-02-14 05:00,0.241
2019-02-14 06:00,0.224
2019-02-14 07:00,0.254
2019-02-14 08:00,0.258
2019-02-14 09:00,0.235
2019-02-14 10:00,0.221
2019-02-14 11:00,0.224
2019-02-14 12:00,0.258
2019-02-14 13:00,0.287
2019-02-14 14:00,0.281
2019-02-14 15:00,0.284
2019-02-14 16:00,0.407
2019-02-14 17:00,0.511
2019-02-14 18:00,0.556
2019-02-14 19:00,0.572
2019-02-14 20:00,0.573
2019-02-14 21:00,0.562
2019-02-14 22:00,0.539
2019-02-14 23:00,0.473
2019-02-15 00:00,0.365
2019-02-15 01:00,0.299
2019-02-15 02:00,0.299
2019-02-15 03:00,0.334
2019-02-15 04:00,0.321
2019-02-15 05:00,0.311
2019-02-15 06:00,0.307
2019-02-15 07:00,0.283
2019-02-15 08:00,0.335
2019-02-15 09:00,0.339
2019-02-15 10:00,0.382
2019-02-15 11:00,0.397
2019-02-15 12:00,0.446
2019-02-15 13:00,0.482
2019-02-15 14:00,0.460
2019-02-15 15:00,0.461
2019-02-15 16:00,0.607
2019-02-15 17:00,0.723
2019-02-15 18:00,0.726
2019-02-15 19:00,0.711
2019-02-15 20:00,0.692
2019-02-15 21:00,0.671
2019-02-15 22:00,0.651
2019-02-15 23:00,0.648
2019-02-16 00:00,0.637
2019-02-16 01:00,0.628
2019-02-16 02:00,0.606
2019-02-16 03:00,0.550
2019-02-16 04:00,0.534
2019-02-16 05:00,0.552
2019-02-16 06:00,0.515
2019-02-16 07:00,0.497
2019-02-16 08:00,0.457
2019-02-16 09:00,0.445
2019-02-16 10:00,0.542
2019-02-16 11:00,0.556
2019-02-16 12:00,0.562
2019-02-16 13:00,0.591
2019-02-16 14:00,0.587
2019-02-16 15:00,0.569
2019-02-16 16:00,0.620
2019-02-16 17:00,0.669
2019-02-16 18:00,0.692
2019-02-16 19:00,0.723
2019-02-16 20:00,0.740
2019-02-16 21:00,0.729
2019-02-16 22:00,0.678
2019-02-16 23:00,0.701
2019-02-17 00:00,0.724
2019-02-17 01:00,0.741
2019-02-17 02:00,0.777
2019-02-17 03:00,0.776
2019-02-17 04:00,0.748
2019-02-17 05:00,0.732
2019-02-17 06:00,0.688
2019-02-17 07:00,0.685
2019-02-17 08:00,0.689
2019-02-17 09:00,0.723
2019-02-17 10:00,0.736
2019-02-17 11:00,0.738
2019-02-17 12:00,0.733
2019-02-17 13:00,0.741
2019-02-17 14:00,0.753
2019-02-17 15:00,0.723
2019-02-17 16:00,0.709
2019-02-17 17:00,0.709
2019-02-17 18:00,0.704
2019-02-17 19:00,0.685
2019-02-17 20:00,0.661
2019-02-17 21:00,0.637
2019-02-17 22:00,0.557
2019-02-17 23:00,0.523
2019-02-18 00:00,0.559
2019-02-18 01:00,0.572
2019-02-18 02:00,0.599
2019-02-18 03:00,0.625
2019-02-18 04:00,0.628
2019-02-18 05:00,0.620
2019-02-18 06:00,0.618
2019-02-18 07:00,0.620
2019-02-18 08:00,0.652
2019-02-18 09:00,0.711
2019-02-18 10:00,0.727
2019-02-18 11:00,0.755
2019-02-18 12:00,0.752
2019-02-18 13:00,0.731
2019-02-18 14:00,0.720
2019-02-18 15:00,0.713
2019-02-18 16:00,0.746
2019-02-18 17:00,0.766
2019-02-18 18:00,0.772
2019-02-18 19:00,0.777
2019-02-18 20:00,0.777
2019-02-18 21:00,0.756
2019-02-18 22:00,0.696
2019-02-18 23:00,0.681
2019-02-19 00:00,0.690
2019-02-19 01:00,0.685
2019-02-19 02:00,0.669
2019-02-19 03:00,0.670
2019-02-19 04:00,0.631
2019-02-19 05:00,0.606
2019-02-19 06:00,0.577
2019-02-19 07:00,0.533
2019-02-19 08:00,0.463
2019-02-19 09:00,0.486
2019-02-19 10:00,0.520
2019-02-19 11:00,0.529
2019-02-19 12:00,0.527
2019-02-19 13:00,0.520
2019-02-19 14:00,0.476
2019-02-19 15:00,0.408
2019-02-19 16:00,0.411
2019-02-19 17:00,0.424
2019-02-19 18:00,0.436
2019-02-19 19:00,0.466
2019-02-19 20:00,0.499
2019-02-19 21:00,0.528
2019-02-19 22:00,0.546
2019-02-19 23:00,0.556
2019-02-20 00:00,0.561
2019-02-20 01:00,0.562
2019-02-20 02:00,0.556
2019-02-20 03:00,0.572
2019-02-20 04:00,0.565
2019-02-20 05:00,0.590
2019-02-20 06:00,0.577
2019-02-20 07:00,0.537
2019-02-20 08:00,0.524
2019-02-20 09:00,0.587
2019-02-20 10:00,0.719
2019-02-20 11:00,0.778
2019-02-20 12:00,0.799
2019-02-20 13:00,0.794
2019-02-20 14:00,0.762
2019-02-20 15:00,0.726
2019-02-20 16:00,0.726
2019-02-20 17:00,0.718
2019-02-20 18:00,0.704
2019-02-20 19:00,0.729
2019-02-20 20:00,0.710
2019-02-20 21:00,0.664
2019-02-20 22:00,0.648
2019-02-20 23:00,0.616
2019-02-21 00:00,0.639
2019-02-21 01:00,0.606
2019-02-21 02:00,0.572
2019-02-21 03:00,0.563
2019-02-21 04:00,0.549
2019-02-21 05:00,0.546
2019-02-21 06:00,0.560
2019-02-21 07:00,0.520
2019-02-21 08:00,0.445
2019-02-21 09:00,0.476
2019-02-21 10:00,0.542
2019-02-21 11:00,0.510
2019-02-21 12:00,0.410
2019-02-21 13:00,0.311
2019-02-21 14:00,0.238
2019-02-21 15:00,0.180
2019-02-21 16:00,0.160
2019-02-21 17:00,0.184
2019-02-21 18:00,0.262
2019-02-21 19:00,0.388
2019-02-21 20:00,0.505
2019-02-21 21:00,0.558
2019-02-21 22:00,0.557
2019-02-21 23:00,0.529
2019-02-22 00:00,0.480
2019-02-22 01:00,0.439
2019-02-22 02:00,0.413
2019-02-22 03:00,0.381
2019-02-22 04:00,0.327
2019-02-22 05:00,0.285
2019-02-22 06:00,0.306
2019-02-22 07:00,0.325
2019-02-22 08:00,0.258
2019-02-22 09:00,0.185
2019-02-22 10:00,0.168
2019-02-22 11:00,0.197
2019-02-22 12:00,0.223
2019-02-22 13:00,0.268
2019-02-22 14:00,0.297
2019-02-22 15:00,0.330
2019-02-22 16:00,0.453
2019-02-22 17:00,0.579
2019-02-22 18:00,0.621
2019-02-22 19:00,0.625
2019-02-22 20:00,0.620
2019-02-22 21:00,0.591
2019-02-22 22:00,0.570
2019-02-22 23:00,0.561
2019-02-23 00:00,0.536
2019-02-23 01:00,0.510
2019-02-23 02:00,0.469
2019-02-23 03:00,0.460
2019-02-23 04:00,0.410
2019-02-23 05:00,0.383
2019-02-23 06:00,0.367
2019-02-23 07:00,0.384
2019-02-23 08:00,0.426
2019-02-23 09:00,0.433
2019-02-23 10:00,0.436
2019-02-23 11:00,0.472
2019-02-23 12:00,0.516
2019-02-23 13:00,0.510
2019-02-23 14:00,0.473
2019-02-23 15:00,0.392
2019-02-23 16:00,0.415
2019-02-23 17:00,0.472
2019-02-23 18:00,0.452
2019-02-23 19:00,0.403
2019-02-23 20:00,0.345
2019-02-23 21:00,0.297
2019-02-23 22:00,0.241
2019-02-23 23:00,0.180
2019-02-24 00:00,0.118
2019-02-24 01:00,0.069
2019-02-24 02:00,0.043
2019-02-24 03:00,0.040
2019-02-24 04:00,0.063
2019-02-24 05:00,0.098
2019-02-24 06:00,0.137
2019-02-24 07:00,0.160
2019-02-24 08:00,0.109
2019-02-24 09:00,0.073
2019-02-24 10:00,0.086
2019-02-24 11:00,0.112
2019-02-24 12:00,0.161
2019-02-24 13:00,0.163
2019-02-24 14:00,0.162
2019-02-24 15:00,0.172
2019-02-24 16:00,0.229
2019-02-24 17:00,0.288
2019-02-24 18:00,0.314
2019-02-24 19:00,0.313
2019-02-24 20:00,0.327
2019-02-24 21:00,0.349
2019-02-24 22:00,0.346
2019-02-24 23:00,0.321
2019-02-25 00:00,0.286
2019-02-25 01:00,0.251
2019-02-25 02:00,0.218
2019-02-25 03:00,0.198
2019-02-25 04:00,0.190
2019-02-25 05:00,0.185
2019-02-25 06:00,0.179
2019-02-25 07:00,0.169
2019-02-25 08:00,0.126
2019-02-25 09:00,0.076
2019-02-25 10:00,0.068
2019-02-25 11:00,0.093
2019-02-25 12:00,0.185
2019-02-25 13:00,0.219
2019-02-25 14:00,0.213
2019-02-25 15:00,0.208
2019-02-25 16:00,0.281
2019-02-25 17:00,0.356
2019-02-25 18:00,0.403
2019-02-25 19:00,0.429
2019-02-25 20:00,0.446
2019-02-25 21:00,0.454
2019-02-25 22:00,0.456
2019-02-25 23:00,0.450
2019-02-26 00:00,0.428
2019-02-26 01:00,0.390
2019-02-26 02:00,0.330
2019-02-26 03:00,0.268
2019-02-26 04:00,0.206
2019-02-26 05:00,0.145
2019-02-26 06:00,0.099
2019-02-26 07:00,0.071
2019-02-26 08:00,0.057
2019-02-26 09:00,0.032
2019-02-26 10:00,0.018
2019-02-26 11:00,0.020
2019-02-26 12:00,0.059
2019-02-26 13:00,0.088
2019-02-26 14:00,0.097
2019-02-26 15:00,0.118
2019-02-26 16:00,0.179
2019-02-26 17:00,0.262
2019-02-26 18:00,0.339
2019-02-26 19:00,0.390
2019-02-26 20:00,0.420
2019-02-26 21:00,0.431
2019-02-26 22:00,0.425
2019-02-26 23:00,0.416
2019-02-27 00:00,0.413
2019-02-27 01:00,0.408
2019-02-27 02:00,0.390
2019-02-27 03:00,0.365
2019-02-27 04:00,0.321
2019-02-27 05:00,0.280
2019-02-27 06:00,0.255
2019-02-27 07:00,0.208
2019-02-27 08:00,0.137
2019-02-27 09:00,0.077
2019-02-27 10:00,0.061
2019-02-27 11:00,0.102
2019-02-27 12:00,0.135
2019-02-27 13:00,0.155
2019-02-27 14:00,0.150
2019-02-27 15:00,0.139
2019-02-27 16:00,0.149
2019-02-27 17:00,0.143
2019-02-27 18:00,0.118
2019-02-27 19:00,0.095
2019-02-27 20:00,0.077
2019-02-27 21:00,0.065
2019-02-27 22:00,0.052
2019-02-27 23:00,0.040
2019-02-28 00:00,0.036
2019-02-28 01:00,0.041
2019-02-28 02:00,0.058
2019-02-28 03:00,0.083
2019-02-28 04:00,0.090
2019-02-28 05:00,0.071
2019-02-28 06:00,0.045
2019-02-28 07:00,0.019
2019-02-28 08:00,0.011
2019-02-28 09:00,0.014
2019-02-28 10:00,0.016
2019-02-28 11:00,0.027
2019-02-28 12:00,0.039
2019-02-28 13:00,0.051
2019-02-28 14:00,0.062
2019-02-28 15:00,0.065
2019-02-28 16:00,0.070
2019-02-28 17:00,0.081
2019-02-28 18:00,0.083
2019-02-28 19:00,0.084
2019-02-28 20:00,0.098
2019-02-28 21:00,0.127
2019-02-28 22:00,0.146
2019-02-28 23:00,0.137
2019-03-01 00:00,0.112
2019-03-01 01:00,0.086
2019-03-01 02:00,0.074
2019-03-01 03:00,0.077
2019-03-01 04:00,0.089
2019-03-01 05:00,0.097
2019-03-01 06:00,0.082
2019-03-01 07:00,0.051
2019-03-01 08:00,0.037
2019-03-01 09:00,0.054
2019-03-01 10:00,0.086
2019-03-01 11:00,0.084
2019-03-01 12:00,0.068
2019-03-01 13:00,0.062
2019-03-01 14:00,0.065
2019-03-01 15:00,0.069
2019-03-01 16:00,0.133
2019-03-01 17:00,0.285
2019-03-01 18:00,0.401
2019-03-01 19:00,0.460
2019-03-01 20:00,0.485
2019-03-01 21:00,0.460
2019-03-01 22:00,0.420
2019-03-01 23:00,0.338
2019-03-02 00:00,0.279
2019-03-02 01:00,0.263
2019-03-02 02:00,0.271
2019-03-02 03:00,0.276
2019-03-02 04:00,0.293
2019-03-02 05:00,0.365
2019-03-02 06:00,0.390
2019-03-02 07:00,0.380
2019-03-02 08:00,0.285
2019-03-02 09:00,0.304
2019-03-02 10:00,0.435
2019-03-02 11:00,0.523
2019-03-02 12:00,0.655
2019-03-02 13:00,0.774
2019-03-02 14:00,0.826
2019-03-02 15:00,0.888
2019-03-02 16:00,0.944
2019-03-02 17:00,0.966
2019-03-02 18:00,0.971
2019-03-02 19:00,0.960
2019-03-02 20:00,0.939
2019-03-02 21:00,0.928
2019-03-02 22:00,0.897
2019-03-02 23:00,0.906
2019-03-03 00:00,0.917
2019-03-03 01:00,0.909
2019-03-03 02:00,0.899
2019-03-03 03:00,0.879
2019-03-03 04:00,0.852
2019-03-03 05:00,0.820
2019-03-03 06:00,0.761
2019-03-03 07:00,0.663
2019-03-03 08:00,0.558
2019-03-03 09:00,0.552
2019-03-03 10:00,0.528
2019-03-03 11:00,0.397
2019-03-03 12:00,0.248
2019-03-03 13:00,0.158
2019-03-03 14:00,0.177
2019-03-03 15:00,0.393
2019-03-03 16:00,0.618
2019-03-03 17:00,0.753
2019-03-03 18:00,0.861
2019-03-03 19:00,0.954
2019-03-03 20:00,0.986
2019-03-03 21:00,0.981
2019-03-03 22:00,0.957
2019-03-03 23:00,0.939
2019-03-04 00:00,0.941
2019-03-04 01:00,0.938
2019-03-04 02:00,0.949
2019-03-04 03:00,0.957
2019-03-04 04:00,0.954
2019-03-04 05:00,0.947
2019-03-04 06:00,0.930
2019-03-04 07:00,0.904
2019-03-04 08:00,0.897
2019-03-04 09:00,0.905
2019-03-04 10:00,0.901
2019-03-04 11:00,0.861
2019-03-04 12:00,0.786
2019-03-04 13:00,0.738
2019-03-04 14:00,0.735
2019-03-04 15:00,0.734
2019-03-04 16:00,0.721
2019-03-04 17:00,0.733
2019-03-04 18:00,0.744
2019-03-04 19:00,0.736
2019-03-04 20:00,0.703
2019-03-04 21:00,0.634
2019-03-04 22:00,0.527
2019-03-04 23:00,0.497
2019-03-05 00:00,0.475
2019-03-05 01:00,0.470
2019-03-05 02:00,0.448
2019-03-05 03:00,0.436
2019-03-05 04:00,0.493
2019-03-05 05:00,0.491
2019-03-05 06:00,0.489
2019-03-05 07:00,0.513
2019-03-05 08:00,0.554
2019-03-05 09:00,0.703
2019-03-05 10:00,0.817
2019-03-05 11:00,0.857
2019-03-05 12:00,0.854
2019-03-05 13:00,0.832
2019-03-05 14:00,0.794
2019-03-05 15:00,0.738
2019-03-05 16:00,0.678
2019-03-05 17:00,0.645
2019-03-05 18:00,0.581
2019-03-05 19:00,0.497
2019-03-05 20:00,0.466
2019-03-05 21:00,0.425
2019-03-05 22:00,0.413
2019-03-05 23:00,0.470
2019-03-06 00:00,0.529
2019-03-06 01:00,0.627
2019-03-06 02:00,0.683
2019-03-06 03:00,0.707
2019-03-06 04:00,0.705
2019-03-06 05:00,0.733
2019-03-06 06:00,0.723
2019-03-06 07:00,0.710
2019-03-06 08:00,0.642
2019-03-06 09:00,0.588
2019-03-06 10:00,0.697
2019-03-06 11:00,0.758
2019-03-06 12:00,0.772
2019-03-06 13:00,0.756
2019-03-06 14:00,0.752
2019-03-06 15:00,0.783
2019-03-06 16:00,0.781
2019-03-06 17:00,0.750
2019-03-06 18:00,0.707
2019-03-06 19:00,0.645
2019-03-06 20:00,0.612
2019-03-06 21:00,0.603
2019-03-06 22:00,0.577
2019-03-06 23:00,0.590
2019-03-07 00:00,0.645
2019-03-07 01:00,0.702
2019-03-07 02:00,0.732
2019-03-07 03:00,0.749
2019-03-07 04:00,0.798
2019-03-07 05:00,0.825
2019-03-07 06:00,0.839
2019-03-07 07:00,0.840
2019-03-07 08:00,0.853
2019-03-07 09:00,0.865
2019-03-07 10:00,0.817
2019-03-07 11:00,0.749
2019-03-07 12:00,0.748
2019-03-07 13:00,0.799
2019-03-07 14:00,0.837
2019-03-07 15:00,0.874
2019-03-07 16:00,0.893
2019-03-07 17:00,0.891
2019-03-07 18:00,0.878
2019-03-07 19:00,0.839
2019-03-07 20:00,0.780
2019-03-07 21:00,0.704
2019-03-07 22:00,0.588
2019-03-07 23:00,0.502
2019-03-08 00:00,0.471
2019-03-08 01:00,0.439
2019-03-08 02:00,0.384
2019-03-08 03:00,0.268
2019-03-08 04:00,0.207
2019-03-08 05:00,0.207
2019-03-08 06:00,0.224
2019-03-08 07:00,0.221
2019-03-08 08:00,0.229
2019-03-08 09:00,0.339
2019-03-08 10:00,0.473
2019-03-08 11:00,0.536
2019-03-08 12:00,0.595
2019-03-08 13:00,0.640
2019-03-08 14:00,0.654
2019-03-08 15:00,0.619
2019-03-08 16:00,0.663
2019-03-08 17:00,0.756
2019-03-08 18:00,0.811
2019-03-08 19:00,0.840
2019-03-08 20:00,0.895
2019-03-08 21:00,0.957
2019-03-08 22:00,0.946
2019-03-08 23:00,0.937
2019-03-09 00:00,0.937
2019-03-09 01:00,0.934
2019-03-09 02:00,0.931
2019-03-09 03:00,0.927
2019-03-09 04:00,0.922
2019-03-09 05:00,0.895
2019-03-09 06:00,0.801
2019-03-09 07:00,0.597
2019-03-09 08:00,0.643
2019-03-09 09:00,0.738
2019-03-09 10:00,0.805
2019-03-09 11:00,0.923
2019-03-09 12:00,0.946
2019-03-09 13:00,0.959
2019-03-09 14:00,0.962
2019-03-09 15:00,0.947
2019-03-09 16:00,0.878
2019-03-09 17:00,0.822
2019-03-09 18:00,0.750
2019-03-09 19:00,0.571
2019-03-09 20:00,0.466
2019-03-09 21:00,0.413
2019-03-09 22:00,0.377
2019-03-09 23:00,0.339
2019-03-10 00:00,0.243
2019-03-10 01:00,0.152
2019-03-10 02:00,0.104
2019-03-10 03:00,0.065
2019-03-10 04:00,0.085
2019-03-10 05:00,0.113
2019-03-10 06:00,0.086
2019-03-10 07:00,0.033
2019-03-10 08:00,0.011
2019-03-10 09:00,0.200
2019-03-10 10:00,0.612
2019-03-10 11:00,0.890
2019-03-10 12:00,0.979
2019-03-10 13:00,0.989
2019-03-10 14:00,0.988
2019-03-10 15:00,0.981
2019-03-10 16:00,0.959
2019-03-10 17:00,0.932
2019-03-10 18:00,0.914
2019-03-10 19:00,0.913
2019-03-10 20:00,0.930
2019-03-10 21:00,0.942
2019-03-10 22:00,0.946
2019-03-10 23:00,0.948
2019-03-11 00:00,0.950
2019-03-11 01:00,0.946
2019-03-11 02:00,0.941
2019-03-11 03:00,0.935
2019-03-11 04:00,0.926
2019-03-11 05:00,0.923
2019-03-11 06:00,0.919
2019-03-11 07:00,0.913
2019-03-11 08:00,0.887
2019-03-11 09:00,0.894
2019-03-11 10:00,0.892
2019-03-11 11:00,0.855
2019-03-11 12:00,0.808
2019-03-11 13:00,0.746
2019-03-11 14:00,0.658
2019-03-11 15:00,0.560
2019-03-11 16:00,0.450
2019-03-11 17:00,0.419
2019-03-11 18:00,0.512
2019-03-11 19:00,0.601
2019-03-11 20:00,0.652
2019-03-11 21:00,0.699
2019-03-11 22:00,0.808
2019-03-11 23:00,0.921
2019-03-12 00:00,0.975
2019-03-12 01:00,0.984
2019-03-12 02:00,0.982
2019-03-12 03:00,0.977
2019-03-12 04:00,0.966
2019-03-12 05:00,0.935
2019-03-12 06:00,0.862
2019-03-12 07:00,0.710
2019-03-12 08:00,0.588
2019-03-12 09:00,0.546
2019-03-12 10:00,0.513
2019-03-12 11:00,0.523
2019-03-12 12:00,0.565
2019-03-12 13:00,0.618
2019-03-12 14:00,0.679
2019-03-12 15:00,0.769
2019-03-12 16:00,0.858
2019-03-12 17:00,0.930
2019-03-12 18:00,0.965
2019-03-12 19:00,0.982
2019-03-12 20:00,0.992
2019-03-12 21:00,0.991
2019-03-12 22:00,0.992
2019-03-12 23:00,0.991
2019-03-13 00:00,0.991
2019-03-13 01:00,0.992
2019-03-13 02:00,0.992
2019-03-13 03:00,0.992
2019-03-13 04:00,0.993
2019-03-13 05:00,0.993
2019-03-13 06:00,0.993
2019-03-13 07:00,0.992
2019-03-13 08:00,0.991
2019-03-13 09:00,0.992
2019-03-13 10:00,0.992
2019-03-13 11:00,0.992
2019-03-13 12:00,0.991
2019-03-13 13:00,0.990
2019-03-13 14:00,0.985
2019-03-13 15:00,0.975
2019-03-13 16:00,0.950
2019-03-13 17:00,0.927
2019-03-13 18:00,0.901
2019-03-13 19:00,0.868
2019-03-13 20:00,0.850
2019-03-13 21:00,0.847
2019-03-13 22:00,0.850
2019-03-13 23:00,0.875
2019-03-14 00:00,0.910
2019-03-14 01:00,0.940
2019-03-14 02:00,0.954
2019-03-14 03:00,0.962
2019-03-14 04:00,0.970
2019-03-14 05:00,0.979
2019-03-14 06:00,0.986
2019-03-14 07:00,0.988
2019-03-14 08:00,0.985
2019-03-14 09:00,0.985
2019-03-14 10:00,0.984
2019-03-14 11:00,0.982
2019-03-14 12:00,0.982
2019-03-14 13:00,0.982
2019-03-14 14:00,0.976
2019-03-14 15:00,0.963
2019-03-14 16:00,0.922
2019-03-14 17:00,0.874
2019-03-14 18:00,0.824
2019-03-14 19:00,0.774
2019-03-14 20:00,0.708
2019-03-14 21:00,0.584
2019-03-14 22:00,0.546
2019-03-14 23:00,0.430
2019-03-15 00:00,0.333
2019-03-15 01:00,0.413
2019-03-15 02:00,0.779
2019-03-15 03:00,0.951
2019-03-15 04:00,0.978
2019-03-15 05:00,0.984
2019-03-15 06:00,0.982
2019-03-15 07:00,0.978
2019-03-15 08:00,0.981
2019-03-15 09:00,0.988
2019-03-15 10:00,0.990
2019-03-15 11:00,0.991
2019-03-15 12:00,0.990
2019-03-15 13:00,0.987
2019-03-15 14:00,0.983
2019-03-15 15:00,0.968
2019-03-15 16:00,0.932
2019-03-15 17:00,0.872
2019-03-15 18:00,0.797
2019-03-15 19:00,0.686
2019-03-15 20:00,0.568
2019-03-15 21:00,0.431
2019-03-15 22:00,0.381
2019-03-15 23:00,0.355
2019-03-16 00:00,0.299
2019-03-16 01:00,0.232
2019-03-16 02:00,0.209
2019-03-16 03:00,0.254
2019-03-16 04:00,0.359
2019-03-16 05:00,0.481
2019-03-16 06:00,0.718
2019-03-16 07:00,0.873
2019-03-16 08:00,0.941
2019-03-16 09:00,0.961
2019-03-16 10:00,0.963
2019-03-16 11:00,0.967
2019-03-16 12:00,0.981
2019-03-16 13:00,0.988
2019-03-16 14:00,0.988
2019-03-16 15:00,0.985
2019-03-16 16:00,0.973
2019-03-16 17:00,0.937
2019-03-16 18:00,0.868
2019-03-16 19:00,0.787
2019-03-16 20:00,0.719
2019-03-16 21:00,0.731
2019-03-16 22:00,0.755
2019-03-16 23:00,0.750
2019-03-17 00:00,0.719
2019-03-17 01:00,0.689
2019-03-17 02:00,0.691
2019-03-17 03:00,0.691
2019-03-17 04:00,0.696
2019-03-17 05:00,0.723
2019-03-17 06:00,0.739
2019-03-17 07:00,0.732
2019-03-17 08:00,0.816
2019-03-17 09:00,0.872
2019-03-17 10:00,0.881
2019-03-17 11:00,0.878
2019-03-17 12:00,0.878
2019-03-17 13:00,0.876
2019-03-17 14:00,0.856
2019-03-17 15:00,0.795
2019-03-17 16:00,0.665
2019-03-17 17:00,0.629
2019-03-17 18:00,0.658
2019-03-17 19:00,0.600
2019-03-17 20:00,0.565
2019-03-17 21:00,0.536
2019-03-17 22:00,0.531
2019-03-17 23:00,0.533
2019-03-18 00:00,0.516
2019-03-18 01:00,0.498
2019-03-18 02:00,0.460
2019-03-18 03:00,0.384
2019-03-18 04:00,0.309
2019-03-18 05:00,0.257
2019-03-18 06:00,0.242
2019-03-18 07:00,0.216
2019-03-18 08:00,0.202
2019-03-18 09:00,0.261
2019-03-18 10:00,0.286
2019-03-18 11:00,0.275
2019-03-18 12:00,0.249
2019-03-18 13:00,0.221
2019-03-18 14:00,0.191
2019-03-18 15:00,0.156
2019-03-18 16:00,0.116
2019-03-18 17:00,0.114
2019-03-18 18:00,0.135
2019-03-18 19:00,0.140
2019-03-18 20:00,0.139
2019-03-18 21:00,0.132
2019-03-18 22:00,0.124
2019-03-18 23:00,0.129
2019-03-19 00:00,0.138
2019-03-19 01:00,0.136
2019-03-19 02:00,0.124
2019-03-19 03:00,0.106
2019-03-19 04:00,0.098
2019-03-19 05:00,0.109
2019-03-19 06:00,0.125
2019-03-19 07:00,0.118
2019-03-19 08:00,0.115
2019-03-19 09:00,0.153
2019-03-19 10:00,0.217
2019-03-19 11:00,0.281
2019-03-19 12:00,0.333
2019-03-19 13:00,0.382
2019-03-19 14:00,0.393
2019-03-19 15:00,0.347
2019-03-19 16:00,0.311
2019-03-19 17:00,0.333
2019-03-19 18:00,0.395
2019-03-19 19:00,0.445
2019-03-19 20:00,0.473
2019-03-19 21:00,0.478
2019-03-19 22:00,0.476
2019-03-19 23:00,0.483
2019-03-20 00:00,0.450
2019-03-20 01:00,0.395
2019-03-20 02:00,0.384
2019-03-20 03:00,0.377
2019-03-20 04:00,0.360
2019-03-20 05:00,0.344
2019-03-20 06:00,0.299
2019-03-20 07:00,0.224
2019-03-20 08:00,0.187
2019-03-20 09:00,0.238
2019-03-20 10:00,0.224
2019-03-20 11:00,0.216
2019-03-20 12:00,0.232
2019-03-20 13:00,0.253
2019-03-20 14:00,0.276
2019-03-20 15:00,0.288
2019-03-20 16:00,0.279
2019-03-20 17:00,0.348
2019-03-20 18:00,0.453
2019-03-20 19:00,0.505
2019-03-20 20:00,0.512
2019-03-20 21:00,0.508
2019-03-20 22:00,0.507
2019-03-20 23:00,0.497
2019-03-21 00:00,0.466
2019-03-21 01:00,0.450
2019-03-21 02:00,0.436
2019-03-21 03:00,0.417
2019-03-21 04:00,0.400
2019-03-21 05:00,0.377
2019-03-21 06:00,0.333
2019-03-21 07:00,0.241
2019-03-21 08:00,0.208
2019-03-21 09:00,0.254
2019-03-21 10:00,0.232
2019-03-21 11:00,0.188
2019-03-21 12:00,0.161
2019-03-21 13:00,0.136
2019-03-21 14:00,0.107
2019-03-21 15:00,0.069
2019-03-21 16:00,0.032
2019-03-21 17:00,0.014
2019-03-21 18:00,0.016
2019-03-21 19:00,0.058
2019-03-21 20:00,0.156
2019-03-21 21:00,0.268
2019-03-21 22:00,0.324
2019-03-21 23:00,0.354
2019-03-22 00:00,0.419
2019-03-22 01:00,0.449
2019-03-22 02:00,0.409
2019-03-22 03:00,0.410
2019-03-22 04:00,0.436
2019-03-22 05:00,0.446
2019-03-22 06:00,0.466
2019-03-22 07:00,0.475
2019-03-22 08:00,0.622
2019-03-22 09:00,0.736
2019-03-22 10:00,0.767
2019-03-22 11:00,0.783
2019-03-22 12:00,0.787
2019-03-22 13:00,0.786
2019-03-22 14:00,0.774
2019-03-22 15:00,0.737
2019-03-22 16:00,0.692
2019-03-22 17:00,0.653
2019-03-22 18:00,0.613
2019-03-22 19:00,0.553
2019-03-22 20:00,0.463
2019-03-22 21:00,0.370
2019-03-22 22:00,0.342
2019-03-22 23:00,0.336
2019-03-23 00:00,0.319
2019-03-23 01:00,0.320
2019-03-23 02:00,0.312
2019-03-23 03:00,0.267
2019-03-23 04:00,0.263
2019-03-23 05:00,0.275
2019-03-23 06:00,0.259
2019-03-23 07:00,0.181
2019-03-23 08:00,0.171
2019-03-23 09:00,0.194
2019-03-23 10:00,0.169
2019-03-23 11:00,0.145
2019-03-23 12:00,0.121
2019-03-23 13:00,0.099
2019-03-23 14:00,0.081
2019-03-23 15:00,0.069
2019-03-23 16:00,0.069
2019-03-23 17:00,0.094
2019-03-23 18:00,0.111
2019-03-23 19:00,0.108
2019-03-23 20:00,0.106
2019-03-23 21:00,0.100
2019-03-23 22:00,0.089
2019-03-23 23:00,0.081
2019-03-24 00:00,0.083
2019-03-24 01:00,0.113
2019-03-24 02:00,0.194
2019-03-24 03:00,0.268
2019-03-24 04:00,0.298
2019-03-24 05:00,0.359
2019-03-24 06:00,0.419
2019-03-24 07:00,0.319
2019-03-24 08:00,0.460
2019-03-24 09:00,0.625
2019-03-24 10:00,0.700
2019-03-24 11:00,0.752
2019-03-24 12:00,0.805
2019-03-24 13:00,0.858
2019-03-24 14:00,0.894
2019-03-24 15:00,0.907
2019-03-24 16:00,0.880
2019-03-24 17:00,0.856
2019-03-24 18:00,0.861
2019-03-24 19:00,0.862
2019-03-24 20:00,0.853
2019-03-24 21:00,0.834
2019-03-24 22:00,0.811
2019-03-24 23:00,0.795
2019-03-25 00:00,0.779
2019-03-25 01:00,0.774
2019-03-25 02:00,0.765
2019-03-25 03:00,0.736
2019-03-25 04:00,0.696
2019-03-25 05:00,0.653
2019-03-25 06:00,0.542
2019-03-25 07:00,0.384
2019-03-25 08:00,0.527
2019-03-25 09:00,0.523
2019-03-25 10:00,0.367
2019-03-25 11:00,0.254
2019-03-25 12:00,0.185
2019-03-25 13:00,0.154
2019-03-25 14:00,0.150
2019-03-25 15:00,0.161
2019-03-25 16:00,0.177
2019-03-25 17:00,0.197
2019-03-25 18:00,0.232
2019-03-25 19:00,0.239
2019-03-25 20:00,0.246
2019-03-25 21:00,0.269
2019-03-25 22:00,0.299
2019-03-25 23:00,0.326
2019-03-26 00:00,0.357
2019-03-26 01:00,0.398
2019-03-26 02:00,0.403
2019-03-26 03:00,0.359
2019-03-26 04:00,0.293
2019-03-26 05:00,0.256
2019-03-26 06:00,0.251
2019-03-26 07:00,0.261
2019-03-26 08:00,0.318
2019-03-26 09:00,0.478
2019-03-26 10:00,0.505
2019-03-26 11:00,0.523
2019-03-26 12:00,0.549
2019-03-26 13:00,0.581
2019-03-26 14:00,0.602
2019-03-26 15:00,0.591
2019-03-26 16:00,0.528
2019-03-26 17:00,0.416
2019-03-26 18:00,0.389
2019-03-26 19:00,0.401
2019-03-26 20:00,0.432
2019-03-26 21:00,0.435
2019-03-26 22:00,0.421
2019-03-26 23:00,0.416
2019-03-27 00:00,0.429
2019-03-27 01:00,0.450
2019-03-27 02:00,0.470
2019-03-27 03:00,0.486
2019-03-27 04:00,0.492
2019-03-27 05:00,0.502
2019-03-27 06:00,0.479
2019-03-27 07:00,0.330
2019-03-27 08:00,0.380
2019-03-27 09:00,0.448
2019-03-27 10:00,0.454
2019-03-27 11:00,0.460
2019-03-27 12:00,0.472
2019-03-27 13:00,0.491
2019-03-27 14:00,0.508
2019-03-27 15:00,0.502
2019-03-27 16:00,0.449
2019-03-27 17:00,0.365
2019-03-27 18:00,0.342
2019-03-27 19:00,0.358
2019-03-27 20:00,0.373
2019-03-27 21:00,0.377
2019-03-27 22:00,0.375
2019-03-27 23:00,0.357
2019-03-28 00:00,0.315
2019-03-28 01:00,0.270
2019-03-28 02:00,0.221
2019-03-28 03:00,0.182
2019-03-28 04:00,0.165
2019-03-28 05:00,0.180
2019-03-28 06:00,0.190
2019-03-28 07:00,0.114
2019-03-28 08:00,0.074
2019-03-28 09:00,0.058
2019-03-28 10:00,0.073
2019-03-28 11:00,0.097
2019-03-28 12:00,0.118
2019-03-28 13:00,0.134
2019-03-28 14:00,0.146
2019-03-28 15:00,0.146
2019-03-28 16:00,0.140
2019-03-28 17:00,0.148
2019-03-28 18:00,0.161
2019-03-28 19:00,0.172
2019-03-28 20:00,0.186
2019-03-28 21:00,0.205
2019-03-28 22:00,0.222
2019-03-28 23:00,0.228
2019-03-29 00:00,0.224
2019-03-29 01:00,0.203
2019-03-29 02:00,0.189
2019-03-29 03:00,0.189
2019-03-29 04:00,0.196
2019-03-29 05:00,0.205
2019-03-29 06:00,0.194
2019-03-29 07:00,0.134
2019-03-29 08:00,0.104
2019-03-29 09:00,0.122
2019-03-29 10:00,0.131
2019-03-29 11:00,0.136
2019-03-29 12:00,0.139
2019-03-29 13:00,0.134
2019-03-29 14:00,0.129
2019-03-29 15:00,0.129
2019-03-29 16:00,0.129
2019-03-29 17:00,0.141
2019-03-29 18:00,0.154
2019-03-29 19:00,0.150
2019-03-29 20:00,0.140
2019-03-29 21:00,0.134
2019-03-29 22:00,0.121
2019-03-29 23:00,0.102
2019-03-30 00:00,0.079
2019-03-30 01:00,0.060
2019-03-30 02:00,0.045
2019-03-30 03:00,0.034
2019-03-30 04:00,0.026
2019-03-30 05:00,0.024
2019-03-30 06:00,0.028
2019-03-30 07:00,0.034
2019-03-30 08:00,0.043
2019-03-30 09:00,0.077
2019-03-30 10:00,0.079
2019-03-30 11:00,0.083
2019-03-30 12:00,0.091
2019-03-30 13:00,0.106
2019-03-30 14:00,0.127
2019-03-30 15:00,0.143
2019-03-30 16:00,0.145
2019-03-30 17:00,0.145
2019-03-30 18:00,0.172
2019-03-30 19:00,0.195
2019-03-30 20:00,0.224
2019-03-30 21:00,0.260
2019-03-30 22:00,0.309
2019-03-30 23:00,0.348
2019-03-31 00:00,0.342
2019-03-31 01:00,0.313
2019-03-31 02:00,0.307
2019-03-31 03:00,0.342
2019-03-31 04:00,0.348
2019-03-31 05:00,0.361
2019-03-31 06:00,0.331
2019-03-31 07:00,0.302
2019-03-31 08:00,0.348
2019-03-31 09:00,0.348
2019-03-31 10:00,0.324
2019-03-31 11:00,0.297
2019-03-31 12:00,0.272
2019-03-31 13:00,0.257
2019-03-31 14:00,0.251
2019-03-31 15:00,0.261
2019-03-31 16:00,0.293
2019-03-31 17:00,0.345
2019-03-31 18:00,0.453
2019-03-31 19:00,0.497
2019-03-31 20:00,0.455
2019-03-31 21:00,0.407
2019-03-31 22:00,0.374
2019-03-31 23:00,0.349
2019-04-01 00:00,0.341
2019-04-01 01:00,0.327
2019-04-01 02:00,0.309
2019-04-01 03:00,0.306
2019-04-01 04:00,0.309
2019-04-01 05:00,0.309
2019-04-01 06:00,0.297
2019-04-01 07:00,0.229
2019-04-01 08:00,0.338
2019-04-01 09:00,0.311
2019-04-01 10:00,0.267
2019-04-01 11:00,0.239
2019-04-01 12:00,0.230
2019-04-01 13:00,0.223
2019-04-01 14:00,0.215
2019-04-01 15:00,0.220
2019-04-01 16:00,0.223
2019-04-01 17:00,0.270
2019-04-01 18:00,0.414
2019-04-01 19:00,0.528
2019-04-01 20:00,0.566
2019-04-01 21:00,0.554
2019-04-01 22:00,0.467
2019-04-01 23:00,0.363
2019-04-02 00:00,0.300
2019-04-02 01:00,0.259
2019-04-02 02:00,0.231
2019-04-02 03:00,0.216
2019-04-02 04:00,0.204
2019-04-02 05:00,0.224
2019-04-02 06:00,0.254
2019-04-02 07:00,0.302
2019-04-02 08:00,0.367
2019-04-02 09:00,0.406
2019-04-02 10:00,0.403
2019-04-02 11:00,0.392
2019-04-02 12:00,0.374
2019-04-02 13:00,0.348
2019-04-02 14:00,0.311
2019-04-02 15:00,0.263
2019-04-02 16:00,0.211
2019-04-02 17:00,0.170
2019-04-02 18:00,0.181
2019-04-02 19:00,0.194
2019-04-02 20:00,0.193
2019-04-02 21:00,0.184
2019-04-02 22:00,0.176
2019-04-02 23:00,0.169
2019-04-03 00:00,0.157
2019-04-03 01:00,0.146
2019-04-03 02:00,0.141
2019-04-03 03:00,0.168
2019-04-03 04:00,0.211
2019-04-03 05:00,0.229
2019-04-03 06:00,0.170
2019-04-03 07:00,0.086
2019-04-03 08:00,0.055
2019-04-03 09:00,0.046
2019-04-03 10:00,0.055
2019-04-03 11:00,0.069
2019-04-03 12:00,0.083
2019-04-03 13:00,0.093
2019-04-03 14:00,0.104
2019-04-03 15:00,0.115
2019-04-03 16:00,0.119
2019-04-03 17:00,0.134
2019-04-03 18:00,0.215
2019-04-03 19:00,0.306
2019-04-03 20:00,0.343
2019-04-03 21:00,0.354
2019-04-03 22:00,0.343
2019-04-03 23:00,0.313
2019-04-04 00:00,0.270
2019-04-04 01:00,0.264
2019-04-04 02:00,0.276
2019-04-04 03:00,0.268
2019-04-04 04:00,0.243
2019-04-04 05:00,0.231
2019-04-04 06:00,0.207
2019-04-04 07:00,0.286
2019-04-04 08:00,0.430
2019-04-04 09:00,0.585
2019-04-04 10:00,0.720
2019-04-04 11:00,0.815
2019-04-04 12:00,0.876
2019-04-04 13:00,0.909
2019-04-04 14:00,0.923
2019-04-04 15:00,0.922
2019-04-04 16:00,0.917
2019-04-04 17:00,0.903
2019-04-04 18:00,0.895
2019-04-04 19:00,0.881
2019-04-04 20:00,0.867
2019-04-04 21:00,0.843
2019-04-04 22:00,0.808
2019-04-04 23:00,0.765
2019-04-05 00:00,0.696
2019-04-05 01:00,0.636
2019-04-05 02:00,0.520
2019-04-05 03:00,0.496
2019-04-05 04:00,0.529
2019-04-05 05:00,0.553
2019-04-05 06:00,0.576
2019-04-05 07:00,0.618
2019-04-05 08:00,0.724
2019-04-05 09:00,0.824
2019-04-05 10:00,0.847
2019-04-05 11:00,0.823
2019-04-05 12:00,0.769
2019-04-05 13:00,0.702
2019-04-05 14:00,0.645
2019-04-05 15:00,0.600
2019-04-05 16:00,0.577
2019-04-05 17:00,0.584
2019-04-05 18:00,0.616
2019-04-05 19:00,0.562
2019-04-05 20:00,0.490
2019-04-05 21:00,0.414
2019-04-05 22:00,0.338
2019-04-05 23:00,0.286
2019-04-06 00:00,0.250
2019-04-06 01:00,0.240
2019-04-06 02:00,0.215
2019-04-06 03:00,0.197
2019-04-06 04:00,0.181
2019-04-06 05:00,0.145
2019-04-06 06:00,0.126
2019-04-06 07:00,0.135
2019-04-06 08:00,0.121
2019-04-06 09:00,0.098
2019-04-06 10:00,0.085
2019-04-06 11:00,0.084
2019-04-06 12:00,0.086
2019-04-06 13:00,0.092
2019-04-06 14:00,0.100
2019-04-06 15:00,0.112
2019-04-06 16:00,0.135
2019-04-06 17:00,0.170
2019-04-06 18:00,0.227
2019-04-06 19:00,0.258
2019-04-06 20:00,0.246
2019-04-06 21:00,0.197
2019-04-06 22:00,0.153
2019-04-06 23:00,0.147
2019-04-07 00:00,0.165
2019-04-07 01:00,0.181
2019-04-07 02:00,0.186
2019-04-07 03:00,0.191
2019-04-07 04:00,0.198
2019-04-07 05:00,0.194
2019-04-07 06:00,0.159
2019-04-07 07:00,0.139
2019-04-07 08:00,0.161
2019-04-07 09:00,0.156
2019-04-07 10:00,0.135
2019-04-07 11:00,0.118
2019-04-07 12:00,0.113
2019-04-07 13:00,0.122
2019-04-07 14:00,0.137
2019-04-07 15:00,0.168
2019-04-07 16:00,0.209
2019-04-07 17:00,0.262
2019-04-07 18:00,0.316
2019-04-07 19:00,0.321
2019-04-07 20:00,0.313
2019-04-07 21:00,0.309
2019-04-07 22:00,0.268
2019-04-07 23:00,0.249
2019-04-08 00:00,0.238
2019-04-08 01:00,0.224
2019-04-08 02:00,0.224
2019-04-08 03:00,0.235
2019-04-08 04:00,0.279
2019-04-08 05:00,0.306
2019-04-08 06:00,0.329
2019-04-08 07:00,0.348
2019-04-08 08:00,0.367
2019-04-08 09:00,0.408
2019-04-08 10:00,0.432
2019-04-08 11:00,0.489
2019-04-08 12:00,0.539
2019-04-08 13:00,0.574
2019-04-08 14:00,0.594
2019-04-08 15:00,0.607
2019-04-08 16:00,0.604
2019-04-08 17:00,0.562
2019-04-08 18:00,0.572
2019-04-08 19:00,0.568
2019-04-08 20:00,0.542
2019-04-08 21:00,0.542
2019-04-08 22:00,0.523
2019-04-08 23:00,0.488
2019-04-09 00:00,0.525
2019-04-09 01:00,0.560
2019-04-09 02:00,0.586
2019-04-09 03:00,0.605
2019-04-09 04:00,0.595
2019-04-09 05:00,0.588
2019-04-09 06:00,0.574
2019-04-09 07:00,0.677
2019-04-09 08:00,0.727
2019-04-09 09:00,0.707
2019-04-09 10:00,0.658
2019-04-09 11:00,0.602
2019-04-09 12:00,0.559
2019-04-09 13:00,0.532
2019-04-09 14:00,0.523
2019-04-09 15:00,0.539
2019-04-09 16:00,0.559
2019-04-09 17:00,0.553
2019-04-09 18:00,0.521
2019-04-09 19:00,0.494
2019-04-09 20:00,0.483
2019-04-09 21:00,0.486
2019-04-09 22:00,0.484
2019-04-09 23:00,0.481
2019-04-10 00:00,0.462
2019-04-10 01:00,0.450
2019-04-10 02:00,0.447
2019-04-10 03:00,0.444
2019-04-10 04:00,0.434
2019-04-10 05:00,0.422
2019-04-10 06:00,0.330
2019-04-10 07:00,0.359
2019-04-10 08:00,0.410
2019-04-10 09:00,0.355
2019-04-10 10:00,0.319
2019-04-10 11:00,0.307
2019-04-10 12:00,0.309
2019-04-10 13:00,0.304
2019-04-10 14:00,0.285
2019-04-10 15:00,0.262
2019-04-10 16:00,0.251
2019-04-10 17:00,0.257
2019-04-10 18:00,0.338
2019-04-10 19:00,0.406
2019-04-10 20:00,0.391
2019-04-10 21:00,0.346
2019-04-10 22:00,0.301
2019-04-10 23:00,0.254
2019-04-11 00:00,0.205
2019-04-11 01:00,0.163
2019-04-11 02:00,0.128
2019-04-11 03:00,0.105
2019-04-11 04:00,0.087
2019-04-11 05:00,0.075
2019-04-11 06:00,0.069
2019-04-11 07:00,0.067
2019-04-11 08:00,0.070
2019-04-11 09:00,0.066
2019-04-11 10:00,0.066
2019-04-11 11:00,0.065
2019-04-11 12:00,0.060
2019-04-11 13:00,0.053
2019-04-11 14:00,0.044
2019-04-11 15:00,0.040
2019-04-11 16:00,0.045
2019-04-11 17:00,0.079
2019-04-11 18:00,0.204
2019-04-11 19:00,0.381
2019-04-11 20:00,0.450
2019-04-11 21:00,0.426
2019-04-11 22:00,0.367
2019-04-11 23:00,0.314
2019-04-12 00:00,0.278
2019-04-12 01:00,0.229
2019-04-12 02:00,0.184
2019-04-12 03:00,0.155
2019-04-12 04:00,0.140
2019-04-12 05:00,0.139
2019-04-12 06:00,0.126
2019-04-12 07:00,0.123
2019-04-12 08:00,0.154
2019-04-12 09:00,0.164
2019-04-12 10:00,0.176
2019-04-12 11:00,0.189
2019-04-12 12:00,0.208
2019-04-12 13:00,0.239
2019-04-12 14:00,0.276
2019-04-12 15:00,0.309
2019-04-12 16:00,0.341
2019-04-12 17:00,0.357
2019-04-12 18:00,0.393
2019-04-12 19:00,0.447
2019-04-12 20:00,0.440
2019-04-12 21:00,0.426
2019-04-12 22:00,0.436
2019-04-12 23:00,0.426
2019-04-13 00:00,0.377
2019-04-13 01:00,0.325
2019-04-13 02:00,0.314
2019-04-13 03:00,0.365
2019-04-13 04:00,0.429
2019-04-13 05:00,0.451
2019-04-13 06:00,0.323
2019-04-13 07:00,0.339
2019-04-13 08:00,0.445
2019-04-13 09:00,0.483
2019-04-13 10:00,0.493
2019-04-13 11:00,0.486
2019-04-13 12:00,0.473
2019-04-13 13:00,0.473
2019-04-13 14:00,0.489
2019-04-13 15:00,0.499
2019-04-13 16:00,0.498
2019-04-13 17:00,0.480
2019-04-13 18:00,0.476
2019-04-13 19:00,0.533
2019-04-13 20:00,0.539
2019-04-13 21:00,0.517
2019-04-13 22:00,0.460
2019-04-13 23:00,0.419
2019-04-14 00:00,0.401
2019-04-14 01:00,0.429
2019-04-14 02:00,0.479
2019-04-14 03:00,0.483
2019-04-14 04:00,0.472
2019-04-14 05:00,0.481
2019-04-14 06:00,0.409
2019-04-14 07:00,0.425
2019-04-14 08:00,0.639
2019-04-14 09:00,0.645
2019-04-14 10:00,0.651
2019-04-14 11:00,0.685
2019-04-14 12:00,0.692
2019-04-14 13:00,0.589
2019-04-14 14:00,0.545
2019-04-14 15:00,0.523
2019-04-14 16:00,0.520
2019-04-14 17:00,0.476
2019-04-14 18:00,0.441
2019-04-14 19:00,0.488
2019-04-14 20:00,0.510
2019-04-14 21:00,0.518
2019-04-14 22:00,0.516
2019-04-14 23:00,0.487
2019-04-15 00:00,0.444
2019-04-15 01:00,0.448
2019-04-15 02:00,0.502
2019-04-15 03:00,0.548
2019-04-15 04:00,0.648
2019-04-15 05:00,0.647
2019-04-15 06:00,0.643
2019-04-15 07:00,0.713
2019-04-15 08:00,0.822
2019-04-15 09:00,0.851
2019-04-15 10:00,0.855
2019-04-15 11:00,0.845
2019-04-15 12:00,0.834
2019-04-15 13:00,0.831
2019-04-15 14:00,0.831
2019-04-15 15:00,0.826
2019-04-15 16:00,0.805
2019-04-15 17:00,0.756
2019-04-15 18:00,0.706
2019-04-15 19:00,0.655
2019-04-15 20:00,0.544
2019-04-15 21:00,0.436
2019-04-15 22:00,0.349
2019-04-15 23:00,0.287
2019-04-16 00:00,0.248
2019-04-16 01:00,0.212
2019-04-16 02:00,0.198
2019-04-16 03:00,0.179
2019-04-16 04:00,0.177
2019-04-16 05:00,0.188
2019-04-16 06:00,0.179
2019-04-16 07:00,0.172
2019-04-16 08:00,0.195
2019-04-16 09:00,0.229
2019-04-16 10:00,0.255
2019-04-16 11:00,0.289
2019-04-16 12:00,0.321
2019-04-16 13:00,0.326
2019-04-16 14:00,0.315
2019-04-16 15:00,0.308
2019-04-16 16:00,0.313
2019-04-16 17:00,0.324
2019-04-16 18:00,0.358
2019-04-16 19:00,0.380
2019-04-16 20:00,0.348
2019-04-16 21:00,0.326
2019-04-16 22:00,0.291
2019-04-16 23:00,0.268
2019-04-17 00:00,0.266
2019-04-17 01:00,0.263
2019-04-17 02:00,0.257
2019-04-17 03:00,0.243
2019-04-17 04:00,0.207
2019-04-17 05:00,0.171
2019-04-17 06:00,0.136
2019-04-17 07:00,0.134
2019-04-17 08:00,0.153
2019-04-17 09:00,0.246
2019-04-17 10:00,0.274
2019-04-17 11:00,0.270
2019-04-17 12:00,0.268
2019-04-17 13:00,0.283
2019-04-17 14:00,0.318
2019-04-17 15:00,0.374
2019-04-17 16:00,0.436
2019-04-17 17:00,0.452
2019-04-17 18:00,0.463
2019-04-17 19:00,0.502
2019-04-17 20:00,0.463
2019-04-17 21:00,0.416
2019-04-17 22:00,0.363
2019-04-17 23:00,0.291
2019-04-18 00:00,0.223
2019-04-18 01:00,0.181
2019-04-18 02:00,0.162
2019-04-18 03:00,0.156
2019-04-18 04:00,0.149
2019-04-18 05:00,0.149
2019-04-18 06:00,0.146
2019-04-18 07:00,0.170
2019-04-18 08:00,0.247
2019-04-18 09:00,0.311
2019-04-18 10:00,0.380
2019-04-18 11:00,0.429
2019-04-18 12:00,0.469
2019-04-18 13:00,0.503
2019-04-18 14:00,0.516
2019-04-18 15:00,0.496
2019-04-18 16:00,0.452
2019-04-18 17:00,0.400
2019-04-18 18:00,0.410
2019-04-18 19:00,0.452
2019-04-18 20:00,0.436
2019-04-18 21:00,0.423
2019-04-18 22:00,0.416
2019-04-18 23:00,0.406
2019-04-19 00:00,0.390
2019-04-19 01:00,0.373
2019-04-19 02:00,0.357
2019-04-19 03:00,0.330
2019-04-19 04:00,0.294
2019-04-19 05:00,0.257
2019-04-19 06:00,0.187
2019-04-19 07:00,0.113
2019-04-19 08:00,0.114
2019-04-19 09:00,0.200
2019-04-19 10:00,0.309
2019-04-19 11:00,0.333
2019-04-19 12:00,0.309
2019-04-19 13:00,0.259
2019-04-19 14:00,0.199
2019-04-19 15:00,0.152
2019-04-19 16:00,0.134
2019-04-19 17:00,0.158
2019-04-19 18:00,0.250
2019-04-19 19:00,0.325
2019-04-19 20:00,0.330
2019-04-19 21:00,0.268
2019-04-19 22:00,0.188
2019-04-19 23:00,0.134
2019-04-20 00:00,0.109
2019-04-20 01:00,0.093
2019-04-20 02:00,0.073
2019-04-20 03:00,0.060
2019-04-20 04:00,0.049
2019-04-20 05:00,0.037
2019-04-20 06:00,0.028
2019-04-20 07:00,0.016
2019-04-20 08:00,0.014
2019-04-20 09:00,0.028
2019-04-20 10:00,0.043
2019-04-20 11:00,0.042
2019-04-20 12:00,0.040
2019-04-20 13:00,0.041
2019-04-20 14:00,0.043
2019-04-20 15:00,0.048
2019-04-20 16:00,0.060
2019-04-20 17:00,0.086
2019-04-20 18:00,0.159
2019-04-20 19:00,0.247
2019-04-20 20:00,0.331
2019-04-20 21:00,0.388
2019-04-20 22:00,0.408
2019-04-20 23:00,0.403
2019-04-21 00:00,0.386
2019-04-21 01:00,0.365
2019-04-21 02:00,0.342
2019-04-21 03:00,0.314
2019-04-21 04:00,0.281
2019-04-21 05:00,0.253
2019-04-21 06:00,0.183
2019-04-21 07:00,0.082
2019-04-21 08:00,0.052
2019-04-21 09:00,0.114
2019-04-21 10:00,0.154
2019-04-21 11:00,0.166
2019-04-21 12:00,0.181
2019-04-21 13:00,0.194
2019-04-21 14:00,0.202
2019-04-21 15:00,0.204
2019-04-21 16:00,0.194
2019-04-21 17:00,0.225
2019-04-21 18:00,0.348
2019-04-21 19:00,0.488
2019-04-21 20:00,0.562
2019-04-21 21:00,0.572
2019-04-21 22:00,0.546
2019-04-21 23:00,0.525
2019-04-22 00:00,0.500
2019-04-22 01:00,0.469
2019-04-22 02:00,0.447
2019-04-22 03:00,0.407
2019-04-22 04:00,0.367
2019-04-22 05:00,0.333
2019-04-22 06:00,0.214
2019-04-22 07:00,0.128
2019-04-22 08:00,0.124
2019-04-22 09:00,0.284
2019-04-22 10:00,0.358
2019-04-22 11:00,0.380
2019-04-22 12:00,0.406
2019-04-22 13:00,0.449
2019-04-22 14:00,0.504
2019-04-22 15:00,0.549
2019-04-22 16:00,0.541
2019-04-22 17:00,0.493
2019-04-22 18:00,0.522
2019-04-22 19:00,0.580
2019-04-22 20:00,0.546
2019-04-22 21:00,0.454
2019-04-22 22:00,0.390
2019-04-22 23:00,0.357
2019-04-23 00:00,0.338
2019-04-23 01:00,0.322
2019-04-23 02:00,0.309
2019-04-23 03:00,0.321
2019-04-23 04:00,0.364
2019-04-23 05:00,0.372
2019-04-23 06:00,0.263
2019-04-23 07:00,0.272
2019-04-23 08:00,0.366
2019-04-23 09:00,0.434
2019-04-23 10:00,0.476
2019-04-23 11:00,0.483
2019-04-23 12:00,0.505
2019-04-23 13:00,0.510
2019-04-23 14:00,0.497
2019-04-23 15:00,0.478
2019-04-23 16:00,0.469
2019-04-23 17:00,0.442
2019-04-23 18:00,0.439
2019-04-23 19:00,0.480
2019-04-23 20:00,0.463
2019-04-23 21:00,0.413
2019-04-23 22:00,0.375
2019-04-23 23:00,0.326
2019-04-24 00:00,0.287
2019-04-24 01:00,0.270
2019-04-24 02:00,0.250
2019-04-24 03:00,0.244
2019-04-24 04:00,0.223
2019-04-24 05:00,0.205
2019-04-24 06:00,0.192
2019-04-24 07:00,0.245
2019-04-24 08:00,0.272
2019-04-24 09:00,0.292
2019-04-24 10:00,0.333
2019-04-24 11:00,0.370
2019-04-24 12:00,0.395
2019-04-24 13:00,0.452
2019-04-24 14:00,0.528
2019-04-24 15:00,0.543
2019-04-24 16:00,0.608
2019-04-24 17:00,0.719
2019-04-24 18:00,0.700
2019-04-24 19:00,0.594
2019-04-24 20:00,0.409
2019-04-24 21:00,0.350
2019-04-24 22:00,0.340
2019-04-24 23:00,0.311
2019-04-25 00:00,0.277
2019-04-25 01:00,0.246
2019-04-25 02:00,0.255
2019-04-25 03:00,0.270
2019-04-25 04:00,0.208
2019-04-25 05:00,0.230
2019-04-25 06:00,0.322
2019-04-25 07:00,0.459
2019-04-25 08:00,0.548
2019-04-25 09:00,0.586
2019-04-25 10:00,0.577
2019-04-25 11:00,0.551
2019-04-25 12:00,0.539
2019-04-25 13:00,0.545
2019-04-25 14:00,0.533
2019-04-25 15:00,0.510
2019-04-25 16:00,0.436
2019-04-25 17:00,0.423
2019-04-25 18:00,0.460
2019-04-25 19:00,0.456
2019-04-25 20:00,0.429
2019-04-25 21:00,0.381
2019-04-25 22:00,0.394
2019-04-25 23:00,0.416
2019-04-26 00:00,0.410
2019-04-26 01:00,0.403
2019-04-26 02:00,0.377
2019-04-26 03:00,0.342
2019-04-26 04:00,0.271
2019-04-26 05:00,0.216
2019-04-26 06:00,0.262
2019-04-26 07:00,0.406
2019-04-26 08:00,0.542
2019-04-26 09:00,0.658
2019-04-26 10:00,0.727
2019-04-26 11:00,0.772
2019-04-26 12:00,0.799
2019-04-26 13:00,0.803
2019-04-26 14:00,0.777
2019-04-26 15:00,0.711
2019-04-26 16:00,0.604
2019-04-26 17:00,0.500
2019-04-26 18:00,0.499
2019-04-26 19:00,0.570
2019-04-26 20:00,0.664
2019-04-26 21:00,0.772
2019-04-26 22:00,0.864
2019-04-26 23:00,0.861
2019-04-27 00:00,0.862
2019-04-27 01:00,0.860
2019-04-27 02:00,0.838
2019-04-27 03:00,0.758
2019-04-27 04:00,0.646
2019-04-27 05:00,0.531
2019-04-27 06:00,0.501
2019-04-27 07:00,0.616
2019-04-27 08:00,0.759
2019-04-27 09:00,0.861
2019-04-27 10:00,0.919
2019-04-27 11:00,0.941
2019-04-27 12:00,0.943
2019-04-27 13:00,0.946
2019-04-27 14:00,0.935
2019-04-27 15:00,0.909
2019-04-27 16:00,0.886
2019-04-27 17:00,0.881
2019-04-27 18:00,0.879
2019-04-27 19:00,0.871
2019-04-27 20:00,0.851
2019-04-27 21:00,0.817
2019-04-27 22:00,0.752
2019-04-27 23:00,0.678
2019-04-28 00:00,0.600
2019-04-28 01:00,0.539
2019-04-28 02:00,0.488
2019-04-28 03:00,0.410
2019-04-28 04:00,0.367
2019-04-28 05:00,0.330
2019-04-28 06:00,0.290
2019-04-28 07:00,0.277
2019-04-28 08:00,0.290
2019-04-28 09:00,0.283
2019-04-28 10:00,0.230
2019-04-28 11:00,0.184
2019-04-28 12:00,0.161
2019-04-28 13:00,0.150
2019-04-28 14:00,0.137
2019-04-28 15:00,0.128
2019-04-28 16:00,0.116
2019-04-28 17:00,0.098
2019-04-28 18:00,0.091
2019-04-28 19:00,0.094
2019-04-28 20:00,0.089
2019-04-28 21:00,0.081
2019-04-28 22:00,0.079
2019-04-28 23:00,0.081
2019-04-29 00:00,0.083
2019-04-29 01:00,0.069
2019-04-29 02:00,0.048
2019-04-29 03:00,0.035
2019-04-29 04:00,0.031
2019-04-29 05:00,0.029
2019-04-29 06:00,0.040
2019-04-29 07:00,0.067
2019-04-29 08:00,0.081
2019-04-29 09:00,0.086
2019-04-29 10:00,0.091
2019-04-29 11:00,0.108
2019-04-29 12:00,0.129
2019-04-29 13:00,0.143
2019-04-29 14:00,0.146
2019-04-29 15:00,0.146
2019-04-29 16:00,0.140
2019-04-29 17:00,0.134
2019-04-29 18:00,0.168
2019-04-29 19:00,0.268
2019-04-29 20:00,0.323
2019-04-29 21:00,0.320
2019-04-29 22:00,0.305
2019-04-29 23:00,0.289
2019-04-30 00:00,0.270
2019-04-30 01:00,0.250
2019-04-30 02:00,0.210
2019-04-30 03:00,0.180
2019-04-30 04:00,0.154
2019-04-30 05:00,0.123
2019-04-30 06:00,0.078
2019-04-30 07:00,0.078
2019-04-30 08:00,0.069
2019-04-30 09:00,0.048
2019-04-30 10:00,0.041
2019-04-30 11:00,0.040
2019-04-30 12:00,0.044
2019-04-30 13:00,0.051
2019-04-30 14:00,0.059
2019-04-30 15:00,0.065
2019-04-30 16:00,0.069
2019-04-30 17:00,0.069
2019-04-30 18:00,0.069
2019-04-30 19:00,0.066
2019-04-30 20:00,0.062
2019-04-30 21:00,0.062
2019-04-30 22:00,0.070
2019-04-30 23:00,0.080
2019-05-01 00:00,0.083
2019-05-01 01:00,0.082
2019-05-01 02:00,0.079
2019-05-01 03:00,0.077
2019-05-01 04:00,0.074
2019-05-01 05:00,0.070
2019-05-01 06:00,0.048
2019-05-01 07:00,0.031
2019-05-01 08:00,0.027
2019-05-01 09:00,0.034
2019-05-01 10:00,0.047
2019-05-01 11:00,0.068
2019-05-01 12:00,0.091
2019-05-01 13:00,0.110
2019-05-01 14:00,0.122
2019-05-01 15:00,0.127
2019-05-01 16:00,0.132
2019-05-01 17:00,0.141
2019-05-01 18:00,0.180
2019-05-01 19:00,0.268
2019-05-01 20:00,0.340
2019-05-01 21:00,0.356
2019-05-01 22:00,0.344
2019-05-01 23:00,0.333
2019-05-02 00:00,0.339
2019-05-02 01:00,0.327
2019-05-02 02:00,0.307
2019-05-02 03:00,0.294
2019-05-02 04:00,0.281
2019-05-02 05:00,0.251
2019-05-02 06:00,0.251
2019-05-02 07:00,0.333
2019-05-02 08:00,0.357
2019-05-02 09:00,0.377
2019-05-02 10:00,0.380
2019-05-02 11:00,0.380
2019-05-02 12:00,0.374
2019-05-02 13:00,0.362
2019-05-02 14:00,0.339
2019-05-02 15:00,0.306
2019-05-02 16:00,0.253
2019-05-02 17:00,0.177
2019-05-02 18:00,0.123
2019-05-02 19:00,0.125
2019-05-02 20:00,0.134
2019-05-02 21:00,0.145
2019-05-02 22:00,0.143
2019-05-02 23:00,0.134
2019-05-03 00:00,0.124
2019-05-03 01:00,0.115
2019-05-03 02:00,0.111
2019-05-03 03:00,0.100
2019-05-03 04:00,0.077
2019-05-03 05:00,0.046
2019-05-03 06:00,0.027
2019-05-03 07:00,0.019
2019-05-03 08:00,0.015
2019-05-03 09:00,0.026
2019-05-03 10:00,0.046
2019-05-03 11:00,0.071
2019-05-03 12:00,0.105
2019-05-03 13:00,0.148
2019-05-03 14:00,0.192
2019-05-03 15:00,0.221
2019-05-03 16:00,0.232
2019-05-03 17:00,0.204
2019-05-03 18:00,0.145
2019-05-03 19:00,0.108
2019-05-03 20:00,0.083
2019-05-03 21:00,0.064
2019-05-03 22:00,0.080
2019-05-03 23:00,0.139
2019-05-04 00:00,0.214
2019-05-04 01:00,0.290
2019-05-04 02:00,0.348
2019-05-04 03:00,0.377
2019-05-04 04:00,0.410
2019-05-04 05:00,0.404
2019-05-04 06:00,0.439
2019-05-04 07:00,0.719
2019-05-04 08:00,0.767
2019-05-04 09:00,0.768
2019-05-04 10:00,0.750
2019-05-04 11:00,0.740
2019-05-04 12:00,0.737
2019-05-04 13:00,0.723
2019-05-04 14:00,0.700
2019-05-04 15:00,0.671
2019-05-04 16:00,0.635
2019-05-04 17:00,0.552
2019-05-04 18:00,0.429
2019-05-04 19:00,0.380
2019-05-04 20:00,0.318
2019-05-04 21:00,0.265
2019-05-04 22:00,0.245
2019-05-04 23:00,0.232
2019-05-05 00:00,0.216
2019-05-05 01:00,0.204
2019-05-05 02:00,0.189
2019-05-05 03:00,0.157
2019-05-05 04:00,0.114
2019-05-05 05:00,0.071
2019-05-05 06:00,0.037
2019-05-05 07:00,0.055
2019-05-05 08:00,0.092
2019-05-05 09:00,0.123
2019-05-05 10:00,0.156
2019-05-05 11:00,0.198
2019-05-05 12:00,0.243
2019-05-05 13:00,0.284
2019-05-05 14:00,0.309
2019-05-05 15:00,0.322
2019-05-05 16:00,0.325
2019-05-05 17:00,0.323
2019-05-05 18:00,0.326
2019-05-05 19:00,0.408
2019-05-05 20:00,0.464
2019-05-05 21:00,0.471
2019-05-05 22:00,0.466
2019-05-05 23:00,0.463
2019-05-06 00:00,0.460
2019-05-06 01:00,0.449
2019-05-06 02:00,0.442
2019-05-06 03:00,0.431
2019-05-06 04:00,0.413
2019-05-06 05:00,0.333
2019-05-06 06:00,0.239
2019-05-06 07:00,0.251
2019-05-06 08:00,0.212
2019-05-06 09:00,0.178
2019-05-06 10:00,0.156
2019-05-06 11:00,0.147
2019-05-06 12:00,0.140
2019-05-06 13:00,0.132
2019-05-06 14:00,0.118
2019-05-06 15:00,0.103
2019-05-06 16:00,0.079
2019-05-06 17:00,0.053
2019-05-06 18:00,0.035
2019-05-06 19:00,0.034
2019-05-06 20:00,0.037
2019-05-06 21:00,0.041
2019-05-06 22:00,0.049
2019-05-06 23:00,0.053
2019-05-07 00:00,0.054
2019-05-07 01:00,0.051
2019-05-07 02:00,0.045
2019-05-07 03:00,0.037
2019-05-07 04:00,0.028
2019-05-07 05:00,0.023
2019-05-07 06:00,0.019
2019-05-07 07:00,0.022
2019-05-07 08:00,0.031
2019-05-07 09:00,0.036
2019-05-07 10:00,0.033
2019-05-07 11:00,0.027
2019-05-07 12:00,0.025
2019-05-07 13:00,0.029
2019-05-07 14:00,0.036
2019-05-07 15:00,0.044
2019-05-07 16:00,0.055
2019-05-07 17:00,0.072
2019-05-07 18:00,0.151
2019-05-07 19:00,0.342
2019-05-07 20:00,0.483
2019-05-07 21:00,0.479
2019-05-07 22:00,0.417
2019-05-07 23:00,0.373
2019-05-08 00:00,0.355
2019-05-08 01:00,0.348
2019-05-08 02:00,0.327
2019-05-08 03:00,0.325
2019-05-08 04:00,0.348
2019-05-08 05:00,0.403
2019-05-08 06:00,0.489
2019-05-08 07:00,0.673
2019-05-08 08:00,0.789
2019-05-08 09:00,0.837
2019-05-08 10:00,0.844
2019-05-08 11:00,0.817
2019-05-08 12:00,0.756
2019-05-08 13:00,0.645
2019-05-08 14:00,0.480
2019-05-08 15:00,0.337
2019-05-08 16:00,0.264
2019-05-08 17:00,0.247
2019-05-08 18:00,0.261
2019-05-08 19:00,0.309
2019-05-08 20:00,0.342
2019-05-08 21:00,0.356
2019-05-08 22:00,0.383
2019-05-08 23:00,0.439
2019-05-09 00:00,0.476
2019-05-09 01:00,0.480
2019-05-09 02:00,0.470
2019-05-09 03:00,0.465
2019-05-09 04:00,0.446
2019-05-09 05:00,0.438
2019-05-09 06:00,0.414
2019-05-09 07:00,0.454
2019-05-09 08:00,0.546
2019-05-09 09:00,0.575
2019-05-09 10:00,0.562
2019-05-09 11:00,0.524
2019-05-09 12:00,0.473
2019-05-09 13:00,0.418
2019-05-09 14:00,0.368
2019-05-09 15:00,0.315
2019-05-09 16:00,0.268
2019-05-09 17:00,0.230
2019-05-09 18:00,0.194
2019-05-09 19:00,0.190
2019-05-09 20:00,0.170
2019-05-09 21:00,0.133
2019-05-09 22:00,0.100
2019-05-09 23:00,0.075
2019-05-10 00:00,0.059
2019-05-10 01:00,0.052
2019-05-10 02:00,0.056
2019-05-10 03:00,0.062
2019-05-10 04:00,0.067
2019-05-10 05:00,0.065
2019-05-10 06:00,0.045
2019-05-10 07:00,0.044
2019-05-10 08:00,0.044
2019-05-10 09:00,0.046
2019-05-10 10:00,0.046
2019-05-10 11:00,0.047
2019-05-10 12:00,0.048
2019-05-10 13:00,0.047
2019-05-10 14:00,0.043
2019-05-10 15:00,0.041
2019-05-10 16:00,0.045
2019-05-10 17:00,0.052
2019-05-10 18:00,0.067
2019-05-10 19:00,0.103
2019-05-10 20:00,0.141
2019-05-10 21:00,0.153
2019-05-10 22:00,0.141
2019-05-10 23:00,0.118
2019-05-11 00:00,0.086
2019-05-11 01:00,0.056
2019-05-11 02:00,0.036
2019-05-11 03:00,0.028
2019-05-11 04:00,0.028
2019-05-11 05:00,0.022
2019-05-11 06:00,0.016
2019-05-11 07:00,0.024
2019-05-11 08:00,0.047
2019-05-11 09:00,0.062
2019-05-11 10:00,0.079
2019-05-11 11:00,0.105
2019-05-11 12:00,0.140
2019-05-11 13:00,0.170
2019-05-11 14:00,0.188
2019-05-11 15:00,0.196
2019-05-11 16:00,0.199
2019-05-11 17:00,0.188
2019-05-11 18:00,0.151
2019-05-11 19:00,0.135
2019-05-11 20:00,0.114
2019-05-11 21:00,0.086
2019-05-11 22:00,0.061
2019-05-11 23:00,0.048
2019-05-12 00:00,0.047
2019-05-12 01:00,0.051
2019-05-12 02:00,0.053
2019-05-12 03:00,0.047
2019-05-12 04:00,0.037
2019-05-12 05:00,0.025
2019-05-12 06:00,0.012
2019-05-12 07:00,0.007
2019-05-12 08:00,0.005
2019-05-12 09:00,0.013
2019-05-12 10:00,0.027
2019-05-12 11:00,0.035
2019-05-12 12:00,0.041
2019-05-12 13:00,0.046
2019-05-12 14:00,0.048
2019-05-12 15:00,0.046
2019-05-12 16:00,0.035
2019-05-12 17:00,0.029
2019-05-12 18:00,0.039
2019-05-12 19:00,0.070
2019-05-12 20:00,0.121
2019-05-12 21:00,0.190
2019-05-12 22:00,0.276
2019-05-12 23:00,0.355
2019-05-13 00:00,0.407
2019-05-13 01:00,0.416
2019-05-13 02:00,0.403
2019-05-13 03:00,0.366
2019-05-13 04:00,0.300
2019-05-13 05:00,0.195
2019-05-13 06:00,0.122
2019-05-13 07:00,0.106
2019-05-13 08:00,0.087
2019-05-13 09:00,0.052
2019-05-13 10:00,0.035
2019-05-13 11:00,0.030
2019-05-13 12:00,0.028
2019-05-13 13:00,0.028
2019-05-13 14:00,0.027
2019-05-13 15:00,0.032
2019-05-13 16:00,0.048
2019-05-13 17:00,0.073
2019-05-13 18:00,0.103
2019-05-13 19:00,0.147
2019-05-13 20:00,0.205
2019-05-13 21:00,0.258
2019-05-13 22:00,0.295
2019-05-13 23:00,0.326
2019-05-14 00:00,0.338
2019-05-14 01:00,0.330
2019-05-14 02:00,0.307
2019-05-14 03:00,0.259
2019-05-14 04:00,0.197
2019-05-14 05:00,0.123
2019-05-14 06:00,0.042
2019-05-14 07:00,0.036
2019-05-14 08:00,0.059
2019-05-14 09:00,0.081
2019-05-14 10:00,0.089
2019-05-14 11:00,0.090
2019-05-14 12:00,0.109
2019-05-14 13:00,0.129
2019-05-14 14:00,0.135
2019-05-14 15:00,0.132
2019-05-14 16:00,0.129
2019-05-14 17:00,0.139
2019-05-14 18:00,0.181
2019-05-14 19:00,0.270
2019-05-14 20:00,0.365
2019-05-14 21:00,0.416
2019-05-14 22:00,0.418
2019-05-14 23:00,0.384
2019-05-15 00:00,0.338
2019-05-15 01:00,0.297
2019-05-15 02:00,0.256
2019-05-15 03:00,0.210
2019-05-15 04:00,0.173
2019-05-15 05:00,0.121
2019-05-15 06:00,0.060
2019-05-15 07:00,0.060
2019-05-15 08:00,0.058
2019-05-15 09:00,0.066
2019-05-15 10:00,0.078
2019-05-15 11:00,0.090
2019-05-15 12:00,0.097
2019-05-15 13:00,0.099
2019-05-15 14:00,0.101
2019-05-15 15:00,0.111
2019-05-15 16:00,0.140
2019-05-15 17:00,0.192
2019-05-15 18:00,0.276
2019-05-15 19:00,0.405
2019-05-15 20:00,0.481
2019-05-15 21:00,0.442
2019-05-15 22:00,0.409
2019-05-15 23:00,0.380
2019-05-16 00:00,0.338
2019-05-16 01:00,0.297
2019-05-16 02:00,0.228
2019-05-16 03:00,0.181
2019-05-16 04:00,0.155
2019-05-16 05:00,0.137
2019-05-16 06:00,0.158
2019-05-16 07:00,0.247
2019-05-16 08:00,0.323
2019-05-16 09:00,0.386
2019-05-16 10:00,0.428
2019-05-16 11:00,0.456
2019-05-16 12:00,0.486
2019-05-16 13:00,0.518
2019-05-16 14:00,0.551
2019-05-16 15:00,0.573
2019-05-16 16:00,0.578
2019-05-16 17:00,0.551
2019-05-16 18:00,0.474
2019-05-16 19:00,0.456
2019-05-16 20:00,0.526
2019-05-16 21:00,0.529
2019-05-16 22:00,0.512
2019-05-16 23:00,0.506
2019-05-17 00:00,0.489
2019-05-17 01:00,0.467
2019-05-17 02:00,0.460
2019-05-17 03:00,0.452
2019-05-17 04:00,0.473
2019-05-17 05:00,0.430
2019-05-17 06:00,0.410
2019-05-17 07:00,0.535
2019-05-17 08:00,0.600
2019-05-17 09:00,0.621
2019-05-17 10:00,0.604
2019-05-17 11:00,0.581
2019-05-17 12:00,0.560
2019-05-17 13:00,0.536
2019-05-17 14:00,0.516
2019-05-17 15:00,0.507
2019-05-17 16:00,0.497
2019-05-17 17:00,0.450
2019-05-17 18:00,0.377
2019-05-17 19:00,0.331
2019-05-17 20:00,0.293
2019-05-17 21:00,0.266
2019-05-17 22:00,0.243
2019-05-17 23:00,0.230
2019-05-18 00:00,0.214
2019-05-18 01:00,0.207
2019-05-18 02:00,0.208
2019-05-18 03:00,0.199
2019-05-18 04:00,0.181
2019-05-18 05:00,0.113
2019-05-18 06:00,0.075
2019-05-18 07:00,0.046
2019-05-18 08:00,0.023
2019-05-18 09:00,0.012
2019-05-18 10:00,0.007
2019-05-18 11:00,0.005
2019-05-18 12:00,0.005
2019-05-18 13:00,0.006
2019-05-18 14:00,0.008
2019-05-18 15:00,0.010
2019-05-18 16:00,0.013
2019-05-18 17:00,0.015
2019-05-18 18:00,0.023
2019-05-18 19:00,0.032
2019-05-18 20:00,0.039
2019-05-18 21:00,0.043
2019-05-18 22:00,0.049
2019-05-18 23:00,0.054
2019-05-19 00:00,0.058
2019-05-19 01:00,0.065
2019-05-19 02:00,0.074
2019-05-19 03:00,0.079
2019-05-19 04:00,0.081
2019-05-19 05:00,0.059
2019-05-19 06:00,0.042
2019-05-19 07:00,0.029
2019-05-19 08:00,0.018
2019-05-19 09:00,0.016
2019-05-19 10:00,0.021
2019-05-19 11:00,0.028
2019-05-19 12:00,0.035
2019-05-19 13:00,0.041
2019-05-19 14:00,0.055
2019-05-19 15:00,0.075
2019-05-19 16:00,0.097
2019-05-19 17:00,0.115
2019-05-19 18:00,0.129
2019-05-19 19:00,0.159
2019-05-19 20:00,0.199
2019-05-19 21:00,0.217
2019-05-19 22:00,0.232
2019-05-19 23:00,0.253
2019-05-20 00:00,0.271
2019-05-20 01:00,0.281
2019-05-20 02:00,0.270
2019-05-20 03:00,0.241
2019-05-20 04:00,0.194
2019-05-20 05:00,0.119
2019-05-20 06:00,0.100
2019-05-20 07:00,0.093
2019-05-20 08:00,0.074
2019-05-20 09:00,0.065
2019-05-20 10:00,0.074
2019-05-20 11:00,0.097
2019-05-20 12:00,0.127
2019-05-20 13:00,0.157
2019-05-20 14:00,0.192
2019-05-20 15:00,0.227
2019-05-20 16:00,0.258
2019-05-20 17:00,0.264
2019-05-20 18:00,0.235
2019-05-20 19:00,0.263
2019-05-20 20:00,0.338
2019-05-20 21:00,0.382
2019-05-20 22:00,0.406
2019-05-20 23:00,0.429
2019-05-21 00:00,0.439
2019-05-21 01:00,0.423
2019-05-21 02:00,0.384
2019-05-21 03:00,0.341
2019-05-21 04:00,0.272
2019-05-21 05:00,0.195
2019-05-21 06:00,0.208
2019-05-21 07:00,0.240
2019-05-21 08:00,0.239
2019-05-21 09:00,0.229
2019-05-21 10:00,0.229
2019-05-21 11:00,0.257
2019-05-21 12:00,0.299
2019-05-21 13:00,0.348
2019-05-21 14:00,0.393
2019-05-21 15:00,0.397
2019-05-21 16:00,0.378
2019-05-21 17:00,0.367
2019-05-21 18:00,0.343
2019-05-21 19:00,0.338
2019-05-21 20:00,0.383
2019-05-21 21:00,0.410
2019-05-21 22:00,0.418
2019-05-21 23:00,0.416
2019-05-22 00:00,0.403
2019-05-22 01:00,0.377
2019-05-22 02:00,0.336
2019-05-22 03:00,0.285
2019-05-22 04:00,0.235
2019-05-22 05:00,0.163
2019-05-22 06:00,0.112
2019-05-22 07:00,0.143
2019-05-22 08:00,0.187
2019-05-22 09:00,0.222
2019-05-22 10:00,0.252
2019-05-22 11:00,0.277
2019-05-22 12:00,0.297
2019-05-22 13:00,0.317
2019-05-22 14:00,0.342
2019-05-22 15:00,0.359
2019-05-22 16:00,0.372
2019-05-22 17:00,0.355
2019-05-22 18:00,0.311
2019-05-22 19:00,0.311
2019-05-22 20:00,0.357
2019-05-22 21:00,0.356
2019-05-22 22:00,0.330
2019-05-22 23:00,0.303
2019-05-23 00:00,0.282
2019-05-23 01:00,0.263
2019-05-23 02:00,0.243
2019-05-23 03:00,0.223
2019-05-23 04:00,0.204
2019-05-23 05:00,0.146
2019-05-23 06:00,0.102
2019-05-23 07:00,0.128
2019-05-23 08:00,0.159
2019-05-23 09:00,0.183
2019-05-23 10:00,0.206
2019-05-23 11:00,0.231
2019-05-23 12:00,0.260
2019-05-23 13:00,0.292
2019-05-23 14:00,0.324
2019-05-23 15:00,0.352
2019-05-23 16:00,0.369
2019-05-23 17:00,0.367
2019-05-23 18:00,0.325
2019-05-23 19:00,0.319
2019-05-23 20:00,0.376
2019-05-23 21:00,0.423
2019-05-23 22:00,0.460
2019-05-23 23:00,0.485
2019-05-24 00:00,0.492
2019-05-24 01:00,0.493
2019-05-24 02:00,0.483
2019-05-24 03:00,0.466
2019-05-24 04:00,0.435
2019-05-24 05:00,0.294
2019-05-24 06:00,0.289
2019-05-24 07:00,0.324
2019-05-24 08:00,0.365
2019-05-24 09:00,0.414
2019-05-24 10:00,0.454
2019-05-24 11:00,0.471
2019-05-24 12:00,0.501
2019-05-24 13:00,0.530
2019-05-24 14:00,0.519
2019-05-24 15:00,0.510
2019-05-24 16:00,0.520
2019-05-24 17:00,0.527
2019-05-24 18:00,0.479
2019-05-24 19:00,0.396
2019-05-24 20:00,0.397
2019-05-24 21:00,0.413
2019-05-24 22:00,0.424
2019-05-24 23:00,0.430
2019-05-25 00:00,0.423
2019-05-25 01:00,0.406
2019-05-25 02:00,0.374
2019-05-25 03:00,0.335
2019-05-25 04:00,0.256
2019-05-25 05:00,0.180
2019-05-25 06:00,0.151
2019-05-25 07:00,0.128
2019-05-25 08:00,0.118
2019-05-25 09:00,0.128
2019-05-25 10:00,0.164
2019-05-25 11:00,0.224
2019-05-25 12:00,0.285
2019-05-25 13:00,0.331
2019-05-25 14:00,0.370
2019-05-25 15:00,0.408
2019-05-25 16:00,0.419
2019-05-25 17:00,0.392
2019-05-25 18:00,0.331
2019-05-25 19:00,0.365
2019-05-25 20:00,0.434
2019-05-25 21:00,0.510
2019-05-25 22:00,0.562
2019-05-25 23:00,0.597
2019-05-26 00:00,0.597
2019-05-26 01:00,0.593
2019-05-26 02:00,0.646
2019-05-26 03:00,0.688
2019-05-26 04:00,0.675
2019-05-26 05:00,0.645
2019-05-26 06:00,0.637
2019-05-26 07:00,0.700
2019-05-26 08:00,0.767
2019-05-26 09:00,0.803
2019-05-26 10:00,0.834
2019-05-26 11:00,0.843
2019-05-26 12:00,0.833
2019-05-26 13:00,0.845
2019-05-26 14:00,0.871
2019-05-26 15:00,0.885
2019-05-26 16:00,0.880
2019-05-26 17:00,0.851
2019-05-26 18:00,0.757
2019-05-26 19:00,0.696
2019-05-26 20:00,0.696
2019-05-26 21:00,0.622
2019-05-26 22:00,0.576
2019-05-26 23:00,0.601
2019-05-27 00:00,0.604
2019-05-27 01:00,0.612
2019-05-27 02:00,0.645
2019-05-27 03:00,0.683
2019-05-27 04:00,0.663
2019-05-27 05:00,0.612
2019-05-27 06:00,0.677
2019-05-27 07:00,0.696
2019-05-27 08:00,0.700
2019-05-27 09:00,0.704
2019-05-27 10:00,0.694
2019-05-27 11:00,0.682
2019-05-27 12:00,0.680
2019-05-27 13:00,0.663
2019-05-27 14:00,0.617
2019-05-27 15:00,0.555
2019-05-27 16:00,0.454
2019-05-27 17:00,0.324
2019-05-27 18:00,0.204
2019-05-27 19:00,0.171
2019-05-27 20:00,0.173
2019-05-27 21:00,0.171
2019-05-27 22:00,0.175
2019-05-27 23:00,0.180
2019-05-28 00:00,0.197
2019-05-28 01:00,0.223
2019-05-28 02:00,0.220
2019-05-28 03:00,0.203
2019-05-28 04:00,0.174
2019-05-28 05:00,0.121
2019-05-28 06:00,0.101
2019-05-28 07:00,0.083
2019-05-28 08:00,0.071
2019-05-28 09:00,0.063
2019-05-28 10:00,0.062
2019-05-28 11:00,0.062
2019-05-28 12:00,0.067
2019-05-28 13:00,0.082
2019-05-28 14:00,0.098
2019-05-28 15:00,0.105
2019-05-28 16:00,0.112
2019-05-28 17:00,0.117
2019-05-28 18:00,0.104
2019-05-28 19:00,0.080
2019-05-28 20:00,0.068
2019-05-28 21:00,0.076
2019-05-28 22:00,0.098
2019-05-28 23:00,0.124
2019-05-29 00:00,0.160
2019-05-29 01:00,0.190
2019-05-29 02:00,0.194
2019-05-29 03:00,0.170
2019-05-29 04:00,0.147
2019-05-29 05:00,0.106
2019-05-29 06:00,0.089
2019-05-29 07:00,0.140
2019-05-29 08:00,0.187
2019-05-29 09:00,0.241
2019-05-29 10:00,0.319
2019-05-29 11:00,0.410
2019-05-29 12:00,0.505
2019-05-29 13:00,0.574
2019-05-29 14:00,0.613
2019-05-29 15:00,0.603
2019-05-29 16:00,0.524
2019-05-29 17:00,0.410
2019-05-29 18:00,0.377
2019-05-29 19:00,0.490
2019-05-29 20:00,0.582
2019-05-29 21:00,0.730
2019-05-29 22:00,0.716
2019-05-29 23:00,0.707
2019-05-30 00:00,0.691
2019-05-30 01:00,0.679
2019-05-30 02:00,0.692
2019-05-30 03:00,0.697
2019-05-30 04:00,0.694
2019-05-30 05:00,0.669
2019-05-30 06:00,0.674
2019-05-30 07:00,0.690
2019-05-30 08:00,0.725
2019-05-30 09:00,0.736
2019-05-30 10:00,0.740
2019-05-30 11:00,0.767
2019-05-30 12:00,0.795
2019-05-30 13:00,0.809
2019-05-30 14:00,0.822
2019-05-30 15:00,0.783
2019-05-30 16:00,0.731
2019-05-30 17:00,0.697
2019-05-30 18:00,0.658
2019-05-30 19:00,0.625
2019-05-30 20:00,0.598
2019-05-30 21:00,0.591
2019-05-30 22:00,0.552
2019-05-30 23:00,0.509
2019-05-31 00:00,0.472
2019-05-31 01:00,0.442
2019-05-31 02:00,0.422
2019-05-31 03:00,0.415
2019-05-31 04:00,0.400
2019-05-31 05:00,0.323
2019-05-31 06:00,0.318
2019-05-31 07:00,0.460
2019-05-31 08:00,0.495
2019-05-31 09:00,0.539
2019-05-31 10:00,0.573
2019-05-31 11:00,0.577
2019-05-31 12:00,0.557
2019-05-31 13:00,0.565
2019-05-31 14:00,0.596
2019-05-31 15:00,0.612
2019-05-31 16:00,0.625
2019-05-31 17:00,0.644
2019-05-31 18:00,0.658
2019-05-31 19:00,0.685
2019-05-31 20:00,0.683
2019-05-31 21:00,0.678
2019-05-31 22:00,0.663
2019-05-31 23:00,0.649
2019-06-01 00:00,0.616
2019-06-01 01:00,0.511
2019-06-01 02:00,0.426
2019-06-01 03:00,0.325
2019-06-01 04:00,0.211
2019-06-01 05:00,0.100
2019-06-01 06:00,0.056
2019-06-01 07:00,0.064
2019-06-01 08:00,0.119
2019-06-01 09:00,0.183
2019-06-01 10:00,0.230
2019-06-01 11:00,0.259
2019-06-01 12:00,0.259
2019-06-01 13:00,0.224
2019-06-01 14:00,0.232
2019-06-01 15:00,0.276
2019-06-01 16:00,0.279
2019-06-01 17:00,0.235
2019-06-01 18:00,0.159
2019-06-01 19:00,0.170
2019-06-01 20:00,0.237
2019-06-01 21:00,0.317
2019-06-01 22:00,0.396
2019-06-01 23:00,0.460
2019-06-02 00:00,0.489
2019-06-02 01:00,0.464
2019-06-02 02:00,0.417
2019-06-02 03:00,0.452
2019-06-02 04:00,0.447
2019-06-02 05:00,0.356
2019-06-02 06:00,0.294
2019-06-02 07:00,0.412
2019-06-02 08:00,0.406
2019-06-02 09:00,0.486
2019-06-02 10:00,0.694
2019-06-02 11:00,0.799
2019-06-02 12:00,0.840
2019-06-02 13:00,0.872
2019-06-02 14:00,0.884
2019-06-02 15:00,0.888
2019-06-02 16:00,0.889
2019-06-02 17:00,0.878
2019-06-02 18:00,0.856
2019-06-02 19:00,0.825
2019-06-02 20:00,0.803
2019-06-02 21:00,0.806
2019-06-02 22:00,0.797
2019-06-02 23:00,0.774
2019-06-03 00:00,0.734
2019-06-03 01:00,0.721
2019-06-03 02:00,0.692
2019-06-03 03:00,0.649
2019-06-03 04:00,0.597
2019-06-03 05:00,0.551
2019-06-03 06:00,0.711
2019-06-03 07:00,0.761
2019-06-03 08:00,0.768
2019-06-03 09:00,0.767
2019-06-03 10:00,0.767
2019-06-03 11:00,0.760
2019-06-03 12:00,0.747
2019-06-03 13:00,0.729
2019-06-03 14:00,0.702
2019-06-03 15:00,0.661
2019-06-03 16:00,0.612
2019-06-03 17:00,0.546
2019-06-03 18:00,0.416
2019-06-03 19:00,0.347
2019-06-03 20:00,0.335
2019-06-03 21:00,0.344
2019-06-03 22:00,0.365
2019-06-03 23:00,0.342
2019-06-04 00:00,0.325
2019-06-04 01:00,0.309
2019-06-04 02:00,0.285
2019-06-04 03:00,0.251
2019-06-04 04:00,0.205
2019-06-04 05:00,0.115
2019-06-04 06:00,0.090
2019-06-04 07:00,0.123
2019-06-04 08:00,0.142
2019-06-04 09:00,0.171
2019-06-04 10:00,0.202
2019-06-04 11:00,0.218
2019-06-04 12:00,0.223
2019-06-04 13:00,0.242
2019-06-04 14:00,0.272
2019-06-04 15:00,0.353
2019-06-04 16:00,0.439
2019-06-04 17:00,0.477
2019-06-04 18:00,0.474
2019-06-04 19:00,0.463
2019-06-04 20:00,0.403
2019-06-04 21:00,0.418
2019-06-04 22:00,0.413
2019-06-04 23:00,0.406
2019-06-05 00:00,0.415
2019-06-05 01:00,0.406
2019-06-05 02:00,0.406
2019-06-05 03:00,0.387
2019-06-05 04:00,0.333
2019-06-05 05:00,0.327
2019-06-05 06:00,0.415
2019-06-05 07:00,0.533
2019-06-05 08:00,0.598
2019-06-05 09:00,0.628
2019-06-05 10:00,0.625
2019-06-05 11:00,0.572
2019-06-05 12:00,0.489
2019-06-05 13:00,0.447
2019-06-05 14:00,0.365
2019-06-05 15:00,0.302
2019-06-05 16:00,0.246
2019-06-05 17:00,0.179
2019-06-05 18:00,0.135
2019-06-05 19:00,0.125
2019-06-05 20:00,0.105
2019-06-05 21:00,0.085
2019-06-05 22:00,0.076
2019-06-05 23:00,0.050
2019-06-06 00:00,0.039
2019-06-06 01:00,0.021
2019-06-06 02:00,0.024
2019-06-06 03:00,0.053
2019-06-06 04:00,0.091
2019-06-06 05:00,0.064
2019-06-06 06:00,0.059
2019-06-06 07:00,0.094
2019-06-06 08:00,0.143
2019-06-06 09:00,0.187
2019-06-06 10:00,0.237
2019-06-06 11:00,0.280
2019-06-06 12:00,0.310
2019-06-06 13:00,0.321
2019-06-06 14:00,0.335
2019-06-06 15:00,0.345
2019-06-06 16:00,0.335
2019-06-06 17:00,0.293
2019-06-06 18:00,0.207
2019-06-06 19:00,0.173
2019-06-06 20:00,0.163
2019-06-06 21:00,0.140
2019-06-06 22:00,0.108
2019-06-06 23:00,0.073
2019-06-07 00:00,0.046
2019-06-07 01:00,0.048
2019-06-07 02:00,0.076
2019-06-07 03:00,0.118
2019-06-07 04:00,0.176
2019-06-07 05:00,0.178
2019-06-07 06:00,0.141
2019-06-07 07:00,0.212
2019-06-07 08:00,0.328
2019-06-07 09:00,0.423
2019-06-07 10:00,0.479
2019-06-07 11:00,0.534
2019-06-07 12:00,0.643
2019-06-07 13:00,0.758
2019-06-07 14:00,0.823
2019-06-07 15:00,0.803
2019-06-07 16:00,0.756
2019-06-07 17:00,0.719
2019-06-07 18:00,0.644
2019-06-07 19:00,0.536
2019-06-07 20:00,0.403
2019-06-07 21:00,0.279
2019-06-07 22:00,0.151
2019-06-07 23:00,0.075
2019-06-08 00:00,0.048
2019-06-08 01:00,0.055
2019-06-08 02:00,0.089
2019-06-08 03:00,0.121
2019-06-08 04:00,0.154
2019-06-08 05:00,0.190
2019-06-08 06:00,0.246
2019-06-08 07:00,0.418
2019-06-08 08:00,0.649
2019-06-08 09:00,0.803
2019-06-08 10:00,0.861
2019-06-08 11:00,0.887
2019-06-08 12:00,0.886
2019-06-08 13:00,0.851
2019-06-08 14:00,0.793
2019-06-08 15:00,0.699
2019-06-08 16:00,0.549
2019-06-08 17:00,0.445
2019-06-08 18:00,0.392
2019-06-08 19:00,0.378
2019-06-08 20:00,0.427
2019-06-08 21:00,0.493
2019-06-08 22:00,0.518
2019-06-08 23:00,0.516
2019-06-09 00:00,0.502
2019-06-09 01:00,0.483
2019-06-09 02:00,0.457
2019-06-09 03:00,0.413
2019-06-09 04:00,0.342
2019-06-09 05:00,0.265
2019-06-09 06:00,0.278
2019-06-09 07:00,0.314
2019-06-09 08:00,0.325
2019-06-09 09:00,0.318
2019-06-09 10:00,0.290
2019-06-09 11:00,0.254
2019-06-09 12:00,0.220
2019-06-09 13:00,0.183
2019-06-09 14:00,0.145
2019-06-09 15:00,0.119
2019-06-09 16:00,0.102
2019-06-09 17:00,0.077
2019-06-09 18:00,0.052
2019-06-09 19:00,0.038
2019-06-09 20:00,0.030
2019-06-09 21:00,0.028
2019-06-09 22:00,0.031
2019-06-09 23:00,0.041
2019-06-10 00:00,0.057
2019-06-10 01:00,0.075
2019-06-10 02:00,0.095
2019-06-10 03:00,0.130
2019-06-10 04:00,0.178
2019-06-10 05:00,0.162
2019-06-10 06:00,0.120
2019-06-10 07:00,0.141
2019-06-10 08:00,0.167
2019-06-10 09:00,0.197
2019-06-10 10:00,0.238
2019-06-10 11:00,0.278
2019-06-10 12:00,0.317
2019-06-10 13:00,0.367
2019-06-10 14:00,0.421
2019-06-10 15:00,0.466
2019-06-10 16:00,0.466
2019-06-10 17:00,0.432
2019-06-10 18:00,0.426
2019-06-10 19:00,0.421
2019-06-10 20:00,0.499
2019-06-10 21:00,0.600
2019-06-10 22:00,0.725
2019-06-10 23:00,0.826
2019-06-11 00:00,0.843
2019-06-11 01:00,0.847
2019-06-11 02:00,0.853
2019-06-11 03:00,0.867
2019-06-11 04:00,0.868
2019-06-11 05:00,0.876
2019-06-11 06:00,0.886
2019-06-11 07:00,0.892
2019-06-11 08:00,0.892
2019-06-11 09:00,0.879
2019-06-11 10:00,0.873
2019-06-11 11:00,0.866
2019-06-11 12:00,0.851
2019-06-11 13:00,0.832
2019-06-11 14:00,0.804
2019-06-11 15:00,0.772
2019-06-11 16:00,0.729
2019-06-11 17:00,0.687
2019-06-11 18:00,0.672
2019-06-11 19:00,0.678
2019-06-11 20:00,0.690
2019-06-11 21:00,0.704
2019-06-11 22:00,0.721
2019-06-11 23:00,0.732
2019-06-12 00:00,0.738
2019-06-12 01:00,0.732
2019-06-12 02:00,0.730
2019-06-12 03:00,0.718
2019-06-12 04:00,0.682
2019-06-12 05:00,0.662
2019-06-12 06:00,0.640
2019-06-12 07:00,0.606
2019-06-12 08:00,0.616
2019-06-12 09:00,0.610
2019-06-12 10:00,0.579
2019-06-12 11:00,0.525
2019-06-12 12:00,0.476
2019-06-12 13:00,0.391
2019-06-12 14:00,0.286
2019-06-12 15:00,0.224
2019-06-12 16:00,0.221
2019-06-12 17:00,0.244
2019-06-12 18:00,0.285
2019-06-12 19:00,0.314
2019-06-12 20:00,0.311
2019-06-12 21:00,0.287
2019-06-12 22:00,0.227
2019-06-12 23:00,0.124
2019-06-13 00:00,0.071
2019-06-13 01:00,0.058
2019-06-13 02:00,0.047
2019-06-13 03:00,0.044
2019-06-13 04:00,0.046
2019-06-13 05:00,0.046
2019-06-13 06:00,0.061
2019-06-13 07:00,0.085
2019-06-13 08:00,0.098
2019-06-13 09:00,0.119
2019-06-13 10:00,0.120
2019-06-13 11:00,0.132
2019-06-13 12:00,0.156
2019-06-13 13:00,0.195
2019-06-13 14:00,0.232
2019-06-13 15:00,0.248
2019-06-13 16:00,0.235
2019-06-13 17:00,0.181
2019-06-13 18:00,0.113
2019-06-13 19:00,0.069
2019-06-13 20:00,0.079
2019-06-13 21:00,0.118
2019-06-13 22:00,0.169
2019-06-13 23:00,0.212
2019-06-14 00:00,0.238
2019-06-14 01:00,0.257
2019-06-14 02:00,0.268
2019-06-14 03:00,0.268
2019-06-14 04:00,0.240
2019-06-14 05:00,0.201
2019-06-14 06:00,0.180
2019-06-14 07:00,0.229
2019-06-14 08:00,0.292
2019-06-14 09:00,0.307
2019-06-14 10:00,0.301
2019-06-14 11:00,0.299
2019-06-14 12:00,0.279
2019-06-14 13:00,0.248
2019-06-14 14:00,0.216
2019-06-14 15:00,0.180
2019-06-14 16:00,0.146
2019-06-14 17:00,0.123
2019-06-14 18:00,0.113
2019-06-14 19:00,0.162
2019-06-14 20:00,0.257
2019-06-14 21:00,0.345
2019-06-14 22:00,0.385
2019-06-14 23:00,0.406
2019-06-15 00:00,0.393
2019-06-15 01:00,0.377
2019-06-15 02:00,0.374
2019-06-15 03:00,0.389
2019-06-15 04:00,0.335
2019-06-15 05:00,0.252
2019-06-15 06:00,0.314
2019-06-15 07:00,0.463
2019-06-15 08:00,0.546
2019-06-15 09:00,0.585
2019-06-15 10:00,0.601
2019-06-15 11:00,0.606
2019-06-15 12:00,0.585
2019-06-15 13:00,0.539
2019-06-15 14:00,0.475
2019-06-15 15:00,0.372
2019-06-15 16:00,0.287
2019-06-15 17:00,0.216
2019-06-15 18:00,0.162
2019-06-15 19:00,0.172
2019-06-15 20:00,0.186
2019-06-15 21:00,0.188
2019-06-15 22:00,0.200
2019-06-15 23:00,0.227
2019-06-16 00:00,0.261
2019-06-16 01:00,0.302
2019-06-16 02:00,0.342
2019-06-16 03:00,0.374
2019-06-16 04:00,0.337
2019-06-16 05:00,0.235
2019-06-16 06:00,0.262
2019-06-16 07:00,0.390
2019-06-16 08:00,0.429
2019-06-16 09:00,0.445
2019-06-16 10:00,0.486
2019-06-16 11:00,0.539
2019-06-16 12:00,0.581
2019-06-16 13:00,0.621
2019-06-16 14:00,0.649
2019-06-16 15:00,0.661
2019-06-16 16:00,0.637
2019-06-16 17:00,0.558
2019-06-16 18:00,0.523
2019-06-16 19:00,0.606
2019-06-16 20:00,0.686
2019-06-16 21:00,0.753
2019-06-16 22:00,0.791
2019-06-16 23:00,0.795
2019-06-17 00:00,0.762
2019-06-17 01:00,0.722
2019-06-17 02:00,0.673
2019-06-17 03:00,0.632
2019-06-17 04:00,0.572
2019-06-17 05:00,0.476
2019-06-17 06:00,0.536
2019-06-17 07:00,0.616
2019-06-17 08:00,0.655
2019-06-17 09:00,0.688
2019-06-17 10:00,0.713
2019-06-17 11:00,0.739
2019-06-17 12:00,0.743
2019-06-17 13:00,0.730
2019-06-17 14:00,0.706
2019-06-17 15:00,0.656
2019-06-17 16:00,0.562
2019-06-17 17:00,0.447
2019-06-17 18:00,0.313
2019-06-17 19:00,0.267
2019-06-17 20:00,0.279
2019-06-17 21:00,0.303
2019-06-17 22:00,0.330
2019-06-17 23:00,0.365
2019-06-18 00:00,0.385
2019-06-18 01:00,0.387
2019-06-18 02:00,0.372
2019-06-18 03:00,0.361
2019-06-18 04:00,0.320
2019-06-18 05:00,0.195
2019-06-18 06:00,0.135
2019-06-18 07:00,0.156
2019-06-18 08:00,0.181
2019-06-18 09:00,0.203
2019-06-18 10:00,0.204
2019-06-18 11:00,0.176
2019-06-18 12:00,0.134
2019-06-18 13:00,0.098
2019-06-18 14:00,0.082
2019-06-18 15:00,0.076
2019-06-18 16:00,0.064
2019-06-18 17:00,0.054
2019-06-18 18:00,0.052
2019-06-18 19:00,0.059
2019-06-18 20:00,0.059
2019-06-18 21:00,0.057
2019-06-18 22:00,0.057
2019-06-18 23:00,0.055
2019-06-19 00:00,0.050
2019-06-19 01:00,0.039
2019-06-19 02:00,0.029
2019-06-19 03:00,0.016
2019-06-19 04:00,0.008
2019-06-19 05:00,0.013
2019-06-19 06:00,0.020
2019-06-19 07:00,0.029
2019-06-19 08:00,0.045
2019-06-19 09:00,0.052
2019-06-19 10:00,0.058
2019-06-19 11:00,0.070
2019-06-19 12:00,0.089
2019-06-19 13:00,0.112
2019-06-19 14:00,0.139
2019-06-19 15:00,0.169
2019-06-19 16:00,0.196
2019-06-19 17:00,0.212
2019-06-19 18:00,0.212
2019-06-19 19:00,0.238
2019-06-19 20:00,0.260
2019-06-19 21:00,0.265
2019-06-19 22:00,0.270
2019-06-19 23:00,0.297
2019-06-20 00:00,0.359
2019-06-20 01:00,0.417
2019-06-20 02:00,0.445
2019-06-20 03:00,0.447
2019-06-20 04:00,0.410
2019-06-20 05:00,0.286
2019-06-20 06:00,0.365
2019-06-20 07:00,0.450
2019-06-20 08:00,0.492
2019-06-20 09:00,0.509
2019-06-20 10:00,0.506
2019-06-20 11:00,0.491
2019-06-20 12:00,0.469
2019-06-20 13:00,0.449
2019-06-20 14:00,0.423
2019-06-20 15:00,0.408
2019-06-20 16:00,0.396
2019-06-20 17:00,0.376
2019-06-20 18:00,0.311
2019-06-20 19:00,0.246
2019-06-20 20:00,0.242
2019-06-20 21:00,0.267
2019-06-20 22:00,0.314
2019-06-20 23:00,0.370
2019-06-21 00:00,0.419
2019-06-21 01:00,0.439
2019-06-21 02:00,0.439
2019-06-21 03:00,0.432
2019-06-21 04:00,0.370
2019-06-21 05:00,0.246
2019-06-21 06:00,0.285
2019-06-21 07:00,0.335
2019-06-21 08:00,0.364
2019-06-21 09:00,0.384
2019-06-21 10:00,0.394
2019-06-21 11:00,0.390
2019-06-21 12:00,0.368
2019-06-21 13:00,0.328
2019-06-21 14:00,0.279
2019-06-21 15:00,0.232
2019-06-21 16:00,0.195
2019-06-21 17:00,0.162
2019-06-21 18:00,0.138
2019-06-21 19:00,0.141
2019-06-21 20:00,0.143
2019-06-21 21:00,0.126
2019-06-21 22:00,0.106
2019-06-21 23:00,0.092
2019-06-22 00:00,0.082
2019-06-22 01:00,0.073
2019-06-22 02:00,0.072
2019-06-22 03:00,0.074
2019-06-22 04:00,0.075
2019-06-22 05:00,0.070
2019-06-22 06:00,0.077
2019-06-22 07:00,0.121
2019-06-22 08:00,0.139
2019-06-22 09:00,0.148
2019-06-22 10:00,0.149
2019-06-22 11:00,0.140
2019-06-22 12:00,0.124
2019-06-22 13:00,0.115
2019-06-22 14:00,0.118
2019-06-22 15:00,0.145
2019-06-22 16:00,0.194
2019-06-22 17:00,0.267
2019-06-22 18:00,0.372
2019-06-22 19:00,0.501
2019-06-22 20:00,0.606
2019-06-22 21:00,0.618
2019-06-22 22:00,0.577
2019-06-22 23:00,0.526
2019-06-23 00:00,0.447
2019-06-23 01:00,0.352
2019-06-23 02:00,0.314
2019-06-23 03:00,0.313
2019-06-23 04:00,0.281
2019-06-23 05:00,0.202
2019-06-23 06:00,0.202
2019-06-23 07:00,0.263
2019-06-23 08:00,0.304
2019-06-23 09:00,0.332
2019-06-23 10:00,0.338
2019-06-23 11:00,0.326
2019-06-23 12:00,0.320
2019-06-23 13:00,0.356
2019-06-23 14:00,0.439
2019-06-23 15:00,0.507
2019-06-23 16:00,0.555
2019-06-23 17:00,0.580
2019-06-23 18:00,0.543
2019-06-23 19:00,0.488
2019-06-23 20:00,0.501
2019-06-23 21:00,0.498
2019-06-23 22:00,0.479
2019-06-23 23:00,0.436
2019-06-24 00:00,0.409
2019-06-24 01:00,0.357
2019-06-24 02:00,0.322
2019-06-24 03:00,0.252
2019-06-24 04:00,0.169
2019-06-24 05:00,0.077
2019-06-24 06:00,0.034
2019-06-24 07:00,0.019
2019-06-24 08:00,0.015
2019-06-24 09:00,0.019
2019-06-24 10:00,0.015
2019-06-24 11:00,0.009
2019-06-24 12:00,0.008
2019-06-24 13:00,0.010
2019-06-24 14:00,0.015
2019-06-24 15:00,0.021
2019-06-24 16:00,0.024
2019-06-24 17:00,0.027
2019-06-24 18:00,0.035
2019-06-24 19:00,0.041
2019-06-24 20:00,0.046
2019-06-24 21:00,0.047
2019-06-24 22:00,0.056
2019-06-24 23:00,0.083
2019-06-25 00:00,0.122
2019-06-25 01:00,0.170
2019-06-25 02:00,0.187
2019-06-25 03:00,0.177
2019-06-25 04:00,0.224
2019-06-25 05:00,0.238
2019-06-25 06:00,0.230
2019-06-25 07:00,0.229
2019-06-25 08:00,0.265
2019-06-25 09:00,0.295
2019-06-25 10:00,0.264
2019-06-25 11:00,0.238
2019-06-25 12:00,0.234
2019-06-25 13:00,0.252
2019-06-25 14:00,0.288
2019-06-25 15:00,0.325
2019-06-25 16:00,0.359
2019-06-25 17:00,0.377
2019-06-25 18:00,0.370
2019-06-25 19:00,0.327
2019-06-25 20:00,0.303
2019-06-25 21:00,0.309
2019-06-25 22:00,0.338
2019-06-25 23:00,0.325
2019-06-26 00:00,0.309
2019-06-26 01:00,0.294
2019-06-26 02:00,0.301
2019-06-26 03:00,0.316
2019-06-26 04:00,0.263
2019-06-26 05:00,0.270
2019-06-26 06:00,0.275
2019-06-26 07:00,0.225
2019-06-26 08:00,0.186
2019-06-26 09:00,0.170
2019-06-26 10:00,0.154
2019-06-26 11:00,0.134
2019-06-26 12:00,0.132
2019-06-26 13:00,0.129
2019-06-26 14:00,0.142
2019-06-26 15:00,0.183
2019-06-26 16:00,0.213
2019-06-26 17:00,0.238
2019-06-26 18:00,0.260
2019-06-26 19:00,0.259
2019-06-26 20:00,0.272
2019-06-26 21:00,0.259
2019-06-26 22:00,0.240
2019-06-26 23:00,0.227
2019-06-27 00:00,0.230
2019-06-27 01:00,0.240
2019-06-27 02:00,0.262
2019-06-27 03:00,0.266
2019-06-27 04:00,0.240
2019-06-27 05:00,0.194
2019-06-27 06:00,0.209
2019-06-27 07:00,0.210
2019-06-27 08:00,0.214
2019-06-27 09:00,0.228
2019-06-27 10:00,0.248
2019-06-27 11:00,0.278
2019-06-27 12:00,0.304
2019-06-27 13:00,0.327
2019-06-27 14:00,0.345
2019-06-27 15:00,0.367
2019-06-27 16:00,0.393
2019-06-27 17:00,0.412
2019-06-27 18:00,0.403
2019-06-27 19:00,0.403
2019-06-27 20:00,0.433
2019-06-27 21:00,0.420
2019-06-27 22:00,0.377
2019-06-27 23:00,0.338
2019-06-28 00:00,0.316
2019-06-28 01:00,0.311
2019-06-28 02:00,0.324
2019-06-28 03:00,0.343
2019-06-28 04:00,0.326
2019-06-28 05:00,0.299
2019-06-28 06:00,0.333
2019-06-28 07:00,0.354
2019-06-28 08:00,0.359
2019-06-28 09:00,0.365
2019-06-28 10:00,0.382
2019-06-28 11:00,0.395
2019-06-28 12:00,0.413
2019-06-28 13:00,0.431
2019-06-28 14:00,0.446
2019-06-28 15:00,0.441
2019-06-28 16:00,0.418
2019-06-28 17:00,0.375
2019-06-28 18:00,0.326
2019-06-28 19:00,0.354
2019-06-28 20:00,0.407
2019-06-28 21:00,0.390
2019-06-28 22:00,0.342
2019-06-28 23:00,0.303
2019-06-29 00:00,0.291
2019-06-29 01:00,0.297
2019-06-29 02:00,0.304
2019-06-29 03:00,0.308
2019-06-29 04:00,0.257
2019-06-29 05:00,0.132
2019-06-29 06:00,0.075
2019-06-29 07:00,0.095
2019-06-29 08:00,0.086
2019-06-29 09:00,0.069
2019-06-29 10:00,0.088
2019-06-29 11:00,0.148
2019-06-29 12:00,0.196
2019-06-29 13:00,0.244
2019-06-29 14:00,0.286
2019-06-29 15:00,0.269
2019-06-29 16:00,0.233
2019-06-29 17:00,0.186
2019-06-29 18:00,0.168
2019-06-29 19:00,0.217
2019-06-29 20:00,0.327
2019-06-29 21:00,0.503
2019-06-29 22:00,0.565
2019-06-29 23:00,0.581
2019-06-30 00:00,0.594
2019-06-30 01:00,0.609
2019-06-30 02:00,0.624
2019-06-30 03:00,0.607
2019-06-30 04:00,0.536
2019-06-30 05:00,0.442
2019-06-30 06:00,0.591
2019-06-30 07:00,0.655
2019-06-30 08:00,0.708
2019-06-30 09:00,0.733
2019-06-30 10:00,0.746
2019-06-30 11:00,0.755
2019-06-30 12:00,0.767
2019-06-30 13:00,0.769
2019-06-30 14:00,0.772
2019-06-30 15:00,0.777
2019-06-30 16:00,0.786
2019-06-30 17:00,0.768
2019-06-30 18:00,0.709
2019-06-30 19:00,0.665
2019-06-30 20:00,0.659
2019-06-30 21:00,0.622
2019-06-30 22:00,0.653
2019-06-30 23:00,0.631
2019-07-01 00:00,0.661
2019-07-01 01:00,0.676
2019-07-01 02:00,0.670
2019-07-01 03:00,0.672
2019-07-01 04:00,0.675
2019-07-01 05:00,0.696
2019-07-01 06:00,0.777
2019-07-01 07:00,0.792
2019-07-01 08:00,0.791
2019-07-01 09:00,0.793
2019-07-01 10:00,0.810
2019-07-01 11:00,0.825
2019-07-01 12:00,0.829
2019-07-01 13:00,0.828
2019-07-01 14:00,0.816
2019-07-01 15:00,0.791
2019-07-01 16:00,0.753
2019-07-01 17:00,0.694
2019-07-01 18:00,0.603
2019-07-01 19:00,0.531
2019-07-01 20:00,0.515
2019-07-01 21:00,0.508
2019-07-01 22:00,0.483
2019-07-01 23:00,0.460
2019-07-02 00:00,0.434
2019-07-02 01:00,0.409
2019-07-02 02:00,0.385
2019-07-02 03:00,0.388
2019-07-02 04:00,0.347
2019-07-02 05:00,0.233
2019-07-02 06:00,0.266
2019-07-02 07:00,0.285
2019-07-02 08:00,0.297
2019-07-02 09:00,0.285
2019-07-02 10:00,0.265
2019-07-02 11:00,0.257
2019-07-02 12:00,0.257
2019-07-02 13:00,0.265
2019-07-02 14:00,0.265
2019-07-02 15:00,0.271
2019-07-02 16:00,0.281
2019-07-02 17:00,0.287
2019-07-02 18:00,0.290
2019-07-02 19:00,0.336
2019-07-02 20:00,0.409
2019-07-02 21:00,0.429
2019-07-02 22:00,0.418
2019-07-02 23:00,0.406
2019-07-03 00:00,0.403
2019-07-03 01:00,0.400
2019-07-03 02:00,0.390
2019-07-03 03:00,0.365
2019-07-03 04:00,0.284
2019-07-03 05:00,0.128
2019-07-03 06:00,0.088
2019-07-03 07:00,0.060
2019-07-03 08:00,0.028
2019-07-03 09:00,0.017
2019-07-03 10:00,0.013
2019-07-03 11:00,0.011
2019-07-03 12:00,0.011
2019-07-03 13:00,0.013
2019-07-03 14:00,0.019
2019-07-03 15:00,0.025
2019-07-03 16:00,0.030
2019-07-03 17:00,0.033
2019-07-03 18:00,0.036
2019-07-03 19:00,0.039
2019-07-03 20:00,0.059
2019-07-03 21:00,0.074
2019-07-03 22:00,0.094
2019-07-03 23:00,0.125
2019-07-04 00:00,0.160
2019-07-04 01:00,0.189
2019-07-04 02:00,0.213
2019-07-04 03:00,0.230
2019-07-04 04:00,0.230
2019-07-04 05:00,0.140
2019-07-04 06:00,0.145
2019-07-04 07:00,0.206
2019-07-04 08:00,0.258
2019-07-04 09:00,0.297
2019-07-04 10:00,0.335
2019-07-04 11:00,0.377
2019-07-04 12:00,0.410
2019-07-04 13:00,0.423
2019-07-04 14:00,0.424
2019-07-04 15:00,0.411
2019-07-04 16:00,0.372
2019-07-04 17:00,0.323
2019-07-04 18:00,0.288
2019-07-04 19:00,0.302
2019-07-04 20:00,0.325
2019-07-04 21:00,0.352
2019-07-04 22:00,0.384
2019-07-04 23:00,0.402
2019-07-05 00:00,0.399
2019-07-05 01:00,0.399
2019-07-05 02:00,0.418
2019-07-05 03:00,0.421
2019-07-05 04:00,0.363
2019-07-05 05:00,0.224
2019-07-05 06:00,0.252
2019-07-05 07:00,0.212
2019-07-05 08:00,0.191
2019-07-05 09:00,0.205
2019-07-05 10:00,0.244
2019-07-05 11:00,0.287
2019-07-05 12:00,0.323
2019-07-05 13:00,0.359
2019-07-05 14:00,0.400
2019-07-05 15:00,0.450
2019-07-05 16:00,0.504
2019-07-05 17:00,0.545
2019-07-05 18:00,0.527
2019-07-05 19:00,0.424
2019-07-05 20:00,0.400
2019-07-05 21:00,0.410
2019-07-05 22:00,0.428
2019-07-05 23:00,0.413
2019-07-06 00:00,0.448
2019-07-06 01:00,0.467
2019-07-06 02:00,0.522
2019-07-06 03:00,0.505
2019-07-06 04:00,0.475
2019-07-06 05:00,0.348
2019-07-06 06:00,0.257
2019-07-06 07:00,0.270
2019-07-06 08:00,0.241
2019-07-06 09:00,0.197
2019-07-06 10:00,0.174
2019-07-06 11:00,0.162
2019-07-06 12:00,0.158
2019-07-06 13:00,0.155
2019-07-06 14:00,0.149
2019-07-06 15:00,0.148
2019-07-06 16:00,0.145
2019-07-06 17:00,0.133
2019-07-06 18:00,0.109
2019-07-06 19:00,0.094
2019-07-06 20:00,0.085
2019-07-06 21:00,0.071
2019-07-06 22:00,0.059
2019-07-06 23:00,0.054
2019-07-07 00:00,0.047
2019-07-07 01:00,0.037
2019-07-07 02:00,0.030
2019-07-07 03:00,0.029
2019-07-07 04:00,0.026
2019-07-07 05:00,0.022
2019-07-07 06:00,0.028
2019-07-07 07:00,0.033
2019-07-07 08:00,0.032
2019-07-07 09:00,0.030
2019-07-07 10:00,0.023
2019-07-07 11:00,0.019
2019-07-07 12:00,0.017
2019-07-07 13:00,0.022
2019-07-07 14:00,0.033
2019-07-07 15:00,0.045
2019-07-07 16:00,0.059
2019-07-07 17:00,0.085
2019-07-07 18:00,0.128
2019-07-07 19:00,0.182
2019-07-07 20:00,0.237
2019-07-07 21:00,0.261
2019-07-07 22:00,0.241
2019-07-07 23:00,0.213
2019-07-08 00:00,0.187
2019-07-08 01:00,0.158
2019-07-08 02:00,0.134
2019-07-08 03:00,0.105
2019-07-08 04:00,0.077
2019-07-08 05:00,0.041
2019-07-08 06:00,0.046
2019-07-08 07:00,0.055
2019-07-08 08:00,0.062
2019-07-08 09:00,0.051
2019-07-08 10:00,0.034
2019-07-08 11:00,0.024
2019-07-08 12:00,0.018
2019-07-08 13:00,0.016
2019-07-08 14:00,0.016
2019-07-08 15:00,0.015
2019-07-08 16:00,0.014
2019-07-08 17:00,0.021
2019-07-08 18:00,0.046
2019-07-08 19:00,0.092
2019-07-08 20:00,0.157
2019-07-08 21:00,0.206
2019-07-08 22:00,0.210
2019-07-08 23:00,0.197
2019-07-09 00:00,0.170
2019-07-09 01:00,0.136
2019-07-09 02:00,0.102
2019-07-09 03:00,0.075
2019-07-09 04:00,0.051
2019-07-09 05:00,0.026
2019-07-09 06:00,0.016
2019-07-09 07:00,0.019
2019-07-09 08:00,0.020
2019-07-09 09:00,0.026
2019-07-09 10:00,0.042
2019-07-09 11:00,0.068
2019-07-09 12:00,0.088
2019-07-09 13:00,0.095
2019-07-09 14:00,0.097
2019-07-09 15:00,0.104
2019-07-09 16:00,0.108
2019-07-09 17:00,0.111
2019-07-09 18:00,0.100
2019-07-09 19:00,0.091
2019-07-09 20:00,0.106
2019-07-09 21:00,0.125
2019-07-09 22:00,0.162
2019-07-09 23:00,0.205
2019-07-10 00:00,0.249
2019-07-10 01:00,0.284
2019-07-10 02:00,0.296
2019-07-10 03:00,0.272
2019-07-10 04:00,0.256
2019-07-10 05:00,0.218
2019-07-10 06:00,0.160
2019-07-10 07:00,0.139
2019-07-10 08:00,0.145
2019-07-10 09:00,0.184
2019-07-10 10:00,0.220
2019-07-10 11:00,0.215
2019-07-10 12:00,0.213
2019-07-10 13:00,0.243
2019-07-10 14:00,0.299
2019-07-10 15:00,0.314
2019-07-10 16:00,0.257
2019-07-10 17:00,0.216
2019-07-10 18:00,0.187
2019-07-10 19:00,0.180
2019-07-10 20:00,0.174
2019-07-10 21:00,0.158
2019-07-10 22:00,0.154
2019-07-10 23:00,0.145
2019-07-11 00:00,0.150
2019-07-11 01:00,0.181
2019-07-11 02:00,0.223
2019-07-11 03:00,0.268
2019-07-11 04:00,0.293
2019-07-11 05:00,0.282
2019-07-11 06:00,0.284
2019-07-11 07:00,0.344
2019-07-11 08:00,0.394
2019-07-11 09:00,0.400
2019-07-11 10:00,0.399
2019-07-11 11:00,0.413
2019-07-11 12:00,0.435
2019-07-11 13:00,0.450
2019-07-11 14:00,0.441
2019-07-11 15:00,0.446
2019-07-11 16:00,0.442
2019-07-11 17:00,0.392
2019-07-11 18:00,0.283
2019-07-11 19:00,0.230
2019-07-11 20:00,0.235
2019-07-11 21:00,0.260
2019-07-11 22:00,0.275
2019-07-11 23:00,0.292
2019-07-12 00:00,0.319
2019-07-12 01:00,0.352
2019-07-12 02:00,0.363
2019-07-12 03:00,0.376
2019-07-12 04:00,0.377
2019-07-12 05:00,0.261
2019-07-12 06:00,0.300
2019-07-12 07:00,0.374
2019-07-12 08:00,0.406
2019-07-12 09:00,0.429
2019-07-12 10:00,0.447
2019-07-12 11:00,0.443
2019-07-12 12:00,0.416
2019-07-12 13:00,0.387
2019-07-12 14:00,0.382
2019-07-12 15:00,0.373
2019-07-12 16:00,0.348
2019-07-12 17:00,0.333
2019-07-12 18:00,0.311
2019-07-12 19:00,0.321
2019-07-12 20:00,0.365
2019-07-12 21:00,0.391
2019-07-12 22:00,0.380
2019-07-12 23:00,0.361
2019-07-13 00:00,0.333
2019-07-13 01:00,0.290
2019-07-13 02:00,0.251
2019-07-13 03:00,0.220
2019-07-13 04:00,0.199
2019-07-13 05:00,0.131
2019-07-13 06:00,0.098
2019-07-13 07:00,0.091
2019-07-13 08:00,0.082
2019-07-13 09:00,0.072
2019-07-13 10:00,0.062
2019-07-13 11:00,0.055
2019-07-13 12:00,0.049
2019-07-13 13:00,0.042
2019-07-13 14:00,0.037
2019-07-13 15:00,0.038
2019-07-13 16:00,0.046
2019-07-13 17:00,0.053
2019-07-13 18:00,0.053
2019-07-13 19:00,0.052
2019-07-13 20:00,0.055
2019-07-13 21:00,0.052
2019-07-13 22:00,0.052
2019-07-13 23:00,0.047
2019-07-14 00:00,0.042
2019-07-14 01:00,0.037
2019-07-14 02:00,0.051
2019-07-14 03:00,0.074
2019-07-14 04:00,0.101
2019-07-14 05:00,0.103
2019-07-14 06:00,0.116
2019-07-14 07:00,0.120
2019-07-14 08:00,0.104
2019-07-14 09:00,0.087
2019-07-14 10:00,0.080
2019-07-14 11:00,0.077
2019-07-14 12:00,0.072
2019-07-14 13:00,0.071
2019-07-14 14:00,0.074
2019-07-14 15:00,0.080
2019-07-14 16:00,0.093
2019-07-14 17:00,0.122
2019-07-14 18:00,0.154
2019-07-14 19:00,0.186
2019-07-14 20:00,0.212
2019-07-14 21:00,0.188
2019-07-14 22:00,0.152
2019-07-14 23:00,0.113
2019-07-15 00:00,0.072
2019-07-15 01:00,0.040
2019-07-15 02:00,0.021
2019-07-15 03:00,0.020
2019-07-15 04:00,0.025
2019-07-15 05:00,0.019
2019-07-15 06:00,0.014
2019-07-15 07:00,0.013
2019-07-15 08:00,0.013
2019-07-15 09:00,0.014
2019-07-15 10:00,0.016
2019-07-15 11:00,0.019
2019-07-15 12:00,0.020
2019-07-15 13:00,0.021
2019-07-15 14:00,0.021
2019-07-15 15:00,0.021
2019-07-15 16:00,0.022
2019-07-15 17:00,0.022
2019-07-15 18:00,0.026
2019-07-15 19:00,0.029
2019-07-15 20:00,0.032
2019-07-15 21:00,0.032
2019-07-15 22:00,0.027
2019-07-15 23:00,0.024
2019-07-16 00:00,0.023
2019-07-16 01:00,0.027
2019-07-16 02:00,0.041
2019-07-16 03:00,0.068
2019-07-16 04:00,0.102
2019-07-16 05:00,0.118
2019-07-16 06:00,0.085
2019-07-16 07:00,0.113
2019-07-16 08:00,0.138
2019-07-16 09:00,0.143
2019-07-16 10:00,0.138
2019-07-16 11:00,0.135
2019-07-16 12:00,0.132
2019-07-16 13:00,0.122
2019-07-16 14:00,0.110
2019-07-16 15:00,0.104
2019-07-16 16:00,0.109
2019-07-16 17:00,0.115
2019-07-16 18:00,0.118
2019-07-16 19:00,0.135
2019-07-16 20:00,0.154
2019-07-16 21:00,0.161
2019-07-16 22:00,0.144
2019-07-16 23:00,0.105
2019-07-17 00:00,0.074
2019-07-17 01:00,0.059
2019-07-17 02:00,0.051
2019-07-17 03:00,0.044
2019-07-17 04:00,0.040
2019-07-17 05:00,0.044
2019-07-17 06:00,0.040
2019-07-17 07:00,0.075
2019-07-17 08:00,0.152
2019-07-17 09:00,0.248
2019-07-17 10:00,0.355
2019-07-17 11:00,0.448
2019-07-17 12:00,0.510
2019-07-17 13:00,0.516
2019-07-17 14:00,0.450
2019-07-17 15:00,0.337
2019-07-17 16:00,0.218
2019-07-17 17:00,0.154
2019-07-17 18:00,0.169
2019-07-17 19:00,0.238
2019-07-17 20:00,0.321
2019-07-17 21:00,0.367
2019-07-17 22:00,0.384
2019-07-17 23:00,0.433
2019-07-18 00:00,0.450
2019-07-18 01:00,0.429
2019-07-18 02:00,0.430
2019-07-18 03:00,0.403
2019-07-18 04:00,0.352
2019-07-18 05:00,0.295
2019-07-18 06:00,0.295
2019-07-18 07:00,0.317
2019-07-18 08:00,0.351
2019-07-18 09:00,0.390
2019-07-18 10:00,0.413
2019-07-18 11:00,0.434
2019-07-18 12:00,0.457
2019-07-18 13:00,0.476
2019-07-18 14:00,0.483
2019-07-18 15:00,0.484
2019-07-18 16:00,0.469
2019-07-18 17:00,0.419
2019-07-18 18:00,0.316
2019-07-18 19:00,0.270
2019-07-18 20:00,0.311
2019-07-18 21:00,0.370
2019-07-18 22:00,0.396
2019-07-18 23:00,0.398
2019-07-19 00:00,0.393
2019-07-19 01:00,0.387
2019-07-19 02:00,0.377
2019-07-19 03:00,0.355
2019-07-19 04:00,0.321
2019-07-19 05:00,0.208
2019-07-19 06:00,0.173
2019-07-19 07:00,0.255
2019-07-19 08:00,0.349
2019-07-19 09:00,0.457
2019-07-19 10:00,0.561
2019-07-19 11:00,0.626
2019-07-19 12:00,0.654
2019-07-19 13:00,0.643
2019-07-19 14:00,0.614
2019-07-19 15:00,0.597
2019-07-19 16:00,0.541
2019-07-19 17:00,0.486
2019-07-19 18:00,0.547
2019-07-19 19:00,0.568
2019-07-19 20:00,0.556
2019-07-19 21:00,0.472
2019-07-19 22:00,0.490
2019-07-19 23:00,0.486
2019-07-20 00:00,0.469
2019-07-20 01:00,0.479
2019-07-20 02:00,0.470
2019-07-20 03:00,0.467
2019-07-20 04:00,0.473
2019-07-20 05:00,0.430
2019-07-20 06:00,0.460
2019-07-20 07:00,0.546
2019-07-20 08:00,0.597
2019-07-20 09:00,0.615
2019-07-20 10:00,0.613
2019-07-20 11:00,0.631
2019-07-20 12:00,0.677
2019-07-20 13:00,0.752
2019-07-20 14:00,0.813
2019-07-20 15:00,0.826
2019-07-20 16:00,0.814
2019-07-20 17:00,0.792
2019-07-20 18:00,0.728
2019-07-20 19:00,0.624
2019-07-20 20:00,0.523
2019-07-20 21:00,0.499
2019-07-20 22:00,0.456
2019-07-20 23:00,0.446
2019-07-21 00:00,0.439
2019-07-21 01:00,0.429
2019-07-21 02:00,0.400
2019-07-21 03:00,0.380
2019-07-21 04:00,0.373
2019-07-21 05:00,0.245
2019-07-21 06:00,0.184
2019-07-21 07:00,0.224
2019-07-21 08:00,0.281
2019-07-21 09:00,0.342
2019-07-21 10:00,0.400
2019-07-21 11:00,0.446
2019-07-21 12:00,0.483
2019-07-21 13:00,0.526
2019-07-21 14:00,0.520
2019-07-21 15:00,0.500
2019-07-21 16:00,0.495
2019-07-21 17:00,0.517
2019-07-21 18:00,0.604
2019-07-21 19:00,0.665
2019-07-21 20:00,0.673
2019-07-21 21:00,0.718
2019-07-21 22:00,0.800
2019-07-21 23:00,0.821
2019-07-22 00:00,0.827
2019-07-22 01:00,0.816
2019-07-22 02:00,0.812
2019-07-22 03:00,0.800
2019-07-22 04:00,0.787
2019-07-22 05:00,0.767
2019-07-22 06:00,0.730
2019-07-22 07:00,0.775
2019-07-22 08:00,0.824
2019-07-22 09:00,0.817
2019-07-22 10:00,0.802
2019-07-22 11:00,0.797
2019-07-22 12:00,0.800
2019-07-22 13:00,0.799
2019-07-22 14:00,0.782
2019-07-22 15:00,0.761
2019-07-22 16:00,0.725
2019-07-22 17:00,0.660
2019-07-22 18:00,0.566
2019-07-22 19:00,0.535
2019-07-22 20:00,0.533
2019-07-22 21:00,0.499
2019-07-22 22:00,0.471
2019-07-22 23:00,0.437
2019-07-23 00:00,0.391
2019-07-23 01:00,0.344
2019-07-23 02:00,0.299
2019-07-23 03:00,0.254
2019-07-23 04:00,0.222
2019-07-23 05:00,0.146
2019-07-23 06:00,0.095
2019-07-23 07:00,0.123
2019-07-23 08:00,0.175
2019-07-23 09:00,0.211
2019-07-23 10:00,0.225
2019-07-23 11:00,0.234
2019-07-23 12:00,0.246
2019-07-23 13:00,0.260
2019-07-23 14:00,0.271
2019-07-23 15:00,0.277
2019-07-23 16:00,0.270
2019-07-23 17:00,0.293
2019-07-23 18:00,0.435
2019-07-23 19:00,0.609
2019-07-23 20:00,0.675
2019-07-23 21:00,0.622
2019-07-23 22:00,0.574
2019-07-23 23:00,0.533
2019-07-24 00:00,0.483
2019-07-24 01:00,0.430
2019-07-24 02:00,0.450
2019-07-24 03:00,0.206
2019-07-24 04:00,0.125
2019-07-24 05:00,0.104
2019-07-24 06:00,0.064
2019-07-24 07:00,0.074
2019-07-24 08:00,0.084
2019-07-24 09:00,0.125
2019-07-24 10:00,0.189
2019-07-24 11:00,0.240
2019-07-24 12:00,0.258
2019-07-24 13:00,0.259
2019-07-24 14:00,0.249
2019-07-24 15:00,0.244
2019-07-24 16:00,0.226
2019-07-24 17:00,0.206
2019-07-24 18:00,0.184
2019-07-24 19:00,0.165
2019-07-24 20:00,0.142
2019-07-24 21:00,0.138
2019-07-24 22:00,0.149
2019-07-24 23:00,0.172
2019-07-25 00:00,0.211
2019-07-25 01:00,0.268
2019-07-25 02:00,0.336
2019-07-25 03:00,0.400
2019-07-25 04:00,0.432
2019-07-25 05:00,0.342
2019-07-25 06:00,0.224
2019-07-25 07:00,0.190
2019-07-25 08:00,0.340
2019-07-25 09:00,0.469
2019-07-25 10:00,0.473
2019-07-25 11:00,0.474
2019-07-25 12:00,0.473
2019-07-25 13:00,0.457
2019-07-25 14:00,0.406
2019-07-25 15:00,0.384
2019-07-25 16:00,0.406
2019-07-25 17:00,0.418
2019-07-25 18:00,0.446
2019-07-25 19:00,0.469
2019-07-25 20:00,0.425
2019-07-25 21:00,0.374
2019-07-25 22:00,0.318
2019-07-25 23:00,0.254
2019-07-26 00:00,0.223
2019-07-26 01:00,0.204
2019-07-26 02:00,0.189
2019-07-26 03:00,0.174
2019-07-26 04:00,0.174
2019-07-26 05:00,0.165
2019-07-26 06:00,0.134
2019-07-26 07:00,0.185
2019-07-26 08:00,0.184
2019-07-26 09:00,0.180
2019-07-26 10:00,0.187
2019-07-26 11:00,0.181
2019-07-26 12:00,0.177
2019-07-26 13:00,0.154
2019-07-26 14:00,0.118
2019-07-26 15:00,0.098
2019-07-26 16:00,0.077
2019-07-26 17:00,0.056
2019-07-26 18:00,0.051
2019-07-26 19:00,0.072
2019-07-26 20:00,0.110
2019-07-26 21:00,0.163
2019-07-26 22:00,0.188
2019-07-26 23:00,0.187
2019-07-27 00:00,0.200
2019-07-27 01:00,0.232
2019-07-27 02:00,0.260
2019-07-27 03:00,0.270
2019-07-27 04:00,0.246
2019-07-27 05:00,0.214
2019-07-27 06:00,0.207
2019-07-27 07:00,0.249
2019-07-27 08:00,0.327
2019-07-27 09:00,0.405
2019-07-27 10:00,0.494
2019-07-27 11:00,0.549
2019-07-27 12:00,0.574
2019-07-27 13:00,0.569
2019-07-27 14:00,0.562
2019-07-27 15:00,0.553
2019-07-27 16:00,0.527
2019-07-27 17:00,0.463
2019-07-27 18:00,0.420
2019-07-27 19:00,0.442
2019-07-27 20:00,0.453
2019-07-27 21:00,0.430
2019-07-27 22:00,0.408
2019-07-27 23:00,0.400
2019-07-28 00:00,0.377
2019-07-28 01:00,0.342
2019-07-28 02:00,0.290
2019-07-28 03:00,0.261
2019-07-28 04:00,0.254
2019-07-28 05:00,0.237
2019-07-28 06:00,0.202
2019-07-28 07:00,0.171
2019-07-28 08:00,0.169
2019-07-28 09:00,0.178
2019-07-28 10:00,0.158
2019-07-28 11:00,0.135
2019-07-28 12:00,0.116
2019-07-28 13:00,0.097
2019-07-28 14:00,0.086
2019-07-28 15:00,0.084
2019-07-28 16:00,0.099
2019-07-28 17:00,0.119
2019-07-28 18:00,0.132
2019-07-28 19:00,0.126
2019-07-28 20:00,0.125
2019-07-28 21:00,0.125
2019-07-28 22:00,0.132
2019-07-28 23:00,0.144
2019-07-29 00:00,0.177
2019-07-29 01:00,0.227
2019-07-29 02:00,0.313
2019-07-29 03:00,0.354
2019-07-29 04:00,0.387
2019-07-29 05:00,0.376
2019-07-29 06:00,0.382
2019-07-29 07:00,0.468
2019-07-29 08:00,0.476
2019-07-29 09:00,0.450
2019-07-29 10:00,0.400
2019-07-29 11:00,0.348
2019-07-29 12:00,0.289
2019-07-29 13:00,0.233
2019-07-29 14:00,0.177
2019-07-29 15:00,0.134
2019-07-29 16:00,0.097
2019-07-29 17:00,0.062
2019-07-29 18:00,0.044
2019-07-29 19:00,0.041
2019-07-29 20:00,0.107
2019-07-29 21:00,0.204
2019-07-29 22:00,0.261
2019-07-29 23:00,0.257
2019-07-30 00:00,0.238
2019-07-30 01:00,0.238
2019-07-30 02:00,0.261
2019-07-30 03:00,0.311
2019-07-30 04:00,0.345
2019-07-30 05:00,0.333
2019-07-30 06:00,0.257
2019-07-30 07:00,0.260
2019-07-30 08:00,0.311
2019-07-30 09:00,0.400
2019-07-30 10:00,0.494
2019-07-30 11:00,0.549
2019-07-30 12:00,0.572
2019-07-30 13:00,0.566
2019-07-30 14:00,0.523
2019-07-30 15:00,0.410
2019-07-30 16:00,0.283
2019-07-30 17:00,0.256
2019-07-30 18:00,0.255
2019-07-30 19:00,0.241
2019-07-30 20:00,0.183
2019-07-30 21:00,0.138
2019-07-30 22:00,0.118
2019-07-30 23:00,0.143
2019-07-31 00:00,0.188
2019-07-31 01:00,0.238
2019-07-31 02:00,0.309
2019-07-31 03:00,0.365
2019-07-31 04:00,0.381
2019-07-31 05:00,0.357
2019-07-31 06:00,0.355
2019-07-31 07:00,0.405
2019-07-31 08:00,0.460
2019-07-31 09:00,0.485
2019-07-31 10:00,0.505
2019-07-31 11:00,0.528
2019-07-31 12:00,0.565
2019-07-31 13:00,0.613
2019-07-31 14:00,0.623
2019-07-31 15:00,0.609
2019-07-31 16:00,0.569
2019-07-31 17:00,0.497
2019-07-31 18:00,0.451
2019-07-31 19:00,0.469
2019-07-31 20:00,0.453
2019-07-31 21:00,0.438
2019-07-31 22:00,0.425
2019-07-31 23:00,0.416
2019-08-01 00:00,0.415
2019-08-01 01:00,0.413
2019-08-01 02:00,0.403
2019-08-01 03:00,0.398
2019-08-01 04:00,0.387
2019-08-01 05:00,0.290
2019-08-01 06:00,0.189
2019-08-01 07:00,0.242
2019-08-01 08:00,0.271
2019-08-01 09:00,0.276
2019-08-01 10:00,0.269
2019-08-01 11:00,0.262
2019-08-01 12:00,0.270
2019-08-01 13:00,0.282
2019-08-01 14:00,0.271
2019-08-01 15:00,0.253
2019-08-01 16:00,0.238
2019-08-01 17:00,0.228
2019-08-01 18:00,0.208
2019-08-01 19:00,0.221
2019-08-01 20:00,0.243
2019-08-01 21:00,0.248
2019-08-01 22:00,0.246
2019-08-01 23:00,0.248
2019-08-02 00:00,0.257
2019-08-02 01:00,0.268
2019-08-02 02:00,0.279
2019-08-02 03:00,0.279
2019-08-02 04:00,0.271
2019-08-02 05:00,0.201
2019-08-02 06:00,0.125
2019-08-02 07:00,0.113
2019-08-02 08:00,0.095
2019-08-02 09:00,0.084
2019-08-02 10:00,0.075
2019-08-02 11:00,0.067
2019-08-02 12:00,0.057
2019-08-02 13:00,0.046
2019-08-02 14:00,0.038
2019-08-02 15:00,0.036
2019-08-02 16:00,0.041
2019-08-02 17:00,0.060
2019-08-02 18:00,0.099
2019-08-02 19:00,0.171
2019-08-02 20:00,0.243
2019-08-02 21:00,0.260
2019-08-02 22:00,0.236
2019-08-02 23:00,0.193
2019-08-03 00:00,0.148
2019-08-03 01:00,0.114
2019-08-03 02:00,0.089
2019-08-03 03:00,0.076
2019-08-03 04:00,0.074
2019-08-03 05:00,0.067
2019-08-03 06:00,0.048
2019-08-03 07:00,0.052
2019-08-03 08:00,0.055
2019-08-03 09:00,0.054
2019-08-03 10:00,0.051
2019-08-03 11:00,0.051
2019-08-03 12:00,0.053
2019-08-03 13:00,0.057
2019-08-03 14:00,0.061
2019-08-03 15:00,0.065
2019-08-03 16:00,0.071
2019-08-03 17:00,0.070
2019-08-03 18:00,0.069
2019-08-03 19:00,0.087
2019-08-03 20:00,0.125
2019-08-03 21:00,0.168
2019-08-03 22:00,0.206
2019-08-03 23:00,0.240
2019-08-04 00:00,0.257
2019-08-04 01:00,0.257
2019-08-04 02:00,0.243
2019-08-04 03:00,0.227
2019-08-04 04:00,0.216
2019-08-04 05:00,0.176
2019-08-04 06:00,0.100
2019-08-04 07:00,0.137
2019-08-04 08:00,0.208
2019-08-04 09:00,0.270
2019-08-04 10:00,0.311
2019-08-04 11:00,0.336
2019-08-04 12:00,0.365
2019-08-04 13:00,0.400
2019-08-04 14:00,0.400
2019-08-04 15:00,0.331
2019-08-04 16:00,0.299
2019-08-04 17:00,0.309
2019-08-04 18:00,0.303
2019-08-04 19:00,0.327
2019-08-04 20:00,0.348
2019-08-04 21:00,0.345
2019-08-04 22:00,0.321
2019-08-04 23:00,0.335
2019-08-05 00:00,0.349
2019-08-05 01:00,0.348
2019-08-05 02:00,0.384
2019-08-05 03:00,0.413
2019-08-05 04:00,0.474
2019-08-05 05:00,0.375
2019-08-05 06:00,0.335
2019-08-05 07:00,0.429
2019-08-05 08:00,0.435
2019-08-05 09:00,0.457
2019-08-05 10:00,0.490
2019-08-05 11:00,0.502
2019-08-05 12:00,0.503
2019-08-05 13:00,0.491
2019-08-05 14:00,0.479
2019-08-05 15:00,0.460
2019-08-05 16:00,0.435
2019-08-05 17:00,0.355
2019-08-05 18:00,0.289
2019-08-05 19:00,0.325
2019-08-05 20:00,0.397
2019-08-05 21:00,0.466
2019-08-05 22:00,0.484
2019-08-05 23:00,0.458
2019-08-06 00:00,0.442
2019-08-06 01:00,0.450
2019-08-06 02:00,0.464
2019-08-06 03:00,0.471
2019-08-06 04:00,0.476
2019-08-06 05:00,0.406
2019-08-06 06:00,0.380
2019-08-06 07:00,0.559
2019-08-06 08:00,0.623
2019-08-06 09:00,0.661
2019-08-06 10:00,0.688
2019-08-06 11:00,0.682
2019-08-06 12:00,0.669
2019-08-06 13:00,0.683
2019-08-06 14:00,0.703
2019-08-06 15:00,0.708
2019-08-06 16:00,0.663
2019-08-06 17:00,0.575
2019-08-06 18:00,0.546
2019-08-06 19:00,0.566
2019-08-06 20:00,0.562
2019-08-06 21:00,0.551
2019-08-06 22:00,0.542
2019-08-06 23:00,0.533
2019-08-07 00:00,0.513
2019-08-07 01:00,0.505
2019-08-07 02:00,0.502
2019-08-07 03:00,0.499
2019-08-07 04:00,0.488
2019-08-07 05:00,0.446
2019-08-07 06:00,0.447
2019-08-07 07:00,0.557
2019-08-07 08:00,0.591
2019-08-07 09:00,0.588
2019-08-07 10:00,0.587
2019-08-07 11:00,0.600
2019-08-07 12:00,0.621
2019-08-07 13:00,0.641
2019-08-07 14:00,0.651
2019-08-07 15:00,0.654
2019-08-07 16:00,0.637
2019-08-07 17:00,0.587
2019-08-07 18:00,0.479
2019-08-07 19:00,0.423
2019-08-07 20:00,0.432
2019-08-07 21:00,0.463
2019-08-07 22:00,0.486
2019-08-07 23:00,0.490
2019-08-08 00:00,0.480
2019-08-08 01:00,0.467
2019-08-08 02:00,0.457
2019-08-08 03:00,0.431
2019-08-08 04:00,0.406
2019-08-08 05:00,0.309
2019-08-08 06:00,0.198
2019-08-08 07:00,0.184
2019-08-08 08:00,0.156
2019-08-08 09:00,0.121
2019-08-08 10:00,0.101
2019-08-08 11:00,0.090
2019-08-08 12:00,0.076
2019-08-08 13:00,0.051
2019-08-08 14:00,0.022
2019-08-08 15:00,0.008
2019-08-08 16:00,0.006
2019-08-08 17:00,0.034
2019-08-08 18:00,0.131
2019-08-08 19:00,0.367
2019-08-08 20:00,0.549
2019-08-08 21:00,0.577
2019-08-08 22:00,0.546
2019-08-08 23:00,0.542
2019-08-09 00:00,0.537
2019-08-09 01:00,0.550
2019-08-09 02:00,0.625
2019-08-09 03:00,0.689
2019-08-09 04:00,0.787
2019-08-09 05:00,0.825
2019-08-09 06:00,0.784
2019-08-09 07:00,0.730
2019-08-09 08:00,0.615
2019-08-09 09:00,0.588
2019-08-09 10:00,0.620
2019-08-09 11:00,0.678
2019-08-09 12:00,0.729
2019-08-09 13:00,0.772
2019-08-09 14:00,0.808
2019-08-09 15:00,0.806
2019-08-09 16:00,0.792
2019-08-09 17:00,0.761
2019-08-09 18:00,0.738
2019-08-09 19:00,0.746
2019-08-09 20:00,0.772
2019-08-09 21:00,0.792
2019-08-09 22:00,0.792
2019-08-09 23:00,0.803
2019-08-10 00:00,0.779
2019-08-10 01:00,0.774
2019-08-10 02:00,0.775
2019-08-10 03:00,0.786
2019-08-10 04:00,0.799
2019-08-10 05:00,0.803
2019-08-10 06:00,0.817
2019-08-10 07:00,0.875
2019-08-10 08:00,0.924
2019-08-10 09:00,0.943
2019-08-10 10:00,0.951
2019-08-10 11:00,0.958
2019-08-10 12:00,0.963
2019-08-10 13:00,0.966
2019-08-10 14:00,0.972
2019-08-10 15:00,0.968
2019-08-10 16:00,0.961
2019-08-10 17:00,0.955
2019-08-10 18:00,0.946
2019-08-10 19:00,0.929
2019-08-10 20:00,0.912
2019-08-10 21:00,0.901
2019-08-10 22:00,0.886
2019-08-10 23:00,0.868
2019-08-11 00:00,0.847
2019-08-11 01:00,0.822
2019-08-11 02:00,0.791
2019-08-11 03:00,0.723
2019-08-11 04:00,0.684
2019-08-11 05:00,0.694
2019-08-11 06:00,0.612
2019-08-11 07:00,0.646
2019-08-11 08:00,0.654
2019-08-11 09:00,0.648
2019-08-11 10:00,0.655
2019-08-11 11:00,0.667
2019-08-11 12:00,0.680
2019-08-11 13:00,0.688
2019-08-11 14:00,0.683
2019-08-11 15:00,0.674
2019-08-11 16:00,0.664
2019-08-11 17:00,0.647
2019-08-11 18:00,0.569
2019-08-11 19:00,0.531
2019-08-11 20:00,0.539
2019-08-11 21:00,0.514
2019-08-11 22:00,0.484
2019-08-11 23:00,0.476
2019-08-12 00:00,0.466
2019-08-12 01:00,0.476
2019-08-12 02:00,0.463
2019-08-12 03:00,0.468
2019-08-12 04:00,0.460
2019-08-12 05:00,0.391
2019-08-12 06:00,0.285
2019-08-12 07:00,0.380
2019-08-12 08:00,0.358
2019-08-12 09:00,0.333
2019-08-12 10:00,0.324
2019-08-12 11:00,0.327
2019-08-12 12:00,0.342
2019-08-12 13:00,0.357
2019-08-12 14:00,0.374
2019-08-12 15:00,0.380
2019-08-12 16:00,0.375
2019-08-12 17:00,0.338
2019-08-12 18:00,0.285
2019-08-12 19:00,0.261
2019-08-12 20:00,0.235
2019-08-12 21:00,0.227
2019-08-12 22:00,0.239
2019-08-12 23:00,0.258
2019-08-13 00:00,0.272
2019-08-13 01:00,0.279
2019-08-13 02:00,0.285
2019-08-13 03:00,0.292
2019-08-13 04:00,0.310
2019-08-13 05:00,0.297
2019-08-13 06:00,0.201
2019-08-13 07:00,0.257
2019-08-13 08:00,0.297
2019-08-13 09:00,0.319
2019-08-13 10:00,0.330
2019-08-13 11:00,0.319
2019-08-13 12:00,0.315
2019-08-13 13:00,0.357
2019-08-13 14:00,0.414
2019-08-13 15:00,0.417
2019-08-13 16:00,0.373
2019-08-13 17:00,0.303
2019-08-13 18:00,0.234
2019-08-13 19:00,0.199
2019-08-13 20:00,0.149
2019-08-13 21:00,0.099
2019-08-13 22:00,0.063
2019-08-13 23:00,0.058
2019-08-14 00:00,0.084
2019-08-14 01:00,0.133
2019-08-14 02:00,0.196
2019-08-14 03:00,0.254
2019-08-14 04:00,0.277
2019-08-14 05:00,0.283
2019-08-14 06:00,0.241
2019-08-14 07:00,0.232
2019-08-14 08:00,0.342
2019-08-14 09:00,0.429
2019-08-14 10:00,0.511
2019-08-14 11:00,0.587
2019-08-14 12:00,0.630
2019-08-14 13:00,0.612
2019-08-14 14:00,0.520
2019-08-14 15:00,0.386
2019-08-14 16:00,0.270
2019-08-14 17:00,0.228
2019-08-14 18:00,0.270
2019-08-14 19:00,0.377
2019-08-14 20:00,0.448
2019-08-14 21:00,0.492
2019-08-14 22:00,0.538
2019-08-14 23:00,0.529
2019-08-15 00:00,0.556
2019-08-15 01:00,0.616
2019-08-15 02:00,0.607
2019-08-15 03:00,0.601
2019-08-15 04:00,0.643
2019-08-15 05:00,0.663
2019-08-15 06:00,0.672
2019-08-15 07:00,0.817
2019-08-15 08:00,0.891
2019-08-15 09:00,0.909
2019-08-15 10:00,0.916
2019-08-15 11:00,0.907
2019-08-15 12:00,0.872
2019-08-15 13:00,0.827
2019-08-15 14:00,0.794
2019-08-15 15:00,0.774
2019-08-15 16:00,0.708
2019-08-15 17:00,0.581
2019-08-15 18:00,0.411
2019-08-15 19:00,0.302
2019-08-15 20:00,0.238
2019-08-15 21:00,0.241
2019-08-15 22:00,0.317
2019-08-15 23:00,0.393
2019-08-16 00:00,0.429
2019-08-16 01:00,0.430
2019-08-16 02:00,0.420
2019-08-16 03:00,0.413
2019-08-16 04:00,0.429
2019-08-16 05:00,0.453
2019-08-16 06:00,0.470
2019-08-16 07:00,0.607
2019-08-16 08:00,0.758
2019-08-16 09:00,0.786
2019-08-16 10:00,0.833
2019-08-16 11:00,0.865
2019-08-16 12:00,0.892
2019-08-16 13:00,0.906
2019-08-16 14:00,0.908
2019-08-16 15:00,0.906
2019-08-16 16:00,0.880
2019-08-16 17:00,0.847
2019-08-16 18:00,0.814
2019-08-16 19:00,0.757
2019-08-16 20:00,0.673
2019-08-16 21:00,0.652
2019-08-16 22:00,0.666
2019-08-16 23:00,0.684
2019-08-17 00:00,0.698
2019-08-17 01:00,0.649
2019-08-17 02:00,0.604
2019-08-17 03:00,0.591
2019-08-17 04:00,0.586
2019-08-17 05:00,0.558
2019-08-17 06:00,0.523
2019-08-17 07:00,0.675
2019-08-17 08:00,0.753
2019-08-17 09:00,0.761
2019-08-17 10:00,0.756
2019-08-17 11:00,0.750
2019-08-17 12:00,0.742
2019-08-17 13:00,0.729
2019-08-17 14:00,0.707
2019-08-17 15:00,0.695
2019-08-17 16:00,0.682
2019-08-17 17:00,0.619
2019-08-17 18:00,0.568
2019-08-17 19:00,0.588
2019-08-17 20:00,0.619
2019-08-17 21:00,0.588
2019-08-17 22:00,0.550
2019-08-17 23:00,0.528
2019-08-18 00:00,0.518
2019-08-18 01:00,0.505
2019-08-18 02:00,0.516
2019-08-18 03:00,0.505
2019-08-18 04:00,0.489
2019-08-18 05:00,0.451
2019-08-18 06:00,0.370
2019-08-18 07:00,0.542
2019-08-18 08:00,0.640
2019-08-18 09:00,0.685
2019-08-18 10:00,0.734
2019-08-18 11:00,0.779
2019-08-18 12:00,0.814
2019-08-18 13:00,0.837
2019-08-18 14:00,0.845
2019-08-18 15:00,0.844
2019-08-18 16:00,0.824
2019-08-18 17:00,0.772
2019-08-18 18:00,0.729
2019-08-18 19:00,0.717
2019-08-18 20:00,0.653
2019-08-18 21:00,0.612
2019-08-18 22:00,0.569
2019-08-18 23:00,0.528
2019-08-19 00:00,0.524
2019-08-19 01:00,0.512
2019-08-19 02:00,0.511
2019-08-19 03:00,0.525
2019-08-19 04:00,0.525
2019-08-19 05:00,0.525
2019-08-19 06:00,0.476
2019-08-19 07:00,0.518
2019-08-19 08:00,0.523
2019-08-19 09:00,0.527
2019-08-19 10:00,0.530
2019-08-19 11:00,0.546
2019-08-19 12:00,0.573
2019-08-19 13:00,0.604
2019-08-19 14:00,0.628
2019-08-19 15:00,0.644
2019-08-19 16:00,0.643
2019-08-19 17:00,0.559
2019-08-19 18:00,0.476
2019-08-19 19:00,0.468
2019-08-19 20:00,0.502
2019-08-19 21:00,0.518
2019-08-19 22:00,0.509
2019-08-19 23:00,0.494
2019-08-20 00:00,0.490
2019-08-20 01:00,0.492
2019-08-20 02:00,0.499
2019-08-20 03:00,0.521
2019-08-20 04:00,0.513
2019-08-20 05:00,0.463
2019-08-20 06:00,0.351
2019-08-20 07:00,0.473
2019-08-20 08:00,0.521
2019-08-20 09:00,0.536
2019-08-20 10:00,0.545
2019-08-20 11:00,0.538
2019-08-20 12:00,0.518
2019-08-20 13:00,0.491
2019-08-20 14:00,0.456
2019-08-20 15:00,0.410
2019-08-20 16:00,0.352
2019-08-20 17:00,0.246
2019-08-20 18:00,0.153
2019-08-20 19:00,0.113
2019-08-20 20:00,0.138
2019-08-20 21:00,0.246
2019-08-20 22:00,0.363
2019-08-20 23:00,0.407
2019-08-21 00:00,0.412
2019-08-21 01:00,0.413
2019-08-21 02:00,0.423
2019-08-21 03:00,0.410
2019-08-21 04:00,0.396
2019-08-21 05:00,0.356
2019-08-21 06:00,0.240
2019-08-21 07:00,0.202
2019-08-21 08:00,0.273
2019-08-21 09:00,0.367
2019-08-21 10:00,0.423
2019-08-21 11:00,0.469
2019-08-21 12:00,0.524
2019-08-21 13:00,0.572
2019-08-21 14:00,0.558
2019-08-21 15:00,0.483
2019-08-21 16:00,0.442
2019-08-21 17:00,0.453
2019-08-21 18:00,0.467
2019-08-21 19:00,0.479
2019-08-21 20:00,0.485
2019-08-21 21:00,0.505
2019-08-21 22:00,0.550
2019-08-21 23:00,0.567
2019-08-22 00:00,0.591
2019-08-22 01:00,0.612
2019-08-22 02:00,0.639
2019-08-22 03:00,0.694
2019-08-22 04:00,0.645
2019-08-22 05:00,0.594
2019-08-22 06:00,0.527
2019-08-22 07:00,0.536
2019-08-22 08:00,0.683
2019-08-22 09:00,0.746
2019-08-22 10:00,0.768
2019-08-22 11:00,0.786
2019-08-22 12:00,0.799
2019-08-22 13:00,0.813
2019-08-22 14:00,0.826
2019-08-22 15:00,0.822
2019-08-22 16:00,0.766
2019-08-22 17:00,0.689
2019-08-22 18:00,0.656
2019-08-22 19:00,0.648
2019-08-22 20:00,0.585
2019-08-22 21:00,0.543
2019-08-22 22:00,0.483
2019-08-22 23:00,0.460
2019-08-23 00:00,0.448
2019-08-23 01:00,0.431
2019-08-23 02:00,0.426
2019-08-23 03:00,0.426
2019-08-23 04:00,0.417
2019-08-23 05:00,0.374
2019-08-23 06:00,0.223
2019-08-23 07:00,0.203
2019-08-23 08:00,0.238
2019-08-23 09:00,0.240
2019-08-23 10:00,0.232
2019-08-23 11:00,0.219
2019-08-23 12:00,0.211
2019-08-23 13:00,0.208
2019-08-23 14:00,0.210
2019-08-23 15:00,0.216
2019-08-23 16:00,0.217
2019-08-23 17:00,0.185
2019-08-23 18:00,0.181
2019-08-23 19:00,0.200
2019-08-23 20:00,0.214
2019-08-23 21:00,0.210
2019-08-23 22:00,0.190
2019-08-23 23:00,0.172
2019-08-24 00:00,0.159
2019-08-24 01:00,0.145
2019-08-24 02:00,0.127
2019-08-24 03:00,0.114
2019-08-24 04:00,0.118
2019-08-24 05:00,0.138
2019-08-24 06:00,0.115
2019-08-24 07:00,0.059
2019-08-24 08:00,0.087
2019-08-24 09:00,0.128
2019-08-24 10:00,0.150
2019-08-24 11:00,0.187
2019-08-24 12:00,0.227
2019-08-24 13:00,0.250
2019-08-24 14:00,0.251
2019-08-24 15:00,0.220
2019-08-24 16:00,0.181
2019-08-24 17:00,0.150
2019-08-24 18:00,0.157
2019-08-24 19:00,0.235
2019-08-24 20:00,0.323
2019-08-24 21:00,0.370
2019-08-24 22:00,0.367
2019-08-24 23:00,0.338
2019-08-25 00:00,0.297
2019-08-25 01:00,0.257
2019-08-25 02:00,0.238
2019-08-25 03:00,0.229
2019-08-25 04:00,0.221
2019-08-25 05:00,0.212
2019-08-25 06:00,0.178
2019-08-25 07:00,0.100
2019-08-25 08:00,0.068
2019-08-25 09:00,0.126
2019-08-25 10:00,0.234
2019-08-25 11:00,0.240
2019-08-25 12:00,0.232
2019-08-25 13:00,0.232
2019-08-25 14:00,0.229
2019-08-25 15:00,0.204
2019-08-25 16:00,0.179
2019-08-25 17:00,0.137
2019-08-25 18:00,0.118
2019-08-25 19:00,0.128
2019-08-25 20:00,0.135
2019-08-25 21:00,0.132
2019-08-25 22:00,0.129
2019-08-25 23:00,0.126
2019-08-26 00:00,0.127
2019-08-26 01:00,0.131
2019-08-26 02:00,0.140
2019-08-26 03:00,0.148
2019-08-26 04:00,0.150
2019-08-26 05:00,0.140
2019-08-26 06:00,0.084
2019-08-26 07:00,0.034
2019-08-26 08:00,0.014
2019-08-26 09:00,0.003
2019-08-26 10:00,0.020
2019-08-26 11:00,0.047
2019-08-26 12:00,0.069
2019-08-26 13:00,0.094
2019-08-26 14:00,0.115
2019-08-26 15:00,0.121
2019-08-26 16:00,0.106
2019-08-26 17:00,0.089
2019-08-26 18:00,0.103
2019-08-26 19:00,0.164
2019-08-26 20:00,0.216
2019-08-26 21:00,0.215
2019-08-26 22:00,0.181
2019-08-26 23:00,0.149
2019-08-27 00:00,0.125
2019-08-27 01:00,0.096
2019-08-27 02:00,0.077
2019-08-27 03:00,0.082
2019-08-27 04:00,0.093
2019-08-27 05:00,0.090
2019-08-27 06:00,0.059
2019-08-27 07:00,0.028
2019-08-27 08:00,0.009
2019-08-27 09:00,0.009
2019-08-27 10:00,0.027
2019-08-27 11:00,0.043
2019-08-27 12:00,0.051
2019-08-27 13:00,0.058
2019-08-27 14:00,0.079
2019-08-27 15:00,0.101
2019-08-27 16:00,0.107
2019-08-27 17:00,0.101
2019-08-27 18:00,0.092
2019-08-27 19:00,0.095
2019-08-27 20:00,0.121
2019-08-27 21:00,0.191
2019-08-27 22:00,0.268
2019-08-27 23:00,0.277
2019-08-28 00:00,0.188
2019-08-28 01:00,0.118
2019-08-28 02:00,0.131
2019-08-28 03:00,0.181
2019-08-28 04:00,0.219
2019-08-28 05:00,0.241
2019-08-28 06:00,0.219
2019-08-28 07:00,0.241
2019-08-28 08:00,0.360
2019-08-28 09:00,0.426
2019-08-28 10:00,0.464
2019-08-28 11:00,0.536
2019-08-28 12:00,0.594
2019-08-28 13:00,0.559
2019-08-28 14:00,0.459
2019-08-28 15:00,0.395
2019-08-28 16:00,0.338
2019-08-28 17:00,0.251
2019-08-28 18:00,0.204
2019-08-28 19:00,0.234
2019-08-28 20:00,0.251
2019-08-28 21:00,0.248
2019-08-28 22:00,0.257
2019-08-28 23:00,0.287
2019-08-29 00:00,0.318
2019-08-29 01:00,0.336
2019-08-29 02:00,0.377
2019-08-29 03:00,0.396
2019-08-29 04:00,0.380
2019-08-29 05:00,0.361
2019-08-29 06:00,0.284
2019-08-29 07:00,0.304
2019-08-29 08:00,0.517
2019-08-29 09:00,0.632
2019-08-29 10:00,0.712
2019-08-29 11:00,0.759
2019-08-29 12:00,0.773
2019-08-29 13:00,0.783
2019-08-29 14:00,0.792
2019-08-29 15:00,0.784
2019-08-29 16:00,0.729
2019-08-29 17:00,0.675
2019-08-29 18:00,0.673
2019-08-29 19:00,0.625
2019-08-29 20:00,0.557
2019-08-29 21:00,0.568
2019-08-29 22:00,0.580
2019-08-29 23:00,0.566
2019-08-30 00:00,0.559
2019-08-30 01:00,0.572
2019-08-30 02:00,0.606
2019-08-30 03:00,0.582
2019-08-30 04:00,0.581
2019-08-30 05:00,0.594
2019-08-30 06:00,0.549
2019-08-30 07:00,0.642
2019-08-30 08:00,0.792
2019-08-30 09:00,0.845
2019-08-30 10:00,0.864
2019-08-30 11:00,0.871
2019-08-30 12:00,0.875
2019-08-30 13:00,0.872
2019-08-30 14:00,0.862
2019-08-30 15:00,0.839
2019-08-30 16:00,0.796
2019-08-30 17:00,0.733
2019-08-30 18:00,0.685
2019-08-30 19:00,0.618
2019-08-30 20:00,0.525
2019-08-30 21:00,0.494
2019-08-30 22:00,0.505
2019-08-30 23:00,0.559
2019-08-31 00:00,0.612
2019-08-31 01:00,0.600
2019-08-31 02:00,0.601
2019-08-31 03:00,0.624
2019-08-31 04:00,0.676
2019-08-31 05:00,0.690
2019-08-31 06:00,0.672
2019-08-31 07:00,0.761
2019-08-31 08:00,0.848
2019-08-31 09:00,0.895
2019-08-31 10:00,0.907
2019-08-31 11:00,0.896
2019-08-31 12:00,0.871
2019-08-31 13:00,0.859
2019-08-31 14:00,0.841
2019-08-31 15:00,0.812
2019-08-31 16:00,0.750
2019-08-31 17:00,0.613
2019-08-31 18:00,0.497
2019-08-31 19:00,0.456
2019-08-31 20:00,0.455
2019-08-31 21:00,0.492
2019-08-31 22:00,0.516
2019-08-31 23:00,0.520
2019-09-01 00:00,0.527
2019-09-01 01:00,0.530
2019-09-01 02:00,0.523
2019-09-01 03:00,0.515
2019-09-01 04:00,0.516
2019-09-01 05:00,0.505
2019-09-01 06:00,0.391
2019-09-01 07:00,0.510
2019-09-01 08:00,0.581
2019-09-01 09:00,0.600
2019-09-01 10:00,0.643
2019-09-01 11:00,0.686
2019-09-01 12:00,0.723
2019-09-01 13:00,0.746
2019-09-01 14:00,0.758
2019-09-01 15:00,0.752
2019-09-01 16:00,0.715
2019-09-01 17:00,0.606
2019-09-01 18:00,0.516
2019-09-01 19:00,0.500
2019-09-01 20:00,0.469
2019-09-01 21:00,0.450
2019-09-01 22:00,0.442
2019-09-01 23:00,0.430
2019-09-02 00:00,0.429
2019-09-02 01:00,0.439
2019-09-02 02:00,0.454
2019-09-02 03:00,0.446
2019-09-02 04:00,0.442
2019-09-02 05:00,0.443
2019-09-02 06:00,0.325
2019-09-02 07:00,0.302
2019-09-02 08:00,0.363
2019-09-02 09:00,0.426
2019-09-02 10:00,0.473
2019-09-02 11:00,0.524
2019-09-02 12:00,0.649
2019-09-02 13:00,0.743
2019-09-02 14:00,0.795
2019-09-02 15:00,0.818
2019-09-02 16:00,0.774
2019-09-02 17:00,0.704
2019-09-02 18:00,0.728
2019-09-02 19:00,0.739
2019-09-02 20:00,0.739
2019-09-02 21:00,0.735
2019-09-02 22:00,0.725
2019-09-02 23:00,0.712
2019-09-03 00:00,0.686
2019-09-03 01:00,0.645
2019-09-03 02:00,0.606
2019-09-03 03:00,0.539
2019-09-03 04:00,0.527
2019-09-03 05:00,0.529
2019-09-03 06:00,0.416
2019-09-03 07:00,0.437
2019-09-03 08:00,0.545
2019-09-03 09:00,0.578
2019-09-03 10:00,0.607
2019-09-03 11:00,0.609
2019-09-03 12:00,0.604
2019-09-03 13:00,0.622
2019-09-03 14:00,0.645
2019-09-03 15:00,0.640
2019-09-03 16:00,0.584
2019-09-03 17:00,0.520
2019-09-03 18:00,0.554
2019-09-03 19:00,0.605
2019-09-03 20:00,0.588
2019-09-03 21:00,0.574
2019-09-03 22:00,0.581
2019-09-03 23:00,0.553
2019-09-04 00:00,0.594
2019-09-04 01:00,0.600
2019-09-04 02:00,0.545
2019-09-04 03:00,0.629
2019-09-04 04:00,0.675
2019-09-04 05:00,0.497
2019-09-04 06:00,0.380
2019-09-04 07:00,0.549
2019-09-04 08:00,0.675
2019-09-04 09:00,0.728
2019-09-04 10:00,0.784
2019-09-04 11:00,0.853
2019-09-04 12:00,0.910
2019-09-04 13:00,0.941
2019-09-04 14:00,0.951
2019-09-04 15:00,0.946
2019-09-04 16:00,0.935
2019-09-04 17:00,0.906
2019-09-04 18:00,0.871
2019-09-04 19:00,0.813
2019-09-04 20:00,0.719
2019-09-04 21:00,0.682
2019-09-04 22:00,0.706
2019-09-04 23:00,0.689
2019-09-05 00:00,0.620
2019-09-05 01:00,0.553
2019-09-05 02:00,0.529
2019-09-05 03:00,0.511
2019-09-05 04:00,0.492
2019-09-05 05:00,0.476
2019-09-05 06:00,0.397
2019-09-05 07:00,0.375
2019-09-05 08:00,0.562
2019-09-05 09:00,0.549
2019-09-05 10:00,0.522
2019-09-05 11:00,0.536
2019-09-05 12:00,0.587
2019-09-05 13:00,0.637
2019-09-05 14:00,0.678
2019-09-05 15:00,0.707
2019-09-05 16:00,0.700
2019-09-05 17:00,0.590
2019-09-05 18:00,0.549
2019-09-05 19:00,0.580
2019-09-05 20:00,0.591
2019-09-05 21:00,0.616
2019-09-05 22:00,0.614
2019-09-05 23:00,0.591
2019-09-06 00:00,0.633
2019-09-06 01:00,0.729
2019-09-06 02:00,0.783
2019-09-06 03:00,0.802
2019-09-06 04:00,0.778
2019-09-06 05:00,0.800
2019-09-06 06:00,0.831
2019-09-06 07:00,0.826
2019-09-06 08:00,0.818
2019-09-06 09:00,0.757
2019-09-06 10:00,0.774
2019-09-06 11:00,0.800
2019-09-06 12:00,0.791
2019-09-06 13:00,0.765
2019-09-06 14:00,0.750
2019-09-06 15:00,0.739
2019-09-06 16:00,0.690
2019-09-06 17:00,0.577
2019-09-06 18:00,0.556
2019-09-06 19:00,0.534
2019-09-06 20:00,0.539
2019-09-06 21:00,0.546
2019-09-06 22:00,0.548
2019-09-06 23:00,0.535
2019-09-07 00:00,0.516
2019-09-07 01:00,0.505
2019-09-07 02:00,0.492
2019-09-07 03:00,0.466
2019-09-07 04:00,0.429
2019-09-07 05:00,0.396
2019-09-07 06:00,0.294
2019-09-07 07:00,0.299
2019-09-07 08:00,0.342
2019-09-07 09:00,0.309
2019-09-07 10:00,0.282
2019-09-07 11:00,0.256
2019-09-07 12:00,0.232
2019-09-07 13:00,0.228
2019-09-07 14:00,0.237
2019-09-07 15:00,0.245
2019-09-07 16:00,0.245
2019-09-07 17:00,0.217
2019-09-07 18:00,0.214
2019-09-07 19:00,0.210
2019-09-07 20:00,0.185
2019-09-07 21:00,0.133
2019-09-07 22:00,0.079
2019-09-07 23:00,0.047
2019-09-08 00:00,0.031
2019-09-08 01:00,0.024
2019-09-08 02:00,0.039
2019-09-08 03:00,0.057
2019-09-08 04:00,0.067
2019-09-08 05:00,0.072
2019-09-08 06:00,0.056
2019-09-08 07:00,0.031
2019-09-08 08:00,0.027
2019-09-08 09:00,0.022
2019-09-08 10:00,0.022
2019-09-08 11:00,0.021
2019-09-08 12:00,0.021
2019-09-08 13:00,0.022
2019-09-08 14:00,0.024
2019-09-08 15:00,0.028
2019-09-08 16:00,0.029
2019-09-08 17:00,0.032
2019-09-08 18:00,0.029
2019-09-08 19:00,0.027
2019-09-08 20:00,0.039
2019-09-08 21:00,0.071
2019-09-08 22:00,0.126
2019-09-08 23:00,0.192
2019-09-09 00:00,0.240
2019-09-09 01:00,0.258
2019-09-09 02:00,0.254
2019-09-09 03:00,0.247
2019-09-09 04:00,0.230
2019-09-09 05:00,0.228
2019-09-09 06:00,0.224
2019-09-09 07:00,0.204
2019-09-09 08:00,0.217
2019-09-09 09:00,0.261
2019-09-09 10:00,0.348
2019-09-09 11:00,0.357
2019-09-09 12:00,0.311
2019-09-09 13:00,0.229
2019-09-09 14:00,0.156
2019-09-09 15:00,0.116
2019-09-09 16:00,0.104
2019-09-09 17:00,0.108
2019-09-09 18:00,0.111
2019-09-09 19:00,0.091
2019-09-09 20:00,0.062
2019-09-09 21:00,0.035
2019-09-09 22:00,0.024
2019-09-09 23:00,0.029
2019-09-10 00:00,0.042
2019-09-10 01:00,0.056
2019-09-10 02:00,0.087
2019-09-10 03:00,0.113
2019-09-10 04:00,0.128
2019-09-10 05:00,0.149
2019-09-10 06:00,0.148
2019-09-10 07:00,0.093
2019-09-10 08:00,0.113
2019-09-10 09:00,0.146
2019-09-10 10:00,0.170
2019-09-10 11:00,0.192
2019-09-10 12:00,0.193
2019-09-10 13:00,0.262
2019-09-10 14:00,0.370
2019-09-10 15:00,0.413
2019-09-10 16:00,0.377
2019-09-10 17:00,0.311
2019-09-10 18:00,0.256
2019-09-10 19:00,0.265
2019-09-10 20:00,0.351
2019-09-10 21:00,0.457
2019-09-10 22:00,0.496
2019-09-10 23:00,0.536
2019-09-11 00:00,0.620
2019-09-11 01:00,0.649
2019-09-11 02:00,0.709
2019-09-11 03:00,0.752
2019-09-11 04:00,0.780
2019-09-11 05:00,0.774
2019-09-11 06:00,0.791
2019-09-11 07:00,0.780
2019-09-11 08:00,0.797
2019-09-11 09:00,0.855
2019-09-11 10:00,0.859
2019-09-11 11:00,0.837
2019-09-11 12:00,0.814
2019-09-11 13:00,0.793
2019-09-11 14:00,0.775
2019-09-11 15:00,0.745
2019-09-11 16:00,0.663
2019-09-11 17:00,0.589
2019-09-11 18:00,0.591
2019-09-11 19:00,0.570
2019-09-11 20:00,0.526
2019-09-11 21:00,0.499
2019-09-11 22:00,0.497
2019-09-11 23:00,0.514
2019-09-12 00:00,0.503
2019-09-12 01:00,0.502
2019-09-12 02:00,0.489
2019-09-12 03:00,0.487
2019-09-12 04:00,0.483
2019-09-12 05:00,0.473
2019-09-12 06:00,0.374
2019-09-12 07:00,0.270
2019-09-12 08:00,0.454
2019-09-12 09:00,0.580
2019-09-12 10:00,0.675
2019-09-12 11:00,0.775
2019-09-12 12:00,0.832
2019-09-12 13:00,0.855
2019-09-12 14:00,0.868
2019-09-12 15:00,0.870
2019-09-12 16:00,0.834
2019-09-12 17:00,0.752
2019-09-12 18:00,0.674
2019-09-12 19:00,0.597
2019-09-12 20:00,0.538
2019-09-12 21:00,0.503
2019-09-12 22:00,0.493
2019-09-12 23:00,0.484
2019-09-13 00:00,0.463
2019-09-13 01:00,0.429
2019-09-13 02:00,0.396
2019-09-13 03:00,0.377
2019-09-13 04:00,0.377
2019-09-13 05:00,0.376
2019-09-13 06:00,0.309
2019-09-13 07:00,0.162
2019-09-13 08:00,0.190
2019-09-13 09:00,0.189
2019-09-13 10:00,0.156
2019-09-13 11:00,0.134
2019-09-13 12:00,0.133
2019-09-13 13:00,0.135
2019-09-13 14:00,0.129
2019-09-13 15:00,0.122
2019-09-13 16:00,0.109
2019-09-13 17:00,0.119
2019-09-13 18:00,0.109
2019-09-13 19:00,0.078
2019-09-13 20:00,0.075
2019-09-13 21:00,0.077
2019-09-13 22:00,0.059
2019-09-13 23:00,0.042
2019-09-14 00:00,0.025
2019-09-14 01:00,0.013
2019-09-14 02:00,0.016
2019-09-14 03:00,0.044
2019-09-14 04:00,0.092
2019-09-14 05:00,0.184
2019-09-14 06:00,0.290
2019-09-14 07:00,0.200
2019-09-14 08:00,0.222
2019-09-14 09:00,0.433
2019-09-14 10:00,0.466
2019-09-14 11:00,0.476
2019-09-14 12:00,0.493
2019-09-14 13:00,0.513
2019-09-14 14:00,0.523
2019-09-14 15:00,0.502
2019-09-14 16:00,0.472
2019-09-14 17:00,0.497
2019-09-14 18:00,0.574
2019-09-14 19:00,0.621
2019-09-14 20:00,0.606
2019-09-14 21:00,0.593
2019-09-14 22:00,0.600
2019-09-14 23:00,0.611
2019-09-15 00:00,0.609
2019-09-15 01:00,0.600
2019-09-15 02:00,0.606
2019-09-15 03:00,0.638
2019-09-15 04:00,0.593
2019-09-15 05:00,0.537
2019-09-15 06:00,0.447
2019-09-15 07:00,0.352
2019-09-15 08:00,0.420
2019-09-15 09:00,0.406
2019-09-15 10:00,0.352
2019-09-15 11:00,0.321
2019-09-15 12:00,0.285
2019-09-15 13:00,0.223
2019-09-15 14:00,0.195
2019-09-15 15:00,0.180
2019-09-15 16:00,0.135
2019-09-15 17:00,0.090
2019-09-15 18:00,0.073
2019-09-15 19:00,0.065
2019-09-15 20:00,0.055
2019-09-15 21:00,0.044
2019-09-15 22:00,0.039
2019-09-15 23:00,0.037
2019-09-16 00:00,0.046
2019-09-16 01:00,0.060
2019-09-16 02:00,0.073
2019-09-16 03:00,0.086
2019-09-16 04:00,0.093
2019-09-16 05:00,0.096
2019-09-16 06:00,0.087
2019-09-16 07:00,0.050
2019-09-16 08:00,0.043
2019-09-16 09:00,0.042
2019-09-16 10:00,0.046
2019-09-16 11:00,0.052
2019-09-16 12:00,0.073
2019-09-16 13:00,0.101
2019-09-16 14:00,0.137
2019-09-16 15:00,0.182
2019-09-16 16:00,0.226
2019-09-16 17:00,0.277
2019-09-16 18:00,0.383
2019-09-16 19:00,0.429
2019-09-16 20:00,0.429
2019-09-16 21:00,0.426
2019-09-16 22:00,0.431
2019-09-16 23:00,0.432
2019-09-17 00:00,0.442
2019-09-17 01:00,0.470
2019-09-17 02:00,0.469
2019-09-17 03:00,0.458
2019-09-17 04:00,0.464
2019-09-17 05:00,0.455
2019-09-17 06:00,0.410
2019-09-17 07:00,0.228
2019-09-17 08:00,0.319
2019-09-17 09:00,0.331
2019-09-17 10:00,0.287
2019-09-17 11:00,0.247
2019-09-17 12:00,0.215
2019-09-17 13:00,0.189
2019-09-17 14:00,0.163
2019-09-17 15:00,0.151
2019-09-17 16:00,0.134
2019-09-17 17:00,0.123
2019-09-17 18:00,0.101
2019-09-17 19:00,0.069
2019-09-17 20:00,0.050
2019-09-17 21:00,0.047
2019-09-17 22:00,0.052
2019-09-17 23:00,0.059
2019-09-18 00:00,0.073
2019-09-18 01:00,0.093
2019-09-18 02:00,0.113
2019-09-18 03:00,0.135
2019-09-18 04:00,0.153
2019-09-18 05:00,0.158
2019-09-18 06:00,0.146
2019-09-18 07:00,0.085
2019-09-18 08:00,0.064
2019-09-18 09:00,0.063
2019-09-18 10:00,0.067
2019-09-18 11:00,0.082
2019-09-18 12:00,0.100
2019-09-18 13:00,0.119
2019-09-18 14:00,0.138
2019-09-18 15:00,0.155
2019-09-18 16:00,0.158
2019-09-18 17:00,0.160
2019-09-18 18:00,0.169
2019-09-18 19:00,0.152
2019-09-18 20:00,0.135
2019-09-18 21:00,0.123
2019-09-18 22:00,0.113
2019-09-18 23:00,0.113
2019-09-19 00:00,0.113
2019-09-19 01:00,0.102
2019-09-19 02:00,0.084
2019-09-19 03:00,0.074
2019-09-19 04:00,0.074
2019-09-19 05:00,0.070
2019-09-19 06:00,0.055
2019-09-19 07:00,0.025
2019-09-19 08:00,0.011
2019-09-19 09:00,0.008
2019-09-19 10:00,0.007
2019-09-19 11:00,0.008
2019-09-19 12:00,0.011
2019-09-19 13:00,0.015
2019-09-19 14:00,0.017
2019-09-19 15:00,0.015
2019-09-19 16:00,0.013
2019-09-19 17:00,0.014
2019-09-19 18:00,0.015
2019-09-19 19:00,0.015
2019-09-19 20:00,0.014
2019-09-19 21:00,0.019
2019-09-19 22:00,0.025
2019-09-19 23:00,0.031
2019-09-20 00:00,0.044
2019-09-20 01:00,0.067
2019-09-20 02:00,0.096
2019-09-20 03:00,0.129
2019-09-20 04:00,0.165
2019-09-20 05:00,0.198
2019-09-20 06:00,0.208
2019-09-20 07:00,0.120
2019-09-20 08:00,0.064
2019-09-20 09:00,0.117
2019-09-20 10:00,0.149
2019-09-20 11:00,0.184
2019-09-20 12:00,0.238
2019-09-20 13:00,0.304
2019-09-20 14:00,0.368
2019-09-20 15:00,0.406
2019-09-20 16:00,0.413
2019-09-20 17:00,0.476
2019-09-20 18:00,0.619
2019-09-20 19:00,0.631
2019-09-20 20:00,0.604
2019-09-20 21:00,0.577
2019-09-20 22:00,0.550
2019-09-20 23:00,0.540
2019-09-21 00:00,0.551
2019-09-21 01:00,0.577
2019-09-21 02:00,0.599
2019-09-21 03:00,0.609
2019-09-21 04:00,0.606
2019-09-21 05:00,0.596
2019-09-21 06:00,0.551
2019-09-21 07:00,0.435
2019-09-21 08:00,0.467
2019-09-21 09:00,0.567
2019-09-21 10:00,0.619
2019-09-21 11:00,0.645
2019-09-21 12:00,0.646
2019-09-21 13:00,0.628
2019-09-21 14:00,0.597
2019-09-21 15:00,0.539
2019-09-21 16:00,0.523
2019-09-21 17:00,0.594
2019-09-21 18:00,0.662
2019-09-21 19:00,0.616
2019-09-21 20:00,0.549
2019-09-21 21:00,0.504
2019-09-21 22:00,0.466
2019-09-21 23:00,0.428
2019-09-22 00:00,0.403
2019-09-22 01:00,0.374
2019-09-22 02:00,0.355
2019-09-22 03:00,0.339
2019-09-22 04:00,0.327
2019-09-22 05:00,0.320
2019-09-22 06:00,0.319
2019-09-22 07:00,0.272
2019-09-22 08:00,0.238
2019-09-22 09:00,0.190
2019-09-22 10:00,0.203
2019-09-22 11:00,0.191
2019-09-22 12:00,0.230
2019-09-22 13:00,0.240
2019-09-22 14:00,0.182
2019-09-22 15:00,0.160
2019-09-22 16:00,0.169
2019-09-22 17:00,0.224
2019-09-22 18:00,0.298
2019-09-22 19:00,0.340
2019-09-22 20:00,0.348
2019-09-22 21:00,0.345
2019-09-22 22:00,0.340
2019-09-22 23:00,0.332
2019-09-23 00:00,0.321
2019-09-23 01:00,0.330
2019-09-23 02:00,0.360
2019-09-23 03:00,0.385
2019-09-23 04:00,0.402
2019-09-23 05:00,0.410
2019-09-23 06:00,0.381
2019-09-23 07:00,0.260
2019-09-23 08:00,0.281
2019-09-23 09:00,0.291
2019-09-23 10:00,0.319
2019-09-23 11:00,0.353
2019-09-23 12:00,0.387
2019-09-23 13:00,0.452
2019-09-23 14:00,0.525
2019-09-23 15:00,0.560
2019-09-23 16:00,0.592
2019-09-23 17:00,0.681
2019-09-23 18:00,0.723
2019-09-23 19:00,0.712
2019-09-23 20:00,0.722
2019-09-23 21:00,0.699
2019-09-23 22:00,0.602
2019-09-23 23:00,0.486
2019-09-24 00:00,0.466
2019-09-24 01:00,0.410
2019-09-24 02:00,0.413
2019-09-24 03:00,0.399
2019-09-24 04:00,0.393
2019-09-24 05:00,0.398
2019-09-24 06:00,0.387
2019-09-24 07:00,0.333
2019-09-24 08:00,0.283
2019-09-24 09:00,0.330
2019-09-24 10:00,0.350
2019-09-24 11:00,0.302
2019-09-24 12:00,0.203
2019-09-24 13:00,0.155
2019-09-24 14:00,0.158
2019-09-24 15:00,0.221
2019-09-24 16:00,0.355
2019-09-24 17:00,0.432
2019-09-24 18:00,0.437
2019-09-24 19:00,0.449
2019-09-24 20:00,0.463
2019-09-24 21:00,0.416
2019-09-24 22:00,0.387
2019-09-24 23:00,0.360
2019-09-25 00:00,0.351
2019-09-25 01:00,0.335
2019-09-25 02:00,0.275
2019-09-25 03:00,0.224
2019-09-25 04:00,0.186
2019-09-25 05:00,0.155
2019-09-25 06:00,0.122
2019-09-25 07:00,0.059
2019-09-25 08:00,0.027
2019-09-25 09:00,0.015
2019-09-25 10:00,0.008
2019-09-25 11:00,0.007
2019-09-25 12:00,0.010
2019-09-25 13:00,0.017
2019-09-25 14:00,0.027
2019-09-25 15:00,0.035
2019-09-25 16:00,0.041
2019-09-25 17:00,0.049
2019-09-25 18:00,0.058
2019-09-25 19:00,0.095
2019-09-25 20:00,0.181
2019-09-25 21:00,0.284
2019-09-25 22:00,0.368
2019-09-25 23:00,0.387
2019-09-26 00:00,0.391
2019-09-26 01:00,0.459
2019-09-26 02:00,0.483
2019-09-26 03:00,0.496
2019-09-26 04:00,0.520
2019-09-26 05:00,0.587
2019-09-26 06:00,0.623
2019-09-26 07:00,0.612
2019-09-26 08:00,0.683
2019-09-26 09:00,0.715
2019-09-26 10:00,0.717
2019-09-26 11:00,0.716
2019-09-26 12:00,0.738
2019-09-26 13:00,0.760
2019-09-26 14:00,0.759
2019-09-26 15:00,0.657
2019-09-26 16:00,0.573
2019-09-26 17:00,0.604
2019-09-26 18:00,0.600
2019-09-26 19:00,0.539
2019-09-26 20:00,0.556
2019-09-26 21:00,0.631
2019-09-26 22:00,0.626
2019-09-26 23:00,0.630
2019-09-27 00:00,0.616
2019-09-27 01:00,0.581
2019-09-27 02:00,0.555
2019-09-27 03:00,0.539
2019-09-27 04:00,0.483
2019-09-27 05:00,0.483
2019-09-27 06:00,0.501
2019-09-27 07:00,0.502
2019-09-27 08:00,0.572
2019-09-27 09:00,0.648
2019-09-27 10:00,0.696
2019-09-27 11:00,0.735
2019-09-27 12:00,0.746
2019-09-27 13:00,0.743
2019-09-27 14:00,0.734
2019-09-27 15:00,0.766
2019-09-27 16:00,0.788
2019-09-27 17:00,0.782
2019-09-27 18:00,0.750
2019-09-27 19:00,0.686
2019-09-27 20:00,0.689
2019-09-27 21:00,0.710
2019-09-27 22:00,0.673
2019-09-27 23:00,0.621
2019-09-28 00:00,0.552
2019-09-28 01:00,0.554
2019-09-28 02:00,0.628
2019-09-28 03:00,0.693
2019-09-28 04:00,0.767
2019-09-28 05:00,0.832
2019-09-28 06:00,0.858
2019-09-28 07:00,0.853
2019-09-28 08:00,0.852
2019-09-28 09:00,0.874
2019-09-28 10:00,0.879
2019-09-28 11:00,0.855
2019-09-28 12:00,0.811
2019-09-28 13:00,0.756
2019-09-28 14:00,0.713
2019-09-28 15:00,0.627
2019-09-28 16:00,0.413
2019-09-28 17:00,0.311
2019-09-28 18:00,0.329
2019-09-28 19:00,0.335
2019-09-28 20:00,0.338
2019-09-28 21:00,0.323
2019-09-28 22:00,0.272
2019-09-28 23:00,0.304
2019-09-29 00:00,0.436
2019-09-29 01:00,0.520
2019-09-29 02:00,0.513
2019-09-29 03:00,0.428
2019-09-29 04:00,0.440
2019-09-29 05:00,0.365
2019-09-29 06:00,0.241
2019-09-29 07:00,0.170
2019-09-29 08:00,0.123
2019-09-29 09:00,0.161
2019-09-29 10:00,0.240
2019-09-29 11:00,0.291
2019-09-29 12:00,0.360
2019-09-29 13:00,0.476
2019-09-29 14:00,0.551
2019-09-29 15:00,0.546
2019-09-29 16:00,0.511
2019-09-29 17:00,0.560
2019-09-29 18:00,0.582
2019-09-29 19:00,0.567
2019-09-29 20:00,0.540
2019-09-29 21:00,0.517
2019-09-29 22:00,0.467
2019-09-29 23:00,0.410
2019-09-30 00:00,0.355
2019-09-30 01:00,0.338
2019-09-30 02:00,0.350
2019-09-30 03:00,0.390
2019-09-30 04:00,0.404
2019-09-30 05:00,0.387
2019-09-30 06:00,0.330
2019-09-30 07:00,0.221
2019-09-30 08:00,0.113
2019-09-30 09:00,0.098
2019-09-30 10:00,0.093
2019-09-30 11:00,0.090
2019-09-30 12:00,0.085
2019-09-30 13:00,0.073
2019-09-30 14:00,0.066
2019-09-30 15:00,0.064
2019-09-30 16:00,0.098
2019-09-30 17:00,0.216
2019-09-30 18:00,0.387
2019-09-30 19:00,0.483
2019-09-30 20:00,0.550
2019-09-30 21:00,0.533
2019-09-30 22:00,0.470
2019-09-30 23:00,0.297
2019-10-01 00:00,0.181
2019-10-01 01:00,0.146
2019-10-01 02:00,0.128
2019-10-01 03:00,0.106
2019-10-01 04:00,0.083
2019-10-01 05:00,0.106
2019-10-01 06:00,0.180
2019-10-01 07:00,0.271
2019-10-01 08:00,0.367
2019-10-01 09:00,0.527
2019-10-01 10:00,0.679
2019-10-01 11:00,0.781
2019-10-01 12:00,0.827
2019-10-01 13:00,0.822
2019-10-01 14:00,0.793
2019-10-01 15:00,0.729
2019-10-01 16:00,0.620
2019-10-01 17:00,0.549
2019-10-01 18:00,0.523
2019-10-01 19:00,0.488
2019-10-01 20:00,0.463
2019-10-01 21:00,0.464
2019-10-01 22:00,0.454
2019-10-01 23:00,0.436
2019-10-02 00:00,0.409
2019-10-02 01:00,0.372
2019-10-02 02:00,0.310
2019-10-02 03:00,0.248
2019-10-02 04:00,0.223
2019-10-02 05:00,0.229
2019-10-02 06:00,0.238
2019-10-02 07:00,0.215
2019-10-02 08:00,0.222
2019-10-02 09:00,0.330
2019-10-02 10:00,0.390
2019-10-02 11:00,0.383
2019-10-02 12:00,0.345
2019-10-02 13:00,0.309
2019-10-02 14:00,0.278
2019-10-02 15:00,0.262
2019-10-02 16:00,0.246
2019-10-02 17:00,0.319
2019-10-02 18:00,0.406
2019-10-02 19:00,0.413
2019-10-02 20:00,0.361
2019-10-02 21:00,0.276
2019-10-02 22:00,0.202
2019-10-02 23:00,0.170
2019-10-03 00:00,0.152
2019-10-03 01:00,0.134
2019-10-03 02:00,0.118
2019-10-03 03:00,0.099
2019-10-03 04:00,0.082
2019-10-03 05:00,0.058
2019-10-03 06:00,0.040
2019-10-03 07:00,0.034
2019-10-03 08:00,0.036
2019-10-03 09:00,0.071
2019-10-03 10:00,0.161
2019-10-03 11:00,0.270
2019-10-03 12:00,0.353
2019-10-03 13:00,0.435
2019-10-03 14:00,0.509
2019-10-03 15:00,0.525
2019-10-03 16:00,0.569
2019-10-03 17:00,0.678
2019-10-03 18:00,0.676
2019-10-03 19:00,0.637
2019-10-03 20:00,0.625
2019-10-03 21:00,0.697
2019-10-03 22:00,0.602
2019-10-03 23:00,0.390
2019-10-04 00:00,0.299
2019-10-04 01:00,0.417
2019-10-04 02:00,0.523
2019-10-04 03:00,0.516
2019-10-04 04:00,0.487
2019-10-04 05:00,0.409
2019-10-04 06:00,0.335
2019-10-04 07:00,0.245
2019-10-04 08:00,0.145
2019-10-04 09:00,0.120
2019-10-04 10:00,0.072
2019-10-04 11:00,0.043
2019-10-04 12:00,0.045
2019-10-04 13:00,0.090
2019-10-04 14:00,0.173
2019-10-04 15:00,0.257
2019-10-04 16:00,0.305
2019-10-04 17:00,0.384
2019-10-04 18:00,0.410
2019-10-04 19:00,0.377
2019-10-04 20:00,0.349
2019-10-04 21:00,0.327
2019-10-04 22:00,0.269
2019-10-04 23:00,0.225
2019-10-05 00:00,0.200
2019-10-05 01:00,0.191
2019-10-05 02:00,0.196
2019-10-05 03:00,0.194
2019-10-05 04:00,0.164
2019-10-05 05:00,0.155
2019-10-05 06:00,0.164
2019-10-05 07:00,0.152
2019-10-05 08:00,0.126
2019-10-05 09:00,0.117
2019-10-05 10:00,0.136
2019-10-05 11:00,0.250
2019-10-05 12:00,0.322
2019-10-05 13:00,0.349
2019-10-05 14:00,0.365
2019-10-05 15:00,0.355
2019-10-05 16:00,0.358
2019-10-05 17:00,0.466
2019-10-05 18:00,0.553
2019-10-05 19:00,0.525
2019-10-05 20:00,0.505
2019-10-05 21:00,0.570
2019-10-05 22:00,0.644
2019-10-05 23:00,0.682
2019-10-06 00:00,0.716
2019-10-06 01:00,0.711
2019-10-06 02:00,0.681
2019-10-06 03:00,0.582
2019-10-06 04:00,0.412
2019-10-06 05:00,0.254
2019-10-06 06:00,0.201
2019-10-06 07:00,0.225
2019-10-06 08:00,0.302
2019-10-06 09:00,0.387
2019-10-06 10:00,0.463
2019-10-06 11:00,0.502
2019-10-06 12:00,0.466
2019-10-06 13:00,0.356
2019-10-06 14:00,0.243
2019-10-06 15:00,0.170
2019-10-06 16:00,0.118
2019-10-06 17:00,0.105
2019-10-06 18:00,0.172
2019-10-06 19:00,0.275
2019-10-06 20:00,0.262
2019-10-06 21:00,0.272
2019-10-06 22:00,0.314
2019-10-06 23:00,0.371
2019-10-07 00:00,0.382
2019-10-07 01:00,0.360
2019-10-07 02:00,0.351
2019-10-07 03:00,0.377
2019-10-07 04:00,0.413
2019-10-07 05:00,0.446
2019-10-07 06:00,0.450
2019-10-07 07:00,0.423
2019-10-07 08:00,0.479
2019-10-07 09:00,0.590
2019-10-07 10:00,0.729
2019-10-07 11:00,0.775
2019-10-07 12:00,0.780
2019-10-07 13:00,0.742
2019-10-07 14:00,0.702
2019-10-07 15:00,0.636
2019-10-07 16:00,0.539
2019-10-07 17:00,0.511
2019-10-07 18:00,0.513
2019-10-07 19:00,0.546
2019-10-07 20:00,0.606
2019-10-07 21:00,0.571
2019-10-07 22:00,0.561
2019-10-07 23:00,0.562
2019-10-08 00:00,0.572
2019-10-08 01:00,0.568
2019-10-08 02:00,0.587
2019-10-08 03:00,0.586
2019-10-08 04:00,0.571
2019-10-08 05:00,0.574
2019-10-08 06:00,0.613
2019-10-08 07:00,0.606
2019-10-08 08:00,0.624
2019-10-08 09:00,0.711
2019-10-08 10:00,0.837
2019-10-08 11:00,0.870
2019-10-08 12:00,0.878
2019-10-08 13:00,0.879
2019-10-08 14:00,0.869
2019-10-08 15:00,0.843
2019-10-08 16:00,0.820
2019-10-08 17:00,0.826
2019-10-08 18:00,0.827
2019-10-08 19:00,0.812
2019-10-08 20:00,0.765
2019-10-08 21:00,0.737
2019-10-08 22:00,0.729
2019-10-08 23:00,0.713
2019-10-09 00:00,0.681
2019-10-09 01:00,0.636
2019-10-09 02:00,0.616
2019-10-09 03:00,0.570
2019-10-09 04:00,0.549
2019-10-09 05:00,0.543
2019-10-09 06:00,0.529
2019-10-09 07:00,0.489
2019-10-09 08:00,0.500
2019-10-09 09:00,0.486
2019-10-09 10:00,0.661
2019-10-09 11:00,0.745
2019-10-09 12:00,0.785
2019-10-09 13:00,0.807
2019-10-09 14:00,0.806
2019-10-09 15:00,0.752
2019-10-09 16:00,0.671
2019-10-09 17:00,0.647
2019-10-09 18:00,0.618
2019-10-09 19:00,0.571
2019-10-09 20:00,0.561
2019-10-09 21:00,0.559
2019-10-09 22:00,0.601
2019-10-09 23:00,0.645
2019-10-10 00:00,0.702
2019-10-10 01:00,0.760
2019-10-10 02:00,0.781
2019-10-10 03:00,0.800
2019-10-10 04:00,0.799
2019-10-10 05:00,0.790
2019-10-10 06:00,0.779
2019-10-10 07:00,0.758
2019-10-10 08:00,0.735
2019-10-10 09:00,0.718
2019-10-10 10:00,0.741
2019-10-10 11:00,0.758
2019-10-10 12:00,0.786
2019-10-10 13:00,0.804
2019-10-10 14:00,0.826
2019-10-10 15:00,0.847
2019-10-10 16:00,0.876
2019-10-10 17:00,0.904
2019-10-10 18:00,0.897
2019-10-10 19:00,0.887
2019-10-10 20:00,0.900
2019-10-10 21:00,0.921
2019-10-10 22:00,0.925
2019-10-10 23:00,0.908
2019-10-11 00:00,0.879
2019-10-11 01:00,0.858
2019-10-11 02:00,0.838
2019-10-11 03:00,0.808
2019-10-11 04:00,0.757
2019-10-11 05:00,0.714
2019-10-11 06:00,0.683
2019-10-11 07:00,0.679
2019-10-11 08:00,0.597
2019-10-11 09:00,0.558
2019-10-11 10:00,0.511
2019-10-11 11:00,0.481
2019-10-11 12:00,0.506
2019-10-11 13:00,0.613
2019-10-11 14:00,0.643
2019-10-11 15:00,0.599
2019-10-11 16:00,0.594
2019-10-11 17:00,0.614
2019-10-11 18:00,0.632
2019-10-11 19:00,0.616
2019-10-11 20:00,0.594
2019-10-11 21:00,0.570
2019-10-11 22:00,0.536
2019-10-11 23:00,0.520
2019-10-12 00:00,0.502
2019-10-12 01:00,0.487
2019-10-12 02:00,0.475
2019-10-12 03:00,0.442
2019-10-12 04:00,0.407
2019-10-12 05:00,0.384
2019-10-12 06:00,0.365
2019-10-12 07:00,0.321
2019-10-12 08:00,0.251
2019-10-12 09:00,0.299
2019-10-12 10:00,0.345
2019-10-12 11:00,0.361
2019-10-12 12:00,0.367
2019-10-12 13:00,0.359
2019-10-12 14:00,0.260
2019-10-12 15:00,0.195
2019-10-12 16:00,0.235
2019-10-12 17:00,0.299
2019-10-12 18:00,0.342
2019-10-12 19:00,0.345
2019-10-12 20:00,0.335
2019-10-12 21:00,0.321
2019-10-12 22:00,0.297
2019-10-12 23:00,0.273
2019-10-13 00:00,0.241
2019-10-13 01:00,0.207
2019-10-13 02:00,0.170
2019-10-13 03:00,0.162
2019-10-13 04:00,0.169
2019-10-13 05:00,0.172
2019-10-13 06:00,0.191
2019-10-13 07:00,0.243
2019-10-13 08:00,0.313
2019-10-13 09:00,0.391
2019-10-13 10:00,0.370
2019-10-13 11:00,0.281
2019-10-13 12:00,0.202
2019-10-13 13:00,0.207
2019-10-13 14:00,0.342
2019-10-13 15:00,0.596
2019-10-13 16:00,0.611
2019-10-13 17:00,0.609
2019-10-13 18:00,0.626
2019-10-13 19:00,0.628
2019-10-13 20:00,0.608
2019-10-13 21:00,0.575
2019-10-13 22:00,0.502
2019-10-13 23:00,0.424
2019-10-14 00:00,0.319
2019-10-14 01:00,0.227
2019-10-14 02:00,0.194
2019-10-14 03:00,0.161
2019-10-14 04:00,0.128
2019-10-14 05:00,0.112
2019-10-14 06:00,0.100
2019-10-14 07:00,0.086
2019-10-14 08:00,0.069
2019-10-14 09:00,0.064
2019-10-14 10:00,0.076
2019-10-14 11:00,0.128
2019-10-14 12:00,0.254
2019-10-14 13:00,0.337
2019-10-14 14:00,0.365
2019-10-14 15:00,0.365
2019-10-14 16:00,0.359
2019-10-14 17:00,0.400
2019-10-14 18:00,0.442
2019-10-14 19:00,0.473
2019-10-14 20:00,0.525
2019-10-14 21:00,0.562
2019-10-14 22:00,0.569
2019-10-14 23:00,0.604
2019-10-15 00:00,0.577
2019-10-15 01:00,0.481
2019-10-15 02:00,0.417
2019-10-15 03:00,0.333
2019-10-15 04:00,0.260
2019-10-15 05:00,0.268
2019-10-15 06:00,0.267
2019-10-15 07:00,0.213
2019-10-15 08:00,0.146
2019-10-15 09:00,0.104
2019-10-15 10:00,0.075
2019-10-15 11:00,0.066
2019-10-15 12:00,0.087
2019-10-15 13:00,0.113
2019-10-15 14:00,0.135
2019-10-15 15:00,0.141
2019-10-15 16:00,0.151
2019-10-15 17:00,0.211
2019-10-15 18:00,0.281
2019-10-15 19:00,0.321
2019-10-15 20:00,0.365
2019-10-15 21:00,0.395
2019-10-15 22:00,0.390
2019-10-15 23:00,0.374
2019-10-16 00:00,0.359
2019-10-16 01:00,0.374
2019-10-16 02:00,0.413
2019-10-16 03:00,0.455
2019-10-16 04:00,0.483
2019-10-16 05:00,0.497
2019-10-16 06:00,0.479
2019-10-16 07:00,0.418
2019-10-16 08:00,0.301
2019-10-16 09:00,0.235
2019-10-16 10:00,0.429
2019-10-16 11:00,0.652
2019-10-16 12:00,0.689
2019-10-16 13:00,0.667
2019-10-16 14:00,0.611
2019-10-16 15:00,0.497
2019-10-16 16:00,0.380
2019-10-16 17:00,0.339
2019-10-16 18:00,0.333
2019-10-16 19:00,0.352
2019-10-16 20:00,0.370
2019-10-16 21:00,0.391
2019-10-16 22:00,0.400
2019-10-16 23:00,0.394
2019-10-17 00:00,0.382
2019-10-17 01:00,0.377
2019-10-17 02:00,0.361
2019-10-17 03:00,0.328
2019-10-17 04:00,0.281
2019-10-17 05:00,0.238
2019-10-17 06:00,0.224
2019-10-17 07:00,0.227
2019-10-17 08:00,0.204
2019-10-17 09:00,0.224
2019-10-17 10:00,0.333
2019-10-17 11:00,0.446
2019-10-17 12:00,0.484
2019-10-17 13:00,0.498
2019-10-17 14:00,0.483
2019-10-17 15:00,0.458
2019-10-17 16:00,0.484
2019-10-17 17:00,0.503
2019-10-17 18:00,0.516
2019-10-17 19:00,0.513
2019-10-17 20:00,0.513
2019-10-17 21:00,0.480
2019-10-17 22:00,0.429
2019-10-17 23:00,0.377
2019-10-18 00:00,0.333
2019-10-18 01:00,0.262
2019-10-18 02:00,0.253
2019-10-18 03:00,0.259
2019-10-18 04:00,0.208
2019-10-18 05:00,0.156
2019-10-18 06:00,0.169
2019-10-18 07:00,0.220
2019-10-18 08:00,0.222
2019-10-18 09:00,0.232
2019-10-18 10:00,0.286
2019-10-18 11:00,0.370
2019-10-18 12:00,0.412
2019-10-18 13:00,0.418
2019-10-18 14:00,0.364
2019-10-18 15:00,0.367
2019-10-18 16:00,0.427
2019-10-18 17:00,0.453
2019-10-18 18:00,0.442
2019-10-18 19:00,0.400
2019-10-18 20:00,0.420
2019-10-18 21:00,0.410
2019-10-18 22:00,0.393
2019-10-18 23:00,0.365
2019-10-19 00:00,0.327
2019-10-19 01:00,0.288
2019-10-19 02:00,0.229
2019-10-19 03:00,0.194
2019-10-19 04:00,0.160
2019-10-19 05:00,0.134
2019-10-19 06:00,0.131
2019-10-19 07:00,0.126
2019-10-19 08:00,0.108
2019-10-19 09:00,0.096
2019-10-19 10:00,0.106
2019-10-19 11:00,0.127
2019-10-19 12:00,0.152
2019-10-19 13:00,0.190
2019-10-19 14:00,0.226
2019-10-19 15:00,0.225
2019-10-19 16:00,0.241
2019-10-19 17:00,0.292
2019-10-19 18:00,0.301
2019-10-19 19:00,0.321
2019-10-19 20:00,0.374
2019-10-19 21:00,0.415
2019-10-19 22:00,0.399
2019-10-19 23:00,0.419
2019-10-20 00:00,0.432
2019-10-20 01:00,0.436
2019-10-20 02:00,0.434
2019-10-20 03:00,0.473
2019-10-20 04:00,0.497
2019-10-20 05:00,0.461
2019-10-20 06:00,0.439
2019-10-20 07:00,0.466
2019-10-20 08:00,0.460
2019-10-20 09:00,0.476
2019-10-20 10:00,0.582
2019-10-20 11:00,0.585
2019-10-20 12:00,0.564
2019-10-20 13:00,0.577
2019-10-20 14:00,0.585
2019-10-20 15:00,0.596
2019-10-20 16:00,0.640
2019-10-20 17:00,0.672
2019-10-20 18:00,0.676
2019-10-20 19:00,0.675
2019-10-20 20:00,0.672
2019-10-20 21:00,0.660
2019-10-20 22:00,0.647
2019-10-20 23:00,0.626
2019-10-21 00:00,0.549
2019-10-21 01:00,0.584
2019-10-21 02:00,0.504
2019-10-21 03:00,0.499
2019-10-21 04:00,0.503
2019-10-21 05:00,0.546
2019-10-21 06:00,0.507
2019-10-21 07:00,0.465
2019-10-21 08:00,0.382
2019-10-21 09:00,0.416
2019-10-21 10:00,0.439
2019-10-21 11:00,0.324
2019-10-21 12:00,0.211
2019-10-21 13:00,0.153
2019-10-21 14:00,0.167
2019-10-21 15:00,0.173
2019-10-21 16:00,0.157
2019-10-21 17:00,0.137
2019-10-21 18:00,0.101
2019-10-21 19:00,0.079
2019-10-21 20:00,0.083
2019-10-21 21:00,0.104
2019-10-21 22:00,0.134
2019-10-21 23:00,0.174
2019-10-22 00:00,0.232
2019-10-22 01:00,0.309
2019-10-22 02:00,0.392
2019-10-22 03:00,0.416
2019-10-22 04:00,0.427
2019-10-22 05:00,0.434
2019-10-22 06:00,0.426
2019-10-22 07:00,0.399
2019-10-22 08:00,0.309
2019-10-22 09:00,0.258
2019-10-22 10:00,0.296
2019-10-22 11:00,0.358
2019-10-22 12:00,0.403
2019-10-22 13:00,0.424
2019-10-22 14:00,0.416
2019-10-22 15:00,0.362
2019-10-22 16:00,0.370
2019-10-22 17:00,0.406
2019-10-22 18:00,0.409
2019-10-22 19:00,0.419
2019-10-22 20:00,0.468
2019-10-22 21:00,0.479
2019-10-22 22:00,0.455
2019-10-22 23:00,0.430
2019-10-23 00:00,0.394
2019-10-23 01:00,0.373
2019-10-23 02:00,0.345
2019-10-23 03:00,0.302
2019-10-23 04:00,0.255
2019-10-23 05:00,0.240
2019-10-23 06:00,0.229
2019-10-23 07:00,0.224
2019-10-23 08:00,0.187
2019-10-23 09:00,0.173
2019-10-23 10:00,0.229
2019-10-23 11:00,0.357
2019-10-23 12:00,0.421
2019-10-23 13:00,0.466
2019-10-23 14:00,0.462
2019-10-23 15:00,0.362
2019-10-23 16:00,0.314
2019-10-23 17:00,0.362
2019-10-23 18:00,0.405
2019-10-23 19:00,0.452
2019-10-23 20:00,0.443
2019-10-23 21:00,0.394
2019-10-23 22:00,0.330
2019-10-23 23:00,0.317
2019-10-24 00:00,0.330
2019-10-24 01:00,0.297
2019-10-24 02:00,0.254
2019-10-24 03:00,0.240
2019-10-24 04:00,0.285
2019-10-24 05:00,0.263
2019-10-24 06:00,0.235
2019-10-24 07:00,0.231
2019-10-24 08:00,0.215
2019-10-24 09:00,0.177
2019-10-24 10:00,0.138
2019-10-24 11:00,0.141
2019-10-24 12:00,0.173
2019-10-24 13:00,0.205
2019-10-24 14:00,0.223
2019-10-24 15:00,0.257
2019-10-24 16:00,0.387
2019-10-24 17:00,0.505
2019-10-24 18:00,0.550
2019-10-24 19:00,0.557
2019-10-24 20:00,0.566
2019-10-24 21:00,0.539
2019-10-24 22:00,0.480
2019-10-24 23:00,0.421
2019-10-25 00:00,0.347
2019-10-25 01:00,0.305
2019-10-25 02:00,0.271
2019-10-25 03:00,0.219
2019-10-25 04:00,0.155
2019-10-25 05:00,0.137
2019-10-25 06:00,0.136
2019-10-25 07:00,0.146
2019-10-25 08:00,0.149
2019-10-25 09:00,0.126
2019-10-25 10:00,0.140
2019-10-25 11:00,0.204
2019-10-25 12:00,0.302
2019-10-25 13:00,0.374
2019-10-25 14:00,0.387
2019-10-25 15:00,0.442
2019-10-25 16:00,0.569
2019-10-25 17:00,0.620
2019-10-25 18:00,0.637
2019-10-25 19:00,0.581
2019-10-25 20:00,0.483
2019-10-25 21:00,0.382
2019-10-25 22:00,0.322
2019-10-25 23:00,0.248
2019-10-26 00:00,0.195
2019-10-26 01:00,0.134
2019-10-26 02:00,0.107
2019-10-26 03:00,0.097
2019-10-26 04:00,0.098
2019-10-26 05:00,0.087
2019-10-26 06:00,0.081
2019-10-26 07:00,0.094
2019-10-26 08:00,0.119
2019-10-26 09:00,0.121
2019-10-26 10:00,0.124
2019-10-26 11:00,0.121
2019-10-26 12:00,0.127
2019-10-26 13:00,0.134
2019-10-26 14:00,0.175
2019-10-26 15:00,0.227
2019-10-26 16:00,0.339
2019-10-26 17:00,0.494
2019-10-26 18:00,0.587
2019-10-26 19:00,0.630
2019-10-26 20:00,0.644
2019-10-26 21:00,0.655
2019-10-26 22:00,0.677
2019-10-26 23:00,0.701
2019-10-27 00:00,0.711
2019-10-27 01:00,0.715
2019-10-27 02:00,0.711
2019-10-27 03:00,0.710
2019-10-27 04:00,0.704
2019-10-27 05:00,0.709
2019-10-27 06:00,0.692
2019-10-27 07:00,0.681
2019-10-27 08:00,0.623
2019-10-27 09:00,0.509
2019-10-27 10:00,0.677
2019-10-27 11:00,0.708
2019-10-27 12:00,0.700
2019-10-27 13:00,0.683
2019-10-27 14:00,0.644
2019-10-27 15:00,0.549
2019-10-27 16:00,0.506
2019-10-27 17:00,0.510
2019-10-27 18:00,0.510
2019-10-27 19:00,0.499
2019-10-27 20:00,0.473
2019-10-27 21:00,0.444
2019-10-27 22:00,0.406
2019-10-27 23:00,0.358
2019-10-28 00:00,0.314
2019-10-28 01:00,0.271
2019-10-28 02:00,0.224
2019-10-28 03:00,0.169
2019-10-28 04:00,0.125
2019-10-28 05:00,0.106
2019-10-28 06:00,0.107
2019-10-28 07:00,0.107
2019-10-28 08:00,0.118
2019-10-28 09:00,0.117
2019-10-28 10:00,0.113
2019-10-28 11:00,0.126
2019-10-28 12:00,0.142
2019-10-28 13:00,0.148
2019-10-28 14:00,0.160
2019-10-28 15:00,0.187
2019-10-28 16:00,0.265
2019-10-28 17:00,0.369
2019-10-28 18:00,0.413
2019-10-28 19:00,0.410
2019-10-28 20:00,0.396
2019-10-28 21:00,0.390
2019-10-28 22:00,0.387
2019-10-28 23:00,0.353
2019-10-29 00:00,0.330
2019-10-29 01:00,0.321
2019-10-29 02:00,0.311
2019-10-29 03:00,0.302
2019-10-29 04:00,0.317
2019-10-29 05:00,0.328
2019-10-29 06:00,0.348
2019-10-29 07:00,0.390
2019-10-29 08:00,0.379
2019-10-29 09:00,0.284
2019-10-29 10:00,0.412
2019-10-29 11:00,0.452
2019-10-29 12:00,0.436
2019-10-29 13:00,0.433
2019-10-29 14:00,0.439
2019-10-29 15:00,0.420
2019-10-29 16:00,0.474
2019-10-29 17:00,0.525
2019-10-29 18:00,0.521
2019-10-29 19:00,0.511
2019-10-29 20:00,0.510
2019-10-29 21:00,0.510
2019-10-29 22:00,0.493
2019-10-29 23:00,0.496
2019-10-30 00:00,0.488
2019-10-30 01:00,0.488
2019-10-30 02:00,0.484
2019-10-30 03:00,0.473
2019-10-30 04:00,0.464
2019-10-30 05:00,0.456
2019-10-30 06:00,0.479
2019-10-30 07:00,0.481
2019-10-30 08:00,0.403
2019-10-30 09:00,0.365
2019-10-30 10:00,0.485
2019-10-30 11:00,0.536
2019-10-30 12:00,0.526
2019-10-30 13:00,0.520
2019-10-30 14:00,0.514
2019-10-30 15:00,0.512
2019-10-30 16:00,0.542
2019-10-30 17:00,0.608
2019-10-30 18:00,0.607
2019-10-30 19:00,0.604
2019-10-30 20:00,0.600
2019-10-30 21:00,0.606
2019-10-30 22:00,0.616
2019-10-30 23:00,0.606
2019-10-31 00:00,0.564
2019-10-31 01:00,0.513
2019-10-31 02:00,0.483
2019-10-31 03:00,0.462
2019-10-31 04:00,0.460
2019-10-31 05:00,0.427
2019-10-31 06:00,0.425
2019-10-31 07:00,0.408
2019-10-31 08:00,0.397
2019-10-31 09:00,0.324
2019-10-31 10:00,0.483
2019-10-31 11:00,0.505
2019-10-31 12:00,0.468
2019-10-31 13:00,0.450
2019-10-31 14:00,0.403
2019-10-31 15:00,0.348
2019-10-31 16:00,0.403
2019-10-31 17:00,0.450
2019-10-31 18:00,0.496
2019-10-31 19:00,0.458
2019-10-31 20:00,0.391
2019-10-31 21:00,0.365
2019-10-31 22:00,0.357
2019-10-31 23:00,0.342
2019-11-01 00:00,0.330
2019-11-01 01:00,0.361
2019-11-01 02:00,0.377
2019-11-01 03:00,0.428
2019-11-01 04:00,0.423
2019-11-01 05:00,0.446
2019-11-01 06:00,0.503
2019-11-01 07:00,0.613
2019-11-01 08:00,0.654
2019-11-01 09:00,0.658
2019-11-01 10:00,0.581
2019-11-01 11:00,0.463
2019-11-01 12:00,0.351
2019-11-01 13:00,0.335
2019-11-01 14:00,0.376
2019-11-01 15:00,0.420
2019-11-01 16:00,0.499
2019-11-01 17:00,0.510
2019-11-01 18:00,0.508
2019-11-01 19:00,0.512
2019-11-01 20:00,0.551
2019-11-01 21:00,0.570
2019-11-01 22:00,0.618
2019-11-01 23:00,0.618
2019-11-02 00:00,0.686
2019-11-02 01:00,0.731
2019-11-02 02:00,0.721
2019-11-02 03:00,0.622
2019-11-02 04:00,0.564
2019-11-02 05:00,0.508
2019-11-02 06:00,0.468
2019-11-02 07:00,0.483
2019-11-02 08:00,0.450
2019-11-02 09:00,0.499
2019-11-02 10:00,0.466
2019-11-02 11:00,0.295
2019-11-02 12:00,0.124
2019-11-02 13:00,0.065
2019-11-02 14:00,0.094
2019-11-02 15:00,0.160
2019-11-02 16:00,0.251
2019-11-02 17:00,0.293
2019-11-02 18:00,0.263
2019-11-02 19:00,0.223
2019-11-02 20:00,0.181
2019-11-02 21:00,0.149
2019-11-02 22:00,0.132
2019-11-02 23:00,0.126
2019-11-03 00:00,0.130
2019-11-03 01:00,0.134
2019-11-03 02:00,0.150
2019-11-03 03:00,0.161
2019-11-03 04:00,0.168
2019-11-03 05:00,0.169
2019-11-03 06:00,0.163
2019-11-03 07:00,0.159
2019-11-03 08:00,0.149
2019-11-03 09:00,0.146
2019-11-03 10:00,0.154
2019-11-03 11:00,0.182
2019-11-03 12:00,0.213
2019-11-03 13:00,0.227
2019-11-03 14:00,0.198
2019-11-03 15:00,0.188
2019-11-03 16:00,0.251
2019-11-03 17:00,0.321
2019-11-03 18:00,0.352
2019-11-03 19:00,0.333
2019-11-03 20:00,0.278
2019-11-03 21:00,0.216
2019-11-03 22:00,0.165
2019-11-03 23:00,0.121
2019-11-04 00:00,0.086
2019-11-04 01:00,0.069
2019-11-04 02:00,0.069
2019-11-04 03:00,0.077
2019-11-04 04:00,0.084
2019-11-04 05:00,0.093
2019-11-04 06:00,0.102
2019-11-04 07:00,0.115
2019-11-04 08:00,0.120
2019-11-04 09:00,0.107
2019-11-04 10:00,0.102
2019-11-04 11:00,0.119
2019-11-04 12:00,0.140
2019-11-04 13:00,0.154
2019-11-04 14:00,0.161
2019-11-04 15:00,0.174
2019-11-04 16:00,0.205
2019-11-04 17:00,0.220
2019-11-04 18:00,0.214
2019-11-04 19:00,0.223
2019-11-04 20:00,0.241
2019-11-04 21:00,0.304
2019-11-04 22:00,0.360
2019-11-04 23:00,0.391
2019-11-05 00:00,0.437
2019-11-05 01:00,0.445
2019-11-05 02:00,0.438
2019-11-05 03:00,0.478
2019-11-05 04:00,0.516
2019-11-05 05:00,0.613
2019-11-05 06:00,0.684
2019-11-05 07:00,0.753
2019-11-05 08:00,0.768
2019-11-05 09:00,0.758
2019-11-05 10:00,0.772
2019-11-05 11:00,0.786
2019-11-05 12:00,0.757
2019-11-05 13:00,0.696
2019-11-05 14:00,0.628
2019-11-05 15:00,0.556
2019-11-05 16:00,0.508
2019-11-05 17:00,0.450
2019-11-05 18:00,0.398
2019-11-05 19:00,0.356
2019-11-05 20:00,0.312
2019-11-05 21:00,0.280
2019-11-05 22:00,0.230
2019-11-05 23:00,0.185
2019-11-06 00:00,0.162
2019-11-06 01:00,0.135
2019-11-06 02:00,0.102
2019-11-06 03:00,0.078
2019-11-06 04:00,0.065
2019-11-06 05:00,0.050
2019-11-06 06:00,0.026
2019-11-06 07:00,0.018
2019-11-06 08:00,0.019
2019-11-06 09:00,0.023
2019-11-06 10:00,0.033
2019-11-06 11:00,0.062
2019-11-06 12:00,0.103
2019-11-06 13:00,0.145
2019-11-06 14:00,0.177
2019-11-06 15:00,0.204
2019-11-06 16:00,0.224
2019-11-06 17:00,0.232
2019-11-06 18:00,0.238
2019-11-06 19:00,0.226
2019-11-06 20:00,0.213
2019-11-06 21:00,0.217
2019-11-06 22:00,0.227
2019-11-06 23:00,0.268
2019-11-07 00:00,0.309
2019-11-07 01:00,0.316
2019-11-07 02:00,0.365
2019-11-07 03:00,0.426
2019-11-07 04:00,0.499
2019-11-07 05:00,0.559
2019-11-07 06:00,0.618
2019-11-07 07:00,0.627
2019-11-07 08:00,0.614
2019-11-07 09:00,0.586
2019-11-07 10:00,0.558
2019-11-07 11:00,0.545
2019-11-07 12:00,0.492
2019-11-07 13:00,0.444
2019-11-07 14:00,0.420
2019-11-07 15:00,0.420
2019-11-07 16:00,0.463
2019-11-07 17:00,0.523
2019-11-07 18:00,0.601
2019-11-07 19:00,0.696
2019-11-07 20:00,0.804
2019-11-07 21:00,0.858
2019-11-07 22:00,0.883
2019-11-07 23:00,0.879
2019-11-08 00:00,0.866
2019-11-08 01:00,0.836
2019-11-08 02:00,0.827
2019-11-08 03:00,0.815
2019-11-08 04:00,0.799
2019-11-08 05:00,0.785
2019-11-08 06:00,0.733
2019-11-08 07:00,0.705
2019-11-08 08:00,0.632
2019-11-08 09:00,0.539
2019-11-08 10:00,0.546
2019-11-08 11:00,0.570
2019-11-08 12:00,0.539
2019-11-08 13:00,0.476
2019-11-08 14:00,0.355
2019-11-08 15:00,0.326
2019-11-08 16:00,0.397
2019-11-08 17:00,0.389
2019-11-08 18:00,0.360
2019-11-08 19:00,0.341
2019-11-08 20:00,0.287
2019-11-08 21:00,0.229
2019-11-08 22:00,0.189
2019-11-08 23:00,0.157
2019-11-09 00:00,0.118
2019-11-09 01:00,0.080
2019-11-09 02:00,0.050
2019-11-09 03:00,0.023
2019-11-09 04:00,0.015
2019-11-09 05:00,0.018
2019-11-09 06:00,0.035
2019-11-09 07:00,0.067
2019-11-09 08:00,0.103
2019-11-09 09:00,0.113
2019-11-09 10:00,0.106
2019-11-09 11:00,0.172
2019-11-09 12:00,0.279
2019-11-09 13:00,0.369
2019-11-09 14:00,0.399
2019-11-09 15:00,0.429
2019-11-09 16:00,0.450
2019-11-09 17:00,0.455
2019-11-09 18:00,0.463
2019-11-09 19:00,0.488
2019-11-09 20:00,0.516
2019-11-09 21:00,0.539
2019-11-09 22:00,0.559
2019-11-09 23:00,0.580
2019-11-10 00:00,0.593
2019-11-10 01:00,0.591
2019-11-10 02:00,0.604
2019-11-10 03:00,0.597
2019-11-10 04:00,0.581
2019-11-10 05:00,0.568
2019-11-10 06:00,0.540
2019-11-10 07:00,0.516
2019-11-10 08:00,0.449
2019-11-10 09:00,0.297
2019-11-10 10:00,0.160
2019-11-10 11:00,0.166
2019-11-10 12:00,0.108
2019-11-10 13:00,0.038
2019-11-10 14:00,0.027
2019-11-10 15:00,0.033
2019-11-10 16:00,0.117
2019-11-10 17:00,0.253
2019-11-10 18:00,0.345
2019-11-10 19:00,0.424
2019-11-10 20:00,0.406
2019-11-10 21:00,0.436
2019-11-10 22:00,0.466
2019-11-10 23:00,0.539
2019-11-11 00:00,0.647
2019-11-11 01:00,0.709
2019-11-11 02:00,0.752
2019-11-11 03:00,0.759
2019-11-11 04:00,0.742
2019-11-11 05:00,0.690
2019-11-11 06:00,0.656
2019-11-11 07:00,0.672
2019-11-11 08:00,0.663
2019-11-11 09:00,0.700
2019-11-11 10:00,0.729
2019-11-11 11:00,0.814
2019-11-11 12:00,0.887
2019-11-11 13:00,0.904
2019-11-11 14:00,0.906
2019-11-11 15:00,0.907
2019-11-11 16:00,0.901
2019-11-11 17:00,0.889
2019-11-11 18:00,0.884
2019-11-11 19:00,0.881
2019-11-11 20:00,0.880
2019-11-11 21:00,0.876
2019-11-11 22:00,0.878
2019-11-11 23:00,0.873
2019-11-12 00:00,0.872
2019-11-12 01:00,0.875
2019-11-12 02:00,0.882
2019-11-12 03:00,0.897
2019-11-12 04:00,0.920
2019-11-12 05:00,0.929
2019-11-12 06:00,0.922
2019-11-12 07:00,0.884
2019-11-12 08:00,0.814
2019-11-12 09:00,0.702
2019-11-12 10:00,0.666
2019-11-12 11:00,0.647
2019-11-12 12:00,0.640
2019-11-12 13:00,0.624
2019-11-12 14:00,0.648
2019-11-12 15:00,0.734
2019-11-12 16:00,0.799
2019-11-12 17:00,0.801
2019-11-12 18:00,0.765
2019-11-12 19:00,0.707
2019-11-12 20:00,0.658
2019-11-12 21:00,0.572
2019-11-12 22:00,0.494
2019-11-12 23:00,0.423
2019-11-13 00:00,0.377
2019-11-13 01:00,0.348
2019-11-13 02:00,0.318
2019-11-13 03:00,0.299
2019-11-13 04:00,0.281
2019-11-13 05:00,0.236
2019-11-13 06:00,0.177
2019-11-13 07:00,0.131
2019-11-13 08:00,0.102
2019-11-13 09:00,0.079
2019-11-13 10:00,0.059
2019-11-13 11:00,0.053
2019-11-13 12:00,0.054
2019-11-13 13:00,0.065
2019-11-13 14:00,0.093
2019-11-13 15:00,0.145
2019-11-13 16:00,0.235
2019-11-13 17:00,0.323
2019-11-13 18:00,0.387
2019-11-13 19:00,0.426
2019-11-13 20:00,0.451
2019-11-13 21:00,0.463
2019-11-13 22:00,0.479
2019-11-13 23:00,0.536
2019-11-14 00:00,0.569
2019-11-14 01:00,0.594
2019-11-14 02:00,0.608
2019-11-14 03:00,0.629
2019-11-14 04:00,0.672
2019-11-14 05:00,0.710
2019-11-14 06:00,0.753
2019-11-14 07:00,0.782
2019-11-14 08:00,0.806
2019-11-14 09:00,0.846
2019-11-14 10:00,0.850
2019-11-14 11:00,0.872
2019-11-14 12:00,0.872
2019-11-14 13:00,0.879
2019-11-14 14:00,0.879
2019-11-14 15:00,0.871
2019-11-14 16:00,0.857
2019-11-14 17:00,0.831
2019-11-14 18:00,0.797
2019-11-14 19:00,0.739
2019-11-14 20:00,0.645
2019-11-14 21:00,0.581
2019-11-14 22:00,0.544
2019-11-14 23:00,0.489
2019-11-15 00:00,0.483
2019-11-15 01:00,0.480
2019-11-15 02:00,0.486
2019-11-15 03:00,0.486
2019-11-15 04:00,0.488
2019-11-15 05:00,0.491
2019-11-15 06:00,0.516
2019-11-15 07:00,0.521
2019-11-15 08:00,0.507
2019-11-15 09:00,0.513
2019-11-15 10:00,0.559
2019-11-15 11:00,0.577
2019-11-15 12:00,0.625
2019-11-15 13:00,0.659
2019-11-15 14:00,0.706
2019-11-15 15:00,0.756
2019-11-15 16:00,0.780
2019-11-15 17:00,0.781
2019-11-15 18:00,0.776
2019-11-15 19:00,0.782
2019-11-15 20:00,0.768
2019-11-15 21:00,0.748
2019-11-15 22:00,0.721
2019-11-15 23:00,0.681
2019-11-16 00:00,0.620
2019-11-16 01:00,0.534
2019-11-16 02:00,0.467
2019-11-16 03:00,0.430
2019-11-16 04:00,0.390
2019-11-16 05:00,0.328
2019-11-16 06:00,0.258
2019-11-16 07:00,0.195
2019-11-16 08:00,0.148
2019-11-16 09:00,0.111
2019-11-16 10:00,0.073
2019-11-16 11:00,0.055
2019-11-16 12:00,0.057
2019-11-16 13:00,0.069
2019-11-16 14:00,0.087
2019-11-16 15:00,0.126
2019-11-16 16:00,0.167
2019-11-16 17:00,0.181
2019-11-16 18:00,0.180
2019-11-16 19:00,0.169
2019-11-16 20:00,0.153
2019-11-16 21:00,0.135
2019-11-16 22:00,0.120
2019-11-16 23:00,0.109
2019-11-17 00:00,0.103
2019-11-17 01:00,0.103
2019-11-17 02:00,0.107
2019-11-17 03:00,0.124
2019-11-17 04:00,0.148
2019-11-17 05:00,0.164
2019-11-17 06:00,0.179
2019-11-17 07:00,0.199
2019-11-17 08:00,0.216
2019-11-17 09:00,0.198
2019-11-17 10:00,0.181
2019-11-17 11:00,0.199
2019-11-17 12:00,0.272
2019-11-17 13:00,0.290
2019-11-17 14:00,0.297
2019-11-17 15:00,0.338
2019-11-17 16:00,0.395
2019-11-17 17:00,0.410
2019-11-17 18:00,0.406
2019-11-17 19:00,0.383
2019-11-17 20:00,0.359
2019-11-17 21:00,0.348
2019-11-17 22:00,0.337
2019-11-17 23:00,0.360
2019-11-18 00:00,0.381
2019-11-18 01:00,0.374
2019-11-18 02:00,0.352
2019-11-18 03:00,0.349
2019-11-18 04:00,0.370
2019-11-18 05:00,0.342
2019-11-18 06:00,0.352
2019-11-18 07:00,0.348
2019-11-18 08:00,0.309
2019-11-18 09:00,0.210
2019-11-18 10:00,0.169
2019-11-18 11:00,0.188
2019-11-18 12:00,0.197
2019-11-18 13:00,0.190
2019-11-18 14:00,0.156
2019-11-18 15:00,0.149
2019-11-18 16:00,0.156
2019-11-18 17:00,0.152
2019-11-18 18:00,0.140
2019-11-18 19:00,0.127
2019-11-18 20:00,0.109
2019-11-18 21:00,0.089
2019-11-18 22:00,0.077
2019-11-18 23:00,0.073
2019-11-19 00:00,0.068
2019-11-19 01:00,0.058
2019-11-19 02:00,0.044
2019-11-19 03:00,0.033
2019-11-19 04:00,0.023
2019-11-19 05:00,0.020
2019-11-19 06:00,0.028
2019-11-19 07:00,0.049
2019-11-19 08:00,0.075
2019-11-19 09:00,0.083
2019-11-19 10:00,0.074
2019-11-19 11:00,0.083
2019-11-19 12:00,0.114
2019-11-19 13:00,0.154
2019-11-19 14:00,0.223
2019-11-19 15:00,0.357
2019-11-19 16:00,0.453
2019-11-19 17:00,0.463
2019-11-19 18:00,0.452
2019-11-19 19:00,0.439
2019-11-19 20:00,0.426
2019-11-19 21:00,0.426
2019-11-19 22:00,0.424
2019-11-19 23:00,0.430
2019-11-20 00:00,0.439
2019-11-20 01:00,0.450
2019-11-20 02:00,0.463
2019-11-20 03:00,0.447
2019-11-20 04:00,0.457
2019-11-20 05:00,0.477
2019-11-20 06:00,0.486
2019-11-20 07:00,0.506
2019-11-20 08:00,0.498
2019-11-20 09:00,0.479
2019-11-20 10:00,0.413
2019-11-20 11:00,0.416
2019-11-20 12:00,0.451
2019-11-20 13:00,0.476
2019-11-20 14:00,0.521
2019-11-20 15:00,0.564
2019-11-20 16:00,0.588
2019-11-20 17:00,0.583
2019-11-20 18:00,0.578
2019-11-20 19:00,0.606
2019-11-20 20:00,0.617
2019-11-20 21:00,0.579
2019-11-20 22:00,0.584
2019-11-20 23:00,0.582
2019-11-21 00:00,0.548
2019-11-21 01:00,0.505
2019-11-21 02:00,0.466
2019-11-21 03:00,0.436
2019-11-21 04:00,0.416
2019-11-21 05:00,0.486
2019-11-21 06:00,0.546
2019-11-21 07:00,0.569
2019-11-21 08:00,0.570
2019-11-21 09:00,0.520
2019-11-21 10:00,0.539
2019-11-21 11:00,0.674
2019-11-21 12:00,0.661
2019-11-21 13:00,0.616
2019-11-21 14:00,0.604
2019-11-21 15:00,0.581
2019-11-21 16:00,0.551
2019-11-21 17:00,0.537
2019-11-21 18:00,0.499
2019-11-21 19:00,0.456
2019-11-21 20:00,0.450
2019-11-21 21:00,0.402
2019-11-21 22:00,0.387
2019-11-21 23:00,0.463
2019-11-22 00:00,0.458
2019-11-22 01:00,0.468
2019-11-22 02:00,0.490
2019-11-22 03:00,0.520
2019-11-22 04:00,0.507
2019-11-22 05:00,0.473
2019-11-22 06:00,0.441
2019-11-22 07:00,0.417
2019-11-22 08:00,0.387
2019-11-22 09:00,0.345
2019-11-22 10:00,0.314
2019-11-22 11:00,0.308
2019-11-22 12:00,0.311
2019-11-22 13:00,0.317
2019-11-22 14:00,0.316
2019-11-22 15:00,0.393
2019-11-22 16:00,0.497
2019-11-22 17:00,0.515
2019-11-22 18:00,0.551
2019-11-22 19:00,0.619
2019-11-22 20:00,0.665
2019-11-22 21:00,0.681
2019-11-22 22:00,0.677
2019-11-22 23:00,0.672
2019-11-23 00:00,0.679
2019-11-23 01:00,0.711
2019-11-23 02:00,0.728
2019-11-23 03:00,0.736
2019-11-23 04:00,0.748
2019-11-23 05:00,0.772
2019-11-23 06:00,0.760
2019-11-23 07:00,0.729
2019-11-23 08:00,0.692
2019-11-23 09:00,0.658
2019-11-23 10:00,0.609
2019-11-23 11:00,0.536
2019-11-23 12:00,0.460
2019-11-23 13:00,0.410
2019-11-23 14:00,0.377
2019-11-23 15:00,0.349
2019-11-23 16:00,0.342
2019-11-23 17:00,0.352
2019-11-23 18:00,0.369
2019-11-23 19:00,0.382
2019-11-23 20:00,0.355
2019-11-23 21:00,0.279
2019-11-23 22:00,0.228
2019-11-23 23:00,0.227
2019-11-24 00:00,0.251
2019-11-24 01:00,0.248
2019-11-24 02:00,0.221
2019-11-24 03:00,0.184
2019-11-24 04:00,0.150
2019-11-24 05:00,0.123
2019-11-24 06:00,0.100
2019-11-24 07:00,0.069
2019-11-24 08:00,0.042
2019-11-24 09:00,0.027
2019-11-24 10:00,0.022
2019-11-24 11:00,0.024
2019-11-24 12:00,0.033
2019-11-24 13:00,0.043
2019-11-24 14:00,0.056
2019-11-24 15:00,0.090
2019-11-24 16:00,0.145
2019-11-24 17:00,0.200
2019-11-24 18:00,0.231
2019-11-24 19:00,0.253
2019-11-24 20:00,0.268
2019-11-24 21:00,0.287
2019-11-24 22:00,0.302
2019-11-24 23:00,0.355
2019-11-25 00:00,0.400
2019-11-25 01:00,0.414
2019-11-25 02:00,0.425
2019-11-25 03:00,0.401
2019-11-25 04:00,0.416
2019-11-25 05:00,0.405
2019-11-25 06:00,0.410
2019-11-25 07:00,0.399
2019-11-25 08:00,0.380
2019-11-25 09:00,0.374
2019-11-25 10:00,0.418
2019-11-25 11:00,0.473
2019-11-25 12:00,0.426
2019-11-25 13:00,0.406
2019-11-25 14:00,0.446
2019-11-25 15:00,0.471
2019-11-25 16:00,0.502
2019-11-25 17:00,0.507
2019-11-25 18:00,0.429
2019-11-25 19:00,0.432
2019-11-25 20:00,0.382
2019-11-25 21:00,0.367
2019-11-25 22:00,0.358
2019-11-25 23:00,0.337
2019-11-26 00:00,0.333
2019-11-26 01:00,0.313
2019-11-26 02:00,0.290
2019-11-26 03:00,0.265
2019-11-26 04:00,0.276
2019-11-26 05:00,0.302
2019-11-26 06:00,0.335
2019-11-26 07:00,0.351
2019-11-26 08:00,0.346
2019-11-26 09:00,0.394
2019-11-26 10:00,0.492
2019-11-26 11:00,0.559
2019-11-26 12:00,0.631
2019-11-26 13:00,0.534
2019-11-26 14:00,0.478
2019-11-26 15:00,0.506
2019-11-26 16:00,0.528
2019-11-26 17:00,0.533
2019-11-26 18:00,0.503
2019-11-26 19:00,0.466
2019-11-26 20:00,0.428
2019-11-26 21:00,0.382
2019-11-26 22:00,0.319
2019-11-26 23:00,0.248
2019-11-27 00:00,0.183
2019-11-27 01:00,0.154
2019-11-27 02:00,0.143
2019-11-27 03:00,0.134
2019-11-27 04:00,0.141
2019-11-27 05:00,0.154
2019-11-27 06:00,0.193
2019-11-27 07:00,0.270
2019-11-27 08:00,0.348
2019-11-27 09:00,0.355
2019-11-27 10:00,0.314
2019-11-27 11:00,0.273
2019-11-27 12:00,0.268
2019-11-27 13:00,0.311
2019-11-27 14:00,0.379
2019-11-27 15:00,0.419
2019-11-27 16:00,0.460
2019-11-27 17:00,0.466
2019-11-27 18:00,0.505
2019-11-27 19:00,0.540
2019-11-27 20:00,0.571
2019-11-27 21:00,0.591
2019-11-27 22:00,0.606
2019-11-27 23:00,0.616
2019-11-28 00:00,0.620
2019-11-28 01:00,0.616
2019-11-28 02:00,0.603
2019-11-28 03:00,0.582
2019-11-28 04:00,0.556
2019-11-28 05:00,0.558
2019-11-28 06:00,0.524
2019-11-28 07:00,0.463
2019-11-28 08:00,0.428
2019-11-28 09:00,0.393
2019-11-28 10:00,0.373
2019-11-28 11:00,0.429
2019-11-28 12:00,0.493
2019-11-28 13:00,0.521
2019-11-28 14:00,0.526
2019-11-28 15:00,0.482
2019-11-28 16:00,0.406
2019-11-28 17:00,0.361
2019-11-28 18:00,0.395
2019-11-28 19:00,0.429
2019-11-28 20:00,0.432
2019-11-28 21:00,0.410
2019-11-28 22:00,0.397
2019-11-28 23:00,0.381
2019-11-29 00:00,0.397
2019-11-29 01:00,0.423
2019-11-29 02:00,0.424
2019-11-29 03:00,0.408
2019-11-29 04:00,0.396
2019-11-29 05:00,0.362
2019-11-29 06:00,0.328
2019-11-29 07:00,0.287
2019-11-29 08:00,0.249
2019-11-29 09:00,0.190
2019-11-29 10:00,0.138
2019-11-29 11:00,0.114
2019-11-29 12:00,0.111
2019-11-29 13:00,0.100
2019-11-29 14:00,0.092
2019-11-29 15:00,0.109
2019-11-29 16:00,0.121
2019-11-29 17:00,0.123
2019-11-29 18:00,0.114
2019-11-29 19:00,0.102
2019-11-29 20:00,0.091
2019-11-29 21:00,0.085
2019-11-29 22:00,0.078
2019-11-29 23:00,0.067
2019-11-30 00:00,0.058
2019-11-30 01:00,0.054
2019-11-30 02:00,0.059
2019-11-30 03:00,0.064
2019-11-30 04:00,0.074
2019-11-30 05:00,0.085
2019-11-30 06:00,0.091
2019-11-30 07:00,0.105
2019-11-30 08:00,0.107
2019-11-30 09:00,0.095
2019-11-30 10:00,0.064
2019-11-30 11:00,0.069
2019-11-30 12:00,0.087
2019-11-30 13:00,0.101
2019-11-30 14:00,0.131
2019-11-30 15:00,0.206
2019-11-30 16:00,0.277
2019-11-30 17:00,0.309
2019-11-30 18:00,0.311
2019-11-30 19:00,0.293
2019-11-30 20:00,0.268
2019-11-30 21:00,0.243
2019-11-30 22:00,0.222
2019-11-30 23:00,0.207
2019-12-01 00:00,0.210
2019-12-01 01:00,0.227
2019-12-01 02:00,0.242
2019-12-01 03:00,0.246
2019-12-01 04:00,0.260
2019-12-01 05:00,0.284
2019-12-01 06:00,0.314
2019-12-01 07:00,0.354
2019-12-01 08:00,0.377
2019-12-01 09:00,0.316
2019-12-01 10:00,0.169
2019-12-01 11:00,0.086
2019-12-01 12:00,0.079
2019-12-01 13:00,0.106
2019-12-01 14:00,0.186
2019-12-01 15:00,0.288
2019-12-01 16:00,0.362
2019-12-01 17:00,0.362
2019-12-01 18:00,0.348
2019-12-01 19:00,0.321
2019-12-01 20:00,0.312
2019-12-01 21:00,0.291
2019-12-01 22:00,0.291
2019-12-01 23:00,0.299
2019-12-02 00:00,0.355
2019-12-02 01:00,0.374
2019-12-02 02:00,0.366
2019-12-02 03:00,0.399
2019-12-02 04:00,0.460
2019-12-02 05:00,0.476
2019-12-02 06:00,0.426
2019-12-02 07:00,0.371
2019-12-02 08:00,0.359
2019-12-02 09:00,0.346
2019-12-02 10:00,0.318
2019-12-02 11:00,0.302
2019-12-02 12:00,0.288
2019-12-02 13:00,0.293
2019-12-02 14:00,0.302
2019-12-02 15:00,0.333
2019-12-02 16:00,0.370
2019-12-02 17:00,0.390
2019-12-02 18:00,0.394
2019-12-02 19:00,0.403
2019-12-02 20:00,0.426
2019-12-02 21:00,0.479
2019-12-02 22:00,0.515
2019-12-02 23:00,0.505
2019-12-03 00:00,0.491
2019-12-03 01:00,0.463
2019-12-03 02:00,0.432
2019-12-03 03:00,0.403
2019-12-03 04:00,0.376
2019-12-03 05:00,0.362
2019-12-03 06:00,0.377
2019-12-03 07:00,0.395
2019-12-03 08:00,0.407
2019-12-03 09:00,0.376
2019-12-03 10:00,0.319
2019-12-03 11:00,0.268
2019-12-03 12:00,0.235
2019-12-03 13:00,0.183
2019-12-03 14:00,0.168
2019-12-03 15:00,0.240
2019-12-03 16:00,0.329
2019-12-03 17:00,0.382
2019-12-03 18:00,0.408
2019-12-03 19:00,0.382
2019-12-03 20:00,0.333
2019-12-03 21:00,0.294
2019-12-03 22:00,0.279
2019-12-03 23:00,0.281
2019-12-04 00:00,0.302
2019-12-04 01:00,0.315
2019-12-04 02:00,0.293
2019-12-04 03:00,0.270
2019-12-04 04:00,0.277
2019-12-04 05:00,0.297
2019-12-04 06:00,0.285
2019-12-04 07:00,0.265
2019-12-04 08:00,0.286
2019-12-04 09:00,0.281
2019-12-04 10:00,0.274
2019-12-04 11:00,0.265
2019-12-04 12:00,0.293
2019-12-04 13:00,0.287
2019-12-04 14:00,0.279
2019-12-04 15:00,0.333
2019-12-04 16:00,0.384
2019-12-04 17:00,0.372
2019-12-04 18:00,0.390
2019-12-04 19:00,0.386
2019-12-04 20:00,0.377
2019-12-04 21:00,0.390
2019-12-04 22:00,0.410
2019-12-04 23:00,0.430
2019-12-05 00:00,0.470
2019-12-05 01:00,0.536
2019-12-05 02:00,0.587
2019-12-05 03:00,0.608
2019-12-05 04:00,0.582
2019-12-05 05:00,0.545
2019-12-05 06:00,0.507
2019-12-05 07:00,0.516
2019-12-05 08:00,0.541
2019-12-05 09:00,0.563
2019-12-05 10:00,0.571
2019-12-05 11:00,0.645
2019-12-05 12:00,0.710
2019-12-05 13:00,0.798
2019-12-05 14:00,0.891
2019-12-05 15:00,0.914
2019-12-05 16:00,0.917
2019-12-05 17:00,0.941
2019-12-05 18:00,0.949
2019-12-05 19:00,0.947
2019-12-05 20:00,0.951
2019-12-05 21:00,0.944
2019-12-05 22:00,0.938
2019-12-05 23:00,0.928
2019-12-06 00:00,0.911
2019-12-06 01:00,0.873
2019-12-06 02:00,0.826
2019-12-06 03:00,0.810
2019-12-06 04:00,0.803
2019-12-06 05:00,0.799
2019-12-06 06:00,0.778
2019-12-06 07:00,0.800
2019-12-06 08:00,0.792
2019-12-06 09:00,0.767
2019-12-06 10:00,0.777
2019-12-06 11:00,0.828
2019-12-06 12:00,0.862
2019-12-06 13:00,0.850
2019-12-06 14:00,0.836
2019-12-06 15:00,0.839
2019-12-06 16:00,0.820
2019-12-06 17:00,0.818
2019-12-06 18:00,0.838
2019-12-06 19:00,0.839
2019-12-06 20:00,0.818
2019-12-06 21:00,0.803
2019-12-06 22:00,0.775
2019-12-06 23:00,0.767
2019-12-07 00:00,0.752
2019-12-07 01:00,0.733
2019-12-07 02:00,0.726
2019-12-07 03:00,0.725
2019-12-07 04:00,0.680
2019-12-07 05:00,0.637
2019-12-07 06:00,0.621
2019-12-07 07:00,0.612
2019-12-07 08:00,0.574
2019-12-07 09:00,0.528
2019-12-07 10:00,0.479
2019-12-07 11:00,0.479
2019-12-07 12:00,0.556
2019-12-07 13:00,0.591
2019-12-07 14:00,0.638
2019-12-07 15:00,0.696
2019-12-07 16:00,0.696
2019-12-07 17:00,0.750
2019-12-07 18:00,0.802
2019-12-07 19:00,0.853
2019-12-07 20:00,0.893
2019-12-07 21:00,0.927
2019-12-07 22:00,0.963
2019-12-07 23:00,0.982
2019-12-08 00:00,0.989
2019-12-08 01:00,0.990
2019-12-08 02:00,0.987
2019-12-08 03:00,0.988
2019-12-08 04:00,0.966
2019-12-08 05:00,0.951
2019-12-08 06:00,0.938
2019-12-08 07:00,0.930
2019-12-08 08:00,0.938
2019-12-08 09:00,0.947
2019-12-08 10:00,0.947
2019-12-08 11:00,0.948
2019-12-08 12:00,0.952
2019-12-08 13:00,0.951
2019-12-08 14:00,0.952
2019-12-08 15:00,0.950
2019-12-08 16:00,0.951
2019-12-08 17:00,0.948
2019-12-08 18:00,0.946
2019-12-08 19:00,0.944
2019-12-08 20:00,0.934
2019-12-08 21:00,0.903
2019-12-08 22:00,0.850
2019-12-08 23:00,0.806
2019-12-09 00:00,0.752
2019-12-09 01:00,0.633
2019-12-09 02:00,0.574
2019-12-09 03:00,0.704
2019-12-09 04:00,0.870
2019-12-09 05:00,0.941
2019-12-09 06:00,0.953
2019-12-09 07:00,0.936
2019-12-09 08:00,0.899
2019-12-09 09:00,0.840
2019-12-09 10:00,0.768
2019-12-09 11:00,0.683
2019-12-09 12:00,0.648
2019-12-09 13:00,0.601
2019-12-09 14:00,0.518
2019-12-09 15:00,0.507
2019-12-09 16:00,0.497
2019-12-09 17:00,0.472
2019-12-09 18:00,0.388
2019-12-09 19:00,0.287
2019-12-09 20:00,0.251
2019-12-09 21:00,0.262
2019-12-09 22:00,0.340
2019-12-09 23:00,0.477
2019-12-10 00:00,0.564
2019-12-10 01:00,0.533
2019-12-10 02:00,0.504
2019-12-10 03:00,0.498
2019-12-10 04:00,0.558
2019-12-10 05:00,0.640
2019-12-10 06:00,0.733
2019-12-10 07:00,0.868
2019-12-10 08:00,0.920
2019-12-10 09:00,0.972
2019-12-10 10:00,0.988
2019-12-10 11:00,0.985
2019-12-10 12:00,0.987
2019-12-10 13:00,0.990
2019-12-10 14:00,0.993
2019-12-10 15:00,0.993
2019-12-10 16:00,0.991
2019-12-10 17:00,0.972
2019-12-10 18:00,0.924
2019-12-10 19:00,0.786
2019-12-10 20:00,0.825
2019-12-10 21:00,0.865
2019-12-10 22:00,0.872
2019-12-10 23:00,0.858
2019-12-11 00:00,0.829
2019-12-11 01:00,0.800
2019-12-11 02:00,0.771
2019-12-11 03:00,0.691
2019-12-11 04:00,0.625
2019-12-11 05:00,0.546
2019-12-11 06:00,0.529
2019-12-11 07:00,0.499
2019-12-11 08:00,0.454
2019-12-11 09:00,0.466
2019-12-11 10:00,0.424
2019-12-11 11:00,0.426
2019-12-11 12:00,0.516
2019-12-11 13:00,0.518
2019-12-11 14:00,0.491
2019-12-11 15:00,0.474
2019-12-11 16:00,0.479
2019-12-11 17:00,0.465
2019-12-11 18:00,0.452
2019-12-11 19:00,0.440
2019-12-11 20:00,0.430
2019-12-11 21:00,0.427
2019-12-11 22:00,0.393
2019-12-11 23:00,0.415
2019-12-12 00:00,0.393
2019-12-12 01:00,0.368
2019-12-12 02:00,0.369
2019-12-12 03:00,0.338
2019-12-12 04:00,0.325
2019-12-12 05:00,0.318
2019-12-12 06:00,0.358
2019-12-12 07:00,0.401
2019-12-12 08:00,0.493
2019-12-12 09:00,0.583
2019-12-12 10:00,0.637
2019-12-12 11:00,0.717
2019-12-12 12:00,0.617
2019-12-12 13:00,0.461
2019-12-12 14:00,0.399
2019-12-12 15:00,0.330
2019-12-12 16:00,0.322
2019-12-12 17:00,0.342
2019-12-12 18:00,0.410
2019-12-12 19:00,0.467
2019-12-12 20:00,0.471
2019-12-12 21:00,0.406
2019-12-12 22:00,0.342
2019-12-12 23:00,0.288
2019-12-13 00:00,0.270
2019-12-13 01:00,0.281
2019-12-13 02:00,0.338
2019-12-13 03:00,0.433
2019-12-13 04:00,0.572
2019-12-13 05:00,0.625
2019-12-13 06:00,0.729
2019-12-13 07:00,0.784
2019-12-13 08:00,0.800
2019-12-13 09:00,0.794
2019-12-13 10:00,0.797
2019-12-13 11:00,0.814
2019-12-13 12:00,0.837
2019-12-13 13:00,0.853
2019-12-13 14:00,0.866
2019-12-13 15:00,0.867
2019-12-13 16:00,0.856
2019-12-13 17:00,0.855
2019-12-13 18:00,0.859
2019-12-13 19:00,0.850
2019-12-13 20:00,0.833
2019-12-13 21:00,0.813
2019-12-13 22:00,0.800
2019-12-13 23:00,0.806
2019-12-14 00:00,0.840
2019-12-14 01:00,0.850
2019-12-14 02:00,0.888
2019-12-14 03:00,0.908
2019-12-14 04:00,0.912
2019-12-14 05:00,0.924
2019-12-14 06:00,0.934
2019-12-14 07:00,0.937
2019-12-14 08:00,0.936
2019-12-14 09:00,0.936
2019-12-14 10:00,0.927
2019-12-14 11:00,0.907
2019-12-14 12:00,0.913
2019-12-14 13:00,0.935
2019-12-14 14:00,0.941
2019-12-14 15:00,0.925
2019-12-14 16:00,0.888
2019-12-14 17:00,0.814
2019-12-14 18:00,0.663
2019-12-14 19:00,0.563
2019-12-14 20:00,0.496
2019-12-14 21:00,0.465
2019-12-14 22:00,0.566
2019-12-14 23:00,0.714
2019-12-15 00:00,0.878
2019-12-15 01:00,0.879
2019-12-15 02:00,0.926
2019-12-15 03:00,0.940
2019-12-15 04:00,0.887
2019-12-15 05:00,0.822
2019-12-15 06:00,0.743
2019-12-15 07:00,0.716
2019-12-15 08:00,0.650
2019-12-15 09:00,0.581
2019-12-15 10:00,0.516
2019-12-15 11:00,0.419
2019-12-15 12:00,0.387
2019-12-15 13:00,0.393
2019-12-15 14:00,0.396
2019-12-15 15:00,0.418
2019-12-15 16:00,0.510
2019-12-15 17:00,0.581
2019-12-15 18:00,0.612
2019-12-15 19:00,0.637
2019-12-15 20:00,0.642
2019-12-15 21:00,0.646
2019-12-15 22:00,0.632
2019-12-15 23:00,0.641
2019-12-16 00:00,0.637
2019-12-16 01:00,0.625
2019-12-16 02:00,0.595
2019-12-16 03:00,0.591
2019-12-16 04:00,0.590
2019-12-16 05:00,0.585
2019-12-16 06:00,0.611
2019-12-16 07:00,0.644
2019-12-16 08:00,0.629
2019-12-16 09:00,0.516
2019-12-16 10:00,0.454
2019-12-16 11:00,0.358
2019-12-16 12:00,0.294
2019-12-16 13:00,0.238
2019-12-16 14:00,0.233
2019-12-16 15:00,0.300
2019-12-16 16:00,0.326
2019-12-16 17:00,0.260
2019-12-16 18:00,0.206
2019-12-16 19:00,0.170
2019-12-16 20:00,0.134
2019-12-16 21:00,0.119
2019-12-16 22:00,0.106
2019-12-16 23:00,0.086
2019-12-17 00:00,0.068
2019-12-17 01:00,0.057
2019-12-17 02:00,0.046
2019-12-17 03:00,0.041
2019-12-17 04:00,0.044
2019-12-17 05:00,0.054
2019-12-17 06:00,0.056
2019-12-17 07:00,0.069
2019-12-17 08:00,0.078
2019-12-17 09:00,0.081
2019-12-17 10:00,0.093
2019-12-17 11:00,0.090
2019-12-17 12:00,0.093
2019-12-17 13:00,0.120
2019-12-17 14:00,0.152
2019-12-17 15:00,0.194
2019-12-17 16:00,0.227
2019-12-17 17:00,0.248
2019-12-17 18:00,0.262
2019-12-17 19:00,0.257
2019-12-17 20:00,0.262
2019-12-17 21:00,0.267
2019-12-17 22:00,0.253
2019-12-17 23:00,0.220
2019-12-18 00:00,0.194
2019-12-18 01:00,0.169
2019-12-18 02:00,0.156
2019-12-18 03:00,0.146
2019-12-18 04:00,0.140
2019-12-18 05:00,0.142
2019-12-18 06:00,0.155
2019-12-18 07:00,0.182
2019-12-18 08:00,0.221
2019-12-18 09:00,0.242
2019-12-18 10:00,0.314
2019-12-18 11:00,0.392
2019-12-18 12:00,0.410
2019-12-18 13:00,0.478
2019-12-18 14:00,0.604
2019-12-18 15:00,0.707
2019-12-18 16:00,0.802
2019-12-18 17:00,0.861
2019-12-18 18:00,0.907
2019-12-18 19:00,0.938
2019-12-18 20:00,0.948
2019-12-18 21:00,0.932
2019-12-18 22:00,0.925
2019-12-18 23:00,0.926
2019-12-19 00:00,0.883
2019-12-19 01:00,0.855
2019-12-19 02:00,0.800
2019-12-19 03:00,0.748
2019-12-19 04:00,0.666
2019-12-19 05:00,0.576
2019-12-19 06:00,0.579
2019-12-19 07:00,0.562
2019-12-19 08:00,0.562
2019-12-19 09:00,0.552
2019-12-19 10:00,0.627
2019-12-19 11:00,0.612
2019-12-19 12:00,0.581
2019-12-19 13:00,0.654
2019-12-19 14:00,0.655
2019-12-19 15:00,0.618
2019-12-19 16:00,0.599
2019-12-19 17:00,0.708
2019-12-19 18:00,0.831
2019-12-19 19:00,0.883
2019-12-19 20:00,0.906
2019-12-19 21:00,0.911
2019-12-19 22:00,0.892
2019-12-19 23:00,0.846
2019-12-20 00:00,0.739
2019-12-20 01:00,0.537
2019-12-20 02:00,0.459
2019-12-20 03:00,0.448
2019-12-20 04:00,0.361
2019-12-20 05:00,0.217
2019-12-20 06:00,0.093
2019-12-20 07:00,0.037
2019-12-20 08:00,0.026
2019-12-20 09:00,0.052
2019-12-20 10:00,0.094
2019-12-20 11:00,0.139
2019-12-20 12:00,0.176
2019-12-20 13:00,0.211
2019-12-20 14:00,0.292
2019-12-20 15:00,0.358
2019-12-20 16:00,0.416
2019-12-20 17:00,0.471
2019-12-20 18:00,0.512
2019-12-20 19:00,0.574
2019-12-20 20:00,0.564
2019-12-20 21:00,0.552
2019-12-20 22:00,0.533
2019-12-20 23:00,0.483
2019-12-21 00:00,0.429
2019-12-21 01:00,0.348
2019-12-21 02:00,0.288
2019-12-21 03:00,0.248
2019-12-21 04:00,0.241
2019-12-21 05:00,0.256
2019-12-21 06:00,0.290
2019-12-21 07:00,0.310
2019-12-21 08:00,0.321
2019-12-21 09:00,0.311
2019-12-21 10:00,0.335
2019-12-21 11:00,0.338
2019-12-21 12:00,0.332
2019-12-21 13:00,0.300
2019-12-21 14:00,0.285
2019-12-21 15:00,0.258
2019-12-21 16:00,0.269
2019-12-21 17:00,0.270
2019-12-21 18:00,0.265
2019-12-21 19:00,0.227
2019-12-21 20:00,0.227
2019-12-21 21:00,0.248
2019-12-21 22:00,0.235
2019-12-21 23:00,0.183
2019-12-22 00:00,0.119
2019-12-22 01:00,0.063
2019-12-22 02:00,0.028
2019-12-22 03:00,0.016
2019-12-22 04:00,0.019
2019-12-22 05:00,0.062
2019-12-22 06:00,0.139
2019-12-22 07:00,0.253
2019-12-22 08:00,0.379
2019-12-22 09:00,0.359
2019-12-22 10:00,0.283
2019-12-22 11:00,0.239
2019-12-22 12:00,0.211
2019-12-22 13:00,0.199
2019-12-22 14:00,0.258
2019-12-22 15:00,0.365
2019-12-22 16:00,0.426
2019-12-22 17:00,0.423
2019-12-22 18:00,0.450
2019-12-22 19:00,0.430
2019-12-22 20:00,0.419
2019-12-22 21:00,0.485
2019-12-22 22:00,0.529
2019-12-22 23:00,0.549
2019-12-23 00:00,0.562
2019-12-23 01:00,0.593
2019-12-23 02:00,0.640
2019-12-23 03:00,0.664
2019-12-23 04:00,0.723
2019-12-23 05:00,0.789
2019-12-23 06:00,0.808
2019-12-23 07:00,0.796
2019-12-23 08:00,0.779
2019-12-23 09:00,0.790
2019-12-23 10:00,0.811
2019-12-23 11:00,0.858
2019-12-23 12:00,0.879
2019-12-23 13:00,0.880
2019-12-23 14:00,0.869
2019-12-23 15:00,0.840
2019-12-23 16:00,0.776
2019-12-23 17:00,0.706
2019-12-23 18:00,0.627
2019-12-23 19:00,0.545
2019-12-23 20:00,0.499
2019-12-23 21:00,0.398
2019-12-23 22:00,0.286
2019-12-23 23:00,0.214
2019-12-24 00:00,0.223
2019-12-24 01:00,0.230
2019-12-24 02:00,0.197
2019-12-24 03:00,0.188
2019-12-24 04:00,0.181
2019-12-24 05:00,0.164
2019-12-24 06:00,0.136
2019-12-24 07:00,0.132
2019-12-24 08:00,0.190
2019-12-24 09:00,0.309
2019-12-24 10:00,0.306
2019-12-24 11:00,0.311
2019-12-24 12:00,0.330
2019-12-24 13:00,0.357
2019-12-24 14:00,0.400
2019-12-24 15:00,0.450
2019-12-24 16:00,0.487
2019-12-24 17:00,0.476
2019-12-24 18:00,0.513
2019-12-24 19:00,0.533
2019-12-24 20:00,0.550
2019-12-24 21:00,0.523
2019-12-24 22:00,0.479
2019-12-24 23:00,0.493
2019-12-25 00:00,0.530
2019-12-25 01:00,0.587
2019-12-25 02:00,0.569
2019-12-25 03:00,0.577
2019-12-25 04:00,0.539
2019-12-25 05:00,0.518
2019-12-25 06:00,0.481
2019-12-25 07:00,0.436
2019-12-25 08:00,0.387
2019-12-25 09:00,0.294
2019-12-25 10:00,0.189
2019-12-25 11:00,0.139
2019-12-25 12:00,0.119
2019-12-25 13:00,0.099
2019-12-25 14:00,0.086
2019-12-25 15:00,0.060
2019-12-25 16:00,0.032
2019-12-25 17:00,0.016
2019-12-25 18:00,0.013
2019-12-25 19:00,0.015
2019-12-25 20:00,0.027
2019-12-25 21:00,0.053
2019-12-25 22:00,0.079
2019-12-25 23:00,0.110
2019-12-26 00:00,0.150
2019-12-26 01:00,0.224
2019-12-26 02:00,0.274
2019-12-26 03:00,0.304
2019-12-26 04:00,0.360
2019-12-26 05:00,0.394
2019-12-26 06:00,0.469
2019-12-26 07:00,0.516
2019-12-26 08:00,0.549
2019-12-26 09:00,0.589
2019-12-26 10:00,0.666
2019-12-26 11:00,0.681
2019-12-26 12:00,0.630
2019-12-26 13:00,0.556
2019-12-26 14:00,0.451
2019-12-26 15:00,0.319
2019-12-26 16:00,0.188
2019-12-26 17:00,0.136
2019-12-26 18:00,0.129
2019-12-26 19:00,0.141
2019-12-26 20:00,0.169
2019-12-26 21:00,0.170
2019-12-26 22:00,0.169
2019-12-26 23:00,0.187
2019-12-27 00:00,0.214
2019-12-27 01:00,0.238
2019-12-27 02:00,0.235
2019-12-27 03:00,0.216
2019-12-27 04:00,0.201
2019-12-27 05:00,0.204
2019-12-27 06:00,0.213
2019-12-27 07:00,0.222
2019-12-27 08:00,0.270
2019-12-27 09:00,0.296
2019-12-27 10:00,0.300
2019-12-27 11:00,0.281
2019-12-27 12:00,0.293
2019-12-27 13:00,0.373
2019-12-27 14:00,0.399
2019-12-27 15:00,0.423
2019-12-27 16:00,0.426
2019-12-27 17:00,0.406
2019-12-27 18:00,0.381
2019-12-27 19:00,0.356
2019-12-27 20:00,0.332
2019-12-27 21:00,0.330
2019-12-27 22:00,0.319
2019-12-27 23:00,0.327
2019-12-28 00:00,0.330
2019-12-28 01:00,0.321
2019-12-28 02:00,0.318
2019-12-28 03:00,0.304
2019-12-28 04:00,0.326
2019-12-28 05:00,0.358
2019-12-28 06:00,0.345
2019-12-28 07:00,0.363
2019-12-28 08:00,0.388
2019-12-28 09:00,0.365
2019-12-28 10:00,0.337
2019-12-28 11:00,0.332
2019-12-28 12:00,0.333
2019-12-28 13:00,0.365
2019-12-28 14:00,0.443
2019-12-28 15:00,0.503
2019-12-28 16:00,0.542
2019-12-28 17:00,0.574
2019-12-28 18:00,0.553
2019-12-28 19:00,0.589
2019-12-28 20:00,0.622
2019-12-28 21:00,0.609
2019-12-28 22:00,0.599
2019-12-28 23:00,0.581
2019-12-29 00:00,0.563
2019-12-29 01:00,0.556
2019-12-29 02:00,0.559
2019-12-29 03:00,0.572
2019-12-29 04:00,0.588
2019-12-29 05:00,0.588
2019-12-29 06:00,0.562
2019-12-29 07:00,0.549
2019-12-29 08:00,0.574
2019-12-29 09:00,0.572
2019-12-29 10:00,0.579
2019-12-29 11:00,0.591
2019-12-29 12:00,0.582
2019-12-29 13:00,0.581
2019-12-29 14:00,0.576
2019-12-29 15:00,0.613
2019-12-29 16:00,0.622
2019-12-29 17:00,0.589
2019-12-29 18:00,0.585
2019-12-29 19:00,0.542
2019-12-29 20:00,0.533
2019-12-29 21:00,0.505
2019-12-29 22:00,0.527
2019-12-29 23:00,0.517
2019-12-30 00:00,0.538
2019-12-30 01:00,0.502
2019-12-30 02:00,0.460
2019-12-30 03:00,0.448
2019-12-30 04:00,0.466
2019-12-30 05:00,0.476
2019-12-30 06:00,0.453
2019-12-30 07:00,0.450
2019-12-30 08:00,0.476
2019-12-30 09:00,0.516
2019-12-30 10:00,0.475
2019-12-30 11:00,0.442
2019-12-30 12:00,0.434
2019-12-30 13:00,0.421
2019-12-30 14:00,0.439
2019-12-30 15:00,0.505
2019-12-30 16:00,0.486
2019-12-30 17:00,0.427
2019-12-30 18:00,0.367
2019-12-30 19:00,0.339
2019-12-30 20:00,0.332
2019-12-30 21:00,0.312
2019-12-30 22:00,0.277
2019-12-30 23:00,0.271
2019-12-31 00:00,0.289
2019-12-31 01:00,0.265
2019-12-31 02:00,0.210
2019-12-31 03:00,0.165
2019-12-31 04:00,0.130
2019-12-31 05:00,0.123
2019-12-31 06:00,0.132
2019-12-31 07:00,0.137
2019-12-31 08:00,0.136
2019-12-31 09:00,0.132
2019-12-31 10:00,0.127
2019-12-31 11:00,0.135
2019-12-31 12:00,0.170
2019-12-31 13:00,0.165
2019-12-31 14:00,0.191
2019-12-31 15:00,0.279
2019-12-31 16:00,0.345
2019-12-31 17:00,0.348
2019-12-31 18:00,0.317
2019-12-31 19:00,0.272
2019-12-31 20:00,0.238
2019-12-31 21:00,0.224
2019-12-31 22:00,0.199
2019-12-31 23:00,0.179
2020-01-01 00:00,0.168
2020-01-01 01:00,0.134
2020-01-01 02:00,0.093
2020-01-01 03:00,0.073
2020-01-01 04:00,0.078
2020-01-01 05:00,0.102
2020-01-01 06:00,0.135
2020-01-01 07:00,0.178
2020-01-01 08:00,0.221
2020-01-01 09:00,0.228
2020-01-01 10:00,0.204
2020-01-01 11:00,0.218
2020-01-01 12:00,0.235
2020-01-01 13:00,0.229
2020-01-01 14:00,0.243
2020-01-01 15:00,0.296
2020-01-01 16:00,0.322
2020-01-01 17:00,0.325
2020-01-01 18:00,0.342
2020-01-01 19:00,0.363
2020-01-01 20:00,0.374
2020-01-01 21:00,0.429
2020-01-01 22:00,0.447
2020-01-01 23:00,0.463
2020-01-02 00:00,0.477
2020-01-02 01:00,0.512
2020-01-02 02:00,0.542
2020-01-02 03:00,0.628
2020-01-02 04:00,0.700
2020-01-02 05:00,0.713
2020-01-02 06:00,0.764
2020-01-02 07:00,0.791
2020-01-02 08:00,0.819
2020-01-02 09:00,0.832
2020-01-02 10:00,0.826
2020-01-02 11:00,0.817
2020-01-02 12:00,0.820
2020-01-02 13:00,0.822
2020-01-02 14:00,0.836
2020-01-02 15:00,0.857
2020-01-02 16:00,0.869
2020-01-02 17:00,0.875
2020-01-02 18:00,0.872
2020-01-02 19:00,0.862
2020-01-02 20:00,0.852
2020-01-02 21:00,0.850
2020-01-02 22:00,0.784
2020-01-02 23:00,0.785
2020-01-03 00:00,0.767
2020-01-03 01:00,0.700
2020-01-03 02:00,0.547
2020-01-03 03:00,0.393
2020-01-03 04:00,0.433
2020-01-03 05:00,0.542
2020-01-03 06:00,0.620
2020-01-03 07:00,0.634
2020-01-03 08:00,0.564
2020-01-03 09:00,0.473
2020-01-03 10:00,0.392
2020-01-03 11:00,0.360
2020-01-03 12:00,0.381
2020-01-03 13:00,0.442
2020-01-03 14:00,0.533
2020-01-03 15:00,0.604
2020-01-03 16:00,0.625
2020-01-03 17:00,0.607
2020-01-03 18:00,0.603
2020-01-03 19:00,0.622
2020-01-03 20:00,0.640
2020-01-03 21:00,0.643
2020-01-03 22:00,0.651
2020-01-03 23:00,0.667
2020-01-04 00:00,0.685
2020-01-04 01:00,0.725
2020-01-04 02:00,0.731
2020-01-04 03:00,0.742
2020-01-04 04:00,0.758
2020-01-04 05:00,0.799
2020-01-04 06:00,0.794
2020-01-04 07:00,0.796
2020-01-04 08:00,0.783
2020-01-04 09:00,0.744
2020-01-04 10:00,0.700
2020-01-04 11:00,0.681
2020-01-04 12:00,0.662
2020-01-04 13:00,0.601
2020-01-04 14:00,0.536
2020-01-04 15:00,0.463
2020-01-04 16:00,0.419
2020-01-04 17:00,0.403
2020-01-04 18:00,0.403
2020-01-04 19:00,0.423
2020-01-04 20:00,0.466
2020-01-04 21:00,0.493
2020-01-04 22:00,0.516
2020-01-04 23:00,0.520
2020-01-05 00:00,0.524
2020-01-05 01:00,0.521
2020-01-05 02:00,0.533
2020-01-05 03:00,0.524
2020-01-05 04:00,0.526
2020-01-05 05:00,0.523
2020-01-05 06:00,0.552
2020-01-05 07:00,0.550
2020-01-05 08:00,0.576
2020-01-05 09:00,0.551
2020-01-05 10:00,0.516
2020-01-05 11:00,0.581
2020-01-05 12:00,0.590
2020-01-05 13:00,0.581
2020-01-05 14:00,0.604
2020-01-05 15:00,0.632
2020-01-05 16:00,0.606
2020-01-05 17:00,0.606
2020-01-05 18:00,0.606
2020-01-05 19:00,0.591
2020-01-05 20:00,0.572
2020-01-05 21:00,0.564
2020-01-05 22:00,0.539
2020-01-05 23:00,0.526
2020-01-06 00:00,0.526
2020-01-06 01:00,0.549
2020-01-06 02:00,0.610
2020-01-06 03:00,0.623
2020-01-06 04:00,0.711
2020-01-06 05:00,0.748
2020-01-06 06:00,0.779
2020-01-06 07:00,0.819
2020-01-06 08:00,0.845
2020-01-06 09:00,0.869
2020-01-06 10:00,0.892
2020-01-06 11:00,0.908
2020-01-06 12:00,0.914
2020-01-06 13:00,0.916
2020-01-06 14:00,0.903
2020-01-06 15:00,0.887
2020-01-06 16:00,0.871
2020-01-06 17:00,0.898
2020-01-06 18:00,0.888
2020-01-06 19:00,0.825
2020-01-06 20:00,0.736
2020-01-06 21:00,0.623
2020-01-06 22:00,0.575
2020-01-06 23:00,0.568
2020-01-07 00:00,0.536
2020-01-07 01:00,0.468
2020-01-07 02:00,0.389
2020-01-07 03:00,0.345
2020-01-07 04:00,0.356
2020-01-07 05:00,0.380
2020-01-07 06:00,0.443
2020-01-07 07:00,0.519
2020-01-07 08:00,0.586
2020-01-07 09:00,0.664
2020-01-07 10:00,0.732
2020-01-07 11:00,0.778
2020-01-07 12:00,0.795
2020-01-07 13:00,0.847
2020-01-07 14:00,0.878
2020-01-07 15:00,0.905
2020-01-07 16:00,0.922
2020-01-07 17:00,0.926
2020-01-07 18:00,0.939
2020-01-07 19:00,0.937
2020-01-07 20:00,0.943
2020-01-07 21:00,0.947
2020-01-07 22:00,0.948
2020-01-07 23:00,0.941
2020-01-08 00:00,0.932
2020-01-08 01:00,0.909
2020-01-08 02:00,0.883
2020-01-08 03:00,0.850
2020-01-08 04:00,0.791
2020-01-08 05:00,0.707
2020-01-08 06:00,0.616
2020-01-08 07:00,0.539
2020-01-08 08:00,0.513
2020-01-08 09:00,0.413
2020-01-08 10:00,0.314
2020-01-08 11:00,0.263
2020-01-08 12:00,0.302
2020-01-08 13:00,0.380
2020-01-08 14:00,0.444
2020-01-08 15:00,0.442
2020-01-08 16:00,0.436
2020-01-08 17:00,0.382
2020-01-08 18:00,0.333
2020-01-08 19:00,0.271
2020-01-08 20:00,0.211
2020-01-08 21:00,0.235
2020-01-08 22:00,0.247
2020-01-08 23:00,0.262
2020-01-09 00:00,0.259
2020-01-09 01:00,0.375
2020-01-09 02:00,0.497
2020-01-09 03:00,0.552
2020-01-09 04:00,0.663
2020-01-09 05:00,0.702
2020-01-09 06:00,0.797
2020-01-09 07:00,0.874
2020-01-09 08:00,0.874
2020-01-09 09:00,0.858
2020-01-09 10:00,0.841
2020-01-09 11:00,0.795
2020-01-09 12:00,0.678
2020-01-09 13:00,0.555
2020-01-09 14:00,0.469
2020-01-09 15:00,0.352
2020-01-09 16:00,0.258
2020-01-09 17:00,0.178
2020-01-09 18:00,0.174
2020-01-09 19:00,0.204
2020-01-09 20:00,0.253
2020-01-09 21:00,0.323
2020-01-09 22:00,0.396
2020-01-09 23:00,0.469
2020-01-10 00:00,0.441
2020-01-10 01:00,0.417
2020-01-10 02:00,0.380
2020-01-10 03:00,0.313
2020-01-10 04:00,0.296
2020-01-10 05:00,0.257
2020-01-10 06:00,0.201
2020-01-10 07:00,0.235
2020-01-10 08:00,0.262
2020-01-10 09:00,0.229
2020-01-10 10:00,0.147
2020-01-10 11:00,0.162
2020-01-10 12:00,0.214
2020-01-10 13:00,0.251
2020-01-10 14:00,0.341
2020-01-10 15:00,0.428
2020-01-10 16:00,0.535
2020-01-10 17:00,0.574
2020-01-10 18:00,0.597
2020-01-10 19:00,0.637
2020-01-10 20:00,0.669
2020-01-10 21:00,0.702
2020-01-10 22:00,0.721
2020-01-10 23:00,0.741
2020-01-11 00:00,0.756
2020-01-11 01:00,0.760
2020-01-11 02:00,0.772
2020-01-11 03:00,0.789
2020-01-11 04:00,0.813
2020-01-11 05:00,0.853
2020-01-11 06:00,0.879
2020-01-11 07:00,0.924
2020-01-11 08:00,0.924
2020-01-11 09:00,0.930
2020-01-11 10:00,0.943
2020-01-11 11:00,0.973
2020-01-11 12:00,0.974
2020-01-11 13:00,0.972
2020-01-11 14:00,0.975
2020-01-11 15:00,0.975
2020-01-11 16:00,0.971
2020-01-11 17:00,0.950
2020-01-11 18:00,0.906
2020-01-11 19:00,0.805
2020-01-11 20:00,0.643
2020-01-11 21:00,0.499
2020-01-11 22:00,0.417
2020-01-11 23:00,0.347
2020-01-12 00:00,0.306
2020-01-12 01:00,0.306
2020-01-12 02:00,0.304
2020-01-12 03:00,0.316
2020-01-12 04:00,0.338
2020-01-12 05:00,0.369
2020-01-12 06:00,0.397
2020-01-12 07:00,0.403
2020-01-12 08:00,0.396
2020-01-12 09:00,0.357
2020-01-12 10:00,0.400
2020-01-12 11:00,0.549
2020-01-12 12:00,0.696
2020-01-12 13:00,0.713
2020-01-12 14:00,0.683
2020-01-12 15:00,0.626
2020-01-12 16:00,0.543
2020-01-12 17:00,0.436
2020-01-12 18:00,0.406
2020-01-12 19:00,0.444
2020-01-12 20:00,0.454
2020-01-12 21:00,0.454
2020-01-12 22:00,0.477
2020-01-12 23:00,0.490
2020-01-13 00:00,0.460
2020-01-13 01:00,0.451
2020-01-13 02:00,0.429
2020-01-13 03:00,0.395
2020-01-13 04:00,0.387
2020-01-13 05:00,0.401
2020-01-13 06:00,0.460
2020-01-13 07:00,0.557
2020-01-13 08:00,0.681
2020-01-13 09:00,0.752
2020-01-13 10:00,0.826
2020-01-13 11:00,0.902
2020-01-13 12:00,0.948
2020-01-13 13:00,0.972
2020-01-13 14:00,0.982
2020-01-13 15:00,0.991
2020-01-13 16:00,0.993
2020-01-13 17:00,0.993
2020-01-13 18:00,0.987
2020-01-13 19:00,0.955
2020-01-13 20:00,0.905
2020-01-13 21:00,0.871
2020-01-13 22:00,0.853
2020-01-13 23:00,0.833
2020-01-14 00:00,0.824
2020-01-14 01:00,0.808
2020-01-14 02:00,0.798
2020-01-14 03:00,0.767
2020-01-14 04:00,0.733
2020-01-14 05:00,0.694
2020-01-14 06:00,0.613
2020-01-14 07:00,0.625
2020-01-14 08:00,0.637
2020-01-14 09:00,0.668
2020-01-14 10:00,0.727
2020-01-14 11:00,0.747
2020-01-14 12:00,0.814
2020-01-14 13:00,0.789
2020-01-14 14:00,0.788
2020-01-14 15:00,0.851
2020-01-14 16:00,0.919
2020-01-14 17:00,0.909
2020-01-14 18:00,0.833
2020-01-14 19:00,0.721
2020-01-14 20:00,0.673
2020-01-14 21:00,0.666
2020-01-14 22:00,0.598
2020-01-14 23:00,0.608
2020-01-15 00:00,0.606
2020-01-15 01:00,0.594
2020-01-15 02:00,0.597
2020-01-15 03:00,0.600
2020-01-15 04:00,0.609
2020-01-15 05:00,0.620
2020-01-15 06:00,0.624
2020-01-15 07:00,0.631
2020-01-15 08:00,0.638
2020-01-15 09:00,0.665
2020-01-15 10:00,0.696
2020-01-15 11:00,0.707
2020-01-15 12:00,0.763
2020-01-15 13:00,0.821
2020-01-15 14:00,0.838
2020-01-15 15:00,0.849
2020-01-15 16:00,0.853
2020-01-15 17:00,0.858
2020-01-15 18:00,0.865
2020-01-15 19:00,0.846
2020-01-15 20:00,0.823
2020-01-15 21:00,0.796
2020-01-15 22:00,0.729
2020-01-15 23:00,0.653
2020-01-16 00:00,0.577
2020-01-16 01:00,0.528
2020-01-16 02:00,0.490
2020-01-16 03:00,0.469
2020-01-16 04:00,0.455
2020-01-16 05:00,0.499
2020-01-16 06:00,0.581
2020-01-16 07:00,0.691
2020-01-16 08:00,0.743
2020-01-16 09:00,0.761
2020-01-16 10:00,0.791
2020-01-16 11:00,0.843
2020-01-16 12:00,0.901
2020-01-16 13:00,0.965
2020-01-16 14:00,0.980
2020-01-16 15:00,0.985
2020-01-16 16:00,0.987
2020-01-16 17:00,0.973
2020-01-16 18:00,0.973
2020-01-16 19:00,0.954
2020-01-16 20:00,0.915
2020-01-16 21:00,0.845
2020-01-16 22:00,0.700
2020-01-16 23:00,0.581
2020-01-17 00:00,0.483
2020-01-17 01:00,0.418
2020-01-17 02:00,0.367
2020-01-17 03:00,0.327
2020-01-17 04:00,0.279
2020-01-17 05:00,0.248
2020-01-17 06:00,0.214
2020-01-17 07:00,0.173
2020-01-17 08:00,0.120
2020-01-17 09:00,0.093
2020-01-17 10:00,0.125
2020-01-17 11:00,0.271
2020-01-17 12:00,0.483
2020-01-17 13:00,0.529
2020-01-17 14:00,0.565
2020-01-17 15:00,0.600
2020-01-17 16:00,0.643
2020-01-17 17:00,0.628
2020-01-17 18:00,0.610
2020-01-17 19:00,0.583
2020-01-17 20:00,0.581
2020-01-17 21:00,0.591
2020-01-17 22:00,0.594
2020-01-17 23:00,0.597
2020-01-18 00:00,0.609
2020-01-18 01:00,0.612
2020-01-18 02:00,0.612
2020-01-18 03:00,0.613
2020-01-18 04:00,0.647
2020-01-18 05:00,0.661
2020-01-18 06:00,0.637
2020-01-18 07:00,0.609
2020-01-18 08:00,0.562
2020-01-18 09:00,0.469
2020-01-18 10:00,0.390
2020-01-18 11:00,0.421
2020-01-18 12:00,0.513
2020-01-18 13:00,0.513
2020-01-18 14:00,0.511
2020-01-18 15:00,0.533
2020-01-18 16:00,0.528
2020-01-18 17:00,0.549
2020-01-18 18:00,0.539
2020-01-18 19:00,0.493
2020-01-18 20:00,0.497
2020-01-18 21:00,0.520
2020-01-18 22:00,0.505
2020-01-18 23:00,0.436
2020-01-19 00:00,0.366
2020-01-19 01:00,0.293
2020-01-19 02:00,0.246
2020-01-19 03:00,0.203
2020-01-19 04:00,0.183
2020-01-19 05:00,0.181
2020-01-19 06:00,0.171
2020-01-19 07:00,0.144
2020-01-19 08:00,0.121
2020-01-19 09:00,0.094
2020-01-19 10:00,0.071
2020-01-19 11:00,0.070
2020-01-19 12:00,0.077
2020-01-19 13:00,0.086
2020-01-19 14:00,0.094
2020-01-19 15:00,0.118
2020-01-19 16:00,0.159
2020-01-19 17:00,0.187
2020-01-19 18:00,0.198
2020-01-19 19:00,0.203
2020-01-19 20:00,0.192
2020-01-19 21:00,0.191
2020-01-19 22:00,0.216
2020-01-19 23:00,0.252
2020-01-20 00:00,0.276
2020-01-20 01:00,0.270
2020-01-20 02:00,0.259
2020-01-20 03:00,0.240
2020-01-20 04:00,0.227
2020-01-20 05:00,0.234
2020-01-20 06:00,0.240
2020-01-20 07:00,0.254
2020-01-20 08:00,0.247
2020-01-20 09:00,0.238
2020-01-20 10:00,0.246
2020-01-20 11:00,0.251
2020-01-20 12:00,0.291
2020-01-20 13:00,0.309
2020-01-20 14:00,0.311
2020-01-20 15:00,0.374
2020-01-20 16:00,0.467
2020-01-20 17:00,0.528
2020-01-20 18:00,0.580
2020-01-20 19:00,0.597
2020-01-20 20:00,0.572
2020-01-20 21:00,0.559
2020-01-20 22:00,0.542
2020-01-20 23:00,0.515
2020-01-21 00:00,0.455
2020-01-21 01:00,0.390
2020-01-21 02:00,0.321
2020-01-21 03:00,0.257
2020-01-21 04:00,0.232
2020-01-21 05:00,0.238
2020-01-21 06:00,0.254
2020-01-21 07:00,0.252
2020-01-21 08:00,0.235
2020-01-21 09:00,0.218
2020-01-21 10:00,0.198
2020-01-21 11:00,0.180
2020-01-21 12:00,0.168
2020-01-21 13:00,0.171
2020-01-21 14:00,0.199
2020-01-21 15:00,0.257
2020-01-21 16:00,0.289
2020-01-21 17:00,0.303
2020-01-21 18:00,0.318
2020-01-21 19:00,0.302
2020-01-21 20:00,0.285
2020-01-21 21:00,0.289
2020-01-21 22:00,0.290
2020-01-21 23:00,0.287
2020-01-22 00:00,0.276
2020-01-22 01:00,0.280
2020-01-22 02:00,0.285
2020-01-22 03:00,0.267
2020-01-22 04:00,0.254
2020-01-22 05:00,0.254
2020-01-22 06:00,0.253
2020-01-22 07:00,0.278
2020-01-22 08:00,0.285
2020-01-22 09:00,0.226
2020-01-22 10:00,0.131
2020-01-22 11:00,0.075
2020-01-22 12:00,0.054
2020-01-22 13:00,0.042
2020-01-22 14:00,0.037
2020-01-22 15:00,0.037
2020-01-22 16:00,0.035
2020-01-22 17:00,0.029
2020-01-22 18:00,0.025
2020-01-22 19:00,0.026
2020-01-22 20:00,0.030
2020-01-22 21:00,0.031
2020-01-22 22:00,0.030
2020-01-22 23:00,0.034
2020-01-23 00:00,0.043
2020-01-23 01:00,0.058
2020-01-23 02:00,0.069
2020-01-23 03:00,0.073
2020-01-23 04:00,0.075
2020-01-23 05:00,0.078
2020-01-23 06:00,0.084
2020-01-23 07:00,0.088
2020-01-23 08:00,0.087
2020-01-23 09:00,0.080
2020-01-23 10:00,0.077
2020-01-23 11:00,0.081
2020-01-23 12:00,0.092
2020-01-23 13:00,0.098
2020-01-23 14:00,0.091
2020-01-23 15:00,0.097
2020-01-23 16:00,0.126
2020-01-23 17:00,0.149
2020-01-23 18:00,0.178
2020-01-23 19:00,0.202
2020-01-23 20:00,0.218
2020-01-23 21:00,0.240
2020-01-23 22:00,0.259
2020-01-23 23:00,0.286
2020-01-24 00:00,0.336
2020-01-24 01:00,0.345
2020-01-24 02:00,0.289
2020-01-24 03:00,0.247
2020-01-24 04:00,0.230
2020-01-24 05:00,0.243
2020-01-24 06:00,0.253
2020-01-24 07:00,0.230
2020-01-24 08:00,0.206
2020-01-24 09:00,0.181
2020-01-24 10:00,0.169
2020-01-24 11:00,0.190
2020-01-24 12:00,0.218
2020-01-24 13:00,0.229
2020-01-24 14:00,0.188
2020-01-24 15:00,0.169
2020-01-24 16:00,0.194
2020-01-24 17:00,0.192
2020-01-24 18:00,0.179
2020-01-24 19:00,0.176
2020-01-24 20:00,0.180
2020-01-24 21:00,0.171
2020-01-24 22:00,0.156
2020-01-24 23:00,0.145
2020-01-25 00:00,0.152
2020-01-25 01:00,0.169
2020-01-25 02:00,0.186
2020-01-25 03:00,0.195
2020-01-25 04:00,0.203
2020-01-25 05:00,0.224
2020-01-25 06:00,0.255
2020-01-25 07:00,0.290
2020-01-25 08:00,0.302
2020-01-25 09:00,0.288
2020-01-25 10:00,0.308
2020-01-25 11:00,0.358
2020-01-25 12:00,0.410
2020-01-25 13:00,0.417
2020-01-25 14:00,0.351
2020-01-25 15:00,0.323
2020-01-25 16:00,0.394
2020-01-25 17:00,0.406
2020-01-25 18:00,0.400
2020-01-25 19:00,0.426
2020-01-25 20:00,0.482
2020-01-25 21:00,0.492
2020-01-25 22:00,0.523
2020-01-25 23:00,0.495
2020-01-26 00:00,0.513
2020-01-26 01:00,0.508
2020-01-26 02:00,0.504
2020-01-26 03:00,0.523
2020-01-26 04:00,0.565
2020-01-26 05:00,0.626
2020-01-26 06:00,0.696
2020-01-26 07:00,0.743
2020-01-26 08:00,0.767
2020-01-26 09:00,0.797
2020-01-26 10:00,0.822
2020-01-26 11:00,0.855
2020-01-26 12:00,0.840
2020-01-26 13:00,0.798
2020-01-26 14:00,0.678
2020-01-26 15:00,0.489
2020-01-26 16:00,0.324
2020-01-26 17:00,0.236
2020-01-26 18:00,0.221
2020-01-26 19:00,0.201
2020-01-26 20:00,0.179
2020-01-26 21:00,0.223
2020-01-26 22:00,0.330
2020-01-26 23:00,0.387
2020-01-27 00:00,0.396
2020-01-27 01:00,0.488
2020-01-27 02:00,0.603
2020-01-27 03:00,0.736
2020-01-27 04:00,0.686
2020-01-27 05:00,0.601
2020-01-27 06:00,0.562
2020-01-27 07:00,0.541
2020-01-27 08:00,0.467
2020-01-27 09:00,0.463
2020-01-27 10:00,0.451
2020-01-27 11:00,0.541
2020-01-27 12:00,0.579
2020-01-27 13:00,0.513
2020-01-27 14:00,0.374
2020-01-27 15:00,0.348
2020-01-27 16:00,0.423
2020-01-27 17:00,0.429
2020-01-27 18:00,0.373
2020-01-27 19:00,0.329
2020-01-27 20:00,0.311
2020-01-27 21:00,0.328
2020-01-27 22:00,0.335
2020-01-27 23:00,0.393
2020-01-28 00:00,0.398
2020-01-28 01:00,0.475
2020-01-28 02:00,0.651
2020-01-28 03:00,0.805
2020-01-28 04:00,0.789
2020-01-28 05:00,0.803
2020-01-28 06:00,0.797
2020-01-28 07:00,0.749
2020-01-28 08:00,0.650
2020-01-28 09:00,0.565
2020-01-28 10:00,0.663
2020-01-28 11:00,0.813
2020-01-28 12:00,0.859
2020-01-28 13:00,0.856
2020-01-28 14:00,0.817
2020-01-28 15:00,0.802
2020-01-28 16:00,0.803
2020-01-28 17:00,0.813
2020-01-28 18:00,0.828
2020-01-28 19:00,0.861
2020-01-28 20:00,0.882
2020-01-28 21:00,0.893
2020-01-28 22:00,0.897
2020-01-28 23:00,0.874
2020-01-29 00:00,0.856
2020-01-29 01:00,0.847
2020-01-29 02:00,0.842
2020-01-29 03:00,0.847
2020-01-29 04:00,0.845
2020-01-29 05:00,0.847
2020-01-29 06:00,0.851
2020-01-29 07:00,0.849
2020-01-29 08:00,0.829
2020-01-29 09:00,0.795
2020-01-29 10:00,0.773
2020-01-29 11:00,0.799
2020-01-29 12:00,0.807
2020-01-29 13:00,0.810
2020-01-29 14:00,0.841
2020-01-29 15:00,0.889
2020-01-29 16:00,0.921
2020-01-29 17:00,0.932
2020-01-29 18:00,0.928
2020-01-29 19:00,0.920
2020-01-29 20:00,0.901
2020-01-29 21:00,0.892
2020-01-29 22:00,0.888
2020-01-29 23:00,0.881
2020-01-30 00:00,0.851
2020-01-30 01:00,0.798
2020-01-30 02:00,0.767
2020-01-30 03:00,0.738
2020-01-30 04:00,0.683
2020-01-30 05:00,0.580
2020-01-30 06:00,0.523
2020-01-30 07:00,0.506
2020-01-30 08:00,0.489
2020-01-30 09:00,0.553
2020-01-30 10:00,0.575
2020-01-30 11:00,0.626
2020-01-30 12:00,0.735
2020-01-30 13:00,0.760
2020-01-30 14:00,0.814
2020-01-30 15:00,0.877
2020-01-30 16:00,0.942
2020-01-30 17:00,0.973
2020-01-30 18:00,0.978
2020-01-30 19:00,0.970
2020-01-30 20:00,0.952
2020-01-30 21:00,0.919
2020-01-30 22:00,0.866
2020-01-30 23:00,0.803
2020-01-31 00:00,0.735
2020-01-31 01:00,0.645
2020-01-31 02:00,0.571
2020-01-31 03:00,0.625
2020-01-31 04:00,0.661
2020-01-31 05:00,0.692
2020-01-31 06:00,0.746
2020-01-31 07:00,0.785
2020-01-31 08:00,0.798
2020-01-31 09:00,0.795
2020-01-31 10:00,0.795
2020-01-31 11:00,0.845
2020-01-31 12:00,0.876
2020-01-31 13:00,0.874
2020-01-31 14:00,0.855
2020-01-31 15:00,0.862
2020-01-31 16:00,0.868
2020-01-31 17:00,0.853
2020-01-31 18:00,0.868
2020-01-31 19:00,0.859
2020-01-31 20:00,0.839
2020-01-31 21:00,0.845
2020-01-31 22:00,0.864
2020-01-31 23:00,0.885
2020-02-01 00:00,0.899
2020-02-01 01:00,0.920
2020-02-01 02:00,0.927
2020-02-01 03:00,0.929
2020-02-01 04:00,0.931
2020-02-01 05:00,0.939
2020-02-01 06:00,0.947
2020-02-01 07:00,0.951
2020-02-01 08:00,0.954
2020-02-01 09:00,0.959
2020-02-01 10:00,0.971
2020-02-01 11:00,0.979
2020-02-01 12:00,0.982
2020-02-01 13:00,0.980
2020-02-01 14:00,0.974
2020-02-01 15:00,0.971
2020-02-01 16:00,0.965
2020-02-01 17:00,0.943
2020-02-01 18:00,0.888
2020-02-01 19:00,0.789
2020-02-01 20:00,0.689
2020-02-01 21:00,0.577
2020-02-01 22:00,0.440
2020-02-01 23:00,0.296
2020-02-02 00:00,0.222
2020-02-02 01:00,0.190
2020-02-02 02:00,0.167
2020-02-02 03:00,0.147
2020-02-02 04:00,0.198
2020-02-02 05:00,0.306
2020-02-02 06:00,0.365
2020-02-02 07:00,0.321
2020-02-02 08:00,0.213
2020-02-02 09:00,0.224
2020-02-02 10:00,0.360
2020-02-02 11:00,0.476
2020-02-02 12:00,0.643
2020-02-02 13:00,0.740
2020-02-02 14:00,0.797
2020-02-02 15:00,0.819
2020-02-02 16:00,0.824
2020-02-02 17:00,0.821
2020-02-02 18:00,0.828
2020-02-02 19:00,0.811
2020-02-02 20:00,0.795
2020-02-02 21:00,0.806
2020-02-02 22:00,0.839
2020-02-02 23:00,0.862
2020-02-03 00:00,0.880
2020-02-03 01:00,0.895
2020-02-03 02:00,0.903
2020-02-03 03:00,0.902
2020-02-03 04:00,0.900
2020-02-03 05:00,0.887
2020-02-03 06:00,0.880
2020-02-03 07:00,0.869
2020-02-03 08:00,0.854
2020-02-03 09:00,0.826
2020-02-03 10:00,0.864
2020-02-03 11:00,0.920
2020-02-03 12:00,0.920
2020-02-03 13:00,0.901
2020-02-03 14:00,0.862
2020-02-03 15:00,0.830
2020-02-03 16:00,0.817
2020-02-03 17:00,0.814
2020-02-03 18:00,0.829
2020-02-03 19:00,0.855
2020-02-03 20:00,0.877
2020-02-03 21:00,0.886
2020-02-03 22:00,0.887
2020-02-03 23:00,0.897
2020-02-04 00:00,0.917
2020-02-04 01:00,0.936
2020-02-04 02:00,0.955
2020-02-04 03:00,0.966
2020-02-04 04:00,0.976
2020-02-04 05:00,0.977
2020-02-04 06:00,0.971
2020-02-04 07:00,0.963
2020-02-04 08:00,0.961
2020-02-04 09:00,0.958
2020-02-04 10:00,0.943
2020-02-04 11:00,0.907
2020-02-04 12:00,0.871
2020-02-04 13:00,0.818
2020-02-04 14:00,0.726
2020-02-04 15:00,0.648
2020-02-04 16:00,0.552
2020-02-04 17:00,0.424
2020-02-04 18:00,0.348
2020-02-04 19:00,0.314
2020-02-04 20:00,0.278
2020-02-04 21:00,0.227
2020-02-04 22:00,0.201
2020-02-04 23:00,0.194
2020-02-05 00:00,0.173
2020-02-05 01:00,0.134
2020-02-05 02:00,0.107
2020-02-05 03:00,0.109
2020-02-05 04:00,0.125
2020-02-05 05:00,0.126
2020-02-05 06:00,0.104
2020-02-05 07:00,0.093
2020-02-05 08:00,0.094
2020-02-05 09:00,0.085
2020-02-05 10:00,0.072
2020-02-05 11:00,0.086
2020-02-05 12:00,0.127
2020-02-05 13:00,0.169
2020-02-05 14:00,0.181
2020-02-05 15:00,0.226
2020-02-05 16:00,0.291
2020-02-05 17:00,0.309
2020-02-05 18:00,0.290
2020-02-05 19:00,0.251
2020-02-05 20:00,0.222
2020-02-05 21:00,0.214
2020-02-05 22:00,0.234
2020-02-05 23:00,0.266
2020-02-06 00:00,0.295
2020-02-06 01:00,0.309
2020-02-06 02:00,0.265
2020-02-06 03:00,0.194
2020-02-06 04:00,0.132
2020-02-06 05:00,0.088
2020-02-06 06:00,0.067
2020-02-06 07:00,0.054
2020-02-06 08:00,0.044
2020-02-06 09:00,0.032
2020-02-06 10:00,0.020
2020-02-06 11:00,0.014
2020-02-06 12:00,0.010
2020-02-06 13:00,0.009
2020-02-06 14:00,0.011
2020-02-06 15:00,0.028
2020-02-06 16:00,0.063
2020-02-06 17:00,0.115
2020-02-06 18:00,0.179
2020-02-06 19:00,0.235
2020-02-06 20:00,0.285
2020-02-06 21:00,0.309
2020-02-06 22:00,0.317
2020-02-06 23:00,0.312
2020-02-07 00:00,0.262
2020-02-07 01:00,0.205
2020-02-07 02:00,0.205
2020-02-07 03:00,0.206
2020-02-07 04:00,0.219
2020-02-07 05:00,0.238
2020-02-07 06:00,0.254
2020-02-07 07:00,0.265
2020-02-07 08:00,0.309
2020-02-07 09:00,0.440
2020-02-07 10:00,0.544
2020-02-07 11:00,0.584
2020-02-07 12:00,0.643
2020-02-07 13:00,0.664
2020-02-07 14:00,0.658
2020-02-07 15:00,0.663
2020-02-07 16:00,0.669
2020-02-07 17:00,0.649
2020-02-07 18:00,0.696
2020-02-07 19:00,0.718
2020-02-07 20:00,0.762
2020-02-07 21:00,0.819
2020-02-07 22:00,0.847
2020-02-07 23:00,0.883
2020-02-08 00:00,0.900
2020-02-08 01:00,0.901
2020-02-08 02:00,0.865
2020-02-08 03:00,0.807
2020-02-08 04:00,0.788
2020-02-08 05:00,0.716
2020-02-08 06:00,0.625
2020-02-08 07:00,0.606
2020-02-08 08:00,0.565
2020-02-08 09:00,0.505
2020-02-08 10:00,0.527
2020-02-08 11:00,0.689
2020-02-08 12:00,0.776
2020-02-08 13:00,0.827
2020-02-08 14:00,0.866
2020-02-08 15:00,0.892
2020-02-08 16:00,0.921
2020-02-08 17:00,0.945
2020-02-08 18:00,0.961
2020-02-08 19:00,0.972
2020-02-08 20:00,0.980
2020-02-08 21:00,0.987
2020-02-08 22:00,0.991
2020-02-08 23:00,0.993
2020-02-09 00:00,0.991
2020-02-09 01:00,0.987
2020-02-09 02:00,0.985
2020-02-09 03:00,0.982
2020-02-09 04:00,0.982
2020-02-09 05:00,0.978
2020-02-09 06:00,0.972
2020-02-09 07:00,0.970
2020-02-09 08:00,0.980
2020-02-09 09:00,0.989
2020-02-09 10:00,0.990
2020-02-09 11:00,0.992
2020-02-09 12:00,0.992
2020-02-09 13:00,0.991
2020-02-09 14:00,0.992
2020-02-09 15:00,0.993
2020-02-09 16:00,0.993
2020-02-09 17:00,0.990
2020-02-09 18:00,0.986
2020-02-09 19:00,0.975
2020-02-09 20:00,0.958
2020-02-09 21:00,0.945
2020-02-09 22:00,0.943
2020-02-09 23:00,0.950
2020-02-10 00:00,0.963
2020-02-10 01:00,0.977
2020-02-10 02:00,0.987
2020-02-10 03:00,0.988
2020-02-10 04:00,0.984
2020-02-10 05:00,0.982
2020-02-10 06:00,0.978
2020-02-10 07:00,0.975
2020-02-10 08:00,0.976
2020-02-10 09:00,0.979
2020-02-10 10:00,0.979
2020-02-10 11:00,0.977
2020-02-10 12:00,0.965
2020-02-10 13:00,0.943
2020-02-10 14:00,0.847
2020-02-10 15:00,0.725
2020-02-10 16:00,0.765
2020-02-10 17:00,0.902
2020-02-10 18:00,0.975
2020-02-10 19:00,0.988
2020-02-10 20:00,0.992
2020-02-10 21:00,0.993
2020-02-10 22:00,0.993
2020-02-10 23:00,0.993
2020-02-11 00:00,0.993
2020-02-11 01:00,0.993
2020-02-11 02:00,0.993
2020-02-11 03:00,0.993
2020-02-11 04:00,0.990
2020-02-11 05:00,0.988
2020-02-11 06:00,0.981
2020-02-11 07:00,0.974
2020-02-11 08:00,0.970
2020-02-11 09:00,0.973
2020-02-11 10:00,0.976
2020-02-11 11:00,0.980
2020-02-11 12:00,0.985
2020-02-11 13:00,0.986
2020-02-11 14:00,0.985
2020-02-11 15:00,0.983
2020-02-11 16:00,0.982
2020-02-11 17:00,0.980
2020-02-11 18:00,0.980
2020-02-11 19:00,0.980
2020-02-11 20:00,0.980
2020-02-11 21:00,0.979
2020-02-11 22:00,0.977
2020-02-11 23:00,0.974
2020-02-12 00:00,0.970
2020-02-12 01:00,0.963
2020-02-12 02:00,0.955
2020-02-12 03:00,0.945
2020-02-12 04:00,0.934
2020-02-12 05:00,0.925
2020-02-12 06:00,0.911
2020-02-12 07:00,0.887
2020-02-12 08:00,0.867
2020-02-12 09:00,0.855
2020-02-12 10:00,0.862
2020-02-12 11:00,0.883
2020-02-12 12:00,0.881
2020-02-12 13:00,0.863
2020-02-12 14:00,0.814
2020-02-12 15:00,0.724
2020-02-12 16:00,0.657
2020-02-12 17:00,0.539
2020-02-12 18:00,0.457
2020-02-12 19:00,0.430
2020-02-12 20:00,0.446
2020-02-12 21:00,0.472
2020-02-12 22:00,0.434
2020-02-12 23:00,0.419
2020-02-13 00:00,0.449
2020-02-13 01:00,0.495
2020-02-13 02:00,0.621
2020-02-13 03:00,0.776
2020-02-13 04:00,0.760
2020-02-13 05:00,0.682
2020-02-13 06:00,0.510
2020-02-13 07:00,0.388
2020-02-13 08:00,0.235
2020-02-13 09:00,0.125
2020-02-13 10:00,0.077
2020-02-13 11:00,0.088
2020-02-13 12:00,0.227
2020-02-13 13:00,0.408
2020-02-13 14:00,0.463
2020-02-13 15:00,0.417
2020-02-13 16:00,0.418
2020-02-13 17:00,0.450
2020-02-13 18:00,0.423
2020-02-13 19:00,0.367
2020-02-13 20:00,0.345
2020-02-13 21:00,0.300
2020-02-13 22:00,0.228
2020-02-13 23:00,0.146
2020-02-14 00:00,0.071
2020-02-14 01:00,0.023
2020-02-14 02:00,0.035
2020-02-14 03:00,0.090
2020-02-14 04:00,0.180
2020-02-14 05:00,0.266
2020-02-14 06:00,0.365
2020-02-14 07:00,0.474
2020-02-14 08:00,0.588
2020-02-14 09:00,0.677
2020-02-14 10:00,0.777
2020-02-14 11:00,0.848
2020-02-14 12:00,0.901
2020-02-14 13:00,0.908
2020-02-14 14:00,0.891
2020-02-14 15:00,0.843
2020-02-14 16:00,0.782
2020-02-14 17:00,0.740
2020-02-14 18:00,0.724
2020-02-14 19:00,0.640
2020-02-14 20:00,0.571
2020-02-14 21:00,0.476
2020-02-14 22:00,0.410
2020-02-14 23:00,0.374
2020-02-15 00:00,0.348
2020-02-15 01:00,0.300
2020-02-15 02:00,0.273
2020-02-15 03:00,0.281
2020-02-15 04:00,0.357
2020-02-15 05:00,0.495
2020-02-15 06:00,0.637
2020-02-15 07:00,0.808
2020-02-15 08:00,0.928
2020-02-15 09:00,0.966
2020-02-15 10:00,0.977
2020-02-15 11:00,0.983
2020-02-15 12:00,0.992
2020-02-15 13:00,0.993
2020-02-15 14:00,0.990
2020-02-15 15:00,0.991
2020-02-15 16:00,0.988
2020-02-15 17:00,0.991
2020-02-15 18:00,0.993
2020-02-15 19:00,0.988
2020-02-15 20:00,0.979
2020-02-15 21:00,0.967
2020-02-15 22:00,0.943
2020-02-15 23:00,0.940
2020-02-16 00:00,0.971
2020-02-16 01:00,0.980
2020-02-16 02:00,0.960
2020-02-16 03:00,0.955
2020-02-16 04:00,0.960
2020-02-16 05:00,0.968
2020-02-16 06:00,0.975
2020-02-16 07:00,0.972
2020-02-16 08:00,0.969
2020-02-16 09:00,0.957
2020-02-16 10:00,0.956
2020-02-16 11:00,0.960
2020-02-16 12:00,0.956
2020-02-16 13:00,0.955
2020-02-16 14:00,0.960
2020-02-16 15:00,0.968
2020-02-16 16:00,0.975
2020-02-16 17:00,0.980
2020-02-16 18:00,0.982
2020-02-16 19:00,0.982
2020-02-16 20:00,0.984
2020-02-16 21:00,0.987
2020-02-16 22:00,0.990
2020-02-16 23:00,0.992
2020-02-17 00:00,0.993
2020-02-17 01:00,0.993
2020-02-17 02:00,0.992
2020-02-17 03:00,0.992
2020-02-17 04:00,0.988
2020-02-17 05:00,0.984
2020-02-17 06:00,0.974
2020-02-17 07:00,0.957
2020-02-17 08:00,0.928
2020-02-17 09:00,0.894
2020-02-17 10:00,0.879
2020-02-17 11:00,0.892
2020-02-17 12:00,0.900
2020-02-17 13:00,0.913
2020-02-17 14:00,0.922
2020-02-17 15:00,0.921
2020-02-17 16:00,0.916
2020-02-17 17:00,0.906
2020-02-17 18:00,0.909
2020-02-17 19:00,0.917
2020-02-17 20:00,0.924
2020-02-17 21:00,0.935
2020-02-17 22:00,0.942
2020-02-17 23:00,0.936
2020-02-18 00:00,0.924
2020-02-18 01:00,0.908
2020-02-18 02:00,0.889
2020-02-18 03:00,0.876
2020-02-18 04:00,0.869
2020-02-18 05:00,0.868
2020-02-18 06:00,0.869
2020-02-18 07:00,0.875
2020-02-18 08:00,0.869
2020-02-18 09:00,0.876
2020-02-18 10:00,0.887
2020-02-18 11:00,0.891
2020-02-18 12:00,0.888
2020-02-18 13:00,0.886
2020-02-18 14:00,0.900
2020-02-18 15:00,0.919
2020-02-18 16:00,0.904
2020-02-18 17:00,0.873
2020-02-18 18:00,0.850
2020-02-18 19:00,0.852
2020-02-18 20:00,0.861
2020-02-18 21:00,0.871
2020-02-18 22:00,0.883
2020-02-18 23:00,0.891
2020-02-19 00:00,0.894
2020-02-19 01:00,0.895
2020-02-19 02:00,0.893
2020-02-19 03:00,0.863
2020-02-19 04:00,0.806
2020-02-19 05:00,0.738
2020-02-19 06:00,0.640
2020-02-19 07:00,0.559
2020-02-19 08:00,0.520
2020-02-19 09:00,0.464
2020-02-19 10:00,0.529
2020-02-19 11:00,0.599
2020-02-19 12:00,0.591
2020-02-19 13:00,0.597
2020-02-19 14:00,0.645
2020-02-19 15:00,0.700
2020-02-19 16:00,0.751
2020-02-19 17:00,0.786
2020-02-19 18:00,0.805
2020-02-19 19:00,0.801
2020-02-19 20:00,0.796
2020-02-19 21:00,0.793
2020-02-19 22:00,0.788
2020-02-19 23:00,0.797
2020-02-20 00:00,0.791
2020-02-20 01:00,0.801
2020-02-20 02:00,0.838
2020-02-20 03:00,0.886
2020-02-20 04:00,0.918
2020-02-20 05:00,0.948
2020-02-20 06:00,0.962
2020-02-20 07:00,0.972
2020-02-20 08:00,0.970
2020-02-20 09:00,0.933
2020-02-20 10:00,0.892
2020-02-20 11:00,0.906
2020-02-20 12:00,0.907
2020-02-20 13:00,0.921
2020-02-20 14:00,0.919
2020-02-20 15:00,0.893
2020-02-20 16:00,0.897
2020-02-20 17:00,0.915
2020-02-20 18:00,0.924
2020-02-20 19:00,0.922
2020-02-20 20:00,0.919
2020-02-20 21:00,0.916
2020-02-20 22:00,0.908
2020-02-20 23:00,0.889
2020-02-21 00:00,0.876
2020-02-21 01:00,0.863
2020-02-21 02:00,0.839
2020-02-21 03:00,0.830
2020-02-21 04:00,0.820
2020-02-21 05:00,0.826
2020-02-21 06:00,0.853
2020-02-21 07:00,0.884
2020-02-21 08:00,0.913
2020-02-21 09:00,0.940
2020-02-21 10:00,0.968
2020-02-21 11:00,0.978
2020-02-21 12:00,0.977
2020-02-21 13:00,0.978
2020-02-21 14:00,0.976
2020-02-21 15:00,0.969
2020-02-21 16:00,0.966
2020-02-21 17:00,0.966
2020-02-21 18:00,0.970
2020-02-21 19:00,0.971
2020-02-21 20:00,0.976
2020-02-21 21:00,0.981
2020-02-21 22:00,0.985
2020-02-21 23:00,0.988
2020-02-22 00:00,0.992
2020-02-22 01:00,0.993
2020-02-22 02:00,0.993
2020-02-22 03:00,0.993
2020-02-22 04:00,0.992
2020-02-22 05:00,0.992
2020-02-22 06:00,0.991
2020-02-22 07:00,0.985
2020-02-22 08:00,0.979
2020-02-22 09:00,0.974
2020-02-22 10:00,0.977
2020-02-22 11:00,0.984
2020-02-22 12:00,0.986
2020-02-22 13:00,0.985
2020-02-22 14:00,0.983
2020-02-22 15:00,0.982
2020-02-22 16:00,0.967
2020-02-22 17:00,0.944
2020-02-22 18:00,0.924
2020-02-22 19:00,0.907
2020-02-22 20:00,0.898
2020-02-22 21:00,0.886
2020-02-22 22:00,0.858
2020-02-22 23:00,0.818
2020-02-23 00:00,0.737
2020-02-23 01:00,0.672
2020-02-23 02:00,0.630
2020-02-23 03:00,0.465
2020-02-23 04:00,0.270
2020-02-23 05:00,0.181
2020-02-23 06:00,0.215
2020-02-23 07:00,0.367
2020-02-23 08:00,0.530
2020-02-23 09:00,0.799
2020-02-23 10:00,0.907
2020-02-23 11:00,0.921
2020-02-23 12:00,0.932
2020-02-23 13:00,0.931
2020-02-23 14:00,0.933
2020-02-23 15:00,0.914
2020-02-23 16:00,0.879
2020-02-23 17:00,0.833
2020-02-23 18:00,0.761
2020-02-23 19:00,0.628
2020-02-23 20:00,0.481
2020-02-23 21:00,0.423
2020-02-23 22:00,0.357
2020-02-23 23:00,0.312
2020-02-24 00:00,0.284
2020-02-24 01:00,0.297
2020-02-24 02:00,0.268
2020-02-24 03:00,0.257
2020-02-24 04:00,0.413
2020-02-24 05:00,0.565
2020-02-24 06:00,0.616
2020-02-24 07:00,0.615
2020-02-24 08:00,0.647
2020-02-24 09:00,0.831
2020-02-24 10:00,0.902
2020-02-24 11:00,0.933
2020-02-24 12:00,0.956
2020-02-24 13:00,0.970
2020-02-24 14:00,0.977
2020-02-24 15:00,0.988
2020-02-24 16:00,0.989
2020-02-24 17:00,0.984
2020-02-24 18:00,0.977
2020-02-24 19:00,0.970
2020-02-24 20:00,0.957
2020-02-24 21:00,0.943
2020-02-24 22:00,0.926
2020-02-24 23:00,0.913
2020-02-25 00:00,0.901
2020-02-25 01:00,0.882
2020-02-25 02:00,0.859
2020-02-25 03:00,0.822
2020-02-25 04:00,0.789
2020-02-25 05:00,0.767
2020-02-25 06:00,0.741
2020-02-25 07:00,0.684
2020-02-25 08:00,0.587
2020-02-25 09:00,0.594
2020-02-25 10:00,0.669
2020-02-25 11:00,0.694
2020-02-25 12:00,0.696
2020-02-25 13:00,0.672
2020-02-25 14:00,0.581
2020-02-25 15:00,0.442
2020-02-25 16:00,0.396
2020-02-25 17:00,0.419
2020-02-25 18:00,0.403
2020-02-25 19:00,0.410
2020-02-25 20:00,0.419
2020-02-25 21:00,0.448
2020-02-25 22:00,0.492
2020-02-25 23:00,0.527
2020-02-26 00:00,0.574
2020-02-26 01:00,0.613
2020-02-26 02:00,0.635
2020-02-26 03:00,0.630
2020-02-26 04:00,0.610
2020-02-26 05:00,0.588
2020-02-26 06:00,0.597
2020-02-26 07:00,0.554
2020-02-26 08:00,0.469
2020-02-26 09:00,0.658
2020-02-26 10:00,0.789
2020-02-26 11:00,0.824
2020-02-26 12:00,0.828
2020-02-26 13:00,0.826
2020-02-26 14:00,0.806
2020-02-26 15:00,0.751
2020-02-26 16:00,0.680
2020-02-26 17:00,0.562
2020-02-26 18:00,0.470
2020-02-26 19:00,0.475
2020-02-26 20:00,0.460
2020-02-26 21:00,0.460
2020-02-26 22:00,0.436
2020-02-26 23:00,0.423
2020-02-27 00:00,0.367
2020-02-27 01:00,0.328
2020-02-27 02:00,0.291
2020-02-27 03:00,0.238
2020-02-27 04:00,0.181
2020-02-27 05:00,0.165
2020-02-27 06:00,0.178
2020-02-27 07:00,0.225
2020-02-27 08:00,0.309
2020-02-27 09:00,0.493
2020-02-27 10:00,0.669
2020-02-27 11:00,0.758
2020-02-27 12:00,0.811
2020-02-27 13:00,0.843
2020-02-27 14:00,0.855
2020-02-27 15:00,0.835
2020-02-27 16:00,0.809
2020-02-27 17:00,0.791
2020-02-27 18:00,0.681
2020-02-27 19:00,0.635
2020-02-27 20:00,0.635
2020-02-27 21:00,0.629
2020-02-27 22:00,0.610
2020-02-27 23:00,0.576
2020-02-28 00:00,0.497
2020-02-28 01:00,0.439
2020-02-28 02:00,0.411
2020-02-28 03:00,0.400
2020-02-28 04:00,0.383
2020-02-28 05:00,0.394
2020-02-28 06:00,0.410
2020-02-28 07:00,0.426
2020-02-28 08:00,0.416
2020-02-28 09:00,0.510
2020-02-28 10:00,0.746
2020-02-28 11:00,0.900
2020-02-28 12:00,0.910
2020-02-28 13:00,0.841
2020-02-28 14:00,0.764
2020-02-28 15:00,0.734
2020-02-28 16:00,0.729
2020-02-28 17:00,0.741
2020-02-28 18:00,0.787
2020-02-28 19:00,0.796
2020-02-28 20:00,0.792
2020-02-28 21:00,0.783
2020-02-28 22:00,0.752
2020-02-28 23:00,0.758
2020-02-29 00:00,0.799
2020-02-29 01:00,0.835
2020-02-29 02:00,0.876
2020-02-29 03:00,0.912
2020-02-29 04:00,0.930
2020-02-29 05:00,0.936
2020-02-29 06:00,0.907
2020-02-29 07:00,0.901
2020-02-29 08:00,0.847
2020-02-29 09:00,0.777
2020-02-29 10:00,0.871
2020-02-29 11:00,0.915
2020-02-29 12:00,0.925
2020-02-29 13:00,0.923
2020-02-29 14:00,0.929
2020-02-29 15:00,0.939
2020-02-29 16:00,0.950
2020-02-29 17:00,0.971
2020-02-29 18:00,0.984
2020-02-29 19:00,0.990
2020-02-29 20:00,0.992
2020-02-29 21:00,0.992
2020-02-29 22:00,0.992
2020-02-29 23:00,0.991
2020-03-01 00:00,0.987
2020-03-01 01:00,0.984
2020-03-01 02:00,0.980
2020-03-01 03:00,0.977
2020-03-01 04:00,0.975
2020-03-01 05:00,0.973
2020-03-01 06:00,0.970
2020-03-01 07:00,0.963
2020-03-01 08:00,0.955
2020-03-01 09:00,0.954
2020-03-01 10:00,0.957
2020-03-01 11:00,0.953
2020-03-01 12:00,0.947
2020-03-01 13:00,0.933
2020-03-01 14:00,0.908
2020-03-01 15:00,0.863
2020-03-01 16:00,0.803
2020-03-01 17:00,0.767
2020-03-01 18:00,0.746
2020-03-01 19:00,0.652
2020-03-01 20:00,0.555
2020-03-01 21:00,0.514
2020-03-01 22:00,0.511
2020-03-01 23:00,0.442
2020-03-02 00:00,0.324
2020-03-02 01:00,0.231
2020-03-02 02:00,0.170
2020-03-02 03:00,0.141
2020-03-02 04:00,0.136
2020-03-02 05:00,0.160
2020-03-02 06:00,0.194
2020-03-02 07:00,0.227
2020-03-02 08:00,0.257
2020-03-02 09:00,0.422
2020-03-02 10:00,0.497
2020-03-02 11:00,0.546
2020-03-02 12:00,0.607
2020-03-02 13:00,0.655
2020-03-02 14:00,0.668
2020-03-02 15:00,0.616
2020-03-02 16:00,0.510
2020-03-02 17:00,0.483
2020-03-02 18:00,0.505
2020-03-02 19:00,0.553
2020-03-02 20:00,0.594
2020-03-02 21:00,0.609
2020-03-02 22:00,0.606
2020-03-02 23:00,0.574
2020-03-03 00:00,0.513
2020-03-03 01:00,0.491
2020-03-03 02:00,0.476
2020-03-03 03:00,0.448
2020-03-03 04:00,0.416
2020-03-03 05:00,0.440
2020-03-03 06:00,0.417
2020-03-03 07:00,0.427
2020-03-03 08:00,0.426
2020-03-03 09:00,0.476
2020-03-03 10:00,0.574
2020-03-03 11:00,0.689
2020-03-03 12:00,0.761
2020-03-03 13:00,0.803
2020-03-03 14:00,0.819
2020-03-03 15:00,0.777
2020-03-03 16:00,0.773
2020-03-03 17:00,0.759
2020-03-03 18:00,0.692
2020-03-03 19:00,0.612
2020-03-03 20:00,0.556
2020-03-03 21:00,0.559
2020-03-03 22:00,0.549
2020-03-03 23:00,0.532
2020-03-04 00:00,0.502
2020-03-04 01:00,0.422
2020-03-04 02:00,0.341
2020-03-04 03:00,0.251
2020-03-04 04:00,0.182
2020-03-04 05:00,0.134
2020-03-04 06:00,0.091
2020-03-04 07:00,0.077
2020-03-04 08:00,0.042
2020-03-04 09:00,0.034
2020-03-04 10:00,0.053
2020-03-04 11:00,0.066
2020-03-04 12:00,0.074
2020-03-04 13:00,0.069
2020-03-04 14:00,0.061
2020-03-04 15:00,0.054
2020-03-04 16:00,0.051
2020-03-04 17:00,0.065
2020-03-04 18:00,0.058
2020-03-04 19:00,0.051
2020-03-04 20:00,0.055
2020-03-04 21:00,0.059
2020-03-04 22:00,0.066
2020-03-04 23:00,0.085
2020-03-05 00:00,0.116
2020-03-05 01:00,0.136
2020-03-05 02:00,0.148
2020-03-05 03:00,0.157
2020-03-05 04:00,0.160
2020-03-05 05:00,0.168
2020-03-05 06:00,0.158
2020-03-05 07:00,0.157
2020-03-05 08:00,0.186
2020-03-05 09:00,0.291
2020-03-05 10:00,0.333
2020-03-05 11:00,0.341
2020-03-05 12:00,0.342
2020-03-05 13:00,0.338
2020-03-05 14:00,0.324
2020-03-05 15:00,0.291
2020-03-05 16:00,0.248
2020-03-05 17:00,0.242
2020-03-05 18:00,0.221
2020-03-05 19:00,0.174
2020-03-05 20:00,0.126
2020-03-05 21:00,0.088
2020-03-05 22:00,0.061
2020-03-05 23:00,0.046
2020-03-06 00:00,0.037
2020-03-06 01:00,0.031
2020-03-06 02:00,0.032
2020-03-06 03:00,0.040
2020-03-06 04:00,0.050
2020-03-06 05:00,0.056
2020-03-06 06:00,0.054
2020-03-06 07:00,0.044
2020-03-06 08:00,0.022
2020-03-06 09:00,0.023
2020-03-06 10:00,0.027
2020-03-06 11:00,0.032
2020-03-06 12:00,0.043
2020-03-06 13:00,0.062
2020-03-06 14:00,0.081
2020-03-06 15:00,0.103
2020-03-06 16:00,0.130
2020-03-06 17:00,0.142
2020-03-06 18:00,0.224
2020-03-06 19:00,0.328
2020-03-06 20:00,0.373
2020-03-06 21:00,0.367
2020-03-06 22:00,0.416
2020-03-06 23:00,0.476
2020-03-07 00:00,0.497
2020-03-07 01:00,0.505
2020-03-07 02:00,0.490
2020-03-07 03:00,0.463
2020-03-07 04:00,0.438
2020-03-07 05:00,0.400
2020-03-07 06:00,0.382
2020-03-07 07:00,0.407
2020-03-07 08:00,0.473
2020-03-07 09:00,0.499
2020-03-07 10:00,0.616
2020-03-07 11:00,0.738
2020-03-07 12:00,0.811
2020-03-07 13:00,0.863
2020-03-07 14:00,0.881
2020-03-07 15:00,0.882
2020-03-07 16:00,0.897
2020-03-07 17:00,0.914
2020-03-07 18:00,0.922
2020-03-07 19:00,0.935
2020-03-07 20:00,0.952
2020-03-07 21:00,0.964
2020-03-07 22:00,0.971
2020-03-07 23:00,0.976
2020-03-08 00:00,0.977
2020-03-08 01:00,0.972
2020-03-08 02:00,0.953
2020-03-08 03:00,0.917
2020-03-08 04:00,0.869
2020-03-08 05:00,0.847
2020-03-08 06:00,0.855
2020-03-08 07:00,0.780
2020-03-08 08:00,0.700
2020-03-08 09:00,0.784
2020-03-08 10:00,0.843
2020-03-08 11:00,0.849
2020-03-08 12:00,0.849
2020-03-08 13:00,0.829
2020-03-08 14:00,0.762
2020-03-08 15:00,0.664
2020-03-08 16:00,0.597
2020-03-08 17:00,0.597
2020-03-08 18:00,0.556
2020-03-08 19:00,0.527
2020-03-08 20:00,0.544
2020-03-08 21:00,0.566
2020-03-08 22:00,0.592
2020-03-08 23:00,0.606
2020-03-09 00:00,0.588
2020-03-09 01:00,0.567
2020-03-09 02:00,0.591
2020-03-09 03:00,0.652
2020-03-09 04:00,0.702
2020-03-09 05:00,0.707
2020-03-09 06:00,0.700
2020-03-09 07:00,0.654
2020-03-09 08:00,0.616
2020-03-09 09:00,0.678
2020-03-09 10:00,0.679
2020-03-09 11:00,0.672
2020-03-09 12:00,0.663
2020-03-09 13:00,0.676
2020-03-09 14:00,0.711
2020-03-09 15:00,0.746
2020-03-09 16:00,0.820
2020-03-09 17:00,0.897
2020-03-09 18:00,0.934
2020-03-09 19:00,0.924
2020-03-09 20:00,0.911
2020-03-09 21:00,0.894
2020-03-09 22:00,0.853
2020-03-09 23:00,0.853
2020-03-10 00:00,0.868
2020-03-10 01:00,0.910
2020-03-10 02:00,0.905
2020-03-10 03:00,0.902
2020-03-10 04:00,0.904
2020-03-10 05:00,0.896
2020-03-10 06:00,0.863
2020-03-10 07:00,0.847
2020-03-10 08:00,0.837
2020-03-10 09:00,0.891
2020-03-10 10:00,0.955
2020-03-10 11:00,0.982
2020-03-10 12:00,0.988
2020-03-10 13:00,0.986
2020-03-10 14:00,0.982
2020-03-10 15:00,0.972
2020-03-10 16:00,0.965
2020-03-10 17:00,0.929
2020-03-10 18:00,0.817
2020-03-10 19:00,0.696
2020-03-10 20:00,0.599
2020-03-10 21:00,0.563
2020-03-10 22:00,0.550
2020-03-10 23:00,0.523
2020-03-11 00:00,0.476
2020-03-11 01:00,0.416
2020-03-11 02:00,0.364
2020-03-11 03:00,0.354
2020-03-11 04:00,0.375
2020-03-11 05:00,0.405
2020-03-11 06:00,0.468
2020-03-11 07:00,0.543
2020-03-11 08:00,0.697
2020-03-11 09:00,0.767
2020-03-11 10:00,0.869
2020-03-11 11:00,0.922
2020-03-11 12:00,0.934
2020-03-11 13:00,0.931
2020-03-11 14:00,0.917
2020-03-11 15:00,0.892
2020-03-11 16:00,0.893
2020-03-11 17:00,0.926
2020-03-11 18:00,0.956
2020-03-11 19:00,0.961
2020-03-11 20:00,0.955
2020-03-11 21:00,0.963
2020-03-11 22:00,0.973
2020-03-11 23:00,0.976
2020-03-12 00:00,0.980
2020-03-12 01:00,0.980
2020-03-12 02:00,0.965
2020-03-12 03:00,0.912
2020-03-12 04:00,0.871
2020-03-12 05:00,0.839
2020-03-12 06:00,0.807
2020-03-12 07:00,0.789
2020-03-12 08:00,0.845
2020-03-12 09:00,0.920
2020-03-12 10:00,0.949
2020-03-12 11:00,0.958
2020-03-12 12:00,0.966
2020-03-12 13:00,0.976
2020-03-12 14:00,0.982
2020-03-12 15:00,0.984
2020-03-12 16:00,0.984
2020-03-12 17:00,0.985
2020-03-12 18:00,0.984
2020-03-12 19:00,0.981
2020-03-12 20:00,0.973
2020-03-12 21:00,0.964
2020-03-12 22:00,0.956
2020-03-12 23:00,0.943
2020-03-13 00:00,0.927
2020-03-13 01:00,0.896
2020-03-13 02:00,0.834
2020-03-13 03:00,0.773
2020-03-13 04:00,0.696
2020-03-13 05:00,0.631
2020-03-13 06:00,0.524
2020-03-13 07:00,0.377
2020-03-13 08:00,0.256
2020-03-13 09:00,0.156
2020-03-13 10:00,0.085
2020-03-13 11:00,0.043
2020-03-13 12:00,0.022
2020-03-13 13:00,0.016
2020-03-13 14:00,0.029
2020-03-13 15:00,0.056
2020-03-13 16:00,0.107
2020-03-13 17:00,0.213
2020-03-13 18:00,0.338
2020-03-13 19:00,0.410
2020-03-13 20:00,0.428
2020-03-13 21:00,0.463
2020-03-13 22:00,0.461
2020-03-13 23:00,0.429
2020-03-14 00:00,0.400
2020-03-14 01:00,0.380
2020-03-14 02:00,0.339
2020-03-14 03:00,0.328
2020-03-14 04:00,0.384
2020-03-14 05:00,0.426
2020-03-14 06:00,0.453
2020-03-14 07:00,0.410
2020-03-14 08:00,0.340
2020-03-14 09:00,0.285
2020-03-14 10:00,0.294
2020-03-14 11:00,0.384
2020-03-14 12:00,0.502
2020-03-14 13:00,0.615
2020-03-14 14:00,0.641
2020-03-14 15:00,0.635
2020-03-14 16:00,0.674
2020-03-14 17:00,0.725
2020-03-14 18:00,0.805
2020-03-14 19:00,0.849
2020-03-14 20:00,0.880
2020-03-14 21:00,0.908
2020-03-14 22:00,0.932
2020-03-14 23:00,0.942
2020-03-15 00:00,0.941
2020-03-15 01:00,0.932
2020-03-15 02:00,0.908
2020-03-15 03:00,0.878
2020-03-15 04:00,0.862
2020-03-15 05:00,0.793
2020-03-15 06:00,0.738
2020-03-15 07:00,0.661
2020-03-15 08:00,0.678
2020-03-15 09:00,0.710
2020-03-15 10:00,0.721
2020-03-15 11:00,0.732
2020-03-15 12:00,0.744
2020-03-15 13:00,0.742
2020-03-15 14:00,0.726
2020-03-15 15:00,0.705
2020-03-15 16:00,0.609
2020-03-15 17:00,0.567
2020-03-15 18:00,0.541
2020-03-15 19:00,0.549
2020-03-15 20:00,0.565
2020-03-15 21:00,0.549
2020-03-15 22:00,0.510
2020-03-15 23:00,0.435
2020-03-16 00:00,0.338
2020-03-16 01:00,0.251
2020-03-16 02:00,0.179
2020-03-16 03:00,0.105
2020-03-16 04:00,0.059
2020-03-16 05:00,0.069
2020-03-16 06:00,0.098
2020-03-16 07:00,0.110
2020-03-16 08:00,0.145
2020-03-16 09:00,0.199
2020-03-16 10:00,0.224
2020-03-16 11:00,0.270
2020-03-16 12:00,0.340
2020-03-16 13:00,0.439
2020-03-16 14:00,0.524
2020-03-16 15:00,0.577
2020-03-16 16:00,0.618
2020-03-16 17:00,0.704
2020-03-16 18:00,0.724
2020-03-16 19:00,0.648
2020-03-16 20:00,0.642
2020-03-16 21:00,0.655
2020-03-16 22:00,0.669
2020-03-16 23:00,0.669
2020-03-17 00:00,0.681
2020-03-17 01:00,0.692
2020-03-17 02:00,0.676
2020-03-17 03:00,0.693
2020-03-17 04:00,0.733
2020-03-17 05:00,0.674
2020-03-17 06:00,0.627
2020-03-17 07:00,0.574
2020-03-17 08:00,0.501
2020-03-17 09:00,0.575
2020-03-17 10:00,0.673
2020-03-17 11:00,0.715
2020-03-17 12:00,0.746
2020-03-17 13:00,0.746
2020-03-17 14:00,0.752
2020-03-17 15:00,0.801
2020-03-17 16:00,0.884
2020-03-17 17:00,0.927
2020-03-17 18:00,0.948
2020-03-17 19:00,0.961
2020-03-17 20:00,0.965
2020-03-17 21:00,0.968
2020-03-17 22:00,0.960
2020-03-17 23:00,0.929
2020-03-18 00:00,0.876
2020-03-18 01:00,0.767
2020-03-18 02:00,0.602
2020-03-18 03:00,0.399
2020-03-18 04:00,0.301
2020-03-18 05:00,0.207
2020-03-18 06:00,0.163
2020-03-18 07:00,0.166
2020-03-18 08:00,0.175
2020-03-18 09:00,0.145
2020-03-18 10:00,0.127
2020-03-18 11:00,0.160
2020-03-18 12:00,0.223
2020-03-18 13:00,0.238
2020-03-18 14:00,0.211
2020-03-18 15:00,0.203
2020-03-18 16:00,0.201
2020-03-18 17:00,0.204
2020-03-18 18:00,0.206
2020-03-18 19:00,0.194
2020-03-18 20:00,0.187
2020-03-18 21:00,0.176
2020-03-18 22:00,0.169
2020-03-18 23:00,0.158
2020-03-19 00:00,0.155
2020-03-19 01:00,0.168
2020-03-19 02:00,0.172
2020-03-19 03:00,0.169
2020-03-19 04:00,0.151
2020-03-19 05:00,0.112
2020-03-19 06:00,0.076
2020-03-19 07:00,0.046
2020-03-19 08:00,0.025
2020-03-19 09:00,0.028
2020-03-19 10:00,0.026
2020-03-19 11:00,0.023
2020-03-19 12:00,0.022
2020-03-19 13:00,0.023
2020-03-19 14:00,0.028
2020-03-19 15:00,0.037
2020-03-19 16:00,0.049
2020-03-19 17:00,0.062
2020-03-19 18:00,0.081
2020-03-19 19:00,0.093
2020-03-19 20:00,0.096
2020-03-19 21:00,0.095
2020-03-19 22:00,0.097
2020-03-19 23:00,0.119
2020-03-20 00:00,0.167
2020-03-20 01:00,0.239
2020-03-20 02:00,0.307
2020-03-20 03:00,0.311
2020-03-20 04:00,0.283
2020-03-20 05:00,0.262
2020-03-20 06:00,0.261
2020-03-20 07:00,0.307
2020-03-20 08:00,0.439
2020-03-20 09:00,0.506
2020-03-20 10:00,0.542
2020-03-20 11:00,0.582
2020-03-20 12:00,0.621
2020-03-20 13:00,0.646
2020-03-20 14:00,0.655
2020-03-20 15:00,0.655
2020-03-20 16:00,0.640
2020-03-20 17:00,0.607
2020-03-20 18:00,0.580
2020-03-20 19:00,0.546
2020-03-20 20:00,0.530
2020-03-20 21:00,0.541
2020-03-20 22:00,0.549
2020-03-20 23:00,0.539
2020-03-21 00:00,0.577
2020-03-21 01:00,0.546
2020-03-21 02:00,0.539
2020-03-21 03:00,0.553
2020-03-21 04:00,0.577
2020-03-21 05:00,0.592
2020-03-21 06:00,0.592
2020-03-21 07:00,0.604
2020-03-21 08:00,0.731
2020-03-21 09:00,0.763
2020-03-21 10:00,0.777
2020-03-21 11:00,0.791
2020-03-21 12:00,0.795
2020-03-21 13:00,0.794
2020-03-21 14:00,0.791
2020-03-21 15:00,0.783
2020-03-21 16:00,0.758
2020-03-21 17:00,0.704
2020-03-21 18:00,0.657
2020-03-21 19:00,0.585
2020-03-21 20:00,0.548
2020-03-21 21:00,0.513
2020-03-21 22:00,0.496
2020-03-21 23:00,0.485
2020-03-22 00:00,0.499
2020-03-22 01:00,0.487
2020-03-22 02:00,0.486
2020-03-22 03:00,0.460
2020-03-22 04:00,0.439
2020-03-22 05:00,0.469
2020-03-22 06:00,0.491
2020-03-22 07:00,0.361
2020-03-22 08:00,0.430
2020-03-22 09:00,0.454
2020-03-22 10:00,0.333
2020-03-22 11:00,0.243
2020-03-22 12:00,0.217
2020-03-22 13:00,0.243
2020-03-22 14:00,0.302
2020-03-22 15:00,0.377
2020-03-22 16:00,0.419
2020-03-22 17:00,0.473
2020-03-22 18:00,0.583
2020-03-22 19:00,0.568
2020-03-22 20:00,0.511
2020-03-22 21:00,0.473
2020-03-22 22:00,0.502
2020-03-22 23:00,0.623
2020-03-23 00:00,0.661
2020-03-23 01:00,0.640
2020-03-23 02:00,0.590
2020-03-23 03:00,0.513
2020-03-23 04:00,0.432
2020-03-23 05:00,0.377
2020-03-23 06:00,0.341
2020-03-23 07:00,0.285
2020-03-23 08:00,0.314
2020-03-23 09:00,0.374
2020-03-23 10:00,0.383
2020-03-23 11:00,0.419
2020-03-23 12:00,0.476
2020-03-23 13:00,0.540
2020-03-23 14:00,0.549
2020-03-23 15:00,0.485
2020-03-23 16:00,0.413
2020-03-23 17:00,0.460
2020-03-23 18:00,0.600
2020-03-23 19:00,0.655
2020-03-23 20:00,0.619
2020-03-23 21:00,0.562
2020-03-23 22:00,0.532
2020-03-23 23:00,0.520
2020-03-24 00:00,0.502
2020-03-24 01:00,0.499
2020-03-24 02:00,0.523
2020-03-24 03:00,0.549
2020-03-24 04:00,0.530
2020-03-24 05:00,0.502
2020-03-24 06:00,0.486
2020-03-24 07:00,0.393
2020-03-24 08:00,0.387
2020-03-24 09:00,0.482
2020-03-24 10:00,0.525
2020-03-24 11:00,0.564
2020-03-24 12:00,0.576
2020-03-24 13:00,0.604
2020-03-24 14:00,0.657
2020-03-24 15:00,0.654
2020-03-24 16:00,0.616
2020-03-24 17:00,0.618
2020-03-24 18:00,0.622
2020-03-24 19:00,0.645
2020-03-24 20:00,0.608
2020-03-24 21:00,0.549
2020-03-24 22:00,0.483
2020-03-24 23:00,0.451
2020-03-25 00:00,0.410
2020-03-25 01:00,0.360
2020-03-25 02:00,0.324
2020-03-25 03:00,0.303
2020-03-25 04:00,0.291
2020-03-25 05:00,0.278
2020-03-25 06:00,0.239
2020-03-25 07:00,0.123
2020-03-25 08:00,0.058
2020-03-25 09:00,0.058
2020-03-25 10:00,0.077
2020-03-25 11:00,0.071
2020-03-25 12:00,0.073
2020-03-25 13:00,0.081
2020-03-25 14:00,0.091
2020-03-25 15:00,0.098
2020-03-25 16:00,0.113
2020-03-25 17:00,0.158
2020-03-25 18:00,0.193
2020-03-25 19:00,0.198
2020-03-25 20:00,0.199
2020-03-25 21:00,0.217
2020-03-25 22:00,0.241
2020-03-25 23:00,0.248
2020-03-26 00:00,0.235
2020-03-26 01:00,0.195
2020-03-26 02:00,0.133
2020-03-26 03:00,0.067
2020-03-26 04:00,0.027
2020-03-26 05:00,0.019
2020-03-26 06:00,0.027
2020-03-26 07:00,0.043
2020-03-26 08:00,0.039
2020-03-26 09:00,0.072
2020-03-26 10:00,0.124
2020-03-26 11:00,0.158
2020-03-26 12:00,0.169
2020-03-26 13:00,0.155
2020-03-26 14:00,0.134
2020-03-26 15:00,0.122
2020-03-26 16:00,0.139
2020-03-26 17:00,0.224
2020-03-26 18:00,0.351
2020-03-26 19:00,0.416
2020-03-26 20:00,0.416
2020-03-26 21:00,0.395
2020-03-26 22:00,0.358
2020-03-26 23:00,0.300
2020-03-27 00:00,0.230
2020-03-27 01:00,0.158
2020-03-27 02:00,0.123
2020-03-27 03:00,0.104
2020-03-27 04:00,0.103
2020-03-27 05:00,0.113
2020-03-27 06:00,0.118
2020-03-27 07:00,0.117
2020-03-27 08:00,0.157
2020-03-27 09:00,0.205
2020-03-27 10:00,0.246
2020-03-27 11:00,0.273
2020-03-27 12:00,0.285
2020-03-27 13:00,0.297
2020-03-27 14:00,0.324
2020-03-27 15:00,0.380
2020-03-27 16:00,0.448
2020-03-27 17:00,0.497
2020-03-27 18:00,0.556
2020-03-27 19:00,0.559
2020-03-27 20:00,0.540
2020-03-27 21:00,0.508
2020-03-27 22:00,0.447
2020-03-27 23:00,0.463
2020-03-28 00:00,0.481
2020-03-28 01:00,0.525
2020-03-28 02:00,0.597
2020-03-28 03:00,0.661
2020-03-28 04:00,0.710
2020-03-28 05:00,0.693
2020-03-28 06:00,0.622
2020-03-28 07:00,0.634
2020-03-28 08:00,0.732
2020-03-28 09:00,0.762
2020-03-28 10:00,0.757
2020-03-28 11:00,0.756
2020-03-28 12:00,0.769
2020-03-28 13:00,0.793
2020-03-28 14:00,0.824
2020-03-28 15:00,0.845
2020-03-28 16:00,0.844
2020-03-28 17:00,0.831
2020-03-28 18:00,0.819
2020-03-28 19:00,0.797
2020-03-28 20:00,0.792
2020-03-28 21:00,0.803
2020-03-28 22:00,0.795
2020-03-28 23:00,0.795
2020-03-29 00:00,0.791
2020-03-29 01:00,0.772
2020-03-29 02:00,0.772
2020-03-29 03:00,0.797
2020-03-29 04:00,0.819
2020-03-29 05:00,0.834
2020-03-29 06:00,0.831
2020-03-29 07:00,0.824
2020-03-29 08:00,0.883
2020-03-29 09:00,0.902
2020-03-29 10:00,0.886
2020-03-29 11:00,0.862
2020-03-29 12:00,0.817
2020-03-29 13:00,0.765
2020-03-29 14:00,0.718
2020-03-29 15:00,0.683
2020-03-29 16:00,0.639
2020-03-29 17:00,0.551
2020-03-29 18:00,0.482
2020-03-29 19:00,0.381
2020-03-29 20:00,0.303
2020-03-29 21:00,0.281
2020-03-29 22:00,0.370
2020-03-29 23:00,0.445
2020-03-30 00:00,0.482
2020-03-30 01:00,0.480
2020-03-30 02:00,0.490
2020-03-30 03:00,0.475
2020-03-30 04:00,0.449
2020-03-30 05:00,0.405
2020-03-30 06:00,0.348
2020-03-30 07:00,0.318
2020-03-30 08:00,0.448
2020-03-30 09:00,0.585
2020-03-30 10:00,0.620
2020-03-30 11:00,0.640
2020-03-30 12:00,0.658
2020-03-30 13:00,0.664
2020-03-30 14:00,0.663
2020-03-30 15:00,0.666
2020-03-30 16:00,0.612
2020-03-30 17:00,0.506
2020-03-30 18:00,0.493
2020-03-30 19:00,0.470
2020-03-30 20:00,0.479
2020-03-30 21:00,0.474
2020-03-30 22:00,0.406
2020-03-30 23:00,0.318
2020-03-31 00:00,0.251
2020-03-31 01:00,0.229
2020-03-31 02:00,0.257
2020-03-31 03:00,0.235
2020-03-31 04:00,0.235
2020-03-31 05:00,0.243
2020-03-31 06:00,0.224
2020-03-31 07:00,0.164
2020-03-31 08:00,0.181
2020-03-31 09:00,0.165
2020-03-31 10:00,0.137
2020-03-31 11:00,0.112
2020-03-31 12:00,0.094
2020-03-31 13:00,0.080
2020-03-31 14:00,0.067
2020-03-31 15:00,0.055
2020-03-31 16:00,0.044
2020-03-31 17:00,0.041
2020-03-31 18:00,0.041
2020-03-31 19:00,0.037
2020-03-31 20:00,0.037
2020-03-31 21:00,0.048
2020-03-31 22:00,0.083
2020-03-31 23:00,0.131
2020-04-01 00:00,0.188
2020-04-01 01:00,0.255
2020-04-01 02:00,0.314
2020-04-01 03:00,0.332
2020-04-01 04:00,0.322
2020-04-01 05:00,0.315
2020-04-01 06:00,0.253
2020-04-01 07:00,0.184
2020-04-01 08:00,0.189
2020-04-01 09:00,0.220
2020-04-01 10:00,0.224
2020-04-01 11:00,0.240
2020-04-01 12:00,0.266
2020-04-01 13:00,0.304
2020-04-01 14:00,0.352
2020-04-01 15:00,0.397
2020-04-01 16:00,0.420
2020-04-01 17:00,0.396
2020-04-01 18:00,0.462
2020-04-01 19:00,0.496
2020-04-01 20:00,0.479
2020-04-01 21:00,0.489
2020-04-01 22:00,0.500
2020-04-01 23:00,0.513
2020-04-02 00:00,0.523
2020-04-02 01:00,0.534
2020-04-02 02:00,0.559
2020-04-02 03:00,0.597
2020-04-02 04:00,0.631
2020-04-02 05:00,0.674
2020-04-02 06:00,0.700
2020-04-02 07:00,0.768
2020-04-02 08:00,0.859
2020-04-02 09:00,0.914
2020-04-02 10:00,0.934
2020-04-02 11:00,0.938
2020-04-02 12:00,0.936
2020-04-02 13:00,0.927
2020-04-02 14:00,0.912
2020-04-02 15:00,0.886
2020-04-02 16:00,0.823
2020-04-02 17:00,0.742
2020-04-02 18:00,0.684
2020-04-02 19:00,0.633
2020-04-02 20:00,0.589
2020-04-02 21:00,0.559
2020-04-02 22:00,0.520
2020-04-02 23:00,0.519
2020-04-03 00:00,0.516
2020-04-03 01:00,0.510
2020-04-03 02:00,0.503
2020-04-03 03:00,0.488
2020-04-03 04:00,0.473
2020-04-03 05:00,0.442
2020-04-03 06:00,0.361
2020-04-03 07:00,0.249
2020-04-03 08:00,0.314
2020-04-03 09:00,0.333
2020-04-03 10:00,0.368
2020-04-03 11:00,0.427
2020-04-03 12:00,0.490
2020-04-03 13:00,0.532
2020-04-03 14:00,0.536
2020-04-03 15:00,0.524
2020-04-03 16:00,0.486
2020-04-03 17:00,0.368
2020-04-03 18:00,0.309
2020-04-03 19:00,0.314
2020-04-03 20:00,0.342
2020-04-03 21:00,0.374
2020-04-03 22:00,0.403
2020-04-03 23:00,0.449
2020-04-04 00:00,0.450
2020-04-04 01:00,0.432
2020-04-04 02:00,0.406
2020-04-04 03:00,0.333
2020-04-04 04:00,0.263
2020-04-04 05:00,0.184
2020-04-04 06:00,0.138
2020-04-04 07:00,0.141
2020-04-04 08:00,0.188
2020-04-04 09:00,0.323
2020-04-04 10:00,0.430
2020-04-04 11:00,0.479
2020-04-04 12:00,0.488
2020-04-04 13:00,0.487
2020-04-04 14:00,0.483
2020-04-04 15:00,0.434
2020-04-04 16:00,0.336
2020-04-04 17:00,0.400
2020-04-04 18:00,0.581
2020-04-04 19:00,0.658
2020-04-04 20:00,0.666
2020-04-04 21:00,0.624
2020-04-04 22:00,0.581
2020-04-04 23:00,0.564
2020-04-05 00:00,0.572
2020-04-05 01:00,0.562
2020-04-05 02:00,0.574
2020-04-05 03:00,0.569
2020-04-05 04:00,0.544
2020-04-05 05:00,0.513
2020-04-05 06:00,0.490
2020-04-05 07:00,0.429
2020-04-05 08:00,0.499
2020-04-05 09:00,0.772
2020-04-05 10:00,0.826
2020-04-05 11:00,0.843
2020-04-05 12:00,0.840
2020-04-05 13:00,0.837
2020-04-05 14:00,0.827
2020-04-05 15:00,0.833
2020-04-05 16:00,0.843
2020-04-05 17:00,0.862
2020-04-05 18:00,0.863
2020-04-05 19:00,0.816
2020-04-05 20:00,0.774
2020-04-05 21:00,0.774
2020-04-05 22:00,0.807
2020-04-05 23:00,0.855
2020-04-06 00:00,0.838
2020-04-06 01:00,0.775
2020-04-06 02:00,0.729
2020-04-06 03:00,0.677
2020-04-06 04:00,0.675
2020-04-06 05:00,0.671
2020-04-06 06:00,0.556
2020-04-06 07:00,0.510
2020-04-06 08:00,0.599
2020-04-06 09:00,0.643
2020-04-06 10:00,0.651
2020-04-06 11:00,0.658
2020-04-06 12:00,0.643
2020-04-06 13:00,0.617
2020-04-06 14:00,0.604
2020-04-06 15:00,0.583
2020-04-06 16:00,0.517
2020-04-06 17:00,0.370
2020-04-06 18:00,0.304
2020-04-06 19:00,0.263
2020-04-06 20:00,0.222
2020-04-06 21:00,0.202
2020-04-06 22:00,0.204
2020-04-06 23:00,0.204
2020-04-07 00:00,0.198
2020-04-07 01:00,0.193
2020-04-07 02:00,0.182
2020-04-07 03:00,0.158
2020-04-07 04:00,0.135
2020-04-07 05:00,0.123
2020-04-07 06:00,0.114
2020-04-07 07:00,0.068
2020-04-07 08:00,0.098
2020-04-07 09:00,0.277
2020-04-07 10:00,0.337
2020-04-07 11:00,0.360
2020-04-07 12:00,0.370
2020-04-07 13:00,0.370
2020-04-07 14:00,0.358
2020-04-07 15:00,0.338
2020-04-07 16:00,0.276
2020-04-07 17:00,0.224
2020-04-07 18:00,0.229
2020-04-07 19:00,0.215
2020-04-07 20:00,0.188
2020-04-07 21:00,0.163
2020-04-07 22:00,0.142
2020-04-07 23:00,0.124
2020-04-08 00:00,0.109
2020-04-08 01:00,0.097
2020-04-08 02:00,0.083
2020-04-08 03:00,0.071
2020-04-08 04:00,0.059
2020-04-08 05:00,0.046
2020-04-08 06:00,0.035
2020-04-08 07:00,0.019
2020-04-08 08:00,0.014
2020-04-08 09:00,0.036
2020-04-08 10:00,0.054
2020-04-08 11:00,0.080
2020-04-08 12:00,0.104
2020-04-08 13:00,0.119
2020-04-08 14:00,0.122
2020-04-08 15:00,0.115
2020-04-08 16:00,0.103
2020-04-08 17:00,0.099
2020-04-08 18:00,0.125
2020-04-08 19:00,0.168
2020-04-08 20:00,0.204
2020-04-08 21:00,0.213
2020-04-08 22:00,0.194
2020-04-08 23:00,0.178
2020-04-09 00:00,0.172
2020-04-09 01:00,0.183
2020-04-09 02:00,0.208
2020-04-09 03:00,0.243
2020-04-09 04:00,0.270
2020-04-09 05:00,0.270
2020-04-09 06:00,0.208
2020-04-09 07:00,0.209
2020-04-09 08:00,0.217
2020-04-09 09:00,0.218
2020-04-09 10:00,0.202
2020-04-09 11:00,0.195
2020-04-09 12:00,0.204
2020-04-09 13:00,0.224
2020-04-09 14:00,0.258
2020-04-09 15:00,0.303
2020-04-09 16:00,0.335
2020-04-09 17:00,0.355
2020-04-09 18:00,0.383
2020-04-09 19:00,0.387
2020-04-09 20:00,0.327
2020-04-09 21:00,0.268
2020-04-09 22:00,0.228
2020-04-09 23:00,0.195
2020-04-10 00:00,0.182
2020-04-10 01:00,0.163
2020-04-10 02:00,0.141
2020-04-10 03:00,0.141
2020-04-10 04:00,0.155
2020-04-10 05:00,0.169
2020-04-10 06:00,0.175
2020-04-10 07:00,0.174
2020-04-10 08:00,0.178
2020-04-10 09:00,0.172
2020-04-10 10:00,0.186
2020-04-10 11:00,0.218
2020-04-10 12:00,0.235
2020-04-10 13:00,0.253
2020-04-10 14:00,0.268
2020-04-10 15:00,0.268
2020-04-10 16:00,0.232
2020-04-10 17:00,0.321
2020-04-10 18:00,0.475
2020-04-10 19:00,0.576
2020-04-10 20:00,0.591
2020-04-10 21:00,0.588
2020-04-10 22:00,0.554
2020-04-10 23:00,0.523
2020-04-11 00:00,0.488
2020-04-11 01:00,0.466
2020-04-11 02:00,0.432
2020-04-11 03:00,0.396
2020-04-11 04:00,0.363
2020-04-11 05:00,0.321
2020-04-11 06:00,0.226
2020-04-11 07:00,0.127
2020-04-11 08:00,0.099
2020-04-11 09:00,0.128
2020-04-11 10:00,0.153
2020-04-11 11:00,0.172
2020-04-11 12:00,0.207
2020-04-11 13:00,0.252
2020-04-11 14:00,0.293
2020-04-11 15:00,0.317
2020-04-11 16:00,0.309
2020-04-11 17:00,0.259
2020-04-11 18:00,0.262
2020-04-11 19:00,0.284
2020-04-11 20:00,0.277
2020-04-11 21:00,0.276
2020-04-11 22:00,0.270
2020-04-11 23:00,0.249
2020-04-12 00:00,0.230
2020-04-12 01:00,0.221
2020-04-12 02:00,0.227
2020-04-12 03:00,0.230
2020-04-12 04:00,0.212
2020-04-12 05:00,0.186
2020-04-12 06:00,0.145
2020-04-12 07:00,0.075
2020-04-12 08:00,0.030
2020-04-12 09:00,0.011
2020-04-12 10:00,0.004
2020-04-12 11:00,0.006
2020-04-12 12:00,0.012
2020-04-12 13:00,0.029
2020-04-12 14:00,0.102
2020-04-12 15:00,0.311
2020-04-12 16:00,0.583
2020-04-12 17:00,0.721
2020-04-12 18:00,0.767
2020-04-12 19:00,0.781
2020-04-12 20:00,0.795
2020-04-12 21:00,0.797
2020-04-12 22:00,0.786
2020-04-12 23:00,0.782
2020-04-13 00:00,0.792
2020-04-13 01:00,0.804
2020-04-13 02:00,0.812
2020-04-13 03:00,0.798
2020-04-13 04:00,0.752
2020-04-13 05:00,0.689
2020-04-13 06:00,0.594
2020-04-13 07:00,0.689
2020-04-13 08:00,0.686
2020-04-13 09:00,0.626
2020-04-13 10:00,0.543
2020-04-13 11:00,0.483
2020-04-13 12:00,0.411
2020-04-13 13:00,0.348
2020-04-13 14:00,0.309
2020-04-13 15:00,0.299
2020-04-13 16:00,0.320
2020-04-13 17:00,0.316
2020-04-13 18:00,0.297
2020-04-13 19:00,0.301
2020-04-13 20:00,0.261
2020-04-13 21:00,0.204
2020-04-13 22:00,0.138
2020-04-13 23:00,0.081
2020-04-14 00:00,0.047
2020-04-14 01:00,0.027
2020-04-14 02:00,0.017
2020-04-14 03:00,0.013
2020-04-14 04:00,0.013
2020-04-14 05:00,0.020
2020-04-14 06:00,0.030
2020-04-14 07:00,0.027
2020-04-14 08:00,0.026
2020-04-14 09:00,0.021
2020-04-14 10:00,0.019
2020-04-14 11:00,0.018
2020-04-14 12:00,0.025
2020-04-14 13:00,0.036
2020-04-14 14:00,0.040
2020-04-14 15:00,0.041
2020-04-14 16:00,0.048
2020-04-14 17:00,0.074
2020-04-14 18:00,0.125
2020-04-14 19:00,0.153
2020-04-14 20:00,0.142
2020-04-14 21:00,0.130
2020-04-14 22:00,0.120
2020-04-14 23:00,0.113
2020-04-15 00:00,0.118
2020-04-15 01:00,0.132
2020-04-15 02:00,0.154
2020-04-15 03:00,0.169
2020-04-15 04:00,0.179
2020-04-15 05:00,0.180
2020-04-15 06:00,0.140
2020-04-15 07:00,0.070
2020-04-15 08:00,0.047
2020-04-15 09:00,0.037
2020-04-15 10:00,0.035
2020-04-15 11:00,0.036
2020-04-15 12:00,0.036
2020-04-15 13:00,0.034
2020-04-15 14:00,0.031
2020-04-15 15:00,0.028
2020-04-15 16:00,0.029
2020-04-15 17:00,0.039
2020-04-15 18:00,0.060
2020-04-15 19:00,0.076
2020-04-15 20:00,0.085
2020-04-15 21:00,0.078
2020-04-15 22:00,0.064
2020-04-15 23:00,0.058
2020-04-16 00:00,0.060
2020-04-16 01:00,0.067
2020-04-16 02:00,0.077
2020-04-16 03:00,0.086
2020-04-16 04:00,0.096
2020-04-16 05:00,0.106
2020-04-16 06:00,0.102
2020-04-16 07:00,0.077
2020-04-16 08:00,0.083
2020-04-16 09:00,0.137
2020-04-16 10:00,0.185
2020-04-16 11:00,0.222
2020-04-16 12:00,0.253
2020-04-16 13:00,0.273
2020-04-16 14:00,0.288
2020-04-16 15:00,0.308
2020-04-16 16:00,0.348
2020-04-16 17:00,0.406
2020-04-16 18:00,0.491
2020-04-16 19:00,0.542
2020-04-16 20:00,0.493
2020-04-16 21:00,0.446
2020-04-16 22:00,0.376
2020-04-16 23:00,0.336
2020-04-17 00:00,0.306
2020-04-17 01:00,0.302
2020-04-17 02:00,0.335
2020-04-17 03:00,0.366
2020-04-17 04:00,0.406
2020-04-17 05:00,0.423
2020-04-17 06:00,0.504
2020-04-17 07:00,0.516
2020-04-17 08:00,0.501
2020-04-17 09:00,0.487
2020-04-17 10:00,0.499
2020-04-17 11:00,0.533
2020-04-17 12:00,0.561
2020-04-17 13:00,0.562
2020-04-17 14:00,0.550
2020-04-17 15:00,0.544
2020-04-17 16:00,0.549
2020-04-17 17:00,0.559
2020-04-17 18:00,0.553
2020-04-17 19:00,0.549
2020-04-17 20:00,0.513
2020-04-17 21:00,0.496
2020-04-17 22:00,0.460
2020-04-17 23:00,0.416
2020-04-18 00:00,0.374
2020-04-18 01:00,0.353
2020-04-18 02:00,0.353
2020-04-18 03:00,0.348
2020-04-18 04:00,0.392
2020-04-18 05:00,0.416
2020-04-18 06:00,0.356
2020-04-18 07:00,0.439
2020-04-18 08:00,0.380
2020-04-18 09:00,0.276
2020-04-18 10:00,0.204
2020-04-18 11:00,0.174
2020-04-18 12:00,0.148
2020-04-18 13:00,0.150
2020-04-18 14:00,0.177
2020-04-18 15:00,0.204
2020-04-18 16:00,0.221
2020-04-18 17:00,0.221
2020-04-18 18:00,0.224
2020-04-18 19:00,0.248
2020-04-18 20:00,0.243
2020-04-18 21:00,0.230
2020-04-18 22:00,0.217
2020-04-18 23:00,0.226
2020-04-19 00:00,0.236
2020-04-19 01:00,0.253
2020-04-19 02:00,0.277
2020-04-19 03:00,0.278
2020-04-19 04:00,0.270
2020-04-19 05:00,0.248
2020-04-19 06:00,0.219
2020-04-19 07:00,0.265
2020-04-19 08:00,0.333
2020-04-19 09:00,0.377
2020-04-19 10:00,0.417
2020-04-19 11:00,0.470
2020-04-19 12:00,0.528
2020-04-19 13:00,0.588
2020-04-19 14:00,0.628
2020-04-19 15:00,0.640
2020-04-19 16:00,0.618
2020-04-19 17:00,0.565
2020-04-19 18:00,0.503
2020-04-19 19:00,0.506
2020-04-19 20:00,0.491
2020-04-19 21:00,0.479
2020-04-19 22:00,0.473
2020-04-19 23:00,0.455
2020-04-20 00:00,0.453
2020-04-20 01:00,0.489
2020-04-20 02:00,0.523
2020-04-20 03:00,0.513
2020-04-20 04:00,0.525
2020-04-20 05:00,0.513
2020-04-20 06:00,0.497
2020-04-20 07:00,0.574
2020-04-20 08:00,0.689
2020-04-20 09:00,0.758
2020-04-20 10:00,0.782
2020-04-20 11:00,0.791
2020-04-20 12:00,0.802
2020-04-20 13:00,0.822
2020-04-20 14:00,0.840
2020-04-20 15:00,0.853
2020-04-20 16:00,0.850
2020-04-20 17:00,0.811
2020-04-20 18:00,0.749
2020-04-20 19:00,0.706
2020-04-20 20:00,0.671
2020-04-20 21:00,0.679
2020-04-20 22:00,0.683
2020-04-20 23:00,0.691
2020-04-21 00:00,0.694
2020-04-21 01:00,0.711
2020-04-21 02:00,0.689
2020-04-21 03:00,0.671
2020-04-21 04:00,0.640
2020-04-21 05:00,0.625
2020-04-21 06:00,0.610
2020-04-21 07:00,0.656
2020-04-21 08:00,0.764
2020-04-21 09:00,0.814
2020-04-21 10:00,0.843
2020-04-21 11:00,0.858
2020-04-21 12:00,0.868
2020-04-21 13:00,0.874
2020-04-21 14:00,0.875
2020-04-21 15:00,0.871
2020-04-21 16:00,0.846
2020-04-21 17:00,0.787
2020-04-21 18:00,0.691
2020-04-21 19:00,0.633
2020-04-21 20:00,0.612
2020-04-21 21:00,0.597
2020-04-21 22:00,0.576
2020-04-21 23:00,0.532
2020-04-22 00:00,0.466
2020-04-22 01:00,0.425
2020-04-22 02:00,0.403
2020-04-22 03:00,0.420
2020-04-22 04:00,0.417
2020-04-22 05:00,0.384
2020-04-22 06:00,0.320
2020-04-22 07:00,0.374
2020-04-22 08:00,0.432
2020-04-22 09:00,0.534
2020-04-22 10:00,0.587
2020-04-22 11:00,0.597
2020-04-22 12:00,0.585
2020-04-22 13:00,0.572
2020-04-22 14:00,0.556
2020-04-22 15:00,0.539
2020-04-22 16:00,0.514
2020-04-22 17:00,0.452
2020-04-22 18:00,0.439
2020-04-22 19:00,0.503
2020-04-22 20:00,0.483
2020-04-22 21:00,0.432
2020-04-22 22:00,0.348
2020-04-22 23:00,0.299
2020-04-23 00:00,0.298
2020-04-23 01:00,0.272
2020-04-23 02:00,0.265
2020-04-23 03:00,0.268
2020-04-23 04:00,0.270
2020-04-23 05:00,0.254
2020-04-23 06:00,0.211
2020-04-23 07:00,0.187
2020-04-23 08:00,0.209
2020-04-23 09:00,0.240
2020-04-23 10:00,0.270
2020-04-23 11:00,0.246
2020-04-23 12:00,0.212
2020-04-23 13:00,0.181
2020-04-23 14:00,0.160
2020-04-23 15:00,0.160
2020-04-23 16:00,0.181
2020-04-23 17:00,0.224
2020-04-23 18:00,0.298
2020-04-23 19:00,0.355
2020-04-23 20:00,0.345
2020-04-23 21:00,0.305
2020-04-23 22:00,0.262
2020-04-23 23:00,0.225
2020-04-24 00:00,0.196
2020-04-24 01:00,0.174
2020-04-24 02:00,0.160
2020-04-24 03:00,0.148
2020-04-24 04:00,0.137
2020-04-24 05:00,0.118
2020-04-24 06:00,0.075
2020-04-24 07:00,0.045
2020-04-24 08:00,0.048
2020-04-24 09:00,0.049
2020-04-24 10:00,0.046
2020-04-24 11:00,0.043
2020-04-24 12:00,0.041
2020-04-24 13:00,0.043
2020-04-24 14:00,0.050
2020-04-24 15:00,0.068
2020-04-24 16:00,0.097
2020-04-24 17:00,0.157
2020-04-24 18:00,0.296
2020-04-24 19:00,0.437
2020-04-24 20:00,0.416
2020-04-24 21:00,0.324
2020-04-24 22:00,0.259
2020-04-24 23:00,0.217
2020-04-25 00:00,0.187
2020-04-25 01:00,0.162
2020-04-25 02:00,0.142
2020-04-25 03:00,0.127
2020-04-25 04:00,0.118
2020-04-25 05:00,0.105
2020-04-25 06:00,0.082
2020-04-25 07:00,0.087
2020-04-25 08:00,0.094
2020-04-25 09:00,0.089
2020-04-25 10:00,0.081
2020-04-25 11:00,0.067
2020-04-25 12:00,0.046
2020-04-25 13:00,0.031
2020-04-25 14:00,0.022
2020-04-25 15:00,0.021
2020-04-25 16:00,0.026
2020-04-25 17:00,0.045
2020-04-25 18:00,0.100
2020-04-25 19:00,0.187
2020-04-25 20:00,0.267
2020-04-25 21:00,0.322
2020-04-25 22:00,0.349
2020-04-25 23:00,0.357
2020-04-26 00:00,0.349
2020-04-26 01:00,0.325
2020-04-26 02:00,0.297
2020-04-26 03:00,0.272
2020-04-26 04:00,0.254
2020-04-26 05:00,0.236
2020-04-26 06:00,0.162
2020-04-26 07:00,0.114
2020-04-26 08:00,0.119
2020-04-26 09:00,0.127
2020-04-26 10:00,0.144
2020-04-26 11:00,0.183
2020-04-26 12:00,0.253
2020-04-26 13:00,0.333
2020-04-26 14:00,0.380
2020-04-26 15:00,0.370
2020-04-26 16:00,0.327
2020-04-26 17:00,0.281
2020-04-26 18:00,0.237
2020-04-26 19:00,0.228
2020-04-26 20:00,0.214
2020-04-26 21:00,0.204
2020-04-26 22:00,0.215
2020-04-26 23:00,0.232
2020-04-27 00:00,0.253
2020-04-27 01:00,0.257
2020-04-27 02:00,0.235
2020-04-27 03:00,0.213
2020-04-27 04:00,0.198
2020-04-27 05:00,0.167
2020-04-27 06:00,0.130
2020-04-27 07:00,0.139
2020-04-27 08:00,0.123
2020-04-27 09:00,0.090
2020-04-27 10:00,0.064
2020-04-27 11:00,0.051
2020-04-27 12:00,0.045
2020-04-27 13:00,0.038
2020-04-27 14:00,0.031
2020-04-27 15:00,0.028
2020-04-27 16:00,0.029
2020-04-27 17:00,0.039
2020-04-27 18:00,0.088
2020-04-27 19:00,0.193
2020-04-27 20:00,0.299
2020-04-27 21:00,0.349
2020-04-27 22:00,0.349
2020-04-27 23:00,0.290
2020-04-28 00:00,0.221
2020-04-28 01:00,0.169
2020-04-28 02:00,0.145
2020-04-28 03:00,0.141
2020-04-28 04:00,0.141
2020-04-28 05:00,0.159
2020-04-28 06:00,0.204
2020-04-28 07:00,0.259
2020-04-28 08:00,0.276
2020-04-28 09:00,0.276
2020-04-28 10:00,0.271
2020-04-28 11:00,0.272
2020-04-28 12:00,0.267
2020-04-28 13:00,0.254
2020-04-28 14:00,0.232
2020-04-28 15:00,0.205
2020-04-28 16:00,0.174
2020-04-28 17:00,0.142
2020-04-28 18:00,0.120
2020-04-28 19:00,0.125
2020-04-28 20:00,0.130
2020-04-28 21:00,0.122
2020-04-28 22:00,0.114
2020-04-28 23:00,0.110
2020-04-29 00:00,0.106
2020-04-29 01:00,0.102
2020-04-29 02:00,0.095
2020-04-29 03:00,0.089
2020-04-29 04:00,0.093
2020-04-29 05:00,0.119
2020-04-29 06:00,0.165
2020-04-29 07:00,0.257
2020-04-29 08:00,0.330
2020-04-29 09:00,0.393
2020-04-29 10:00,0.444
2020-04-29 11:00,0.480
2020-04-29 12:00,0.513
2020-04-29 13:00,0.552
2020-04-29 14:00,0.581
2020-04-29 15:00,0.536
2020-04-29 16:00,0.374
2020-04-29 17:00,0.221
2020-04-29 18:00,0.197
2020-04-29 19:00,0.256
2020-04-29 20:00,0.254
2020-04-29 21:00,0.241
2020-04-29 22:00,0.270
2020-04-29 23:00,0.320
2020-04-30 00:00,0.361
2020-04-30 01:00,0.428
2020-04-30 02:00,0.441
2020-04-30 03:00,0.421
2020-04-30 04:00,0.507
2020-04-30 05:00,0.558
2020-04-30 06:00,0.508
2020-04-30 07:00,0.572
2020-04-30 08:00,0.662
2020-04-30 09:00,0.701
2020-04-30 10:00,0.712
2020-04-30 11:00,0.714
2020-04-30 12:00,0.677
2020-04-30 13:00,0.611
2020-04-30 14:00,0.539
2020-04-30 15:00,0.491
2020-04-30 16:00,0.464
2020-04-30 17:00,0.405
2020-04-30 18:00,0.330
2020-04-30 19:00,0.330
2020-04-30 20:00,0.337
2020-04-30 21:00,0.330
2020-04-30 22:00,0.320
2020-04-30 23:00,0.330
2020-05-01 00:00,0.342
2020-05-01 01:00,0.352
2020-05-01 02:00,0.363
2020-05-01 03:00,0.377
2020-05-01 04:00,0.407
2020-05-01 05:00,0.360
2020-05-01 06:00,0.264
2020-05-01 07:00,0.290
2020-05-01 08:00,0.303
2020-05-01 09:00,0.295
2020-05-01 10:00,0.294
2020-05-01 11:00,0.314
2020-05-01 12:00,0.356
2020-05-01 13:00,0.414
2020-05-01 14:00,0.473
2020-05-01 15:00,0.506
2020-05-01 16:00,0.497
2020-05-01 17:00,0.422
2020-05-01 18:00,0.349
2020-05-01 19:00,0.374
2020-05-01 20:00,0.394
2020-05-01 21:00,0.394
2020-05-01 22:00,0.390
2020-05-01 23:00,0.383
2020-05-02 00:00,0.382
2020-05-02 01:00,0.380
2020-05-02 02:00,0.370
2020-05-02 03:00,0.367
2020-05-02 04:00,0.361
2020-05-02 05:00,0.320
2020-05-02 06:00,0.260
2020-05-02 07:00,0.258
2020-05-02 08:00,0.246
2020-05-02 09:00,0.240
2020-05-02 10:00,0.256
2020-05-02 11:00,0.285
2020-05-02 12:00,0.319
2020-05-02 13:00,0.332
2020-05-02 14:00,0.303
2020-05-02 15:00,0.258
2020-05-02 16:00,0.215
2020-05-02 17:00,0.187
2020-05-02 18:00,0.187
2020-05-02 19:00,0.179
2020-05-02 20:00,0.161
2020-05-02 21:00,0.113
2020-05-02 22:00,0.068
2020-05-02 23:00,0.044
2020-05-03 00:00,0.030
2020-05-03 01:00,0.020
2020-05-03 02:00,0.027
2020-05-03 03:00,0.050
2020-05-03 04:00,0.051
2020-05-03 05:00,0.055
2020-05-03 06:00,0.050
2020-05-03 07:00,0.054
2020-05-03 08:00,0.048
2020-05-03 09:00,0.036
2020-05-03 10:00,0.031
2020-05-03 11:00,0.027
2020-05-03 12:00,0.023
2020-05-03 13:00,0.022
2020-05-03 14:00,0.023
2020-05-03 15:00,0.025
2020-05-03 16:00,0.028
2020-05-03 17:00,0.035
2020-05-03 18:00,0.046
2020-05-03 19:00,0.072
2020-05-03 20:00,0.101
2020-05-03 21:00,0.119
2020-05-03 22:00,0.122
2020-05-03 23:00,0.107
2020-05-04 00:00,0.087
2020-05-04 01:00,0.068
2020-05-04 02:00,0.057
2020-05-04 03:00,0.049
2020-05-04 04:00,0.050
2020-05-04 05:00,0.061
2020-05-04 06:00,0.059
2020-05-04 07:00,0.079
2020-05-04 08:00,0.113
2020-05-04 09:00,0.134
2020-05-04 10:00,0.150
2020-05-04 11:00,0.164
2020-05-04 12:00,0.168
2020-05-04 13:00,0.183
2020-05-04 14:00,0.220
2020-05-04 15:00,0.270
2020-05-04 16:00,0.335
2020-05-04 17:00,0.413
2020-05-04 18:00,0.460
2020-05-04 19:00,0.502
2020-05-04 20:00,0.516
2020-05-04 21:00,0.466
2020-05-04 22:00,0.441
2020-05-04 23:00,0.405
2020-05-05 00:00,0.418
2020-05-05 01:00,0.436
2020-05-05 02:00,0.439
2020-05-05 03:00,0.449
2020-05-05 04:00,0.459
2020-05-05 05:00,0.432
2020-05-05 06:00,0.463
2020-05-05 07:00,0.470
2020-05-05 08:00,0.447
2020-05-05 09:00,0.426
2020-05-05 10:00,0.419
2020-05-05 11:00,0.414
2020-05-05 12:00,0.410
2020-05-05 13:00,0.406
2020-05-05 14:00,0.398
2020-05-05 15:00,0.380
2020-05-05 16:00,0.374
2020-05-05 17:00,0.377
2020-05-05 18:00,0.365
2020-05-05 19:00,0.400
2020-05-05 20:00,0.413
2020-05-05 21:00,0.376
2020-05-05 22:00,0.321
2020-05-05 23:00,0.265
2020-05-06 00:00,0.227
2020-05-06 01:00,0.204
2020-05-06 02:00,0.184
2020-05-06 03:00,0.162
2020-05-06 04:00,0.138
2020-05-06 05:00,0.117
2020-05-06 06:00,0.077
2020-05-06 07:00,0.086
2020-05-06 08:00,0.075
2020-05-06 09:00,0.071
2020-05-06 10:00,0.072
2020-05-06 11:00,0.077
2020-05-06 12:00,0.080
2020-05-06 13:00,0.082
2020-05-06 14:00,0.081
2020-05-06 15:00,0.079
2020-05-06 16:00,0.077
2020-05-06 17:00,0.083
2020-05-06 18:00,0.128
2020-05-06 19:00,0.226
2020-05-06 20:00,0.327
2020-05-06 21:00,0.369
2020-05-06 22:00,0.365
2020-05-06 23:00,0.346
2020-05-07 00:00,0.321
2020-05-07 01:00,0.292
2020-05-07 02:00,0.257
2020-05-07 03:00,0.213
2020-05-07 04:00,0.183
2020-05-07 05:00,0.137
2020-05-07 06:00,0.088
2020-05-07 07:00,0.071
2020-05-07 08:00,0.102
2020-05-07 09:00,0.116
2020-05-07 10:00,0.112
2020-05-07 11:00,0.108
2020-05-07 12:00,0.106
2020-05-07 13:00,0.107
2020-05-07 14:00,0.112
2020-05-07 15:00,0.119
2020-05-07 16:00,0.129
2020-05-07 17:00,0.131
2020-05-07 18:00,0.134
2020-05-07 19:00,0.140
2020-05-07 20:00,0.147
2020-05-07 21:00,0.155
2020-05-07 22:00,0.169
2020-05-07 23:00,0.202
2020-05-08 00:00,0.234
2020-05-08 01:00,0.253
2020-05-08 02:00,0.251
2020-05-08 03:00,0.236
2020-05-08 04:00,0.211
2020-05-08 05:00,0.168
2020-05-08 06:00,0.090
2020-05-08 07:00,0.074
2020-05-08 08:00,0.069
2020-05-08 09:00,0.066
2020-05-08 10:00,0.065
2020-05-08 11:00,0.069
2020-05-08 12:00,0.070
2020-05-08 13:00,0.068
2020-05-08 14:00,0.061
2020-05-08 15:00,0.055
2020-05-08 16:00,0.049
2020-05-08 17:00,0.051
2020-05-08 18:00,0.069
2020-05-08 19:00,0.104
2020-05-08 20:00,0.133
2020-05-08 21:00,0.145
2020-05-08 22:00,0.146
2020-05-08 23:00,0.142
2020-05-09 00:00,0.141
2020-05-09 01:00,0.143
2020-05-09 02:00,0.149
2020-05-09 03:00,0.156
2020-05-09 04:00,0.161
2020-05-09 05:00,0.157
2020-05-09 06:00,0.082
2020-05-09 07:00,0.035
2020-05-09 08:00,0.013
2020-05-09 09:00,0.008
2020-05-09 10:00,0.007
2020-05-09 11:00,0.006
2020-05-09 12:00,0.005
2020-05-09 13:00,0.005
2020-05-09 14:00,0.005
2020-05-09 15:00,0.005
2020-05-09 16:00,0.007
2020-05-09 17:00,0.010
2020-05-09 18:00,0.014
2020-05-09 19:00,0.019
2020-05-09 20:00,0.027
2020-05-09 21:00,0.032
2020-05-09 22:00,0.040
2020-05-09 23:00,0.059
2020-05-10 00:00,0.111
2020-05-10 01:00,0.243
2020-05-10 02:00,0.426
2020-05-10 03:00,0.554
2020-05-10 04:00,0.637
2020-05-10 05:00,0.706
2020-05-10 06:00,0.732
2020-05-10 07:00,0.760
2020-05-10 08:00,0.801
2020-05-10 09:00,0.842
2020-05-10 10:00,0.876
2020-05-10 11:00,0.905
2020-05-10 12:00,0.919
2020-05-10 13:00,0.905
2020-05-10 14:00,0.884
2020-05-10 15:00,0.878
2020-05-10 16:00,0.875
2020-05-10 17:00,0.869
2020-05-10 18:00,0.850
2020-05-10 19:00,0.809
2020-05-10 20:00,0.763
2020-05-10 21:00,0.715
2020-05-10 22:00,0.631
2020-05-10 23:00,0.594
2020-05-11 00:00,0.539
2020-05-11 01:00,0.523
2020-05-11 02:00,0.507
2020-05-11 03:00,0.486
2020-05-11 04:00,0.487
2020-05-11 05:00,0.423
2020-05-11 06:00,0.549
2020-05-11 07:00,0.729
2020-05-11 08:00,0.708
2020-05-11 09:00,0.674
2020-05-11 10:00,0.658
2020-05-11 11:00,0.658
2020-05-11 12:00,0.643
2020-05-11 13:00,0.612
2020-05-11 14:00,0.575
2020-05-11 15:00,0.538
2020-05-11 16:00,0.483
2020-05-11 17:00,0.395
2020-05-11 18:00,0.272
2020-05-11 19:00,0.182
2020-05-11 20:00,0.087
2020-05-11 21:00,0.023
2020-05-11 22:00,0.016
2020-05-11 23:00,0.094
2020-05-12 00:00,0.257
2020-05-12 01:00,0.419
2020-05-12 02:00,0.483
2020-05-12 03:00,0.483
2020-05-12 04:00,0.476
2020-05-12 05:00,0.389
2020-05-12 06:00,0.317
2020-05-12 07:00,0.390
2020-05-12 08:00,0.411
2020-05-12 09:00,0.380
2020-05-12 10:00,0.349
2020-05-12 11:00,0.338
2020-05-12 12:00,0.345
2020-05-12 13:00,0.367
2020-05-12 14:00,0.393
2020-05-12 15:00,0.424
2020-05-12 16:00,0.461
2020-05-12 17:00,0.497
2020-05-12 18:00,0.473
2020-05-12 19:00,0.460
2020-05-12 20:00,0.450
2020-05-12 21:00,0.410
2020-05-12 22:00,0.374
2020-05-12 23:00,0.365
2020-05-13 00:00,0.374
2020-05-13 01:00,0.383
2020-05-13 02:00,0.387
2020-05-13 03:00,0.393
2020-05-13 04:00,0.400
2020-05-13 05:00,0.311
2020-05-13 06:00,0.329
2020-05-13 07:00,0.352
2020-05-13 08:00,0.333
2020-05-13 09:00,0.330
2020-05-13 10:00,0.328
2020-05-13 11:00,0.330
2020-05-13 12:00,0.314
2020-05-13 13:00,0.298
2020-05-13 14:00,0.292
2020-05-13 15:00,0.302
2020-05-13 16:00,0.317
2020-05-13 17:00,0.324
2020-05-13 18:00,0.310
2020-05-13 19:00,0.311
2020-05-13 20:00,0.311
2020-05-13 21:00,0.263
2020-05-13 22:00,0.204
2020-05-13 23:00,0.143
2020-05-14 00:00,0.103
2020-05-14 01:00,0.085
2020-05-14 02:00,0.079
2020-05-14 03:00,0.077
2020-05-14 04:00,0.073
2020-05-14 05:00,0.066
2020-05-14 06:00,0.038
2020-05-14 07:00,0.049
2020-05-14 08:00,0.067
2020-05-14 09:00,0.070
2020-05-14 10:00,0.071
2020-05-14 11:00,0.072
2020-05-14 12:00,0.080
2020-05-14 13:00,0.102
2020-05-14 14:00,0.136
2020-05-14 15:00,0.176
2020-05-14 16:00,0.211
2020-05-14 17:00,0.238
2020-05-14 18:00,0.248
2020-05-14 19:00,0.307
2020-05-14 20:00,0.380
2020-05-14 21:00,0.403
2020-05-14 22:00,0.416
2020-05-14 23:00,0.432
2020-05-15 00:00,0.429
2020-05-15 01:00,0.410
2020-05-15 02:00,0.393
2020-05-15 03:00,0.363
2020-05-15 04:00,0.309
2020-05-15 05:00,0.213
2020-05-15 06:00,0.157
2020-05-15 07:00,0.208
2020-05-15 08:00,0.210
2020-05-15 09:00,0.199
2020-05-15 10:00,0.196
2020-05-15 11:00,0.204
2020-05-15 12:00,0.224
2020-05-15 13:00,0.260
2020-05-15 14:00,0.320
2020-05-15 15:00,0.381
2020-05-15 16:00,0.429
2020-05-15 17:00,0.483
2020-05-15 18:00,0.496
2020-05-15 19:00,0.513
2020-05-15 20:00,0.516
2020-05-15 21:00,0.487
2020-05-15 22:00,0.488
2020-05-15 23:00,0.479
2020-05-16 00:00,0.460
2020-05-16 01:00,0.417
2020-05-16 02:00,0.367
2020-05-16 03:00,0.333
2020-05-16 04:00,0.317
2020-05-16 05:00,0.253
2020-05-16 06:00,0.220
2020-05-16 07:00,0.322
2020-05-16 08:00,0.348
2020-05-16 09:00,0.336
2020-05-16 10:00,0.341
2020-05-16 11:00,0.366
2020-05-16 12:00,0.404
2020-05-16 13:00,0.444
2020-05-16 14:00,0.478
2020-05-16 15:00,0.487
2020-05-16 16:00,0.464
2020-05-16 17:00,0.439
2020-05-16 18:00,0.343
2020-05-16 19:00,0.285
2020-05-16 20:00,0.275
2020-05-16 21:00,0.309
2020-05-16 22:00,0.335
2020-05-16 23:00,0.333
2020-05-17 00:00,0.328
2020-05-17 01:00,0.333
2020-05-17 02:00,0.371
2020-05-17 03:00,0.401
2020-05-17 04:00,0.391
2020-05-17 05:00,0.279
2020-05-17 06:00,0.211
2020-05-17 07:00,0.287
2020-05-17 08:00,0.384
2020-05-17 09:00,0.444
2020-05-17 10:00,0.479
2020-05-17 11:00,0.505
2020-05-17 12:00,0.527
2020-05-17 13:00,0.530
2020-05-17 14:00,0.513
2020-05-17 15:00,0.486
2020-05-17 16:00,0.479
2020-05-17 17:00,0.441
2020-05-17 18:00,0.359
2020-05-17 19:00,0.365
2020-05-17 20:00,0.390
2020-05-17 21:00,0.396
2020-05-17 22:00,0.406
2020-05-17 23:00,0.436
2020-05-18 00:00,0.480
2020-05-18 01:00,0.567
2020-05-18 02:00,0.631
2020-05-18 03:00,0.535
2020-05-18 04:00,0.495
2020-05-18 05:00,0.433
2020-05-18 06:00,0.489
2020-05-18 07:00,0.535
2020-05-18 08:00,0.512
2020-05-18 09:00,0.519
2020-05-18 10:00,0.528
2020-05-18 11:00,0.534
2020-05-18 12:00,0.534
2020-05-18 13:00,0.527
2020-05-18 14:00,0.512
2020-05-18 15:00,0.466
2020-05-18 16:00,0.423
2020-05-18 17:00,0.410
2020-05-18 18:00,0.345
2020-05-18 19:00,0.354
2020-05-18 20:00,0.408
2020-05-18 21:00,0.419
2020-05-18 22:00,0.395
2020-05-18 23:00,0.406
2020-05-19 00:00,0.430
2020-05-19 01:00,0.449
2020-05-19 02:00,0.458
2020-05-19 03:00,0.499
2020-05-19 04:00,0.448
2020-05-19 05:00,0.374
2020-05-19 06:00,0.410
2020-05-19 07:00,0.479
2020-05-19 08:00,0.468
2020-05-19 09:00,0.436
2020-05-19 10:00,0.410
2020-05-19 11:00,0.386
2020-05-19 12:00,0.367
2020-05-19 13:00,0.367
2020-05-19 14:00,0.370
2020-05-19 15:00,0.362
2020-05-19 16:00,0.344
2020-05-19 17:00,0.292
2020-05-19 18:00,0.212
2020-05-19 19:00,0.188
2020-05-19 20:00,0.194
2020-05-19 21:00,0.180
2020-05-19 22:00,0.155
2020-05-19 23:00,0.136
2020-05-20 00:00,0.127
2020-05-20 01:00,0.113
2020-05-20 02:00,0.086
2020-05-20 03:00,0.052
2020-05-20 04:00,0.023
2020-05-20 05:00,0.017
2020-05-20 06:00,0.018
2020-05-20 07:00,0.041
2020-05-20 08:00,0.089
2020-05-20 09:00,0.118
2020-05-20 10:00,0.119
2020-05-20 11:00,0.124
2020-05-20 12:00,0.141
2020-05-20 13:00,0.163
2020-05-20 14:00,0.191
2020-05-20 15:00,0.217
2020-05-20 16:00,0.234
2020-05-20 17:00,0.221
2020-05-20 18:00,0.220
2020-05-20 19:00,0.279
2020-05-20 20:00,0.331
2020-05-20 21:00,0.349
2020-05-20 22:00,0.334
2020-05-20 23:00,0.321
2020-05-21 00:00,0.327
2020-05-21 01:00,0.311
2020-05-21 02:00,0.254
2020-05-21 03:00,0.251
2020-05-21 04:00,0.312
2020-05-21 05:00,0.278
2020-05-21 06:00,0.169
2020-05-21 07:00,0.161
2020-05-21 08:00,0.246
2020-05-21 09:00,0.300
2020-05-21 10:00,0.321
2020-05-21 11:00,0.310
2020-05-21 12:00,0.279
2020-05-21 13:00,0.227
2020-05-21 14:00,0.173
2020-05-21 15:00,0.114
2020-05-21 16:00,0.030
2020-05-21 17:00,0.008
2020-05-21 18:00,0.055
2020-05-21 19:00,0.183
2020-05-21 20:00,0.401
2020-05-21 21:00,0.580
2020-05-21 22:00,0.589
2020-05-21 23:00,0.574
2020-05-22 00:00,0.628
2020-05-22 01:00,0.676
2020-05-22 02:00,0.712
2020-05-22 03:00,0.716
2020-05-22 04:00,0.700
2020-05-22 05:00,0.817
2020-05-22 06:00,0.839
2020-05-22 07:00,0.876
2020-05-22 08:00,0.914
2020-05-22 09:00,0.948
2020-05-22 10:00,0.966
2020-05-22 11:00,0.978
2020-05-22 12:00,0.985
2020-05-22 13:00,0.987
2020-05-22 14:00,0.987
2020-05-22 15:00,0.985
2020-05-22 16:00,0.977
2020-05-22 17:00,0.966
2020-05-22 18:00,0.944
2020-05-22 19:00,0.908
2020-05-22 20:00,0.887
2020-05-22 21:00,0.882
2020-05-22 22:00,0.884
2020-05-22 23:00,0.888
2020-05-23 00:00,0.894
2020-05-23 01:00,0.901
2020-05-23 02:00,0.907
2020-05-23 03:00,0.911
2020-05-23 04:00,0.907
2020-05-23 05:00,0.906
2020-05-23 06:00,0.926
2020-05-23 07:00,0.950
2020-05-23 08:00,0.965
2020-05-23 09:00,0.971
2020-05-23 10:00,0.975
2020-05-23 11:00,0.979
2020-05-23 12:00,0.981
2020-05-23 13:00,0.980
2020-05-23 14:00,0.979
2020-05-23 15:00,0.975
2020-05-23 16:00,0.967
2020-05-23 17:00,0.944
2020-05-23 18:00,0.916
2020-05-23 19:00,0.883
2020-05-23 20:00,0.855
2020-05-23 21:00,0.847
2020-05-23 22:00,0.855
2020-05-23 23:00,0.865
2020-05-24 00:00,0.876
2020-05-24 01:00,0.892
2020-05-24 02:00,0.897
2020-05-24 03:00,0.897
2020-05-24 04:00,0.887
2020-05-24 05:00,0.873
2020-05-24 06:00,0.856
2020-05-24 07:00,0.869
2020-05-24 08:00,0.875
2020-05-24 09:00,0.868
2020-05-24 10:00,0.863
2020-05-24 11:00,0.855
2020-05-24 12:00,0.837
2020-05-24 13:00,0.810
2020-05-24 14:00,0.774
2020-05-24 15:00,0.726
2020-05-24 16:00,0.658
2020-05-24 17:00,0.556
2020-05-24 18:00,0.372
2020-05-24 19:00,0.284
2020-05-24 20:00,0.276
2020-05-24 21:00,0.266
2020-05-24 22:00,0.270
2020-05-24 23:00,0.279
2020-05-25 00:00,0.285
2020-05-25 01:00,0.282
2020-05-25 02:00,0.267
2020-05-25 03:00,0.209
2020-05-25 04:00,0.143
2020-05-25 05:00,0.079
2020-05-25 06:00,0.036
2020-05-25 07:00,0.074
2020-05-25 08:00,0.156
2020-05-25 09:00,0.210
2020-05-25 10:00,0.254
2020-05-25 11:00,0.291
2020-05-25 12:00,0.327
2020-05-25 13:00,0.361
2020-05-25 14:00,0.387
2020-05-25 15:00,0.377
2020-05-25 16:00,0.335
2020-05-25 17:00,0.257
2020-05-25 18:00,0.218
2020-05-25 19:00,0.254
2020-05-25 20:00,0.279
2020-05-25 21:00,0.278
2020-05-25 22:00,0.271
2020-05-25 23:00,0.271
2020-05-26 00:00,0.279
2020-05-26 01:00,0.302
2020-05-26 02:00,0.322
2020-05-26 03:00,0.335
2020-05-26 04:00,0.311
2020-05-26 05:00,0.224
2020-05-26 06:00,0.186
2020-05-26 07:00,0.186
2020-05-26 08:00,0.188
2020-05-26 09:00,0.191
2020-05-26 10:00,0.199
2020-05-26 11:00,0.203
2020-05-26 12:00,0.198
2020-05-26 13:00,0.196
2020-05-26 14:00,0.197
2020-05-26 15:00,0.199
2020-05-26 16:00,0.195
2020-05-26 17:00,0.188
2020-05-26 18:00,0.184
2020-05-26 19:00,0.214
2020-05-26 20:00,0.254
2020-05-26 21:00,0.270
2020-05-26 22:00,0.263
2020-05-26 23:00,0.239
2020-05-27 00:00,0.222
2020-05-27 01:00,0.233
2020-05-27 02:00,0.262
2020-05-27 03:00,0.268
2020-05-27 04:00,0.247
2020-05-27 05:00,0.149
2020-05-27 06:00,0.067
2020-05-27 07:00,0.053
2020-05-27 08:00,0.054
2020-05-27 09:00,0.049
2020-05-27 10:00,0.051
2020-05-27 11:00,0.056
2020-05-27 12:00,0.072
2020-05-27 13:00,0.093
2020-05-27 14:00,0.114
2020-05-27 15:00,0.128
2020-05-27 16:00,0.139
2020-05-27 17:00,0.167
2020-05-27 18:00,0.222
2020-05-27 19:00,0.303
2020-05-27 20:00,0.353
2020-05-27 21:00,0.313
2020-05-27 22:00,0.268
2020-05-27 23:00,0.236
2020-05-28 00:00,0.213
2020-05-28 01:00,0.203
2020-05-28 02:00,0.195
2020-05-28 03:00,0.186
2020-05-28 04:00,0.169
2020-05-28 05:00,0.102
2020-05-28 06:00,0.082
2020-05-28 07:00,0.093
2020-05-28 08:00,0.078
2020-05-28 09:00,0.065
2020-05-28 10:00,0.058
2020-05-28 11:00,0.052
2020-05-28 12:00,0.049
2020-05-28 13:00,0.047
2020-05-28 14:00,0.048
2020-05-28 15:00,0.054
2020-05-28 16:00,0.064
2020-05-28 17:00,0.088
2020-05-28 18:00,0.149
2020-05-28 19:00,0.262
2020-05-28 20:00,0.386
2020-05-28 21:00,0.429
2020-05-28 22:00,0.426
2020-05-28 23:00,0.413
2020-05-29 00:00,0.392
2020-05-29 01:00,0.361
2020-05-29 02:00,0.321
2020-05-29 03:00,0.277
2020-05-29 04:00,0.235
2020-05-29 05:00,0.141
2020-05-29 06:00,0.079
2020-05-29 07:00,0.131
2020-05-29 08:00,0.154
2020-05-29 09:00,0.179
2020-05-29 10:00,0.199
2020-05-29 11:00,0.216
2020-05-29 12:00,0.225
2020-05-29 13:00,0.226
2020-05-29 14:00,0.224
2020-05-29 15:00,0.227
2020-05-29 16:00,0.243
2020-05-29 17:00,0.275
2020-05-29 18:00,0.310
2020-05-29 19:00,0.402
2020-05-29 20:00,0.477
2020-05-29 21:00,0.450
2020-05-29 22:00,0.404
2020-05-29 23:00,0.372
2020-05-30 00:00,0.340
2020-05-30 01:00,0.309
2020-05-30 02:00,0.285
2020-05-30 03:00,0.279
2020-05-30 04:00,0.262
2020-05-30 05:00,0.193
2020-05-30 06:00,0.197
2020-05-30 07:00,0.230
2020-05-30 08:00,0.258
2020-05-30 09:00,0.281
2020-05-30 10:00,0.302
2020-05-30 11:00,0.321
2020-05-30 12:00,0.342
2020-05-30 13:00,0.364
2020-05-30 14:00,0.382
2020-05-30 15:00,0.400
2020-05-30 16:00,0.415
2020-05-30 17:00,0.425
2020-05-30 18:00,0.410
2020-05-30 19:00,0.429
2020-05-30 20:00,0.494
2020-05-30 21:00,0.477
2020-05-30 22:00,0.447
2020-05-30 23:00,0.423
2020-05-31 00:00,0.393
2020-05-31 01:00,0.367
2020-05-31 02:00,0.356
2020-05-31 03:00,0.365
2020-05-31 04:00,0.358
2020-05-31 05:00,0.265
2020-05-31 06:00,0.214
2020-05-31 07:00,0.291
2020-05-31 08:00,0.342
2020-05-31 09:00,0.365
2020-05-31 10:00,0.393
2020-05-31 11:00,0.419
2020-05-31 12:00,0.429
2020-05-31 13:00,0.420
2020-05-31 14:00,0.403
2020-05-31 15:00,0.387
2020-05-31 16:00,0.390
2020-05-31 17:00,0.389
2020-05-31 18:00,0.353
2020-05-31 19:00,0.396
2020-05-31 20:00,0.466
2020-05-31 21:00,0.453
2020-05-31 22:00,0.407
2020-05-31 23:00,0.352
2020-06-01 00:00,0.297
2020-06-01 01:00,0.258
2020-06-01 02:00,0.267
2020-06-01 03:00,0.314
2020-06-01 04:00,0.363
2020-06-01 05:00,0.275
2020-06-01 06:00,0.178
2020-06-01 07:00,0.301
2020-06-01 08:00,0.346
2020-06-01 09:00,0.321
2020-06-01 10:00,0.284
2020-06-01 11:00,0.246
2020-06-01 12:00,0.217
2020-06-01 13:00,0.199
2020-06-01 14:00,0.185
2020-06-01 15:00,0.178
2020-06-01 16:00,0.180
2020-06-01 17:00,0.195
2020-06-01 18:00,0.218
2020-06-01 19:00,0.267
2020-06-01 20:00,0.303
2020-06-01 21:00,0.270
2020-06-01 22:00,0.217
2020-06-01 23:00,0.165
2020-06-02 00:00,0.124
2020-06-02 01:00,0.095
2020-06-02 02:00,0.077
2020-06-02 03:00,0.071
2020-06-02 04:00,0.081
2020-06-02 05:00,0.083
2020-06-02 06:00,0.053
2020-06-02 07:00,0.037
2020-06-02 08:00,0.047
2020-06-02 09:00,0.047
2020-06-02 10:00,0.046
2020-06-02 11:00,0.049
2020-06-02 12:00,0.054
2020-06-02 13:00,0.062
2020-06-02 14:00,0.071
2020-06-02 15:00,0.077
2020-06-02 16:00,0.079
2020-06-02 17:00,0.077
2020-06-02 18:00,0.071
2020-06-02 19:00,0.062
2020-06-02 20:00,0.057
2020-06-02 21:00,0.061
2020-06-02 22:00,0.065
2020-06-02 23:00,0.077
2020-06-03 00:00,0.083
2020-06-03 01:00,0.089
2020-06-03 02:00,0.108
2020-06-03 03:00,0.133
2020-06-03 04:00,0.156
2020-06-03 05:00,0.190
2020-06-03 06:00,0.278
2020-06-03 07:00,0.362
2020-06-03 08:00,0.436
2020-06-03 09:00,0.501
2020-06-03 10:00,0.548
2020-06-03 11:00,0.594
2020-06-03 12:00,0.625
2020-06-03 13:00,0.634
2020-06-03 14:00,0.619
2020-06-03 15:00,0.594
2020-06-03 16:00,0.575
2020-06-03 17:00,0.556
2020-06-03 18:00,0.523
2020-06-03 19:00,0.460
2020-06-03 20:00,0.413
2020-06-03 21:00,0.416
2020-06-03 22:00,0.406
2020-06-03 23:00,0.413
2020-06-04 00:00,0.405
2020-06-04 01:00,0.365
2020-06-04 02:00,0.330
2020-06-04 03:00,0.276
2020-06-04 04:00,0.212
2020-06-04 05:00,0.162
2020-06-04 06:00,0.173
2020-06-04 07:00,0.149
2020-06-04 08:00,0.145
2020-06-04 09:00,0.157
2020-06-04 10:00,0.169
2020-06-04 11:00,0.192
2020-06-04 12:00,0.224
2020-06-04 13:00,0.241
2020-06-04 14:00,0.240
2020-06-04 15:00,0.224
2020-06-04 16:00,0.192
2020-06-04 17:00,0.154
2020-06-04 18:00,0.106
2020-06-04 19:00,0.102
2020-06-04 20:00,0.165
2020-06-04 21:00,0.251
2020-06-04 22:00,0.338
2020-06-04 23:00,0.380
2020-06-05 00:00,0.394
2020-06-05 01:00,0.372
2020-06-05 02:00,0.324
2020-06-05 03:00,0.277
2020-06-05 04:00,0.243
2020-06-05 05:00,0.256
2020-06-05 06:00,0.326
2020-06-05 07:00,0.393
2020-06-05 08:00,0.458
2020-06-05 09:00,0.523
2020-06-05 10:00,0.591
2020-06-05 11:00,0.655
2020-06-05 12:00,0.706
2020-06-05 13:00,0.758
2020-06-05 14:00,0.801
2020-06-05 15:00,0.829
2020-06-05 16:00,0.847
2020-06-05 17:00,0.855
2020-06-05 18:00,0.850
2020-06-05 19:00,0.829
2020-06-05 20:00,0.846
2020-06-05 21:00,0.877
2020-06-05 22:00,0.899
2020-06-05 23:00,0.912
2020-06-06 00:00,0.929
2020-06-06 01:00,0.941
2020-06-06 02:00,0.944
2020-06-06 03:00,0.934
2020-06-06 04:00,0.899
2020-06-06 05:00,0.858
2020-06-06 06:00,0.790
2020-06-06 07:00,0.785
2020-06-06 08:00,0.837
2020-06-06 09:00,0.869
2020-06-06 10:00,0.886
2020-06-06 11:00,0.888
2020-06-06 12:00,0.874
2020-06-06 13:00,0.846
2020-06-06 14:00,0.802
2020-06-06 15:00,0.750
2020-06-06 16:00,0.682
2020-06-06 17:00,0.583
2020-06-06 18:00,0.444
2020-06-06 19:00,0.327
2020-06-06 20:00,0.257
2020-06-06 21:00,0.172
2020-06-06 22:00,0.128
2020-06-06 23:00,0.158
2020-06-07 00:00,0.268
2020-06-07 01:00,0.396
2020-06-07 02:00,0.476
2020-06-07 03:00,0.479
2020-06-07 04:00,0.451
2020-06-07 05:00,0.399
2020-06-07 06:00,0.355
2020-06-07 07:00,0.410
2020-06-07 08:00,0.429
2020-06-07 09:00,0.417
2020-06-07 10:00,0.390
2020-06-07 11:00,0.370
2020-06-07 12:00,0.364
2020-06-07 13:00,0.365
2020-06-07 14:00,0.365
2020-06-07 15:00,0.359
2020-06-07 16:00,0.338
2020-06-07 17:00,0.308
2020-06-07 18:00,0.268
2020-06-07 19:00,0.236
2020-06-07 20:00,0.238
2020-06-07 21:00,0.227
2020-06-07 22:00,0.232
2020-06-07 23:00,0.238
2020-06-08 00:00,0.235
2020-06-08 01:00,0.230
2020-06-08 02:00,0.205
2020-06-08 03:00,0.166
2020-06-08 04:00,0.130
2020-06-08 05:00,0.095
2020-06-08 06:00,0.084
2020-06-08 07:00,0.069
2020-06-08 08:00,0.058
2020-06-08 09:00,0.052
2020-06-08 10:00,0.052
2020-06-08 11:00,0.058
2020-06-08 12:00,0.062
2020-06-08 13:00,0.063
2020-06-08 14:00,0.062
2020-06-08 15:00,0.058
2020-06-08 16:00,0.051
2020-06-08 17:00,0.051
2020-06-08 18:00,0.074
2020-06-08 19:00,0.135
2020-06-08 20:00,0.210
2020-06-08 21:00,0.220
2020-06-08 22:00,0.188
2020-06-08 23:00,0.155
2020-06-09 00:00,0.128
2020-06-09 01:00,0.108
2020-06-09 02:00,0.092
2020-06-09 03:00,0.083
2020-06-09 04:00,0.073
2020-06-09 05:00,0.054
2020-06-09 06:00,0.047
2020-06-09 07:00,0.045
2020-06-09 08:00,0.043
2020-06-09 09:00,0.043
2020-06-09 10:00,0.046
2020-06-09 11:00,0.053
2020-06-09 12:00,0.063
2020-06-09 13:00,0.075
2020-06-09 14:00,0.086
2020-06-09 15:00,0.097
2020-06-09 16:00,0.099
2020-06-09 17:00,0.087
2020-06-09 18:00,0.078
2020-06-09 19:00,0.085
2020-06-09 20:00,0.094
2020-06-09 21:00,0.077
2020-06-09 22:00,0.054
2020-06-09 23:00,0.043
2020-06-10 00:00,0.038
2020-06-10 01:00,0.033
2020-06-10 02:00,0.027
2020-06-10 03:00,0.023
2020-06-10 04:00,0.022
2020-06-10 05:00,0.019
2020-06-10 06:00,0.019
2020-06-10 07:00,0.019
2020-06-10 08:00,0.016
2020-06-10 09:00,0.017
2020-06-10 10:00,0.027
2020-06-10 11:00,0.041
2020-06-10 12:00,0.059
2020-06-10 13:00,0.078
2020-06-10 14:00,0.097
2020-06-10 15:00,0.119
2020-06-10 16:00,0.148
2020-06-10 17:00,0.183
2020-06-10 18:00,0.252
2020-06-10 19:00,0.377
2020-06-10 20:00,0.487
2020-06-10 21:00,0.528
2020-06-10 22:00,0.559
2020-06-10 23:00,0.584
2020-06-11 00:00,0.583
2020-06-11 01:00,0.539
2020-06-11 02:00,0.530
2020-06-11 03:00,0.533
2020-06-11 04:00,0.550
2020-06-11 05:00,0.583
2020-06-11 06:00,0.679
2020-06-11 07:00,0.750
2020-06-11 08:00,0.781
2020-06-11 09:00,0.807
2020-06-11 10:00,0.834
2020-06-11 11:00,0.857
2020-06-11 12:00,0.880
2020-06-11 13:00,0.892
2020-06-11 14:00,0.879
2020-06-11 15:00,0.852
2020-06-11 16:00,0.821
2020-06-11 17:00,0.811
2020-06-11 18:00,0.837
2020-06-11 19:00,0.851
2020-06-11 20:00,0.827
2020-06-11 21:00,0.776
2020-06-11 22:00,0.739
2020-06-11 23:00,0.725
2020-06-12 00:00,0.675
2020-06-12 01:00,0.638
2020-06-12 02:00,0.597
2020-06-12 03:00,0.557
2020-06-12 04:00,0.508
2020-06-12 05:00,0.420
2020-06-12 06:00,0.375
2020-06-12 07:00,0.446
2020-06-12 08:00,0.507
2020-06-12 09:00,0.588
2020-06-12 10:00,0.695
2020-06-12 11:00,0.808
2020-06-12 12:00,0.830
2020-06-12 13:00,0.785
2020-06-12 14:00,0.726
2020-06-12 15:00,0.687
2020-06-12 16:00,0.645
2020-06-12 17:00,0.584
2020-06-12 18:00,0.490
2020-06-12 19:00,0.513
2020-06-12 20:00,0.481
2020-06-12 21:00,0.435
2020-06-12 22:00,0.390
2020-06-12 23:00,0.375
2020-06-13 00:00,0.374
2020-06-13 01:00,0.344
2020-06-13 02:00,0.302
2020-06-13 03:00,0.285
2020-06-13 04:00,0.257
2020-06-13 05:00,0.209
2020-06-13 06:00,0.166
2020-06-13 07:00,0.146
2020-06-13 08:00,0.146
2020-06-13 09:00,0.170
2020-06-13 10:00,0.185
2020-06-13 11:00,0.203
2020-06-13 12:00,0.218
2020-06-13 13:00,0.228
2020-06-13 14:00,0.233
2020-06-13 15:00,0.251
2020-06-13 16:00,0.284
2020-06-13 17:00,0.297
2020-06-13 18:00,0.322
2020-06-13 19:00,0.400
2020-06-13 20:00,0.452
2020-06-13 21:00,0.399
2020-06-13 22:00,0.336
2020-06-13 23:00,0.274
2020-06-14 00:00,0.227
2020-06-14 01:00,0.216
2020-06-14 02:00,0.199
2020-06-14 03:00,0.198
2020-06-14 04:00,0.216
2020-06-14 05:00,0.166
2020-06-14 06:00,0.159
2020-06-14 07:00,0.178
2020-06-14 08:00,0.181
2020-06-14 09:00,0.176
2020-06-14 10:00,0.162
2020-06-14 11:00,0.151
2020-06-14 12:00,0.141
2020-06-14 13:00,0.126
2020-06-14 14:00,0.107
2020-06-14 15:00,0.090
2020-06-14 16:00,0.078
2020-06-14 17:00,0.076
2020-06-14 18:00,0.090
2020-06-14 19:00,0.123
2020-06-14 20:00,0.159
2020-06-14 21:00,0.161
2020-06-14 22:00,0.140
2020-06-14 23:00,0.121
2020-06-15 00:00,0.102
2020-06-15 01:00,0.082
2020-06-15 02:00,0.068
2020-06-15 03:00,0.064
2020-06-15 04:00,0.067
2020-06-15 05:00,0.056
2020-06-15 06:00,0.043
2020-06-15 07:00,0.040
2020-06-15 08:00,0.035
2020-06-15 09:00,0.028
2020-06-15 10:00,0.025
2020-06-15 11:00,0.024
2020-06-15 12:00,0.026
2020-06-15 13:00,0.027
2020-06-15 14:00,0.027
2020-06-15 15:00,0.030
2020-06-15 16:00,0.032
2020-06-15 17:00,0.036
2020-06-15 18:00,0.046
2020-06-15 19:00,0.067
2020-06-15 20:00,0.100
2020-06-15 21:00,0.130
2020-06-15 22:00,0.142
2020-06-15 23:00,0.132
2020-06-16 00:00,0.102
2020-06-16 01:00,0.075
2020-06-16 02:00,0.062
2020-06-16 03:00,0.060
2020-06-16 04:00,0.069
2020-06-16 05:00,0.052
2020-06-16 06:00,0.049
2020-06-16 07:00,0.062
2020-06-16 08:00,0.074
2020-06-16 09:00,0.076
2020-06-16 10:00,0.069
2020-06-16 11:00,0.064
2020-06-16 12:00,0.061
2020-06-16 13:00,0.061
2020-06-16 14:00,0.066
2020-06-16 15:00,0.075
2020-06-16 16:00,0.089
2020-06-16 17:00,0.113
2020-06-16 18:00,0.138
2020-06-16 19:00,0.171
2020-06-16 20:00,0.213
2020-06-16 21:00,0.210
2020-06-16 22:00,0.199
2020-06-16 23:00,0.186
2020-06-17 00:00,0.180
2020-06-17 01:00,0.178
2020-06-17 02:00,0.176
2020-06-17 03:00,0.172
2020-06-17 04:00,0.148
2020-06-17 05:00,0.086
2020-06-17 06:00,0.065
2020-06-17 07:00,0.070
2020-06-17 08:00,0.066
2020-06-17 09:00,0.056
2020-06-17 10:00,0.054
2020-06-17 11:00,0.066
2020-06-17 12:00,0.089
2020-06-17 13:00,0.113
2020-06-17 14:00,0.128
2020-06-17 15:00,0.137
2020-06-17 16:00,0.152
2020-06-17 17:00,0.169
2020-06-17 18:00,0.180
2020-06-17 19:00,0.218
2020-06-17 20:00,0.270
2020-06-17 21:00,0.274
2020-06-17 22:00,0.246
2020-06-17 23:00,0.222
2020-06-18 00:00,0.209
2020-06-18 01:00,0.213
2020-06-18 02:00,0.229
2020-06-18 03:00,0.239
2020-06-18 04:00,0.224
2020-06-18 05:00,0.204
2020-06-18 06:00,0.191
2020-06-18 07:00,0.226
2020-06-18 08:00,0.286
2020-06-18 09:00,0.367
2020-06-18 10:00,0.433
2020-06-18 11:00,0.505
2020-06-18 12:00,0.533
2020-06-18 13:00,0.493
2020-06-18 14:00,0.436
2020-06-18 15:00,0.384
2020-06-18 16:00,0.327
2020-06-18 17:00,0.265
2020-06-18 18:00,0.212
2020-06-18 19:00,0.204
2020-06-18 20:00,0.235
2020-06-18 21:00,0.259
2020-06-18 22:00,0.293
2020-06-18 23:00,0.340
2020-06-19 00:00,0.369
2020-06-19 01:00,0.373
2020-06-19 02:00,0.382
2020-06-19 03:00,0.382
2020-06-19 04:00,0.336
2020-06-19 05:00,0.239
2020-06-19 06:00,0.273
2020-06-19 07:00,0.317
2020-06-19 08:00,0.302
2020-06-19 09:00,0.287
2020-06-19 10:00,0.289
2020-06-19 11:00,0.321
2020-06-19 12:00,0.382
2020-06-19 13:00,0.460
2020-06-19 14:00,0.556
2020-06-19 15:00,0.645
2020-06-19 16:00,0.689
2020-06-19 17:00,0.657
2020-06-19 18:00,0.560
2020-06-19 19:00,0.462
2020-06-19 20:00,0.429
2020-06-19 21:00,0.429
2020-06-19 22:00,0.443
2020-06-19 23:00,0.450
2020-06-20 00:00,0.458
2020-06-20 01:00,0.447
2020-06-20 02:00,0.430
2020-06-20 03:00,0.416
2020-06-20 04:00,0.348
2020-06-20 05:00,0.244
2020-06-20 06:00,0.250
2020-06-20 07:00,0.250
2020-06-20 08:00,0.251
2020-06-20 09:00,0.254
2020-06-20 10:00,0.270
2020-06-20 11:00,0.297
2020-06-20 12:00,0.326
2020-06-20 13:00,0.355
2020-06-20 14:00,0.374
2020-06-20 15:00,0.390
2020-06-20 16:00,0.410
2020-06-20 17:00,0.397
2020-06-20 18:00,0.368
2020-06-20 19:00,0.442
2020-06-20 20:00,0.514
2020-06-20 21:00,0.511
2020-06-20 22:00,0.542
2020-06-20 23:00,0.562
2020-06-21 00:00,0.606
2020-06-21 01:00,0.658
2020-06-21 02:00,0.702
2020-06-21 03:00,0.744
2020-06-21 04:00,0.811
2020-06-21 05:00,0.753
2020-06-21 06:00,0.635
2020-06-21 07:00,0.594
2020-06-21 08:00,0.562
2020-06-21 09:00,0.574
2020-06-21 10:00,0.606
2020-06-21 11:00,0.629
2020-06-21 12:00,0.663
2020-06-21 13:00,0.713
2020-06-21 14:00,0.755
2020-06-21 15:00,0.766
2020-06-21 16:00,0.746
2020-06-21 17:00,0.689
2020-06-21 18:00,0.558
2020-06-21 19:00,0.449
2020-06-21 20:00,0.410
2020-06-21 21:00,0.423
2020-06-21 22:00,0.450
2020-06-21 23:00,0.460
2020-06-22 00:00,0.442
2020-06-22 01:00,0.413
2020-06-22 02:00,0.403
2020-06-22 03:00,0.386
2020-06-22 04:00,0.299
2020-06-22 05:00,0.210
2020-06-22 06:00,0.251
2020-06-22 07:00,0.361
2020-06-22 08:00,0.484
2020-06-22 09:00,0.550
2020-06-22 10:00,0.596
2020-06-22 11:00,0.630
2020-06-22 12:00,0.648
2020-06-22 13:00,0.650
2020-06-22 14:00,0.645
2020-06-22 15:00,0.640
2020-06-22 16:00,0.643
2020-06-22 17:00,0.606
2020-06-22 18:00,0.600
2020-06-22 19:00,0.622
2020-06-22 20:00,0.582
2020-06-22 21:00,0.535
2020-06-22 22:00,0.533
2020-06-22 23:00,0.508
2020-06-23 00:00,0.488
2020-06-23 01:00,0.450
2020-06-23 02:00,0.442
2020-06-23 03:00,0.438
2020-06-23 04:00,0.367
2020-06-23 05:00,0.292
2020-06-23 06:00,0.359
2020-06-23 07:00,0.407
2020-06-23 08:00,0.439
2020-06-23 09:00,0.429
2020-06-23 10:00,0.400
2020-06-23 11:00,0.387
2020-06-23 12:00,0.386
2020-06-23 13:00,0.393
2020-06-23 14:00,0.395
2020-06-23 15:00,0.394
2020-06-23 16:00,0.380
2020-06-23 17:00,0.288
2020-06-23 18:00,0.194
2020-06-23 19:00,0.219
2020-06-23 20:00,0.298
2020-06-23 21:00,0.357
2020-06-23 22:00,0.383
2020-06-23 23:00,0.382
2020-06-24 00:00,0.380
2020-06-24 01:00,0.377
2020-06-24 02:00,0.368
2020-06-24 03:00,0.360
2020-06-24 04:00,0.307
2020-06-24 05:00,0.158
2020-06-24 06:00,0.071
2020-06-24 07:00,0.080
2020-06-24 08:00,0.143
2020-06-24 09:00,0.140
2020-06-24 10:00,0.141
2020-06-24 11:00,0.155
2020-06-24 12:00,0.169
2020-06-24 13:00,0.180
2020-06-24 14:00,0.186
2020-06-24 15:00,0.198
2020-06-24 16:00,0.211
2020-06-24 17:00,0.232
2020-06-24 18:00,0.261
2020-06-24 19:00,0.361
2020-06-24 20:00,0.467
2020-06-24 21:00,0.452
2020-06-24 22:00,0.410
2020-06-24 23:00,0.380
2020-06-25 00:00,0.359
2020-06-25 01:00,0.348
2020-06-25 02:00,0.342
2020-06-25 03:00,0.348
2020-06-25 04:00,0.324
2020-06-25 05:00,0.216
2020-06-25 06:00,0.162
2020-06-25 07:00,0.180
2020-06-25 08:00,0.323
2020-06-25 09:00,0.430
2020-06-25 10:00,0.466
2020-06-25 11:00,0.448
2020-06-25 12:00,0.416
2020-06-25 13:00,0.384
2020-06-25 14:00,0.358
2020-06-25 15:00,0.348
2020-06-25 16:00,0.345
2020-06-25 17:00,0.335
2020-06-25 18:00,0.360
2020-06-25 19:00,0.448
2020-06-25 20:00,0.516
2020-06-25 21:00,0.498
2020-06-25 22:00,0.426
2020-06-25 23:00,0.359
2020-06-26 00:00,0.311
2020-06-26 01:00,0.264
2020-06-26 02:00,0.221
2020-06-26 03:00,0.190
2020-06-26 04:00,0.160
2020-06-26 05:00,0.101
2020-06-26 06:00,0.059
2020-06-26 07:00,0.063
2020-06-26 08:00,0.118
2020-06-26 09:00,0.122
2020-06-26 10:00,0.106
2020-06-26 11:00,0.186
2020-06-26 12:00,0.223
2020-06-26 13:00,0.240
2020-06-26 14:00,0.271
2020-06-26 15:00,0.301
2020-06-26 16:00,0.281
2020-06-26 17:00,0.215
2020-06-26 18:00,0.169
2020-06-26 19:00,0.179
2020-06-26 20:00,0.208
2020-06-26 21:00,0.230
2020-06-26 22:00,0.196
2020-06-26 23:00,0.140
2020-06-27 00:00,0.113
2020-06-27 01:00,0.109
2020-06-27 02:00,0.108
2020-06-27 03:00,0.175
2020-06-27 04:00,0.253
2020-06-27 05:00,0.269
2020-06-27 06:00,0.489
2020-06-27 07:00,0.582
2020-06-27 08:00,0.604
2020-06-27 09:00,0.586
2020-06-27 10:00,0.606
2020-06-27 11:00,0.658
2020-06-27 12:00,0.701
2020-06-27 13:00,0.735
2020-06-27 14:00,0.778
2020-06-27 15:00,0.817
2020-06-27 16:00,0.838
2020-06-27 17:00,0.864
2020-06-27 18:00,0.815
2020-06-27 19:00,0.739
2020-06-27 20:00,0.759
2020-06-27 21:00,0.776
2020-06-27 22:00,0.778
2020-06-27 23:00,0.777
2020-06-28 00:00,0.776
2020-06-28 01:00,0.757
2020-06-28 02:00,0.753
2020-06-28 03:00,0.769
2020-06-28 04:00,0.803
2020-06-28 05:00,0.836
2020-06-28 06:00,0.889
2020-06-28 07:00,0.924
2020-06-28 08:00,0.943
2020-06-28 09:00,0.951
2020-06-28 10:00,0.956
2020-06-28 11:00,0.960
2020-06-28 12:00,0.962
2020-06-28 13:00,0.961
2020-06-28 14:00,0.954
2020-06-28 15:00,0.943
2020-06-28 16:00,0.915
2020-06-28 17:00,0.883
2020-06-28 18:00,0.848
2020-06-28 19:00,0.829
2020-06-28 20:00,0.835
2020-06-28 21:00,0.851
2020-06-28 22:00,0.864
2020-06-28 23:00,0.876
2020-06-29 00:00,0.884
2020-06-29 01:00,0.889
2020-06-29 02:00,0.893
2020-06-29 03:00,0.894
2020-06-29 04:00,0.887
2020-06-29 05:00,0.887
2020-06-29 06:00,0.894
2020-06-29 07:00,0.918
2020-06-29 08:00,0.936
2020-06-29 09:00,0.945
2020-06-29 10:00,0.946
2020-06-29 11:00,0.942
2020-06-29 12:00,0.938
2020-06-29 13:00,0.936
2020-06-29 14:00,0.933
2020-06-29 15:00,0.929
2020-06-29 16:00,0.913
2020-06-29 17:00,0.893
2020-06-29 18:00,0.873
2020-06-29 19:00,0.867
2020-06-29 20:00,0.848
2020-06-29 21:00,0.831
2020-06-29 22:00,0.806
2020-06-29 23:00,0.778
2020-06-30 00:00,0.767
2020-06-30 01:00,0.721
2020-06-30 02:00,0.659
2020-06-30 03:00,0.591
2020-06-30 04:00,0.516
2020-06-30 05:00,0.455
2020-06-30 06:00,0.495
2020-06-30 07:00,0.533
2020-06-30 08:00,0.526
2020-06-30 09:00,0.524
2020-06-30 10:00,0.507
2020-06-30 11:00,0.473
2020-06-30 12:00,0.416
2020-06-30 13:00,0.348
2020-06-30 14:00,0.285
2020-06-30 15:00,0.226
2020-06-30 16:00,0.166
2020-06-30 17:00,0.105
2020-06-30 18:00,0.056
2020-06-30 19:00,0.032
2020-06-30 20:00,0.027
2020-06-30 21:00,0.027
2020-06-30 22:00,0.029
2020-06-30 23:00,0.033
2020-07-01 00:00,0.043
2020-07-01 01:00,0.062
2020-07-01 02:00,0.093
2020-07-01 03:00,0.108
2020-07-01 04:00,0.113
2020-07-01 05:00,0.088
2020-07-01 06:00,0.063
2020-07-01 07:00,0.061
2020-07-01 08:00,0.061
2020-07-01 09:00,0.066
2020-07-01 10:00,0.073
2020-07-01 11:00,0.079
2020-07-01 12:00,0.081
2020-07-01 13:00,0.078
2020-07-01 14:00,0.070
2020-07-01 15:00,0.062
2020-07-01 16:00,0.050
2020-07-01 17:00,0.038
2020-07-01 18:00,0.032
2020-07-01 19:00,0.030
2020-07-01 20:00,0.033
2020-07-01 21:00,0.032
2020-07-01 22:00,0.035
2020-07-01 23:00,0.036
2020-07-02 00:00,0.043
2020-07-02 01:00,0.057
2020-07-02 02:00,0.073
2020-07-02 03:00,0.081
2020-07-02 04:00,0.079
2020-07-02 05:00,0.072
2020-07-02 06:00,0.075
2020-07-02 07:00,0.088
2020-07-02 08:00,0.108
2020-07-02 09:00,0.121
2020-07-02 10:00,0.114
2020-07-02 11:00,0.089
2020-07-02 12:00,0.054
2020-07-02 13:00,0.025
2020-07-02 14:00,0.014
2020-07-02 15:00,0.016
2020-07-02 16:00,0.018
2020-07-02 17:00,0.037
2020-07-02 18:00,0.058
2020-07-02 19:00,0.083
2020-07-02 20:00,0.143
2020-07-02 21:00,0.227
2020-07-02 22:00,0.290
2020-07-02 23:00,0.294
2020-07-03 00:00,0.299
2020-07-03 01:00,0.317
2020-07-03 02:00,0.345
2020-07-03 03:00,0.391
2020-07-03 04:00,0.405
2020-07-03 05:00,0.393
2020-07-03 06:00,0.411
2020-07-03 07:00,0.634
2020-07-03 08:00,0.784
2020-07-03 09:00,0.849
2020-07-03 10:00,0.883
2020-07-03 11:00,0.901
2020-07-03 12:00,0.916
2020-07-03 13:00,0.927
2020-07-03 14:00,0.919
2020-07-03 15:00,0.904
2020-07-03 16:00,0.893
2020-07-03 17:00,0.872
2020-07-03 18:00,0.839
2020-07-03 19:00,0.804
2020-07-03 20:00,0.761
2020-07-03 21:00,0.733
2020-07-03 22:00,0.740
2020-07-03 23:00,0.665
2020-07-04 00:00,0.546
2020-07-04 01:00,0.493
2020-07-04 02:00,0.499
2020-07-04 03:00,0.566
2020-07-04 04:00,0.630
2020-07-04 05:00,0.607
2020-07-04 06:00,0.581
2020-07-04 07:00,0.637
2020-07-04 08:00,0.694
2020-07-04 09:00,0.696
2020-07-04 10:00,0.698
2020-07-04 11:00,0.696
2020-07-04 12:00,0.692
2020-07-04 13:00,0.673
2020-07-04 14:00,0.649
2020-07-04 15:00,0.615
2020-07-04 16:00,0.600
2020-07-04 17:00,0.550
2020-07-04 18:00,0.453
2020-07-04 19:00,0.527
2020-07-04 20:00,0.672
2020-07-04 21:00,0.787
2020-07-04 22:00,0.884
2020-07-04 23:00,0.914
2020-07-05 00:00,0.925
2020-07-05 01:00,0.940
2020-07-05 02:00,0.957
2020-07-05 03:00,0.963
2020-07-05 04:00,0.956
2020-07-05 05:00,0.946
2020-07-05 06:00,0.947
2020-07-05 07:00,0.951
2020-07-05 08:00,0.953
2020-07-05 09:00,0.949
2020-07-05 10:00,0.944
2020-07-05 11:00,0.942
2020-07-05 12:00,0.948
2020-07-05 13:00,0.959
2020-07-05 14:00,0.965
2020-07-05 15:00,0.965
2020-07-05 16:00,0.958
2020-07-05 17:00,0.941
2020-07-05 18:00,0.931
2020-07-05 19:00,0.928
2020-07-05 20:00,0.930
2020-07-05 21:00,0.926
2020-07-05 22:00,0.916
2020-07-05 23:00,0.897
2020-07-06 00:00,0.883
2020-07-06 01:00,0.861
2020-07-06 02:00,0.851
2020-07-06 03:00,0.837
2020-07-06 04:00,0.813
2020-07-06 05:00,0.799
2020-07-06 06:00,0.824
2020-07-06 07:00,0.831
2020-07-06 08:00,0.789
2020-07-06 09:00,0.736
2020-07-06 10:00,0.680
2020-07-06 11:00,0.620
2020-07-06 12:00,0.572
2020-07-06 13:00,0.549
2020-07-06 14:00,0.553
2020-07-06 15:00,0.562
2020-07-06 16:00,0.581
2020-07-06 17:00,0.604
2020-07-06 18:00,0.604
2020-07-06 19:00,0.536
2020-07-06 20:00,0.470
2020-07-06 21:00,0.460
2020-07-06 22:00,0.450
2020-07-06 23:00,0.433
2020-07-07 00:00,0.431
2020-07-07 01:00,0.400
2020-07-07 02:00,0.352
2020-07-07 03:00,0.319
2020-07-07 04:00,0.277
2020-07-07 05:00,0.187
2020-07-07 06:00,0.177
2020-07-07 07:00,0.210
2020-07-07 08:00,0.232
2020-07-07 09:00,0.279
2020-07-07 10:00,0.321
2020-07-07 11:00,0.309
2020-07-07 12:00,0.280
2020-07-07 13:00,0.251
2020-07-07 14:00,0.227
2020-07-07 15:00,0.201
2020-07-07 16:00,0.158
2020-07-07 17:00,0.090
2020-07-07 18:00,0.030
2020-07-07 19:00,0.016
2020-07-07 20:00,0.023
2020-07-07 21:00,0.040
2020-07-07 22:00,0.055
2020-07-07 23:00,0.069
2020-07-08 00:00,0.078
2020-07-08 01:00,0.088
2020-07-08 02:00,0.112
2020-07-08 03:00,0.139
2020-07-08 04:00,0.146
2020-07-08 05:00,0.114
2020-07-08 06:00,0.102
2020-07-08 07:00,0.112
2020-07-08 08:00,0.120
2020-07-08 09:00,0.123
2020-07-08 10:00,0.122
2020-07-08 11:00,0.135
2020-07-08 12:00,0.148
2020-07-08 13:00,0.157
2020-07-08 14:00,0.173
2020-07-08 15:00,0.204
2020-07-08 16:00,0.247
2020-07-08 17:00,0.260
2020-07-08 18:00,0.275
2020-07-08 19:00,0.336
2020-07-08 20:00,0.387
2020-07-08 21:00,0.407
2020-07-08 22:00,0.403
2020-07-08 23:00,0.358
2020-07-09 00:00,0.341
2020-07-09 01:00,0.319
2020-07-09 02:00,0.291
2020-07-09 03:00,0.273
2020-07-09 04:00,0.271
2020-07-09 05:00,0.290
2020-07-09 06:00,0.400
2020-07-09 07:00,0.476
2020-07-09 08:00,0.487
2020-07-09 09:00,0.493
2020-07-09 10:00,0.472
2020-07-09 11:00,0.448
2020-07-09 12:00,0.413
2020-07-09 13:00,0.394
2020-07-09 14:00,0.379
2020-07-09 15:00,0.321
2020-07-09 16:00,0.260
2020-07-09 17:00,0.194
2020-07-09 18:00,0.128
2020-07-09 19:00,0.111
2020-07-09 20:00,0.092
2020-07-09 21:00,0.062
2020-07-09 22:00,0.041
2020-07-09 23:00,0.044
2020-07-10 00:00,0.059
2020-07-10 01:00,0.091
2020-07-10 02:00,0.143
2020-07-10 03:00,0.214
2020-07-10 04:00,0.297
2020-07-10 05:00,0.349
2020-07-10 06:00,0.399
2020-07-10 07:00,0.497
2020-07-10 08:00,0.556
2020-07-10 09:00,0.563
2020-07-10 10:00,0.560
2020-07-10 11:00,0.540
2020-07-10 12:00,0.502
2020-07-10 13:00,0.466
2020-07-10 14:00,0.439
2020-07-10 15:00,0.421
2020-07-10 16:00,0.427
2020-07-10 17:00,0.449
2020-07-10 18:00,0.439
2020-07-10 19:00,0.454
2020-07-10 20:00,0.482
2020-07-10 21:00,0.505
2020-07-10 22:00,0.502
2020-07-10 23:00,0.505
2020-07-11 00:00,0.499
2020-07-11 01:00,0.480
2020-07-11 02:00,0.476
2020-07-11 03:00,0.480
2020-07-11 04:00,0.429
2020-07-11 05:00,0.281
2020-07-11 06:00,0.321
2020-07-11 07:00,0.315
2020-07-11 08:00,0.281
2020-07-11 09:00,0.276
2020-07-11 10:00,0.291
2020-07-11 11:00,0.318
2020-07-11 12:00,0.345
2020-07-11 13:00,0.370
2020-07-11 14:00,0.380
2020-07-11 15:00,0.380
2020-07-11 16:00,0.363
2020-07-11 17:00,0.342
2020-07-11 18:00,0.305
2020-07-11 19:00,0.279
2020-07-11 20:00,0.311
2020-07-11 21:00,0.309
2020-07-11 22:00,0.287
2020-07-11 23:00,0.268
2020-07-12 00:00,0.243
2020-07-12 01:00,0.221
2020-07-12 02:00,0.194
2020-07-12 03:00,0.165
2020-07-12 04:00,0.135
2020-07-12 05:00,0.081
2020-07-12 06:00,0.038
2020-07-12 07:00,0.026
2020-07-12 08:00,0.028
2020-07-12 09:00,0.037
2020-07-12 10:00,0.046
2020-07-12 11:00,0.056
2020-07-12 12:00,0.069
2020-07-12 13:00,0.083
2020-07-12 14:00,0.094
2020-07-12 15:00,0.105
2020-07-12 16:00,0.118
2020-07-12 17:00,0.130
2020-07-12 18:00,0.127
2020-07-12 19:00,0.133
2020-07-12 20:00,0.148
2020-07-12 21:00,0.180
2020-07-12 22:00,0.212
2020-07-12 23:00,0.248
2020-07-13 00:00,0.301
2020-07-13 01:00,0.380
2020-07-13 02:00,0.430
2020-07-13 03:00,0.403
2020-07-13 04:00,0.377
2020-07-13 05:00,0.306
2020-07-13 06:00,0.342
2020-07-13 07:00,0.445
2020-07-13 08:00,0.491
2020-07-13 09:00,0.529
2020-07-13 10:00,0.546
2020-07-13 11:00,0.577
2020-07-13 12:00,0.604
2020-07-13 13:00,0.600
2020-07-13 14:00,0.591
2020-07-13 15:00,0.569
2020-07-13 16:00,0.497
2020-07-13 17:00,0.433
2020-07-13 18:00,0.378
2020-07-13 19:00,0.320
2020-07-13 20:00,0.335
2020-07-13 21:00,0.361
2020-07-13 22:00,0.387
2020-07-13 23:00,0.400
2020-07-14 00:00,0.393
2020-07-14 01:00,0.357
2020-07-14 02:00,0.341
2020-07-14 03:00,0.349
2020-07-14 04:00,0.323
2020-07-14 05:00,0.209
2020-07-14 06:00,0.270
2020-07-14 07:00,0.270
2020-07-14 08:00,0.271
2020-07-14 09:00,0.298
2020-07-14 10:00,0.320
2020-07-14 11:00,0.342
2020-07-14 12:00,0.355
2020-07-14 13:00,0.365
2020-07-14 14:00,0.382
2020-07-14 15:00,0.406
2020-07-14 16:00,0.426
2020-07-14 17:00,0.423
2020-07-14 18:00,0.390
2020-07-14 19:00,0.326
2020-07-14 20:00,0.302
2020-07-14 21:00,0.298
2020-07-14 22:00,0.299
2020-07-14 23:00,0.296
2020-07-15 00:00,0.300
2020-07-15 01:00,0.299
2020-07-15 02:00,0.291
2020-07-15 03:00,0.270
2020-07-15 04:00,0.243
2020-07-15 05:00,0.175
2020-07-15 06:00,0.169
2020-07-15 07:00,0.204
2020-07-15 08:00,0.243
2020-07-15 09:00,0.284
2020-07-15 10:00,0.321
2020-07-15 11:00,0.357
2020-07-15 12:00,0.406
2020-07-15 13:00,0.473
2020-07-15 14:00,0.542
2020-07-15 15:00,0.580
2020-07-15 16:00,0.591
2020-07-15 17:00,0.562
2020-07-15 18:00,0.460
2020-07-15 19:00,0.390
2020-07-15 20:00,0.446
2020-07-15 21:00,0.460
2020-07-15 22:00,0.457
2020-07-15 23:00,0.468
2020-07-16 00:00,0.477
2020-07-16 01:00,0.499
2020-07-16 02:00,0.452
2020-07-16 03:00,0.440
2020-07-16 04:00,0.439
2020-07-16 05:00,0.335
2020-07-16 06:00,0.439
2020-07-16 07:00,0.419
2020-07-16 08:00,0.380
2020-07-16 09:00,0.345
2020-07-16 10:00,0.330
2020-07-16 11:00,0.326
2020-07-16 12:00,0.339
2020-07-16 13:00,0.359
2020-07-16 14:00,0.381
2020-07-16 15:00,0.406
2020-07-16 16:00,0.426
2020-07-16 17:00,0.414
2020-07-16 18:00,0.336
2020-07-16 19:00,0.258
2020-07-16 20:00,0.302
2020-07-16 21:00,0.347
2020-07-16 22:00,0.369
2020-07-16 23:00,0.393
2020-07-17 00:00,0.426
2020-07-17 01:00,0.455
2020-07-17 02:00,0.472
2020-07-17 03:00,0.483
2020-07-17 04:00,0.459
2020-07-17 05:00,0.306
2020-07-17 06:00,0.281
2020-07-17 07:00,0.380
2020-07-17 08:00,0.396
2020-07-17 09:00,0.382
2020-07-17 10:00,0.375
2020-07-17 11:00,0.390
2020-07-17 12:00,0.410
2020-07-17 13:00,0.432
2020-07-17 14:00,0.446
2020-07-17 15:00,0.449
2020-07-17 16:00,0.431
2020-07-17 17:00,0.380
2020-07-17 18:00,0.306
2020-07-17 19:00,0.299
2020-07-17 20:00,0.345
2020-07-17 21:00,0.387
2020-07-17 22:00,0.403
2020-07-17 23:00,0.400
2020-07-18 00:00,0.393
2020-07-18 01:00,0.378
2020-07-18 02:00,0.364
2020-07-18 03:00,0.360
2020-07-18 04:00,0.370
2020-07-18 05:00,0.345
2020-07-18 06:00,0.302
2020-07-18 07:00,0.351
2020-07-18 08:00,0.460
2020-07-18 09:00,0.519
2020-07-18 10:00,0.523
2020-07-18 11:00,0.499
2020-07-18 12:00,0.476
2020-07-18 13:00,0.433
2020-07-18 14:00,0.379
2020-07-18 15:00,0.333
2020-07-18 16:00,0.299
2020-07-18 17:00,0.271
2020-07-18 18:00,0.255
2020-07-18 19:00,0.268
2020-07-18 20:00,0.312
2020-07-18 21:00,0.320
2020-07-18 22:00,0.328
2020-07-18 23:00,0.349
2020-07-19 00:00,0.365
2020-07-19 01:00,0.362
2020-07-19 02:00,0.365
2020-07-19 03:00,0.377
2020-07-19 04:00,0.342
2020-07-19 05:00,0.203
2020-07-19 06:00,0.223
2020-07-19 07:00,0.248
2020-07-19 08:00,0.213
2020-07-19 09:00,0.180
2020-07-19 10:00,0.163
2020-07-19 11:00,0.169
2020-07-19 12:00,0.196
2020-07-19 13:00,0.240
2020-07-19 14:00,0.297
2020-07-19 15:00,0.352
2020-07-19 16:00,0.395
2020-07-19 17:00,0.416
2020-07-19 18:00,0.396
2020-07-19 19:00,0.397
2020-07-19 20:00,0.439
2020-07-19 21:00,0.465
2020-07-19 22:00,0.468
2020-07-19 23:00,0.460
2020-07-20 00:00,0.447
2020-07-20 01:00,0.436
2020-07-20 02:00,0.422
2020-07-20 03:00,0.403
2020-07-20 04:00,0.361
2020-07-20 05:00,0.229
2020-07-20 06:00,0.241
2020-07-20 07:00,0.263
2020-07-20 08:00,0.257
2020-07-20 09:00,0.264
2020-07-20 10:00,0.278
2020-07-20 11:00,0.298
2020-07-20 12:00,0.325
2020-07-20 13:00,0.367
2020-07-20 14:00,0.409
2020-07-20 15:00,0.413
2020-07-20 16:00,0.397
2020-07-20 17:00,0.401
2020-07-20 18:00,0.383
2020-07-20 19:00,0.377
2020-07-20 20:00,0.406
2020-07-20 21:00,0.396
2020-07-20 22:00,0.382
2020-07-20 23:00,0.374
2020-07-21 00:00,0.366
2020-07-21 01:00,0.370
2020-07-21 02:00,0.383
2020-07-21 03:00,0.393
2020-07-21 04:00,0.367
2020-07-21 05:00,0.232
2020-07-21 06:00,0.190
2020-07-21 07:00,0.223
2020-07-21 08:00,0.205
2020-07-21 09:00,0.184
2020-07-21 10:00,0.169
2020-07-21 11:00,0.155
2020-07-21 12:00,0.141
2020-07-21 13:00,0.126
2020-07-21 14:00,0.106
2020-07-21 15:00,0.092
2020-07-21 16:00,0.083
2020-07-21 17:00,0.072
2020-07-21 18:00,0.061
2020-07-21 19:00,0.047
2020-07-21 20:00,0.029
2020-07-21 21:00,0.021
2020-07-21 22:00,0.021
2020-07-21 23:00,0.024
2020-07-22 00:00,0.035
2020-07-22 01:00,0.052
2020-07-22 02:00,0.073
2020-07-22 03:00,0.090
2020-07-22 04:00,0.102
2020-07-22 05:00,0.099
2020-07-22 06:00,0.068
2020-07-22 07:00,0.061
2020-07-22 08:00,0.109
2020-07-22 09:00,0.166
2020-07-22 10:00,0.222
2020-07-22 11:00,0.259
2020-07-22 12:00,0.284
2020-07-22 13:00,0.312
2020-07-22 14:00,0.346
2020-07-22 15:00,0.368
2020-07-22 16:00,0.368
2020-07-22 17:00,0.328
2020-07-22 18:00,0.311
2020-07-22 19:00,0.367
2020-07-22 20:00,0.423
2020-07-22 21:00,0.466
2020-07-22 22:00,0.529
2020-07-22 23:00,0.542
2020-07-23 00:00,0.492
2020-07-23 01:00,0.459
2020-07-23 02:00,0.421
2020-07-23 03:00,0.383
2020-07-23 04:00,0.380
2020-07-23 05:00,0.309
2020-07-23 06:00,0.299
2020-07-23 07:00,0.391
2020-07-23 08:00,0.444
2020-07-23 09:00,0.478
2020-07-23 10:00,0.502
2020-07-23 11:00,0.512
2020-07-23 12:00,0.486
2020-07-23 13:00,0.442
2020-07-23 14:00,0.418
2020-07-23 15:00,0.410
2020-07-23 16:00,0.374
2020-07-23 17:00,0.309
2020-07-23 18:00,0.254
2020-07-23 19:00,0.265
2020-07-23 20:00,0.326
2020-07-23 21:00,0.363
2020-07-23 22:00,0.380
2020-07-23 23:00,0.406
2020-07-24 00:00,0.413
2020-07-24 01:00,0.399
2020-07-24 02:00,0.377
2020-07-24 03:00,0.346
2020-07-24 04:00,0.291
2020-07-24 05:00,0.174
2020-07-24 06:00,0.133
2020-07-24 07:00,0.115
2020-07-24 08:00,0.106
2020-07-24 09:00,0.106
2020-07-24 10:00,0.116
2020-07-24 11:00,0.128
2020-07-24 12:00,0.137
2020-07-24 13:00,0.150
2020-07-24 14:00,0.158
2020-07-24 15:00,0.163
2020-07-24 16:00,0.158
2020-07-24 17:00,0.135
2020-07-24 18:00,0.131
2020-07-24 19:00,0.184
2020-07-24 20:00,0.293
2020-07-24 21:00,0.388
2020-07-24 22:00,0.403
2020-07-24 23:00,0.404
2020-07-25 00:00,0.424
2020-07-25 01:00,0.439
2020-07-25 02:00,0.450
2020-07-25 03:00,0.461
2020-07-25 04:00,0.488
2020-07-25 05:00,0.518
2020-07-25 06:00,0.542
2020-07-25 07:00,0.607
2020-07-25 08:00,0.677
2020-07-25 09:00,0.639
2020-07-25 10:00,0.576
2020-07-25 11:00,0.539
2020-07-25 12:00,0.441
2020-07-25 13:00,0.335
2020-07-25 14:00,0.311
2020-07-25 15:00,0.288
2020-07-25 16:00,0.254
2020-07-25 17:00,0.246
2020-07-25 18:00,0.220
2020-07-25 19:00,0.208
2020-07-25 20:00,0.224
2020-07-25 21:00,0.274
2020-07-25 22:00,0.335
2020-07-25 23:00,0.378
2020-07-26 00:00,0.393
2020-07-26 01:00,0.389
2020-07-26 02:00,0.415
2020-07-26 03:00,0.452
2020-07-26 04:00,0.480
2020-07-26 05:00,0.417
2020-07-26 06:00,0.447
2020-07-26 07:00,0.508
2020-07-26 08:00,0.553
2020-07-26 09:00,0.629
2020-07-26 10:00,0.672
2020-07-26 11:00,0.690
2020-07-26 12:00,0.700
2020-07-26 13:00,0.754
2020-07-26 14:00,0.757
2020-07-26 15:00,0.723
2020-07-26 16:00,0.645
2020-07-26 17:00,0.523
2020-07-26 18:00,0.396
2020-07-26 19:00,0.382
2020-07-26 20:00,0.413
2020-07-26 21:00,0.433
2020-07-26 22:00,0.476
2020-07-26 23:00,0.466
2020-07-27 00:00,0.461
2020-07-27 01:00,0.500
2020-07-27 02:00,0.501
2020-07-27 03:00,0.460
2020-07-27 04:00,0.588
2020-07-27 05:00,0.529
2020-07-27 06:00,0.526
2020-07-27 07:00,0.763
2020-07-27 08:00,0.898
2020-07-27 09:00,0.930
2020-07-27 10:00,0.925
2020-07-27 11:00,0.922
2020-07-27 12:00,0.926
2020-07-27 13:00,0.911
2020-07-27 14:00,0.907
2020-07-27 15:00,0.921
2020-07-27 16:00,0.933
2020-07-27 17:00,0.924
2020-07-27 18:00,0.894
2020-07-27 19:00,0.853
2020-07-27 20:00,0.784
2020-07-27 21:00,0.707
2020-07-27 22:00,0.706
2020-07-27 23:00,0.742
2020-07-28 00:00,0.756
2020-07-28 01:00,0.735
2020-07-28 02:00,0.725
2020-07-28 03:00,0.712
2020-07-28 04:00,0.703
2020-07-28 05:00,0.657
2020-07-28 06:00,0.776
2020-07-28 07:00,0.855
2020-07-28 08:00,0.875
2020-07-28 09:00,0.880
2020-07-28 10:00,0.883
2020-07-28 11:00,0.891
2020-07-28 12:00,0.904
2020-07-28 13:00,0.913
2020-07-28 14:00,0.914
2020-07-28 15:00,0.911
2020-07-28 16:00,0.894
2020-07-28 17:00,0.831
2020-07-28 18:00,0.731
2020-07-28 19:00,0.674
2020-07-28 20:00,0.609
2020-07-28 21:00,0.554
2020-07-28 22:00,0.545
2020-07-28 23:00,0.519
2020-07-29 00:00,0.533
2020-07-29 01:00,0.542
2020-07-29 02:00,0.539
2020-07-29 03:00,0.543
2020-07-29 04:00,0.523
2020-07-29 05:00,0.402
2020-07-29 06:00,0.393
2020-07-29 07:00,0.410
2020-07-29 08:00,0.365
2020-07-29 09:00,0.354
2020-07-29 10:00,0.359
2020-07-29 11:00,0.367
2020-07-29 12:00,0.374
2020-07-29 13:00,0.396
2020-07-29 14:00,0.384
2020-07-29 15:00,0.342
2020-07-29 16:00,0.279
2020-07-29 17:00,0.212
2020-07-29 18:00,0.147
2020-07-29 19:00,0.120
2020-07-29 20:00,0.084
2020-07-29 21:00,0.045
2020-07-29 22:00,0.019
2020-07-29 23:00,0.010
2020-07-30 00:00,0.022
2020-07-30 01:00,0.048
2020-07-30 02:00,0.080
2020-07-30 03:00,0.107
2020-07-30 04:00,0.133
2020-07-30 05:00,0.142
2020-07-30 06:00,0.120
2020-07-30 07:00,0.132
2020-07-30 08:00,0.160
2020-07-30 09:00,0.181
2020-07-30 10:00,0.196
2020-07-30 11:00,0.196
2020-07-30 12:00,0.188
2020-07-30 13:00,0.184
2020-07-30 14:00,0.186
2020-07-30 15:00,0.194
2020-07-30 16:00,0.191
2020-07-30 17:00,0.169
2020-07-30 18:00,0.171
2020-07-30 19:00,0.213
2020-07-30 20:00,0.309
2020-07-30 21:00,0.410
2020-07-30 22:00,0.481
2020-07-30 23:00,0.519
2020-07-31 00:00,0.526
2020-07-31 01:00,0.505
2020-07-31 02:00,0.470
2020-07-31 03:00,0.450
2020-07-31 04:00,0.459
2020-07-31 05:00,0.387
2020-07-31 06:00,0.276
2020-07-31 07:00,0.232
2020-07-31 08:00,0.349
2020-07-31 09:00,0.553
2020-07-31 10:00,0.616
2020-07-31 11:00,0.658
2020-07-31 12:00,0.684
2020-07-31 13:00,0.669
2020-07-31 14:00,0.601
2020-07-31 15:00,0.471
2020-07-31 16:00,0.323
2020-07-31 17:00,0.232
2020-07-31 18:00,0.262
2020-07-31 19:00,0.333
2020-07-31 20:00,0.378
2020-07-31 21:00,0.416
2020-07-31 22:00,0.383
2020-07-31 23:00,0.397
2020-08-01 00:00,0.442
2020-08-01 01:00,0.497
2020-08-01 02:00,0.439
2020-08-01 03:00,0.421
2020-08-01 04:00,0.413
2020-08-01 05:00,0.311
2020-08-01 06:00,0.285
2020-08-01 07:00,0.318
2020-08-01 08:00,0.326
2020-08-01 09:00,0.348
2020-08-01 10:00,0.377
2020-08-01 11:00,0.415
2020-08-01 12:00,0.442
2020-08-01 13:00,0.454
2020-08-01 14:00,0.447
2020-08-01 15:00,0.426
2020-08-01 16:00,0.406
2020-08-01 17:00,0.381
2020-08-01 18:00,0.333
2020-08-01 19:00,0.290
2020-08-01 20:00,0.265
2020-08-01 21:00,0.258
2020-08-01 22:00,0.270
2020-08-01 23:00,0.296
2020-08-02 00:00,0.333
2020-08-02 01:00,0.359
2020-08-02 02:00,0.384
2020-08-02 03:00,0.374
2020-08-02 04:00,0.379
2020-08-02 05:00,0.303
2020-08-02 06:00,0.292
2020-08-02 07:00,0.412
2020-08-02 08:00,0.447
2020-08-02 09:00,0.457
2020-08-02 10:00,0.455
2020-08-02 11:00,0.453
2020-08-02 12:00,0.451
2020-08-02 13:00,0.453
2020-08-02 14:00,0.466
2020-08-02 15:00,0.461
2020-08-02 16:00,0.430
2020-08-02 17:00,0.377
2020-08-02 18:00,0.285
2020-08-02 19:00,0.244
2020-08-02 20:00,0.247
2020-08-02 21:00,0.260
2020-08-02 22:00,0.276
2020-08-02 23:00,0.291
2020-08-03 00:00,0.302
2020-08-03 01:00,0.298
2020-08-03 02:00,0.290
2020-08-03 03:00,0.262
2020-08-03 04:00,0.227
2020-08-03 05:00,0.170
2020-08-03 06:00,0.102
2020-08-03 07:00,0.094
2020-08-03 08:00,0.093
2020-08-03 09:00,0.099
2020-08-03 10:00,0.107
2020-08-03 11:00,0.131
2020-08-03 12:00,0.147
2020-08-03 13:00,0.153
2020-08-03 14:00,0.199
2020-08-03 15:00,0.230
2020-08-03 16:00,0.261
2020-08-03 17:00,0.276
2020-08-03 18:00,0.257
2020-08-03 19:00,0.273
2020-08-03 20:00,0.285
2020-08-03 21:00,0.287
2020-08-03 22:00,0.267
2020-08-03 23:00,0.230
2020-08-04 00:00,0.194
2020-08-04 01:00,0.179
2020-08-04 02:00,0.185
2020-08-04 03:00,0.204
2020-08-04 04:00,0.238
2020-08-04 05:00,0.246
2020-08-04 06:00,0.199
2020-08-04 07:00,0.292
2020-08-04 08:00,0.461
2020-08-04 09:00,0.562
2020-08-04 10:00,0.643
2020-08-04 11:00,0.713
2020-08-04 12:00,0.769
2020-08-04 13:00,0.808
2020-08-04 14:00,0.819
2020-08-04 15:00,0.821
2020-08-04 16:00,0.842
2020-08-04 17:00,0.865
2020-08-04 18:00,0.883
2020-08-04 19:00,0.893
2020-08-04 20:00,0.900
2020-08-04 21:00,0.897
2020-08-04 22:00,0.893
2020-08-04 23:00,0.884
2020-08-05 00:00,0.864
2020-08-05 01:00,0.838
2020-08-05 02:00,0.807
2020-08-05 03:00,0.768
2020-08-05 04:00,0.733
2020-08-05 05:00,0.700
2020-08-05 06:00,0.670
2020-08-05 07:00,0.686
2020-08-05 08:00,0.748
2020-08-05 09:00,0.777
2020-08-05 10:00,0.792
2020-08-05 11:00,0.807
2020-08-05 12:00,0.833
2020-08-05 13:00,0.848
2020-08-05 14:00,0.847
2020-08-05 15:00,0.809
2020-08-05 16:00,0.757
2020-08-05 17:00,0.729
2020-08-05 18:00,0.705
2020-08-05 19:00,0.669
2020-08-05 20:00,0.561
2020-08-05 21:00,0.513
2020-08-05 22:00,0.468
2020-08-05 23:00,0.400
2020-08-06 00:00,0.348
2020-08-06 01:00,0.330
2020-08-06 02:00,0.297
2020-08-06 03:00,0.241
2020-08-06 04:00,0.176
2020-08-06 05:00,0.095
2020-08-06 06:00,0.028
2020-08-06 07:00,0.016
2020-08-06 08:00,0.034
2020-08-06 09:00,0.063
2020-08-06 10:00,0.100
2020-08-06 11:00,0.143
2020-08-06 12:00,0.197
2020-08-06 13:00,0.254
2020-08-06 14:00,0.302
2020-08-06 15:00,0.309
2020-08-06 16:00,0.270
2020-08-06 17:00,0.200
2020-08-06 18:00,0.198
2020-08-06 19:00,0.276
2020-08-06 20:00,0.340
2020-08-06 21:00,0.370
2020-08-06 22:00,0.367
2020-08-06 23:00,0.326
2020-08-07 00:00,0.281
2020-08-07 01:00,0.241
2020-08-07 02:00,0.212
2020-08-07 03:00,0.194
2020-08-07 04:00,0.183
2020-08-07 05:00,0.164
2020-08-07 06:00,0.090
2020-08-07 07:00,0.104
2020-08-07 08:00,0.152
2020-08-07 09:00,0.180
2020-08-07 10:00,0.197
2020-08-07 11:00,0.208
2020-08-07 12:00,0.216
2020-08-07 13:00,0.219
2020-08-07 14:00,0.221
2020-08-07 15:00,0.221
2020-08-07 16:00,0.199
2020-08-07 17:00,0.157
2020-08-07 18:00,0.142
2020-08-07 19:00,0.185
2020-08-07 20:00,0.238
2020-08-07 21:00,0.265
2020-08-07 22:00,0.265
2020-08-07 23:00,0.265
2020-08-08 00:00,0.287
2020-08-08 01:00,0.322
2020-08-08 02:00,0.347
2020-08-08 03:00,0.367
2020-08-08 04:00,0.384
2020-08-08 05:00,0.302
2020-08-08 06:00,0.258
2020-08-08 07:00,0.279
2020-08-08 08:00,0.234
2020-08-08 09:00,0.185
2020-08-08 10:00,0.153
2020-08-08 11:00,0.140
2020-08-08 12:00,0.141
2020-08-08 13:00,0.154
2020-08-08 14:00,0.183
2020-08-08 15:00,0.248
2020-08-08 16:00,0.348
2020-08-08 17:00,0.436
2020-08-08 18:00,0.463
2020-08-08 19:00,0.447
2020-08-08 20:00,0.432
2020-08-08 21:00,0.410
2020-08-08 22:00,0.396
2020-08-08 23:00,0.394
2020-08-09 00:00,0.390
2020-08-09 01:00,0.402
2020-08-09 02:00,0.416
2020-08-09 03:00,0.417
2020-08-09 04:00,0.421
2020-08-09 05:00,0.377
2020-08-09 06:00,0.390
2020-08-09 07:00,0.418
2020-08-09 08:00,0.380
2020-08-09 09:00,0.344
2020-08-09 10:00,0.322
2020-08-09 11:00,0.317
2020-08-09 12:00,0.326
2020-08-09 13:00,0.339
2020-08-09 14:00,0.347
2020-08-09 15:00,0.345
2020-08-09 16:00,0.339
2020-08-09 17:00,0.342
2020-08-09 18:00,0.339
2020-08-09 19:00,0.331
2020-08-09 20:00,0.311
2020-08-09 21:00,0.291
2020-08-09 22:00,0.286
2020-08-09 23:00,0.289
2020-08-10 00:00,0.291
2020-08-10 01:00,0.293
2020-08-10 02:00,0.288
2020-08-10 03:00,0.281
2020-08-10 04:00,0.283
2020-08-10 05:00,0.257
2020-08-10 06:00,0.195
2020-08-10 07:00,0.202
2020-08-10 08:00,0.221
2020-08-10 09:00,0.227
2020-08-10 10:00,0.238
2020-08-10 11:00,0.239
2020-08-10 12:00,0.238
2020-08-10 13:00,0.268
2020-08-10 14:00,0.328
2020-08-10 15:00,0.352
2020-08-10 16:00,0.355
2020-08-10 17:00,0.362
2020-08-10 18:00,0.388
2020-08-10 19:00,0.410
2020-08-10 20:00,0.388
2020-08-10 21:00,0.372
2020-08-10 22:00,0.352
2020-08-10 23:00,0.345
2020-08-11 00:00,0.330
2020-08-11 01:00,0.320
2020-08-11 02:00,0.309
2020-08-11 03:00,0.314
2020-08-11 04:00,0.326
2020-08-11 05:00,0.273
2020-08-11 06:00,0.165
2020-08-11 07:00,0.119
2020-08-11 08:00,0.114
2020-08-11 09:00,0.107
2020-08-11 10:00,0.120
2020-08-11 11:00,0.138
2020-08-11 12:00,0.156
2020-08-11 13:00,0.151
2020-08-11 14:00,0.137
2020-08-11 15:00,0.124
2020-08-11 16:00,0.125
2020-08-11 17:00,0.135
2020-08-11 18:00,0.169
2020-08-11 19:00,0.216
2020-08-11 20:00,0.223
2020-08-11 21:00,0.177
2020-08-11 22:00,0.115
2020-08-11 23:00,0.071
2020-08-12 00:00,0.078
2020-08-12 01:00,0.127
2020-08-12 02:00,0.170
2020-08-12 03:00,0.158
2020-08-12 04:00,0.120
2020-08-12 05:00,0.080
2020-08-12 06:00,0.045
2020-08-12 07:00,0.030
2020-08-12 08:00,0.024
2020-08-12 09:00,0.030
2020-08-12 10:00,0.036
2020-08-12 11:00,0.046
2020-08-12 12:00,0.059
2020-08-12 13:00,0.071
2020-08-12 14:00,0.081
2020-08-12 15:00,0.092
2020-08-12 16:00,0.114
2020-08-12 17:00,0.150
2020-08-12 18:00,0.220
2020-08-12 19:00,0.304
2020-08-12 20:00,0.318
2020-08-12 21:00,0.269
2020-08-12 22:00,0.226
2020-08-12 23:00,0.227
2020-08-13 00:00,0.246
2020-08-13 01:00,0.262
2020-08-13 02:00,0.270
2020-08-13 03:00,0.278
2020-08-13 04:00,0.299
2020-08-13 05:00,0.294
2020-08-13 06:00,0.260
2020-08-13 07:00,0.358
2020-08-13 08:00,0.409
2020-08-13 09:00,0.424
2020-08-13 10:00,0.413
2020-08-13 11:00,0.385
2020-08-13 12:00,0.354
2020-08-13 13:00,0.332
2020-08-13 14:00,0.326
2020-08-13 15:00,0.335
2020-08-13 16:00,0.342
2020-08-13 17:00,0.343
2020-08-13 18:00,0.321
2020-08-13 19:00,0.296
2020-08-13 20:00,0.306
2020-08-13 21:00,0.326
2020-08-13 22:00,0.341
2020-08-13 23:00,0.342
2020-08-14 00:00,0.348
2020-08-14 01:00,0.352
2020-08-14 02:00,0.354
2020-08-14 03:00,0.353
2020-08-14 04:00,0.353
2020-08-14 05:00,0.319
2020-08-14 06:00,0.287
2020-08-14 07:00,0.326
2020-08-14 08:00,0.293
2020-08-14 09:00,0.262
2020-08-14 10:00,0.239
2020-08-14 11:00,0.225
2020-08-14 12:00,0.218
2020-08-14 13:00,0.211
2020-08-14 14:00,0.203
2020-08-14 15:00,0.204
2020-08-14 16:00,0.215
2020-08-14 17:00,0.228
2020-08-14 18:00,0.260
2020-08-14 19:00,0.302
2020-08-14 20:00,0.294
2020-08-14 21:00,0.276
2020-08-14 22:00,0.279
2020-08-14 23:00,0.286
2020-08-15 00:00,0.306
2020-08-15 01:00,0.321
2020-08-15 02:00,0.348
2020-08-15 03:00,0.375
2020-08-15 04:00,0.406
2020-08-15 05:00,0.363
2020-08-15 06:00,0.249
2020-08-15 07:00,0.282
2020-08-15 08:00,0.276
2020-08-15 09:00,0.268
2020-08-15 10:00,0.264
2020-08-15 11:00,0.260
2020-08-15 12:00,0.262
2020-08-15 13:00,0.268
2020-08-15 14:00,0.281
2020-08-15 15:00,0.300
2020-08-15 16:00,0.315
2020-08-15 17:00,0.311
2020-08-15 18:00,0.290
2020-08-15 19:00,0.273
2020-08-15 20:00,0.265
2020-08-15 21:00,0.269
2020-08-15 22:00,0.290
2020-08-15 23:00,0.318
2020-08-16 00:00,0.355
2020-08-16 01:00,0.367
2020-08-16 02:00,0.398
2020-08-16 03:00,0.403
2020-08-16 04:00,0.393
2020-08-16 05:00,0.378
2020-08-16 06:00,0.316
2020-08-16 07:00,0.338
2020-08-16 08:00,0.338
2020-08-16 09:00,0.322
2020-08-16 10:00,0.315
2020-08-16 11:00,0.318
2020-08-16 12:00,0.321
2020-08-16 13:00,0.326
2020-08-16 14:00,0.333
2020-08-16 15:00,0.335
2020-08-16 16:00,0.338
2020-08-16 17:00,0.335
2020-08-16 18:00,0.314
2020-08-16 19:00,0.309
2020-08-16 20:00,0.290
2020-08-16 21:00,0.279
2020-08-16 22:00,0.276
2020-08-16 23:00,0.268
2020-08-17 00:00,0.260
2020-08-17 01:00,0.229
2020-08-17 02:00,0.213
2020-08-17 03:00,0.182
2020-08-17 04:00,0.148
2020-08-17 05:00,0.104
2020-08-17 06:00,0.050
2020-08-17 07:00,0.021
2020-08-17 08:00,0.032
2020-08-17 09:00,0.047
2020-08-17 10:00,0.060
2020-08-17 11:00,0.078
2020-08-17 12:00,0.099
2020-08-17 13:00,0.121
2020-08-17 14:00,0.141
2020-08-17 15:00,0.153
2020-08-17 16:00,0.150
2020-08-17 17:00,0.145
2020-08-17 18:00,0.178
2020-08-17 19:00,0.252
2020-08-17 20:00,0.292
2020-08-17 21:00,0.294
2020-08-17 22:00,0.261
2020-08-17 23:00,0.220
2020-08-18 00:00,0.190
2020-08-18 01:00,0.176
2020-08-18 02:00,0.177
2020-08-18 03:00,0.208
2020-08-18 04:00,0.270
2020-08-18 05:00,0.298
2020-08-18 06:00,0.270
2020-08-18 07:00,0.276
2020-08-18 08:00,0.377
2020-08-18 09:00,0.477
2020-08-18 10:00,0.517
2020-08-18 11:00,0.536
2020-08-18 12:00,0.537
2020-08-18 13:00,0.522
2020-08-18 14:00,0.456
2020-08-18 15:00,0.338
2020-08-18 16:00,0.245
2020-08-18 17:00,0.172
2020-08-18 18:00,0.142
2020-08-18 19:00,0.123
2020-08-18 20:00,0.114
2020-08-18 21:00,0.134
2020-08-18 22:00,0.162
2020-08-18 23:00,0.184
2020-08-19 00:00,0.204
2020-08-19 01:00,0.205
2020-08-19 02:00,0.197
2020-08-19 03:00,0.185
2020-08-19 04:00,0.172
2020-08-19 05:00,0.141
2020-08-19 06:00,0.081
2020-08-19 07:00,0.075
2020-08-19 08:00,0.128
2020-08-19 09:00,0.207
2020-08-19 10:00,0.294
2020-08-19 11:00,0.406
2020-08-19 12:00,0.524
2020-08-19 13:00,0.620
2020-08-19 14:00,0.692
2020-08-19 15:00,0.704
2020-08-19 16:00,0.663
2020-08-19 17:00,0.665
2020-08-19 18:00,0.661
2020-08-19 19:00,0.636
2020-08-19 20:00,0.610
2020-08-19 21:00,0.575
2020-08-19 22:00,0.588
2020-08-19 23:00,0.616
2020-08-20 00:00,0.672
2020-08-20 01:00,0.750
2020-08-20 02:00,0.857
2020-08-20 03:00,0.856
2020-08-20 04:00,0.765
2020-08-20 05:00,0.581
2020-08-20 06:00,0.470
2020-08-20 07:00,0.564
2020-08-20 08:00,0.562
2020-08-20 09:00,0.562
2020-08-20 10:00,0.610
2020-08-20 11:00,0.676
2020-08-20 12:00,0.719
2020-08-20 13:00,0.726
2020-08-20 14:00,0.727
2020-08-20 15:00,0.719
2020-08-20 16:00,0.673
2020-08-20 17:00,0.630
2020-08-20 18:00,0.635
2020-08-20 19:00,0.613
2020-08-20 20:00,0.613
2020-08-20 21:00,0.623
2020-08-20 22:00,0.623
2020-08-20 23:00,0.683
2020-08-21 00:00,0.754
2020-08-21 01:00,0.745
2020-08-21 02:00,0.789
2020-08-21 03:00,0.838
2020-08-21 04:00,0.854
2020-08-21 05:00,0.883
2020-08-21 06:00,0.899
2020-08-21 07:00,0.951
2020-08-21 08:00,0.975
2020-08-21 09:00,0.985
2020-08-21 10:00,0.990
2020-08-21 11:00,0.992
2020-08-21 12:00,0.992
2020-08-21 13:00,0.992
2020-08-21 14:00,0.988
2020-08-21 15:00,0.979
2020-08-21 16:00,0.963
2020-08-21 17:00,0.939
2020-08-21 18:00,0.908
2020-08-21 19:00,0.877
2020-08-21 20:00,0.852
2020-08-21 21:00,0.841
2020-08-21 22:00,0.835
2020-08-21 23:00,0.829
2020-08-22 00:00,0.824
2020-08-22 01:00,0.809
2020-08-22 02:00,0.792
2020-08-22 03:00,0.767
2020-08-22 04:00,0.712
2020-08-22 05:00,0.665
2020-08-22 06:00,0.597
2020-08-22 07:00,0.749
2020-08-22 08:00,0.799
2020-08-22 09:00,0.813
2020-08-22 10:00,0.832
2020-08-22 11:00,0.856
2020-08-22 12:00,0.874
2020-08-22 13:00,0.880
2020-08-22 14:00,0.878
2020-08-22 15:00,0.863
2020-08-22 16:00,0.791
2020-08-22 17:00,0.656
2020-08-22 18:00,0.628
2020-08-22 19:00,0.654
2020-08-22 20:00,0.634
2020-08-22 21:00,0.632
2020-08-22 22:00,0.600
2020-08-22 23:00,0.542
2020-08-23 00:00,0.485
2020-08-23 01:00,0.528
2020-08-23 02:00,0.537
2020-08-23 03:00,0.552
2020-08-23 04:00,0.546
2020-08-23 05:00,0.533
2020-08-23 06:00,0.423
2020-08-23 07:00,0.497
2020-08-23 08:00,0.497
2020-08-23 09:00,0.486
2020-08-23 10:00,0.525
2020-08-23 11:00,0.581
2020-08-23 12:00,0.641
2020-08-23 13:00,0.692
2020-08-23 14:00,0.729
2020-08-23 15:00,0.711
2020-08-23 16:00,0.657
2020-08-23 17:00,0.510
2020-08-23 18:00,0.400
2020-08-23 19:00,0.448
2020-08-23 20:00,0.487
2020-08-23 21:00,0.488
2020-08-23 22:00,0.515
2020-08-23 23:00,0.473
2020-08-24 00:00,0.454
2020-08-24 01:00,0.437
2020-08-24 02:00,0.425
2020-08-24 03:00,0.405
2020-08-24 04:00,0.381
2020-08-24 05:00,0.331
2020-08-24 06:00,0.212
2020-08-24 07:00,0.246
2020-08-24 08:00,0.243
2020-08-24 09:00,0.209
2020-08-24 10:00,0.174
2020-08-24 11:00,0.162
2020-08-24 12:00,0.160
2020-08-24 13:00,0.146
2020-08-24 14:00,0.122
2020-08-24 15:00,0.088
2020-08-24 16:00,0.054
2020-08-24 17:00,0.020
2020-08-24 18:00,0.004
2020-08-24 19:00,0.032
2020-08-24 20:00,0.140
2020-08-24 21:00,0.284
2020-08-24 22:00,0.382
2020-08-24 23:00,0.397
2020-08-25 00:00,0.367
2020-08-25 01:00,0.354
2020-08-25 02:00,0.382
2020-08-25 03:00,0.454
2020-08-25 04:00,0.538
2020-08-25 05:00,0.670
2020-08-25 06:00,0.781
2020-08-25 07:00,0.881
2020-08-25 08:00,0.941
2020-08-25 09:00,0.963
2020-08-25 10:00,0.948
2020-08-25 11:00,0.950
2020-08-25 12:00,0.965
2020-08-25 13:00,0.967
2020-08-25 14:00,0.966
2020-08-25 15:00,0.965
2020-08-25 16:00,0.962
2020-08-25 17:00,0.962
2020-08-25 18:00,0.957
2020-08-25 19:00,0.929
2020-08-25 20:00,0.874
2020-08-25 21:00,0.827
2020-08-25 22:00,0.868
2020-08-25 23:00,0.902
2020-08-26 00:00,0.908
2020-08-26 01:00,0.921
2020-08-26 02:00,0.929
2020-08-26 03:00,0.930
2020-08-26 04:00,0.915
2020-08-26 05:00,0.887
2020-08-26 06:00,0.829
2020-08-26 07:00,0.771
2020-08-26 08:00,0.705
2020-08-26 09:00,0.617
2020-08-26 10:00,0.528
2020-08-26 11:00,0.445
2020-08-26 12:00,0.371
2020-08-26 13:00,0.328
2020-08-26 14:00,0.302
2020-08-26 15:00,0.286
2020-08-26 16:00,0.251
2020-08-26 17:00,0.178
2020-08-26 18:00,0.133
2020-08-26 19:00,0.108
2020-08-26 20:00,0.086
2020-08-26 21:00,0.069
2020-08-26 22:00,0.059
2020-08-26 23:00,0.065
2020-08-27 00:00,0.086
2020-08-27 01:00,0.105
2020-08-27 02:00,0.103
2020-08-27 03:00,0.095
2020-08-27 04:00,0.094
2020-08-27 05:00,0.113
2020-08-27 06:00,0.138
2020-08-27 07:00,0.127
2020-08-27 08:00,0.114
2020-08-27 09:00,0.110
2020-08-27 10:00,0.132
2020-08-27 11:00,0.142
2020-08-27 12:00,0.137
2020-08-27 13:00,0.156
2020-08-27 14:00,0.191
2020-08-27 15:00,0.190
2020-08-27 16:00,0.134
2020-08-27 17:00,0.088
2020-08-27 18:00,0.062
2020-08-27 19:00,0.058
2020-08-27 20:00,0.079
2020-08-27 21:00,0.092
2020-08-27 22:00,0.087
2020-08-27 23:00,0.081
2020-08-28 00:00,0.085
2020-08-28 01:00,0.107
2020-08-28 02:00,0.148
2020-08-28 03:00,0.202
2020-08-28 04:00,0.245
2020-08-28 05:00,0.290
2020-08-28 06:00,0.321
2020-08-28 07:00,0.400
2020-08-28 08:00,0.553
2020-08-28 09:00,0.670
2020-08-28 10:00,0.750
2020-08-28 11:00,0.811
2020-08-28 12:00,0.848
2020-08-28 13:00,0.865
2020-08-28 14:00,0.865
2020-08-28 15:00,0.834
2020-08-28 16:00,0.801
2020-08-28 17:00,0.795
2020-08-28 18:00,0.795
2020-08-28 19:00,0.803
2020-08-28 20:00,0.804
2020-08-28 21:00,0.791
2020-08-28 22:00,0.788
2020-08-28 23:00,0.758
2020-08-29 00:00,0.732
2020-08-29 01:00,0.718
2020-08-29 02:00,0.712
2020-08-29 03:00,0.748
2020-08-29 04:00,0.775
2020-08-29 05:00,0.762
2020-08-29 06:00,0.745
2020-08-29 07:00,0.779
2020-08-29 08:00,0.811
2020-08-29 09:00,0.807
2020-08-29 10:00,0.793
2020-08-29 11:00,0.789
2020-08-29 12:00,0.799
2020-08-29 13:00,0.813
2020-08-29 14:00,0.814
2020-08-29 15:00,0.804
2020-08-29 16:00,0.784
2020-08-29 17:00,0.743
2020-08-29 18:00,0.711
2020-08-29 19:00,0.672
2020-08-29 20:00,0.634
2020-08-29 21:00,0.572
2020-08-29 22:00,0.539
2020-08-29 23:00,0.502
2020-08-30 00:00,0.476
2020-08-30 01:00,0.497
2020-08-30 02:00,0.524
2020-08-30 03:00,0.524
2020-08-30 04:00,0.490
2020-08-30 05:00,0.449
2020-08-30 06:00,0.327
2020-08-30 07:00,0.315
2020-08-30 08:00,0.375
2020-08-30 09:00,0.314
2020-08-30 10:00,0.243
2020-08-30 11:00,0.190
2020-08-30 12:00,0.154
2020-08-30 13:00,0.129
2020-08-30 14:00,0.112
2020-08-30 15:00,0.100
2020-08-30 16:00,0.091
2020-08-30 17:00,0.078
2020-08-30 18:00,0.069
2020-08-30 19:00,0.058
2020-08-30 20:00,0.041
2020-08-30 21:00,0.024
2020-08-30 22:00,0.011
2020-08-30 23:00,0.005
2020-08-31 00:00,0.007
2020-08-31 01:00,0.012
2020-08-31 02:00,0.015
2020-08-31 03:00,0.015
2020-08-31 04:00,0.016
2020-08-31 05:00,0.018
2020-08-31 06:00,0.021
2020-08-31 07:00,0.013
2020-08-31 08:00,0.011
2020-08-31 09:00,0.013
2020-08-31 10:00,0.014
2020-08-31 11:00,0.015
2020-08-31 12:00,0.019
2020-08-31 13:00,0.024
2020-08-31 14:00,0.031
2020-08-31 15:00,0.043
2020-08-31 16:00,0.058
2020-08-31 17:00,0.077
2020-08-31 18:00,0.111
2020-08-31 19:00,0.154
2020-08-31 20:00,0.192
2020-08-31 21:00,0.213
2020-08-31 22:00,0.223
2020-08-31 23:00,0.230
2020-09-01 00:00,0.227
2020-09-01 01:00,0.215
2020-09-01 02:00,0.198
2020-09-01 03:00,0.178
2020-09-01 04:00,0.159
2020-09-01 05:00,0.144
2020-09-01 06:00,0.106
2020-09-01 07:00,0.058
2020-09-01 08:00,0.071
2020-09-01 09:00,0.074
2020-09-01 10:00,0.063
2020-09-01 11:00,0.055
2020-09-01 12:00,0.049
2020-09-01 13:00,0.044
2020-09-01 14:00,0.039
2020-09-01 15:00,0.036
2020-09-01 16:00,0.038
2020-09-01 17:00,0.055
2020-09-01 18:00,0.101
2020-09-01 19:00,0.183
2020-09-01 20:00,0.279
2020-09-01 21:00,0.355
2020-09-01 22:00,0.390
2020-09-01 23:00,0.393
2020-09-02 00:00,0.390
2020-09-02 01:00,0.373
2020-09-02 02:00,0.342
2020-09-02 03:00,0.321
2020-09-02 04:00,0.327
2020-09-02 05:00,0.345
2020-09-02 06:00,0.283
2020-09-02 07:00,0.164
2020-09-02 08:00,0.279
2020-09-02 09:00,0.488
2020-09-02 10:00,0.606
2020-09-02 11:00,0.676
2020-09-02 12:00,0.712
2020-09-02 13:00,0.710
2020-09-02 14:00,0.685
2020-09-02 15:00,0.681
2020-09-02 16:00,0.688
2020-09-02 17:00,0.688
2020-09-02 18:00,0.721
2020-09-02 19:00,0.685
2020-09-02 20:00,0.658
2020-09-02 21:00,0.689
2020-09-02 22:00,0.694
2020-09-02 23:00,0.697
2020-09-03 00:00,0.664
2020-09-03 01:00,0.664
2020-09-03 02:00,0.616
2020-09-03 03:00,0.557
2020-09-03 04:00,0.545
2020-09-03 05:00,0.560
2020-09-03 06:00,0.542
2020-09-03 07:00,0.549
2020-09-03 08:00,0.648
2020-09-03 09:00,0.704
2020-09-03 10:00,0.732
2020-09-03 11:00,0.750
2020-09-03 12:00,0.764
2020-09-03 13:00,0.783
2020-09-03 14:00,0.804
2020-09-03 15:00,0.803
2020-09-03 16:00,0.738
2020-09-03 17:00,0.619
2020-09-03 18:00,0.546
2020-09-03 19:00,0.516
2020-09-03 20:00,0.490
2020-09-03 21:00,0.499
2020-09-03 22:00,0.516
2020-09-03 23:00,0.507
2020-09-04 00:00,0.529
2020-09-04 01:00,0.524
2020-09-04 02:00,0.520
2020-09-04 03:00,0.516
2020-09-04 04:00,0.508
2020-09-04 05:00,0.479
2020-09-04 06:00,0.390
2020-09-04 07:00,0.299
2020-09-04 08:00,0.335
2020-09-04 09:00,0.505
2020-09-04 10:00,0.555
2020-09-04 11:00,0.581
2020-09-04 12:00,0.583
2020-09-04 13:00,0.605
2020-09-04 14:00,0.636
2020-09-04 15:00,0.655
2020-09-04 16:00,0.650
2020-09-04 17:00,0.606
2020-09-04 18:00,0.616
2020-09-04 19:00,0.631
2020-09-04 20:00,0.612
2020-09-04 21:00,0.612
2020-09-04 22:00,0.625
2020-09-04 23:00,0.586
2020-09-05 00:00,0.594
2020-09-05 01:00,0.562
2020-09-05 02:00,0.568
2020-09-05 03:00,0.573
2020-09-05 04:00,0.572
2020-09-05 05:00,0.597
2020-09-05 06:00,0.505
2020-09-05 07:00,0.510
2020-09-05 08:00,0.680
2020-09-05 09:00,0.668
2020-09-05 10:00,0.643
2020-09-05 11:00,0.633
2020-09-05 12:00,0.650
2020-09-05 13:00,0.678
2020-09-05 14:00,0.692
2020-09-05 15:00,0.670
2020-09-05 16:00,0.609
2020-09-05 17:00,0.462
2020-09-05 18:00,0.411
2020-09-05 19:00,0.428
2020-09-05 20:00,0.429
2020-09-05 21:00,0.450
2020-09-05 22:00,0.463
2020-09-05 23:00,0.456
2020-09-06 00:00,0.441
2020-09-06 01:00,0.430
2020-09-06 02:00,0.420
2020-09-06 03:00,0.397
2020-09-06 04:00,0.367
2020-09-06 05:00,0.337
2020-09-06 06:00,0.254
2020-09-06 07:00,0.173
2020-09-06 08:00,0.172
2020-09-06 09:00,0.142
2020-09-06 10:00,0.122
2020-09-06 11:00,0.120
2020-09-06 12:00,0.134
2020-09-06 13:00,0.150
2020-09-06 14:00,0.177
2020-09-06 15:00,0.168
2020-09-06 16:00,0.141
2020-09-06 17:00,0.107
2020-09-06 18:00,0.098
2020-09-06 19:00,0.086
2020-09-06 20:00,0.094
2020-09-06 21:00,0.123
2020-09-06 22:00,0.148
2020-09-06 23:00,0.176
2020-09-07 00:00,0.206
2020-09-07 01:00,0.224
2020-09-07 02:00,0.230
2020-09-07 03:00,0.254
2020-09-07 04:00,0.305
2020-09-07 05:00,0.349
2020-09-07 06:00,0.338
2020-09-07 07:00,0.321
2020-09-07 08:00,0.355
2020-09-07 09:00,0.499
2020-09-07 10:00,0.663
2020-09-07 11:00,0.762
2020-09-07 12:00,0.773
2020-09-07 13:00,0.743
2020-09-07 14:00,0.733
2020-09-07 15:00,0.721
2020-09-07 16:00,0.645
2020-09-07 17:00,0.562
2020-09-07 18:00,0.594
2020-09-07 19:00,0.550
2020-09-07 20:00,0.520
2020-09-07 21:00,0.526
2020-09-07 22:00,0.531
2020-09-07 23:00,0.521
2020-09-08 00:00,0.521
2020-09-08 01:00,0.522
2020-09-08 02:00,0.523
2020-09-08 03:00,0.497
2020-09-08 04:00,0.499
2020-09-08 05:00,0.467
2020-09-08 06:00,0.374
2020-09-08 07:00,0.288
2020-09-08 08:00,0.404
2020-09-08 09:00,0.448
2020-09-08 10:00,0.476
2020-09-08 11:00,0.492
2020-09-08 12:00,0.498
2020-09-08 13:00,0.498
2020-09-08 14:00,0.502
2020-09-08 15:00,0.501
2020-09-08 16:00,0.496
2020-09-08 17:00,0.491
2020-09-08 18:00,0.546
2020-09-08 19:00,0.585
2020-09-08 20:00,0.595
2020-09-08 21:00,0.622
2020-09-08 22:00,0.663
2020-09-08 23:00,0.661
2020-09-09 00:00,0.647
2020-09-09 01:00,0.679
2020-09-09 02:00,0.625
2020-09-09 03:00,0.600
2020-09-09 04:00,0.597
2020-09-09 05:00,0.587
2020-09-09 06:00,0.516
2020-09-09 07:00,0.548
2020-09-09 08:00,0.546
2020-09-09 09:00,0.601
2020-09-09 10:00,0.604
2020-09-09 11:00,0.591
2020-09-09 12:00,0.626
2020-09-09 13:00,0.670
2020-09-09 14:00,0.695
2020-09-09 15:00,0.685
2020-09-09 16:00,0.629
2020-09-09 17:00,0.521
2020-09-09 18:00,0.479
2020-09-09 19:00,0.441
2020-09-09 20:00,0.397
2020-09-09 21:00,0.410
2020-09-09 22:00,0.425
2020-09-09 23:00,0.403
2020-09-10 00:00,0.349
2020-09-10 01:00,0.297
2020-09-10 02:00,0.261
2020-09-10 03:00,0.229
2020-09-10 04:00,0.194
2020-09-10 05:00,0.154
2020-09-10 06:00,0.112
2020-09-10 07:00,0.055
2020-09-10 08:00,0.055
2020-09-10 09:00,0.071
2020-09-10 10:00,0.096
2020-09-10 11:00,0.148
2020-09-10 12:00,0.206
2020-09-10 13:00,0.236
2020-09-10 14:00,0.259
2020-09-10 15:00,0.254
2020-09-10 16:00,0.231
2020-09-10 17:00,0.222
2020-09-10 18:00,0.225
2020-09-10 19:00,0.210
2020-09-10 20:00,0.216
2020-09-10 21:00,0.270
2020-09-10 22:00,0.336
2020-09-10 23:00,0.393
2020-09-11 00:00,0.443
2020-09-11 01:00,0.479
2020-09-11 02:00,0.497
2020-09-11 03:00,0.492
2020-09-11 04:00,0.501
2020-09-11 05:00,0.522
2020-09-11 06:00,0.479
2020-09-11 07:00,0.439
2020-09-11 08:00,0.584
2020-09-11 09:00,0.736
2020-09-11 10:00,0.814
2020-09-11 11:00,0.848
2020-09-11 12:00,0.848
2020-09-11 13:00,0.826
2020-09-11 14:00,0.802
2020-09-11 15:00,0.780
2020-09-11 16:00,0.720
2020-09-11 17:00,0.658
2020-09-11 18:00,0.619
2020-09-11 19:00,0.550
2020-09-11 20:00,0.550
2020-09-11 21:00,0.556
2020-09-11 22:00,0.574
2020-09-11 23:00,0.559
2020-09-12 00:00,0.519
2020-09-12 01:00,0.545
2020-09-12 02:00,0.543
2020-09-12 03:00,0.504
2020-09-12 04:00,0.491
2020-09-12 05:00,0.497
2020-09-12 06:00,0.460
2020-09-12 07:00,0.394
2020-09-12 08:00,0.441
2020-09-12 09:00,0.618
2020-09-12 10:00,0.668
2020-09-12 11:00,0.677
2020-09-12 12:00,0.692
2020-09-12 13:00,0.663
2020-09-12 14:00,0.650
2020-09-12 15:00,0.616
2020-09-12 16:00,0.546
2020-09-12 17:00,0.491
2020-09-12 18:00,0.532
2020-09-12 19:00,0.584
2020-09-12 20:00,0.637
2020-09-12 21:00,0.663
2020-09-12 22:00,0.663
2020-09-12 23:00,0.679
2020-09-13 00:00,0.703
2020-09-13 01:00,0.703
2020-09-13 02:00,0.708
2020-09-13 03:00,0.710
2020-09-13 04:00,0.709
2020-09-13 05:00,0.702
2020-09-13 06:00,0.664
2020-09-13 07:00,0.584
2020-09-13 08:00,0.705
2020-09-13 09:00,0.803
2020-09-13 10:00,0.805
2020-09-13 11:00,0.784
2020-09-13 12:00,0.742
2020-09-13 13:00,0.692
2020-09-13 14:00,0.637
2020-09-13 15:00,0.583
2020-09-13 16:00,0.473
2020-09-13 17:00,0.432
2020-09-13 18:00,0.492
2020-09-13 19:00,0.539
2020-09-13 20:00,0.572
2020-09-13 21:00,0.577
2020-09-13 22:00,0.541
2020-09-13 23:00,0.476
2020-09-14 00:00,0.393
2020-09-14 01:00,0.311
2020-09-14 02:00,0.243
2020-09-14 03:00,0.207
2020-09-14 04:00,0.224
2020-09-14 05:00,0.261
2020-09-14 06:00,0.273
2020-09-14 07:00,0.146
2020-09-14 08:00,0.056
2020-09-14 09:00,0.074
2020-09-14 10:00,0.069
2020-09-14 11:00,0.068
2020-09-14 12:00,0.071
2020-09-14 13:00,0.077
2020-09-14 14:00,0.079
2020-09-14 15:00,0.080
2020-09-14 16:00,0.087
2020-09-14 17:00,0.102
2020-09-14 18:00,0.133
2020-09-14 19:00,0.186
2020-09-14 20:00,0.245
2020-09-14 21:00,0.292
2020-09-14 22:00,0.311
2020-09-14 23:00,0.290
2020-09-15 00:00,0.235
2020-09-15 01:00,0.157
2020-09-15 02:00,0.099
2020-09-15 03:00,0.063
2020-09-15 04:00,0.048
2020-09-15 05:00,0.039
2020-09-15 06:00,0.034
2020-09-15 07:00,0.021
2020-09-15 08:00,0.009
2020-09-15 09:00,0.005
2020-09-15 10:00,0.008
2020-09-15 11:00,0.020
2020-09-15 12:00,0.028
2020-09-15 13:00,0.017
2020-09-15 14:00,0.007
2020-09-15 15:00,0.012
2020-09-15 16:00,0.021
2020-09-15 17:00,0.036
2020-09-15 18:00,0.044
2020-09-15 19:00,0.039
2020-09-15 20:00,0.043
2020-09-15 21:00,0.065
2020-09-15 22:00,0.101
2020-09-15 23:00,0.148
2020-09-16 00:00,0.196
2020-09-16 01:00,0.239
2020-09-16 02:00,0.276
2020-09-16 03:00,0.314
2020-09-16 04:00,0.338
2020-09-16 05:00,0.358
2020-09-16 06:00,0.348
2020-09-16 07:00,0.268
2020-09-16 08:00,0.356
2020-09-16 09:00,0.406
2020-09-16 10:00,0.410
2020-09-16 11:00,0.410
2020-09-16 12:00,0.410
2020-09-16 13:00,0.409
2020-09-16 14:00,0.406
2020-09-16 15:00,0.413
2020-09-16 16:00,0.416
2020-09-16 17:00,0.370
2020-09-16 18:00,0.325
2020-09-16 19:00,0.302
2020-09-16 20:00,0.297
2020-09-16 21:00,0.285
2020-09-16 22:00,0.302
2020-09-16 23:00,0.327
2020-09-17 00:00,0.337
2020-09-17 01:00,0.327
2020-09-17 02:00,0.306
2020-09-17 03:00,0.282
2020-09-17 04:00,0.265
2020-09-17 05:00,0.255
2020-09-17 06:00,0.229
2020-09-17 07:00,0.155
2020-09-17 08:00,0.154
2020-09-17 09:00,0.145
2020-09-17 10:00,0.156
2020-09-17 11:00,0.180
2020-09-17 12:00,0.199
2020-09-17 13:00,0.208
2020-09-17 14:00,0.214
2020-09-17 15:00,0.221
2020-09-17 16:00,0.220
2020-09-17 17:00,0.280
2020-09-17 18:00,0.416
2020-09-17 19:00,0.487
2020-09-17 20:00,0.490
2020-09-17 21:00,0.463
2020-09-17 22:00,0.407
2020-09-17 23:00,0.355
2020-09-18 00:00,0.330
2020-09-18 01:00,0.320
2020-09-18 02:00,0.330
2020-09-18 03:00,0.362
2020-09-18 04:00,0.404
2020-09-18 05:00,0.435
2020-09-18 06:00,0.410
2020-09-18 07:00,0.326
2020-09-18 08:00,0.413
2020-09-18 09:00,0.445
2020-09-18 10:00,0.467
2020-09-18 11:00,0.484
2020-09-18 12:00,0.488
2020-09-18 13:00,0.498
2020-09-18 14:00,0.520
2020-09-18 15:00,0.562
2020-09-18 16:00,0.606
2020-09-18 17:00,0.630
2020-09-18 18:00,0.652
2020-09-18 19:00,0.628
2020-09-18 20:00,0.619
2020-09-18 21:00,0.649
2020-09-18 22:00,0.661
2020-09-18 23:00,0.661
2020-09-19 00:00,0.640
2020-09-19 01:00,0.629
2020-09-19 02:00,0.628
2020-09-19 03:00,0.625
2020-09-19 04:00,0.636
2020-09-19 05:00,0.645
2020-09-19 06:00,0.629
2020-09-19 07:00,0.625
2020-09-19 08:00,0.689
2020-09-19 09:00,0.681
2020-09-19 10:00,0.672
2020-09-19 11:00,0.673
2020-09-19 12:00,0.672
2020-09-19 13:00,0.679
2020-09-19 14:00,0.689
2020-09-19 15:00,0.689
2020-09-19 16:00,0.659
2020-09-19 17:00,0.608
2020-09-19 18:00,0.580
2020-09-19 19:00,0.569
2020-09-19 20:00,0.577
2020-09-19 21:00,0.602
2020-09-19 22:00,0.603
2020-09-19 23:00,0.611
2020-09-20 00:00,0.594
2020-09-20 01:00,0.594
2020-09-20 02:00,0.603
2020-09-20 03:00,0.585
2020-09-20 04:00,0.577
2020-09-20 05:00,0.543
2020-09-20 06:00,0.489
2020-09-20 07:00,0.403
2020-09-20 08:00,0.439
2020-09-20 09:00,0.406
2020-09-20 10:00,0.360
2020-09-20 11:00,0.333
2020-09-20 12:00,0.310
2020-09-20 13:00,0.288
2020-09-20 14:00,0.265
2020-09-20 15:00,0.253
2020-09-20 16:00,0.248
2020-09-20 17:00,0.284
2020-09-20 18:00,0.332
2020-09-20 19:00,0.335
2020-09-20 20:00,0.309
2020-09-20 21:00,0.257
2020-09-20 22:00,0.184
2020-09-20 23:00,0.104
2020-09-21 00:00,0.062
2020-09-21 01:00,0.063
2020-09-21 02:00,0.079
2020-09-21 03:00,0.093
2020-09-21 04:00,0.115
2020-09-21 05:00,0.150
2020-09-21 06:00,0.183
2020-09-21 07:00,0.143
2020-09-21 08:00,0.120
2020-09-21 09:00,0.113
2020-09-21 10:00,0.144
2020-09-21 11:00,0.180
2020-09-21 12:00,0.210
2020-09-21 13:00,0.232
2020-09-21 14:00,0.243
2020-09-21 15:00,0.253
2020-09-21 16:00,0.238
2020-09-21 17:00,0.243
2020-09-21 18:00,0.258
2020-09-21 19:00,0.224
2020-09-21 20:00,0.159
2020-09-21 21:00,0.119
2020-09-21 22:00,0.114
2020-09-21 23:00,0.123
2020-09-22 00:00,0.126
2020-09-22 01:00,0.122
2020-09-22 02:00,0.122
2020-09-22 03:00,0.121
2020-09-22 04:00,0.127
2020-09-22 05:00,0.155
2020-09-22 06:00,0.216
2020-09-22 07:00,0.207
2020-09-22 08:00,0.182
2020-09-22 09:00,0.321
2020-09-22 10:00,0.454
2020-09-22 11:00,0.549
2020-09-22 12:00,0.600
2020-09-22 13:00,0.612
2020-09-22 14:00,0.591
2020-09-22 15:00,0.520
2020-09-22 16:00,0.406
2020-09-22 17:00,0.406
2020-09-22 18:00,0.469
2020-09-22 19:00,0.483
2020-09-22 20:00,0.478
2020-09-22 21:00,0.459
2020-09-22 22:00,0.472
2020-09-22 23:00,0.482
2020-09-23 00:00,0.492
2020-09-23 01:00,0.476
2020-09-23 02:00,0.446
2020-09-23 03:00,0.402
2020-09-23 04:00,0.330
2020-09-23 05:00,0.246
2020-09-23 06:00,0.174
2020-09-23 07:00,0.119
2020-09-23 08:00,0.102
2020-09-23 09:00,0.119
2020-09-23 10:00,0.108
2020-09-23 11:00,0.095
2020-09-23 12:00,0.135
2020-09-23 13:00,0.220
2020-09-23 14:00,0.297
2020-09-23 15:00,0.312
2020-09-23 16:00,0.248
2020-09-23 17:00,0.200
2020-09-23 18:00,0.193
2020-09-23 19:00,0.187
2020-09-23 20:00,0.189
2020-09-23 21:00,0.216
2020-09-23 22:00,0.223
2020-09-23 23:00,0.205
2020-09-24 00:00,0.181
2020-09-24 01:00,0.161
2020-09-24 02:00,0.141
2020-09-24 03:00,0.126
2020-09-24 04:00,0.119
2020-09-24 05:00,0.170
2020-09-24 06:00,0.257
2020-09-24 07:00,0.281
2020-09-24 08:00,0.287
2020-09-24 09:00,0.282
2020-09-24 10:00,0.306
2020-09-24 11:00,0.317
2020-09-24 12:00,0.311
2020-09-24 13:00,0.303
2020-09-24 14:00,0.253
2020-09-24 15:00,0.160
2020-09-24 16:00,0.079
2020-09-24 17:00,0.027
2020-09-24 18:00,0.013
2020-09-24 19:00,0.080
2020-09-24 20:00,0.209
2020-09-24 21:00,0.316
2020-09-24 22:00,0.394
2020-09-24 23:00,0.460
2020-09-25 00:00,0.505
2020-09-25 01:00,0.572
2020-09-25 02:00,0.685
2020-09-25 03:00,0.721
2020-09-25 04:00,0.749
2020-09-25 05:00,0.774
2020-09-25 06:00,0.784
2020-09-25 07:00,0.797
2020-09-25 08:00,0.837
2020-09-25 09:00,0.900
2020-09-25 10:00,0.938
2020-09-25 11:00,0.948
2020-09-25 12:00,0.953
2020-09-25 13:00,0.953
2020-09-25 14:00,0.947
2020-09-25 15:00,0.931
2020-09-25 16:00,0.893
2020-09-25 17:00,0.836
2020-09-25 18:00,0.809
2020-09-25 19:00,0.795
2020-09-25 20:00,0.795
2020-09-25 21:00,0.786
2020-09-25 22:00,0.739
2020-09-25 23:00,0.711
2020-09-26 00:00,0.667
2020-09-26 01:00,0.635
2020-09-26 02:00,0.617
2020-09-26 03:00,0.619
2020-09-26 04:00,0.642
2020-09-26 05:00,0.643
2020-09-26 06:00,0.633
2020-09-26 07:00,0.645
2020-09-26 08:00,0.740
2020-09-26 09:00,0.817
2020-09-26 10:00,0.860
2020-09-26 11:00,0.865
2020-09-26 12:00,0.863
2020-09-26 13:00,0.873
2020-09-26 14:00,0.874
2020-09-26 15:00,0.859
2020-09-26 16:00,0.822
2020-09-26 17:00,0.795
2020-09-26 18:00,0.789
2020-09-26 19:00,0.781
2020-09-26 20:00,0.767
2020-09-26 21:00,0.743
2020-09-26 22:00,0.738
2020-09-26 23:00,0.719
2020-09-27 00:00,0.716
2020-09-27 01:00,0.684
2020-09-27 02:00,0.650
2020-09-27 03:00,0.645
2020-09-27 04:00,0.663
2020-09-27 05:00,0.674
2020-09-27 06:00,0.664
2020-09-27 07:00,0.650
2020-09-27 08:00,0.643
2020-09-27 09:00,0.562
2020-09-27 10:00,0.481
2020-09-27 11:00,0.409
2020-09-27 12:00,0.336
2020-09-27 13:00,0.281
2020-09-27 14:00,0.251
2020-09-27 15:00,0.239
2020-09-27 16:00,0.214
2020-09-27 17:00,0.200
2020-09-27 18:00,0.205
2020-09-27 19:00,0.201
2020-09-27 20:00,0.186
2020-09-27 21:00,0.159
2020-09-27 22:00,0.129
2020-09-27 23:00,0.100
2020-09-28 00:00,0.083
2020-09-28 01:00,0.087
2020-09-28 02:00,0.112
2020-09-28 03:00,0.140
2020-09-28 04:00,0.157
2020-09-28 05:00,0.149
2020-09-28 06:00,0.133
2020-09-28 07:00,0.106
2020-09-28 08:00,0.068
2020-09-28 09:00,0.066
2020-09-28 10:00,0.069
2020-09-28 11:00,0.089
2020-09-28 12:00,0.113
2020-09-28 13:00,0.112
2020-09-28 14:00,0.105
2020-09-28 15:00,0.095
2020-09-28 16:00,0.082
2020-09-28 17:00,0.088
2020-09-28 18:00,0.117
2020-09-28 19:00,0.164
2020-09-28 20:00,0.227
2020-09-28 21:00,0.292
2020-09-28 22:00,0.352
2020-09-28 23:00,0.377
2020-09-29 00:00,0.369
2020-09-29 01:00,0.331
2020-09-29 02:00,0.285
2020-09-29 03:00,0.240
2020-09-29 04:00,0.196
2020-09-29 05:00,0.161
2020-09-29 06:00,0.134
2020-09-29 07:00,0.088
2020-09-29 08:00,0.063
2020-09-29 09:00,0.052
2020-09-29 10:00,0.046
2020-09-29 11:00,0.035
2020-09-29 12:00,0.027
2020-09-29 13:00,0.029
2020-09-29 14:00,0.042
2020-09-29 15:00,0.050
2020-09-29 16:00,0.044
2020-09-29 17:00,0.032
2020-09-29 18:00,0.049
2020-09-29 19:00,0.129
2020-09-29 20:00,0.272
2020-09-29 21:00,0.402
2020-09-29 22:00,0.450
2020-09-29 23:00,0.457
2020-09-30 00:00,0.468
2020-09-30 01:00,0.476
2020-09-30 02:00,0.473
2020-09-30 03:00,0.463
2020-09-30 04:00,0.468
2020-09-30 05:00,0.480
2020-09-30 06:00,0.485
2020-09-30 07:00,0.516
2020-09-30 08:00,0.559
2020-09-30 09:00,0.597
2020-09-30 10:00,0.616
2020-09-30 11:00,0.643
2020-09-30 12:00,0.715
2020-09-30 13:00,0.812
2020-09-30 14:00,0.814
2020-09-30 15:00,0.776
2020-09-30 16:00,0.700
2020-09-30 17:00,0.616
2020-09-30 18:00,0.536
2020-09-30 19:00,0.445
2020-09-30 20:00,0.331
2020-09-30 21:00,0.270
2020-09-30 22:00,0.243
2020-09-30 23:00,0.244
2020-10-01 00:00,0.259
2020-10-01 01:00,0.286
2020-10-01 02:00,0.328
2020-10-01 03:00,0.335
2020-10-01 04:00,0.342
2020-10-01 05:00,0.348
2020-10-01 06:00,0.348
2020-10-01 07:00,0.261
2020-10-01 08:00,0.213
2020-10-01 09:00,0.214
2020-10-01 10:00,0.173
2020-10-01 11:00,0.155
2020-10-01 12:00,0.149
2020-10-01 13:00,0.133
2020-10-01 14:00,0.109
2020-10-01 15:00,0.078
2020-10-01 16:00,0.047
2020-10-01 17:00,0.025
2020-10-01 18:00,0.011
2020-10-01 19:00,0.019
2020-10-01 20:00,0.070
2020-10-01 21:00,0.169
2020-10-01 22:00,0.279
2020-10-01 23:00,0.376
2020-10-02 00:00,0.454
2020-10-02 01:00,0.516
2020-10-02 02:00,0.562
2020-10-02 03:00,0.578
2020-10-02 04:00,0.562
2020-10-02 05:00,0.559
2020-10-02 06:00,0.564
2020-10-02 07:00,0.578
2020-10-02 08:00,0.575
2020-10-02 09:00,0.680
2020-10-02 10:00,0.739
2020-10-02 11:00,0.769
2020-10-02 12:00,0.799
2020-10-02 13:00,0.792
2020-10-02 14:00,0.808
2020-10-02 15:00,0.808
2020-10-02 16:00,0.789
2020-10-02 17:00,0.784
2020-10-02 18:00,0.765
2020-10-02 19:00,0.710
2020-10-02 20:00,0.673
2020-10-02 21:00,0.654
2020-10-02 22:00,0.640
2020-10-02 23:00,0.625
2020-10-03 00:00,0.583
2020-10-03 01:00,0.552
2020-10-03 02:00,0.530
2020-10-03 03:00,0.523
2020-10-03 04:00,0.546
2020-10-03 05:00,0.557
2020-10-03 06:00,0.546
2020-10-03 07:00,0.497
2020-10-03 08:00,0.470
2020-10-03 09:00,0.447
2020-10-03 10:00,0.493
2020-10-03 11:00,0.513
2020-10-03 12:00,0.479
2020-10-03 13:00,0.417
2020-10-03 14:00,0.335
2020-10-03 15:00,0.249
2020-10-03 16:00,0.219
2020-10-03 17:00,0.218
2020-10-03 18:00,0.222
2020-10-03 19:00,0.208
2020-10-03 20:00,0.211
2020-10-03 21:00,0.180
2020-10-03 22:00,0.141
2020-10-03 23:00,0.126
2020-10-04 00:00,0.136
2020-10-04 01:00,0.167
2020-10-04 02:00,0.271
2020-10-04 03:00,0.412
2020-10-04 04:00,0.545
2020-10-04 05:00,0.637
2020-10-04 06:00,0.621
2020-10-04 07:00,0.585
2020-10-04 08:00,0.562
2020-10-04 09:00,0.618
2020-10-04 10:00,0.656
2020-10-04 11:00,0.682
2020-10-04 12:00,0.695
2020-10-04 13:00,0.670
2020-10-04 14:00,0.581
2020-10-04 15:00,0.419
2020-10-04 16:00,0.335
2020-10-04 17:00,0.321
2020-10-04 18:00,0.336
2020-10-04 19:00,0.334
2020-10-04 20:00,0.327
2020-10-04 21:00,0.329
2020-10-04 22:00,0.322
2020-10-04 23:00,0.318
2020-10-05 00:00,0.305
2020-10-05 01:00,0.302
2020-10-05 02:00,0.321
2020-10-05 03:00,0.324
2020-10-05 04:00,0.344
2020-10-05 05:00,0.333
2020-10-05 06:00,0.324
2020-10-05 07:00,0.283
2020-10-05 08:00,0.222
2020-10-05 09:00,0.248
2020-10-05 10:00,0.242
2020-10-05 11:00,0.240
2020-10-05 12:00,0.286
2020-10-05 13:00,0.360
2020-10-05 14:00,0.437
2020-10-05 15:00,0.466
2020-10-05 16:00,0.430
2020-10-05 17:00,0.484
2020-10-05 18:00,0.533
2020-10-05 19:00,0.547
2020-10-05 20:00,0.559
2020-10-05 21:00,0.593
2020-10-05 22:00,0.581
2020-10-05 23:00,0.535
2020-10-06 00:00,0.506
2020-10-06 01:00,0.454
2020-10-06 02:00,0.406
2020-10-06 03:00,0.347
2020-10-06 04:00,0.286
2020-10-06 05:00,0.267
2020-10-06 06:00,0.277
2020-10-06 07:00,0.289
2020-10-06 08:00,0.276
2020-10-06 09:00,0.352
2020-10-06 10:00,0.436
2020-10-06 11:00,0.463
2020-10-06 12:00,0.467
2020-10-06 13:00,0.489
2020-10-06 14:00,0.492
2020-10-06 15:00,0.489
2020-10-06 16:00,0.467
2020-10-06 17:00,0.560
2020-10-06 18:00,0.616
2020-10-06 19:00,0.616
2020-10-06 20:00,0.650
2020-10-06 21:00,0.705
2020-10-06 22:00,0.761
2020-10-06 23:00,0.747
2020-10-07 00:00,0.765
2020-10-07 01:00,0.799
2020-10-07 02:00,0.804
2020-10-07 03:00,0.803
2020-10-07 04:00,0.779
2020-10-07 05:00,0.731
2020-10-07 06:00,0.687
2020-10-07 07:00,0.669
2020-10-07 08:00,0.619
2020-10-07 09:00,0.737
2020-10-07 10:00,0.767
2020-10-07 11:00,0.791
2020-10-07 12:00,0.778
2020-10-07 13:00,0.766
2020-10-07 14:00,0.725
2020-10-07 15:00,0.582
2020-10-07 16:00,0.395
2020-10-07 17:00,0.288
2020-10-07 18:00,0.246
2020-10-07 19:00,0.210
2020-10-07 20:00,0.210
2020-10-07 21:00,0.227
2020-10-07 22:00,0.250
2020-10-07 23:00,0.258
2020-10-08 00:00,0.254
2020-10-08 01:00,0.287
2020-10-08 02:00,0.234
2020-10-08 03:00,0.101
2020-10-08 04:00,0.054
2020-10-08 05:00,0.095
2020-10-08 06:00,0.204
2020-10-08 07:00,0.248
2020-10-08 08:00,0.239
2020-10-08 09:00,0.294
2020-10-08 10:00,0.318
2020-10-08 11:00,0.300
2020-10-08 12:00,0.281
2020-10-08 13:00,0.276
2020-10-08 14:00,0.293
2020-10-08 15:00,0.321
2020-10-08 16:00,0.335
2020-10-08 17:00,0.410
2020-10-08 18:00,0.469
2020-10-08 19:00,0.453
2020-10-08 20:00,0.420
2020-10-08 21:00,0.392
2020-10-08 22:00,0.377
2020-10-08 23:00,0.384
2020-10-09 00:00,0.411
2020-10-09 01:00,0.436
2020-10-09 02:00,0.466
2020-10-09 03:00,0.513
2020-10-09 04:00,0.562
2020-10-09 05:00,0.587
2020-10-09 06:00,0.559
2020-10-09 07:00,0.511
2020-10-09 08:00,0.426
2020-10-09 09:00,0.432
2020-10-09 10:00,0.548
2020-10-09 11:00,0.563
2020-10-09 12:00,0.628
2020-10-09 13:00,0.709
2020-10-09 14:00,0.729
2020-10-09 15:00,0.663
2020-10-09 16:00,0.628
2020-10-09 17:00,0.654
2020-10-09 18:00,0.630
2020-10-09 19:00,0.617
2020-10-09 20:00,0.643
2020-10-09 21:00,0.658
2020-10-09 22:00,0.641
2020-10-09 23:00,0.615
2020-10-10 00:00,0.636
2020-10-10 01:00,0.615
2020-10-10 02:00,0.594
2020-10-10 03:00,0.581
2020-10-10 04:00,0.573
2020-10-10 05:00,0.575
2020-10-10 06:00,0.589
2020-10-10 07:00,0.588
2020-10-10 08:00,0.636
2020-10-10 09:00,0.703
2020-10-10 10:00,0.784
2020-10-10 11:00,0.791
2020-10-10 12:00,0.759
2020-10-10 13:00,0.700
2020-10-10 14:00,0.619
2020-10-10 15:00,0.471
2020-10-10 16:00,0.380
2020-10-10 17:00,0.412
2020-10-10 18:00,0.449
2020-10-10 19:00,0.467
2020-10-10 20:00,0.489
2020-10-10 21:00,0.510
2020-10-10 22:00,0.507
2020-10-10 23:00,0.502
2020-10-11 00:00,0.484
2020-10-11 01:00,0.423
2020-10-11 02:00,0.378
2020-10-11 03:00,0.309
2020-10-11 04:00,0.275
2020-10-11 05:00,0.251
2020-10-11 06:00,0.244
2020-10-11 07:00,0.214
2020-10-11 08:00,0.247
2020-10-11 09:00,0.282
2020-10-11 10:00,0.327
2020-10-11 11:00,0.336
2020-10-11 12:00,0.309
2020-10-11 13:00,0.278
2020-10-11 14:00,0.245
2020-10-11 15:00,0.224
2020-10-11 16:00,0.199
2020-10-11 17:00,0.194
2020-10-11 18:00,0.156
2020-10-11 19:00,0.129
2020-10-11 20:00,0.116
2020-10-11 21:00,0.118
2020-10-11 22:00,0.126
2020-10-11 23:00,0.148
2020-10-12 00:00,0.189
2020-10-12 01:00,0.209
2020-10-12 02:00,0.213
2020-10-12 03:00,0.248
2020-10-12 04:00,0.323
2020-10-12 05:00,0.356
2020-10-12 06:00,0.310
2020-10-12 07:00,0.264
2020-10-12 08:00,0.235
2020-10-12 09:00,0.279
2020-10-12 10:00,0.406
2020-10-12 11:00,0.394
2020-10-12 12:00,0.397
2020-10-12 13:00,0.403
2020-10-12 14:00,0.406
2020-10-12 15:00,0.377
2020-10-12 16:00,0.403
2020-10-12 17:00,0.482
2020-10-12 18:00,0.627
2020-10-12 19:00,0.710
2020-10-12 20:00,0.703
2020-10-12 21:00,0.618
2020-10-12 22:00,0.542
2020-10-12 23:00,0.513
2020-10-13 00:00,0.465
2020-10-13 01:00,0.400
2020-10-13 02:00,0.324
2020-10-13 03:00,0.260
2020-10-13 04:00,0.222
2020-10-13 05:00,0.190
2020-10-13 06:00,0.187
2020-10-13 07:00,0.202
2020-10-13 08:00,0.235
2020-10-13 09:00,0.302
2020-10-13 10:00,0.432
2020-10-13 11:00,0.516
2020-10-13 12:00,0.588
2020-10-13 13:00,0.579
2020-10-13 14:00,0.591
2020-10-13 15:00,0.582
2020-10-13 16:00,0.600
2020-10-13 17:00,0.609
2020-10-13 18:00,0.581
2020-10-13 19:00,0.513
2020-10-13 20:00,0.445
2020-10-13 21:00,0.380
2020-10-13 22:00,0.370
2020-10-13 23:00,0.373
2020-10-14 00:00,0.390
2020-10-14 01:00,0.423
2020-10-14 02:00,0.464
2020-10-14 03:00,0.496
2020-10-14 04:00,0.524
2020-10-14 05:00,0.549
2020-10-14 06:00,0.542
2020-10-14 07:00,0.497
2020-10-14 08:00,0.348
2020-10-14 09:00,0.361
2020-10-14 10:00,0.463
2020-10-14 11:00,0.488
2020-10-14 12:00,0.492
2020-10-14 13:00,0.473
2020-10-14 14:00,0.423
2020-10-14 15:00,0.393
2020-10-14 16:00,0.417
2020-10-14 17:00,0.487
2020-10-14 18:00,0.502
2020-10-14 19:00,0.481
2020-10-14 20:00,0.459
2020-10-14 21:00,0.454
2020-10-14 22:00,0.439
2020-10-14 23:00,0.417
2020-10-15 00:00,0.403
2020-10-15 01:00,0.417
2020-10-15 02:00,0.422
2020-10-15 03:00,0.414
2020-10-15 04:00,0.413
2020-10-15 05:00,0.411
2020-10-15 06:00,0.406
2020-10-15 07:00,0.367
2020-10-15 08:00,0.270
2020-10-15 09:00,0.266
2020-10-15 10:00,0.300
2020-10-15 11:00,0.289
2020-10-15 12:00,0.285
2020-10-15 13:00,0.294
2020-10-15 14:00,0.304
2020-10-15 15:00,0.298
2020-10-15 16:00,0.302
2020-10-15 17:00,0.383
2020-10-15 18:00,0.403
2020-10-15 19:00,0.400
2020-10-15 20:00,0.390
2020-10-15 21:00,0.381
2020-10-15 22:00,0.384
2020-10-15 23:00,0.379
2020-10-16 00:00,0.377
2020-10-16 01:00,0.376
2020-10-16 02:00,0.370
2020-10-16 03:00,0.355
2020-10-16 04:00,0.347
2020-10-16 05:00,0.346
2020-10-16 06:00,0.355
2020-10-16 07:00,0.348
2020-10-16 08:00,0.248
2020-10-16 09:00,0.224
2020-10-16 10:00,0.217
2020-10-16 11:00,0.184
2020-10-16 12:00,0.160
2020-10-16 13:00,0.155
2020-10-16 14:00,0.163
2020-10-16 15:00,0.169
2020-10-16 16:00,0.210
2020-10-16 17:00,0.309
2020-10-16 18:00,0.354
2020-10-16 19:00,0.338
2020-10-16 20:00,0.306
2020-10-16 21:00,0.268
2020-10-16 22:00,0.254
2020-10-16 23:00,0.254
2020-10-17 00:00,0.253
2020-10-17 01:00,0.245
2020-10-17 02:00,0.239
2020-10-17 03:00,0.236
2020-10-17 04:00,0.224
2020-10-17 05:00,0.221
2020-10-17 06:00,0.222
2020-10-17 07:00,0.208
2020-10-17 08:00,0.146
2020-10-17 09:00,0.143
2020-10-17 10:00,0.151
2020-10-17 11:00,0.156
2020-10-17 12:00,0.163
2020-10-17 13:00,0.177
2020-10-17 14:00,0.183
2020-10-17 15:00,0.165
2020-10-17 16:00,0.196
2020-10-17 17:00,0.255
2020-10-17 18:00,0.273
2020-10-17 19:00,0.254
2020-10-17 20:00,0.227
2020-10-17 21:00,0.204
2020-10-17 22:00,0.178
2020-10-17 23:00,0.156
2020-10-18 00:00,0.136
2020-10-18 01:00,0.123
2020-10-18 02:00,0.129
2020-10-18 03:00,0.154
2020-10-18 04:00,0.169
2020-10-18 05:00,0.138
2020-10-18 06:00,0.087
2020-10-18 07:00,0.050
2020-10-18 08:00,0.021
2020-10-18 09:00,0.008
2020-10-18 10:00,0.016
2020-10-18 11:00,0.044
2020-10-18 12:00,0.075
2020-10-18 13:00,0.099
2020-10-18 14:00,0.111
2020-10-18 15:00,0.103
2020-10-18 16:00,0.103
2020-10-18 17:00,0.116
2020-10-18 18:00,0.156
2020-10-18 19:00,0.220
2020-10-18 20:00,0.285
2020-10-18 21:00,0.335
2020-10-18 22:00,0.358
2020-10-18 23:00,0.380
2020-10-19 00:00,0.407
2020-10-19 01:00,0.436
2020-10-19 02:00,0.453
2020-10-19 03:00,0.413
2020-10-19 04:00,0.314
2020-10-19 05:00,0.273
2020-10-19 06:00,0.262
2020-10-19 07:00,0.287
2020-10-19 08:00,0.279
2020-10-19 09:00,0.309
2020-10-19 10:00,0.459
2020-10-19 11:00,0.516
2020-10-19 12:00,0.536
2020-10-19 13:00,0.573
2020-10-19 14:00,0.600
2020-10-19 15:00,0.613
2020-10-19 16:00,0.647
2020-10-19 17:00,0.634
2020-10-19 18:00,0.678
2020-10-19 19:00,0.681
2020-10-19 20:00,0.726
2020-10-19 21:00,0.675
2020-10-19 22:00,0.661
2020-10-19 23:00,0.641
2020-10-20 00:00,0.594
2020-10-20 01:00,0.643
2020-10-20 02:00,0.602
2020-10-20 03:00,0.551
2020-10-20 04:00,0.652
2020-10-20 05:00,0.689
2020-10-20 06:00,0.635
2020-10-20 07:00,0.596
2020-10-20 08:00,0.597
2020-10-20 09:00,0.592
2020-10-20 10:00,0.711
2020-10-20 11:00,0.739
2020-10-20 12:00,0.775
2020-10-20 13:00,0.815
2020-10-20 14:00,0.813
2020-10-20 15:00,0.777
2020-10-20 16:00,0.754
2020-10-20 17:00,0.704
2020-10-20 18:00,0.720
2020-10-20 19:00,0.646
2020-10-20 20:00,0.650
2020-10-20 21:00,0.652
2020-10-20 22:00,0.654
2020-10-20 23:00,0.609
2020-10-21 00:00,0.591
2020-10-21 01:00,0.559
2020-10-21 02:00,0.491
2020-10-21 03:00,0.455
2020-10-21 04:00,0.436
2020-10-21 05:00,0.409
2020-10-21 06:00,0.387
2020-10-21 07:00,0.359
2020-10-21 08:00,0.258
2020-10-21 09:00,0.132
2020-10-21 10:00,0.040
2020-10-21 11:00,0.023
2020-10-21 12:00,0.053
2020-10-21 13:00,0.104
2020-10-21 14:00,0.170
2020-10-21 15:00,0.240
2020-10-21 16:00,0.342
2020-10-21 17:00,0.466
2020-10-21 18:00,0.508
2020-10-21 19:00,0.509
2020-10-21 20:00,0.498
2020-10-21 21:00,0.475
2020-10-21 22:00,0.467
2020-10-21 23:00,0.461
2020-10-22 00:00,0.472
2020-10-22 01:00,0.479
2020-10-22 02:00,0.502
2020-10-22 03:00,0.570
2020-10-22 04:00,0.614
2020-10-22 05:00,0.628
2020-10-22 06:00,0.636
2020-10-22 07:00,0.643
2020-10-22 08:00,0.661
2020-10-22 09:00,0.703
2020-10-22 10:00,0.789
2020-10-22 11:00,0.817
2020-10-22 12:00,0.804
2020-10-22 13:00,0.775
2020-10-22 14:00,0.735
2020-10-22 15:00,0.626
2020-10-22 16:00,0.542
2020-10-22 17:00,0.516
2020-10-22 18:00,0.476
2020-10-22 19:00,0.442
2020-10-22 20:00,0.419
2020-10-22 21:00,0.416
2020-10-22 22:00,0.410
2020-10-22 23:00,0.410
2020-10-23 00:00,0.415
2020-10-23 01:00,0.426
2020-10-23 02:00,0.431
2020-10-23 03:00,0.423
2020-10-23 04:00,0.423
2020-10-23 05:00,0.420
2020-10-23 06:00,0.390
2020-10-23 07:00,0.382
2020-10-23 08:00,0.321
2020-10-23 09:00,0.310
2020-10-23 10:00,0.411
2020-10-23 11:00,0.581
2020-10-23 12:00,0.580
2020-10-23 13:00,0.510
2020-10-23 14:00,0.494
2020-10-23 15:00,0.455
2020-10-23 16:00,0.451
2020-10-23 17:00,0.443
2020-10-23 18:00,0.426
2020-10-23 19:00,0.413
2020-10-23 20:00,0.455
2020-10-23 21:00,0.549
2020-10-23 22:00,0.584
2020-10-23 23:00,0.581
2020-10-24 00:00,0.585
2020-10-24 01:00,0.599
2020-10-24 02:00,0.616
2020-10-24 03:00,0.640
2020-10-24 04:00,0.696
2020-10-24 05:00,0.747
2020-10-24 06:00,0.821
2020-10-24 07:00,0.819
2020-10-24 08:00,0.854
2020-10-24 09:00,0.859
2020-10-24 10:00,0.882
2020-10-24 11:00,0.877
2020-10-24 12:00,0.863
2020-10-24 13:00,0.873
2020-10-24 14:00,0.846
2020-10-24 15:00,0.811
2020-10-24 16:00,0.650
2020-10-24 17:00,0.547
2020-10-24 18:00,0.428
2020-10-24 19:00,0.336
2020-10-24 20:00,0.388
2020-10-24 21:00,0.446
2020-10-24 22:00,0.473
2020-10-24 23:00,0.483
2020-10-25 00:00,0.476
2020-10-25 01:00,0.467
2020-10-25 02:00,0.514
2020-10-25 03:00,0.520
2020-10-25 04:00,0.583
2020-10-25 05:00,0.591
2020-10-25 06:00,0.617
2020-10-25 07:00,0.687
2020-10-25 08:00,0.675
2020-10-25 09:00,0.692
2020-10-25 10:00,0.706
2020-10-25 11:00,0.719
2020-10-25 12:00,0.696
2020-10-25 13:00,0.652
2020-10-25 14:00,0.587
2020-10-25 15:00,0.528
2020-10-25 16:00,0.493
2020-10-25 17:00,0.505
2020-10-25 18:00,0.501
2020-10-25 19:00,0.485
2020-10-25 20:00,0.463
2020-10-25 21:00,0.436
2020-10-25 22:00,0.397
2020-10-25 23:00,0.403
2020-10-26 00:00,0.385
2020-10-26 01:00,0.409
2020-10-26 02:00,0.450
2020-10-26 03:00,0.483
2020-10-26 04:00,0.497
2020-10-26 05:00,0.567
2020-10-26 06:00,0.597
2020-10-26 07:00,0.589
2020-10-26 08:00,0.580
2020-10-26 09:00,0.556
2020-10-26 10:00,0.645
2020-10-26 11:00,0.788
2020-10-26 12:00,0.844
2020-10-26 13:00,0.855
2020-10-26 14:00,0.846
2020-10-26 15:00,0.837
2020-10-26 16:00,0.828
2020-10-26 17:00,0.810
2020-10-26 18:00,0.769
2020-10-26 19:00,0.711
2020-10-26 20:00,0.686
2020-10-26 21:00,0.632
2020-10-26 22:00,0.604
2020-10-26 23:00,0.572
2020-10-27 00:00,0.541
2020-10-27 01:00,0.536
2020-10-27 02:00,0.535
2020-10-27 03:00,0.468
2020-10-27 04:00,0.390
2020-10-27 05:00,0.386
2020-10-27 06:00,0.365
2020-10-27 07:00,0.365
2020-10-27 08:00,0.410
2020-10-27 09:00,0.429
2020-10-27 10:00,0.622
2020-10-27 11:00,0.752
2020-10-27 12:00,0.810
2020-10-27 13:00,0.814
2020-10-27 14:00,0.753
2020-10-27 15:00,0.840
2020-10-27 16:00,0.905
2020-10-27 17:00,0.854
2020-10-27 18:00,0.808
2020-10-27 19:00,0.743
2020-10-27 20:00,0.658
2020-10-27 21:00,0.638
2020-10-27 22:00,0.677
2020-10-27 23:00,0.664
2020-10-28 00:00,0.688
2020-10-28 01:00,0.663
2020-10-28 02:00,0.609
2020-10-28 03:00,0.666
2020-10-28 04:00,0.690
2020-10-28 05:00,0.692
2020-10-28 06:00,0.667
2020-10-28 07:00,0.600
2020-10-28 08:00,0.588
2020-10-28 09:00,0.586
2020-10-28 10:00,0.673
2020-10-28 11:00,0.746
2020-10-28 12:00,0.753
2020-10-28 13:00,0.712
2020-10-28 14:00,0.673
2020-10-28 15:00,0.634
2020-10-28 16:00,0.617
2020-10-28 17:00,0.576
2020-10-28 18:00,0.561
2020-10-28 19:00,0.594
2020-10-28 20:00,0.620
2020-10-28 21:00,0.645
2020-10-28 22:00,0.679
2020-10-28 23:00,0.692
2020-10-29 00:00,0.688
2020-10-29 01:00,0.672
2020-10-29 02:00,0.653
2020-10-29 03:00,0.629
2020-10-29 04:00,0.562
2020-10-29 05:00,0.425
2020-10-29 06:00,0.377
2020-10-29 07:00,0.361
2020-10-29 08:00,0.355
2020-10-29 09:00,0.367
2020-10-29 10:00,0.418
2020-10-29 11:00,0.516
2020-10-29 12:00,0.673
2020-10-29 13:00,0.817
2020-10-29 14:00,0.900
2020-10-29 15:00,0.908
2020-10-29 16:00,0.900
2020-10-29 17:00,0.897
2020-10-29 18:00,0.892
2020-10-29 19:00,0.884
2020-10-29 20:00,0.879
2020-10-29 21:00,0.868
2020-10-29 22:00,0.876
2020-10-29 23:00,0.883
2020-10-30 00:00,0.882
2020-10-30 01:00,0.881
2020-10-30 02:00,0.889
2020-10-30 03:00,0.885
2020-10-30 04:00,0.855
2020-10-30 05:00,0.814
2020-10-30 06:00,0.779
2020-10-30 07:00,0.713
2020-10-30 08:00,0.581
2020-10-30 09:00,0.434
2020-10-30 10:00,0.346
2020-10-30 11:00,0.367
2020-10-30 12:00,0.366
2020-10-30 13:00,0.318
2020-10-30 14:00,0.253
2020-10-30 15:00,0.190
2020-10-30 16:00,0.184
2020-10-30 17:00,0.169
2020-10-30 18:00,0.091
2020-10-30 19:00,0.019
2020-10-30 20:00,0.017
2020-10-30 21:00,0.094
2020-10-30 22:00,0.258
2020-10-30 23:00,0.439
2020-10-31 00:00,0.533
2020-10-31 01:00,0.638
2020-10-31 02:00,0.710
2020-10-31 03:00,0.748
2020-10-31 04:00,0.842
2020-10-31 05:00,0.876
2020-10-31 06:00,0.896
2020-10-31 07:00,0.929
2020-10-31 08:00,0.958
2020-10-31 09:00,0.975
2020-10-31 10:00,0.981
2020-10-31 11:00,0.987
2020-10-31 12:00,0.986
2020-10-31 13:00,0.978
2020-10-31 14:00,0.980
2020-10-31 15:00,0.969
2020-10-31 16:00,0.938
2020-10-31 17:00,0.923
2020-10-31 18:00,0.896
2020-10-31 19:00,0.805
2020-10-31 20:00,0.606
2020-10-31 21:00,0.515
2020-10-31 22:00,0.539
2020-10-31 23:00,0.572
2020-11-01 00:00,0.569
2020-11-01 01:00,0.616
2020-11-01 02:00,0.676
2020-11-01 03:00,0.819
2020-11-01 04:00,0.892
2020-11-01 05:00,0.932
2020-11-01 06:00,0.970
2020-11-01 07:00,0.966
2020-11-01 08:00,0.919
2020-11-01 09:00,0.893
2020-11-01 10:00,0.899
2020-11-01 11:00,0.902
2020-11-01 12:00,0.907
2020-11-01 13:00,0.929
2020-11-01 14:00,0.930
2020-11-01 15:00,0.923
2020-11-01 16:00,0.899
2020-11-01 17:00,0.934
2020-11-01 18:00,0.978
2020-11-01 19:00,0.992
2020-11-01 20:00,0.992
2020-11-01 21:00,0.993
2020-11-01 22:00,0.993
2020-11-01 23:00,0.991
2020-11-02 00:00,0.988
2020-11-02 01:00,0.975
2020-11-02 02:00,0.942
2020-11-02 03:00,0.863
2020-11-02 04:00,0.781
2020-11-02 05:00,0.713
2020-11-02 06:00,0.691
2020-11-02 07:00,0.716
2020-11-02 08:00,0.686
2020-11-02 09:00,0.736
2020-11-02 10:00,0.831
2020-11-02 11:00,0.873
2020-11-02 12:00,0.894
2020-11-02 13:00,0.900
2020-11-02 14:00,0.905
2020-11-02 15:00,0.915
2020-11-02 16:00,0.920
2020-11-02 17:00,0.918
2020-11-02 18:00,0.919
2020-11-02 19:00,0.934
2020-11-02 20:00,0.956
2020-11-02 21:00,0.963
2020-11-02 22:00,0.955
2020-11-02 23:00,0.925
2020-11-03 00:00,0.863
2020-11-03 01:00,0.769
2020-11-03 02:00,0.665
2020-11-03 03:00,0.570
2020-11-03 04:00,0.473
2020-11-03 05:00,0.390
2020-11-03 06:00,0.345
2020-11-03 07:00,0.325
2020-11-03 08:00,0.285
2020-11-03 09:00,0.227
2020-11-03 10:00,0.251
2020-11-03 11:00,0.438
2020-11-03 12:00,0.559
2020-11-03 13:00,0.627
2020-11-03 14:00,0.645
2020-11-03 15:00,0.610
2020-11-03 16:00,0.580
2020-11-03 17:00,0.499
2020-11-03 18:00,0.486
2020-11-03 19:00,0.456
2020-11-03 20:00,0.451
2020-11-03 21:00,0.465
2020-11-03 22:00,0.502
2020-11-03 23:00,0.521
2020-11-04 00:00,0.508
2020-11-04 01:00,0.503
2020-11-04 02:00,0.502
2020-11-04 03:00,0.507
2020-11-04 04:00,0.491
2020-11-04 05:00,0.552
2020-11-04 06:00,0.520
2020-11-04 07:00,0.497
2020-11-04 08:00,0.410
2020-11-04 09:00,0.254
2020-11-04 10:00,0.229
2020-11-04 11:00,0.251
2020-11-04 12:00,0.223
2020-11-04 13:00,0.173
2020-11-04 14:00,0.144
2020-11-04 15:00,0.117
2020-11-04 16:00,0.099
2020-11-04 17:00,0.094
2020-11-04 18:00,0.128
2020-11-04 19:00,0.194
2020-11-04 20:00,0.262
2020-11-04 21:00,0.317
2020-11-04 22:00,0.370
2020-11-04 23:00,0.406
2020-11-05 00:00,0.433
2020-11-05 01:00,0.449
2020-11-05 02:00,0.443
2020-11-05 03:00,0.430
2020-11-05 04:00,0.429
2020-11-05 05:00,0.429
2020-11-05 06:00,0.431
2020-11-05 07:00,0.418
2020-11-05 08:00,0.344
2020-11-05 09:00,0.229
2020-11-05 10:00,0.187
2020-11-05 11:00,0.165
2020-11-05 12:00,0.146
2020-11-05 13:00,0.138
2020-11-05 14:00,0.134
2020-11-05 15:00,0.152
2020-11-05 16:00,0.188
2020-11-05 17:00,0.197
2020-11-05 18:00,0.183
2020-11-05 19:00,0.159
2020-11-05 20:00,0.122
2020-11-05 21:00,0.082
2020-11-05 22:00,0.045
2020-11-05 23:00,0.020
2020-11-06 00:00,0.012
2020-11-06 01:00,0.011
2020-11-06 02:00,0.015
2020-11-06 03:00,0.019
2020-11-06 04:00,0.021
2020-11-06 05:00,0.026
2020-11-06 06:00,0.032
2020-11-06 07:00,0.038
2020-11-06 08:00,0.042
2020-11-06 09:00,0.051
2020-11-06 10:00,0.074
2020-11-06 11:00,0.105
2020-11-06 12:00,0.148
2020-11-06 13:00,0.187
2020-11-06 14:00,0.197
2020-11-06 15:00,0.240
2020-11-06 16:00,0.356
2020-11-06 17:00,0.453
2020-11-06 18:00,0.465
2020-11-06 19:00,0.450
2020-11-06 20:00,0.432
2020-11-06 21:00,0.406
2020-11-06 22:00,0.355
2020-11-06 23:00,0.280
2020-11-07 00:00,0.205
2020-11-07 01:00,0.135
2020-11-07 02:00,0.094
2020-11-07 03:00,0.074
2020-11-07 04:00,0.064
2020-11-07 05:00,0.063
2020-11-07 06:00,0.066
2020-11-07 07:00,0.068
2020-11-07 08:00,0.064
2020-11-07 09:00,0.064
2020-11-07 10:00,0.077
2020-11-07 11:00,0.102
2020-11-07 12:00,0.124
2020-11-07 13:00,0.134
2020-11-07 14:00,0.142
2020-11-07 15:00,0.213
2020-11-07 16:00,0.313
2020-11-07 17:00,0.385
2020-11-07 18:00,0.431
2020-11-07 19:00,0.440
2020-11-07 20:00,0.439
2020-11-07 21:00,0.438
2020-11-07 22:00,0.429
2020-11-07 23:00,0.375
2020-11-08 00:00,0.305
2020-11-08 01:00,0.260
2020-11-08 02:00,0.252
2020-11-08 03:00,0.264
2020-11-08 04:00,0.273
2020-11-08 05:00,0.269
2020-11-08 06:00,0.258
2020-11-08 07:00,0.255
2020-11-08 08:00,0.230
2020-11-08 09:00,0.188
2020-11-08 10:00,0.148
2020-11-08 11:00,0.138
2020-11-08 12:00,0.126
2020-11-08 13:00,0.115
2020-11-08 14:00,0.117
2020-11-08 15:00,0.148
2020-11-08 16:00,0.195
2020-11-08 17:00,0.217
2020-11-08 18:00,0.205
2020-11-08 19:00,0.180
2020-11-08 20:00,0.154
2020-11-08 21:00,0.132
2020-11-08 22:00,0.115
2020-11-08 23:00,0.106
2020-11-09 00:00,0.102
2020-11-09 01:00,0.094
2020-11-09 02:00,0.086
2020-11-09 03:00,0.083
2020-11-09 04:00,0.091
2020-11-09 05:00,0.111
2020-11-09 06:00,0.141
2020-11-09 07:00,0.178
2020-11-09 08:00,0.197
2020-11-09 09:00,0.148
2020-11-09 10:00,0.113
2020-11-09 11:00,0.135
2020-11-09 12:00,0.169
2020-11-09 13:00,0.181
2020-11-09 14:00,0.173
2020-11-09 15:00,0.235
2020-11-09 16:00,0.355
2020-11-09 17:00,0.413
2020-11-09 18:00,0.423
2020-11-09 19:00,0.425
2020-11-09 20:00,0.412
2020-11-09 21:00,0.399
2020-11-09 22:00,0.390
2020-11-09 23:00,0.348
2020-11-10 00:00,0.311
2020-11-10 01:00,0.265
2020-11-10 02:00,0.247
2020-11-10 03:00,0.239
2020-11-10 04:00,0.248
2020-11-10 05:00,0.262
2020-11-10 06:00,0.265
2020-11-10 07:00,0.259
2020-11-10 08:00,0.235
2020-11-10 09:00,0.161
2020-11-10 10:00,0.143
2020-11-10 11:00,0.221
2020-11-10 12:00,0.255
2020-11-10 13:00,0.276
2020-11-10 14:00,0.260
2020-11-10 15:00,0.317
2020-11-10 16:00,0.413
2020-11-10 17:00,0.457
2020-11-10 18:00,0.450
2020-11-10 19:00,0.439
2020-11-10 20:00,0.433
2020-11-10 21:00,0.416
2020-11-10 22:00,0.386
2020-11-10 23:00,0.379
2020-11-11 00:00,0.384
2020-11-11 01:00,0.382
2020-11-11 02:00,0.397
2020-11-11 03:00,0.407
2020-11-11 04:00,0.413
2020-11-11 05:00,0.431
2020-11-11 06:00,0.463
2020-11-11 07:00,0.517
2020-11-11 08:00,0.558
2020-11-11 09:00,0.591
2020-11-11 10:00,0.639
2020-11-11 11:00,0.655
2020-11-11 12:00,0.682
2020-11-11 13:00,0.710
2020-11-11 14:00,0.727
2020-11-11 15:00,0.756
2020-11-11 16:00,0.796
2020-11-11 17:00,0.839
2020-11-11 18:00,0.858
2020-11-11 19:00,0.883
2020-11-11 20:00,0.908
2020-11-11 21:00,0.912
2020-11-11 22:00,0.887
2020-11-11 23:00,0.805
2020-11-12 00:00,0.632
2020-11-12 01:00,0.520
2020-11-12 02:00,0.638
2020-11-12 03:00,0.746
2020-11-12 04:00,0.774
2020-11-12 05:00,0.781
2020-11-12 06:00,0.758
2020-11-12 07:00,0.718
2020-11-12 08:00,0.600
2020-11-12 09:00,0.491
2020-11-12 10:00,0.546
2020-11-12 11:00,0.635
2020-11-12 12:00,0.627
2020-11-12 13:00,0.613
2020-11-12 14:00,0.578
2020-11-12 15:00,0.590
2020-11-12 16:00,0.611
2020-11-12 17:00,0.587
2020-11-12 18:00,0.580
2020-11-12 19:00,0.661
2020-11-12 20:00,0.658
2020-11-12 21:00,0.645
2020-11-12 22:00,0.640
2020-11-12 23:00,0.686
2020-11-13 00:00,0.729
2020-11-13 01:00,0.754
2020-11-13 02:00,0.792
2020-11-13 03:00,0.840
2020-11-13 04:00,0.848
2020-11-13 05:00,0.817
2020-11-13 06:00,0.783
2020-11-13 07:00,0.775
2020-11-13 08:00,0.741
2020-11-13 09:00,0.574
2020-11-13 10:00,0.597
2020-11-13 11:00,0.718
2020-11-13 12:00,0.758
2020-11-13 13:00,0.757
2020-11-13 14:00,0.713
2020-11-13 15:00,0.672
2020-11-13 16:00,0.629
2020-11-13 17:00,0.574
2020-11-13 18:00,0.549
2020-11-13 19:00,0.531
2020-11-13 20:00,0.506
2020-11-13 21:00,0.450
2020-11-13 22:00,0.400
2020-11-13 23:00,0.370
2020-11-14 00:00,0.404
2020-11-14 01:00,0.370
2020-11-14 02:00,0.356
2020-11-14 03:00,0.342
2020-11-14 04:00,0.345
2020-11-14 05:00,0.358
2020-11-14 06:00,0.432
2020-11-14 07:00,0.562
2020-11-14 08:00,0.634
2020-11-14 09:00,0.679
2020-11-14 10:00,0.632
2020-11-14 11:00,0.661
2020-11-14 12:00,0.748
2020-11-14 13:00,0.861
2020-11-14 14:00,0.898
2020-11-14 15:00,0.922
2020-11-14 16:00,0.944
2020-11-14 17:00,0.950
2020-11-14 18:00,0.947
2020-11-14 19:00,0.929
2020-11-14 20:00,0.900
2020-11-14 21:00,0.872
2020-11-14 22:00,0.876
2020-11-14 23:00,0.868
2020-11-15 00:00,0.848
2020-11-15 01:00,0.806
2020-11-15 02:00,0.774
2020-11-15 03:00,0.694
2020-11-15 04:00,0.682
2020-11-15 05:00,0.713
2020-11-15 06:00,0.732
2020-11-15 07:00,0.783
2020-11-15 08:00,0.834
2020-11-15 09:00,0.871
2020-11-15 10:00,0.883
2020-11-15 11:00,0.859
2020-11-15 12:00,0.873
2020-11-15 13:00,0.888
2020-11-15 14:00,0.901
2020-11-15 15:00,0.916
2020-11-15 16:00,0.919
2020-11-15 17:00,0.927
2020-11-15 18:00,0.937
2020-11-15 19:00,0.942
2020-11-15 20:00,0.934
2020-11-15 21:00,0.924
2020-11-15 22:00,0.919
2020-11-15 23:00,0.900
2020-11-16 00:00,0.863
2020-11-16 01:00,0.858
2020-11-16 02:00,0.904
2020-11-16 03:00,0.942
2020-11-16 04:00,0.943
2020-11-16 05:00,0.926
2020-11-16 06:00,0.911
2020-11-16 07:00,0.892
2020-11-16 08:00,0.847
2020-11-16 09:00,0.792
2020-11-16 10:00,0.738
2020-11-16 11:00,0.694
2020-11-16 12:00,0.642
2020-11-16 13:00,0.612
2020-11-16 14:00,0.601
2020-11-16 15:00,0.592
2020-11-16 16:00,0.616
2020-11-16 17:00,0.628
2020-11-16 18:00,0.660
2020-11-16 19:00,0.688
2020-11-16 20:00,0.725
2020-11-16 21:00,0.731
2020-11-16 22:00,0.803
2020-11-16 23:00,0.812
2020-11-17 00:00,0.824
2020-11-17 01:00,0.848
2020-11-17 02:00,0.855
2020-11-17 03:00,0.862
2020-11-17 04:00,0.850
2020-11-17 05:00,0.838
2020-11-17 06:00,0.828
2020-11-17 07:00,0.826
2020-11-17 08:00,0.827
2020-11-17 09:00,0.833
2020-11-17 10:00,0.824
2020-11-17 11:00,0.826
2020-11-17 12:00,0.836
2020-11-17 13:00,0.835
2020-11-17 14:00,0.837
2020-11-17 15:00,0.833
2020-11-17 16:00,0.822
2020-11-17 17:00,0.812
2020-11-17 18:00,0.799
2020-11-17 19:00,0.777
2020-11-17 20:00,0.760
2020-11-17 21:00,0.748
2020-11-17 22:00,0.784
2020-11-17 23:00,0.821
2020-11-18 00:00,0.801
2020-11-18 01:00,0.818
2020-11-18 02:00,0.831
2020-11-18 03:00,0.836
2020-11-18 04:00,0.842
2020-11-18 05:00,0.867
2020-11-18 06:00,0.880
2020-11-18 07:00,0.900
2020-11-18 08:00,0.908
2020-11-18 09:00,0.919
2020-11-18 10:00,0.931
2020-11-18 11:00,0.942
2020-11-18 12:00,0.923
2020-11-18 13:00,0.892
2020-11-18 14:00,0.906
2020-11-18 15:00,0.907
2020-11-18 16:00,0.891
2020-11-18 17:00,0.905
2020-11-18 18:00,0.905
2020-11-18 19:00,0.905
2020-11-18 20:00,0.911
2020-11-18 21:00,0.930
2020-11-18 22:00,0.943
2020-11-18 23:00,0.943
2020-11-19 00:00,0.939
2020-11-19 01:00,0.915
2020-11-19 02:00,0.871
2020-11-19 03:00,0.803
2020-11-19 04:00,0.714
2020-11-19 05:00,0.723
2020-11-19 06:00,0.777
2020-11-19 07:00,0.707
2020-11-19 08:00,0.590
2020-11-19 09:00,0.478
2020-11-19 10:00,0.442
2020-11-19 11:00,0.368
2020-11-19 12:00,0.292
2020-11-19 13:00,0.420
2020-11-19 14:00,0.449
2020-11-19 15:00,0.286
2020-11-19 16:00,0.229
2020-11-19 17:00,0.352
2020-11-19 18:00,0.351
2020-11-19 19:00,0.259
2020-11-19 20:00,0.207
2020-11-19 21:00,0.226
2020-11-19 22:00,0.290
2020-11-19 23:00,0.302
2020-11-20 00:00,0.343
2020-11-20 01:00,0.359
2020-11-20 02:00,0.377
2020-11-20 03:00,0.406
2020-11-20 04:00,0.425
2020-11-20 05:00,0.412
2020-11-20 06:00,0.381
2020-11-20 07:00,0.404
2020-11-20 08:00,0.473
2020-11-20 09:00,0.449
2020-11-20 10:00,0.487
2020-11-20 11:00,0.513
2020-11-20 12:00,0.549
2020-11-20 13:00,0.604
2020-11-20 14:00,0.646
2020-11-20 15:00,0.625
2020-11-20 16:00,0.651
2020-11-20 17:00,0.661
2020-11-20 18:00,0.689
2020-11-20 19:00,0.721
2020-11-20 20:00,0.740
2020-11-20 21:00,0.754
2020-11-20 22:00,0.789
2020-11-20 23:00,0.813
2020-11-21 00:00,0.831
2020-11-21 01:00,0.861
2020-11-21 02:00,0.878
2020-11-21 03:00,0.899
2020-11-21 04:00,0.922
2020-11-21 05:00,0.927
2020-11-21 06:00,0.929
2020-11-21 07:00,0.927
2020-11-21 08:00,0.912
2020-11-21 09:00,0.894
2020-11-21 10:00,0.871
2020-11-21 11:00,0.822
2020-11-21 12:00,0.726
2020-11-21 13:00,0.610
2020-11-21 14:00,0.549
2020-11-21 15:00,0.546
2020-11-21 16:00,0.555
2020-11-21 17:00,0.577
2020-11-21 18:00,0.615
2020-11-21 19:00,0.645
2020-11-21 20:00,0.661
2020-11-21 21:00,0.689
2020-11-21 22:00,0.713
2020-11-21 23:00,0.692
2020-11-22 00:00,0.679
2020-11-22 01:00,0.714
2020-11-22 02:00,0.703
2020-11-22 03:00,0.672
2020-11-22 04:00,0.617
2020-11-22 05:00,0.551
2020-11-22 06:00,0.523
2020-11-22 07:00,0.505
2020-11-22 08:00,0.480
2020-11-22 09:00,0.425
2020-11-22 10:00,0.348
2020-11-22 11:00,0.374
2020-11-22 12:00,0.462
2020-11-22 13:00,0.460
2020-11-22 14:00,0.430
2020-11-22 15:00,0.442
2020-11-22 16:00,0.483
2020-11-22 17:00,0.508
2020-11-22 18:00,0.507
2020-11-22 19:00,0.502
2020-11-22 20:00,0.519
2020-11-22 21:00,0.526
2020-11-22 22:00,0.521
2020-11-22 23:00,0.519
2020-11-23 00:00,0.521
2020-11-23 01:00,0.516
2020-11-23 02:00,0.492
2020-11-23 03:00,0.452
2020-11-23 04:00,0.416
2020-11-23 05:00,0.376
2020-11-23 06:00,0.370
2020-11-23 07:00,0.417
2020-11-23 08:00,0.431
2020-11-23 09:00,0.396
2020-11-23 10:00,0.410
2020-11-23 11:00,0.394
2020-11-23 12:00,0.459
2020-11-23 13:00,0.539
2020-11-23 14:00,0.600
2020-11-23 15:00,0.672
2020-11-23 16:00,0.750
2020-11-23 17:00,0.808
2020-11-23 18:00,0.795
2020-11-23 19:00,0.777
2020-11-23 20:00,0.791
2020-11-23 21:00,0.782
2020-11-23 22:00,0.777
2020-11-23 23:00,0.811
2020-11-24 00:00,0.818
2020-11-24 01:00,0.818
2020-11-24 02:00,0.815
2020-11-24 03:00,0.799
2020-11-24 04:00,0.756
2020-11-24 05:00,0.692
2020-11-24 06:00,0.674
2020-11-24 07:00,0.639
2020-11-24 08:00,0.649
2020-11-24 09:00,0.625
2020-11-24 10:00,0.652
2020-11-24 11:00,0.706
2020-11-24 12:00,0.719
2020-11-24 13:00,0.740
2020-11-24 14:00,0.754
2020-11-24 15:00,0.733
2020-11-24 16:00,0.713
2020-11-24 17:00,0.775
2020-11-24 18:00,0.801
2020-11-24 19:00,0.803
2020-11-24 20:00,0.789
2020-11-24 21:00,0.767
2020-11-24 22:00,0.746
2020-11-24 23:00,0.733
2020-11-25 00:00,0.672
2020-11-25 01:00,0.572
2020-11-25 02:00,0.423
2020-11-25 03:00,0.311
2020-11-25 04:00,0.218
2020-11-25 05:00,0.187
2020-11-25 06:00,0.182
2020-11-25 07:00,0.197
2020-11-25 08:00,0.230
2020-11-25 09:00,0.232
2020-11-25 10:00,0.225
2020-11-25 11:00,0.205
2020-11-25 12:00,0.205
2020-11-25 13:00,0.191
2020-11-25 14:00,0.196
2020-11-25 15:00,0.275
2020-11-25 16:00,0.355
2020-11-25 17:00,0.374
2020-11-25 18:00,0.367
2020-11-25 19:00,0.365
2020-11-25 20:00,0.355
2020-11-25 21:00,0.352
2020-11-25 22:00,0.339
2020-11-25 23:00,0.319
2020-11-26 00:00,0.310
2020-11-26 01:00,0.299
2020-11-26 02:00,0.285
2020-11-26 03:00,0.243
2020-11-26 04:00,0.193
2020-11-26 05:00,0.140
2020-11-26 06:00,0.111
2020-11-26 07:00,0.101
2020-11-26 08:00,0.096
2020-11-26 09:00,0.092
2020-11-26 10:00,0.074
2020-11-26 11:00,0.061
2020-11-26 12:00,0.063
2020-11-26 13:00,0.062
2020-11-26 14:00,0.067
2020-11-26 15:00,0.069
2020-11-26 16:00,0.063
2020-11-26 17:00,0.058
2020-11-26 18:00,0.050
2020-11-26 19:00,0.040
2020-11-26 20:00,0.028
2020-11-26 21:00,0.019
2020-11-26 22:00,0.017
2020-11-26 23:00,0.023
2020-11-27 00:00,0.038
2020-11-27 01:00,0.058
2020-11-27 02:00,0.071
2020-11-27 03:00,0.072
2020-11-27 04:00,0.061
2020-11-27 05:00,0.047
2020-11-27 06:00,0.040
2020-11-27 07:00,0.036
2020-11-27 08:00,0.030
2020-11-27 09:00,0.020
2020-11-27 10:00,0.012
2020-11-27 11:00,0.008
2020-11-27 12:00,0.009
2020-11-27 13:00,0.011
2020-11-27 14:00,0.019
2020-11-27 15:00,0.028
2020-11-27 16:00,0.036
2020-11-27 17:00,0.052
2020-11-27 18:00,0.078
2020-11-27 19:00,0.113
2020-11-27 20:00,0.148
2020-11-27 21:00,0.169
2020-11-27 22:00,0.172
2020-11-27 23:00,0.169
2020-11-28 00:00,0.174
2020-11-28 01:00,0.196
2020-11-28 02:00,0.248
2020-11-28 03:00,0.299
2020-11-28 04:00,0.334
2020-11-28 05:00,0.352
2020-11-28 06:00,0.370
2020-11-28 07:00,0.388
2020-11-28 08:00,0.400
2020-11-28 09:00,0.394
2020-11-28 10:00,0.334
2020-11-28 11:00,0.287
2020-11-28 12:00,0.260
2020-11-28 13:00,0.257
2020-11-28 14:00,0.298
2020-11-28 15:00,0.372
2020-11-28 16:00,0.423
2020-11-28 17:00,0.388
2020-11-28 18:00,0.369
2020-11-28 19:00,0.315
2020-11-28 20:00,0.263
2020-11-28 21:00,0.225
2020-11-28 22:00,0.187
2020-11-28 23:00,0.165
2020-11-29 00:00,0.140
2020-11-29 01:00,0.124
2020-11-29 02:00,0.102
2020-11-29 03:00,0.079
2020-11-29 04:00,0.058
2020-11-29 05:00,0.041
2020-11-29 06:00,0.028
2020-11-29 07:00,0.019
2020-11-29 08:00,0.016
2020-11-29 09:00,0.017
2020-11-29 10:00,0.016
2020-11-29 11:00,0.018
2020-11-29 12:00,0.022
2020-11-29 13:00,0.027
2020-11-29 14:00,0.035
2020-11-29 15:00,0.051
2020-11-29 16:00,0.078
2020-11-29 17:00,0.103
2020-11-29 18:00,0.125
2020-11-29 19:00,0.149
2020-11-29 20:00,0.187
2020-11-29 21:00,0.241
2020-11-29 22:00,0.302
2020-11-29 23:00,0.367
2020-11-30 00:00,0.418
2020-11-30 01:00,0.450
2020-11-30 02:00,0.474
2020-11-30 03:00,0.516
2020-11-30 04:00,0.535
2020-11-30 05:00,0.564
2020-11-30 06:00,0.586
2020-11-30 07:00,0.669
2020-11-30 08:00,0.712
2020-11-30 09:00,0.755
2020-11-30 10:00,0.806
2020-11-30 11:00,0.877
2020-11-30 12:00,0.893
2020-11-30 13:00,0.905
2020-11-30 14:00,0.900
2020-11-30 15:00,0.896
2020-11-30 16:00,0.882
2020-11-30 17:00,0.824
2020-11-30 18:00,0.773
2020-11-30 19:00,0.732
2020-11-30 20:00,0.667
2020-11-30 21:00,0.643
2020-11-30 22:00,0.628
2020-11-30 23:00,0.616
2020-12-01 00:00,0.584
2020-12-01 01:00,0.525
2020-12-01 02:00,0.476
2020-12-01 03:00,0.464
2020-12-01 04:00,0.443
2020-12-01 05:00,0.406
2020-12-01 06:00,0.367
2020-12-01 07:00,0.335
2020-12-01 08:00,0.272
2020-12-01 09:00,0.222
2020-12-01 10:00,0.199
2020-12-01 11:00,0.164
2020-12-01 12:00,0.148
2020-12-01 13:00,0.134
2020-12-01 14:00,0.116
2020-12-01 15:00,0.140
2020-12-01 16:00,0.169
2020-12-01 17:00,0.188
2020-12-01 18:00,0.195
2020-12-01 19:00,0.169
2020-12-01 20:00,0.116
2020-12-01 21:00,0.077
2020-12-01 22:00,0.067
2020-12-01 23:00,0.075
2020-12-02 00:00,0.104
2020-12-02 01:00,0.163
2020-12-02 02:00,0.246
2020-12-02 03:00,0.318
2020-12-02 04:00,0.338
2020-12-02 05:00,0.320
2020-12-02 06:00,0.316
2020-12-02 07:00,0.341
2020-12-02 08:00,0.374
2020-12-02 09:00,0.380
2020-12-02 10:00,0.326
2020-12-02 11:00,0.332
2020-12-02 12:00,0.428
2020-12-02 13:00,0.429
2020-12-02 14:00,0.406
2020-12-02 15:00,0.439
2020-12-02 16:00,0.516
2020-12-02 17:00,0.540
2020-12-02 18:00,0.523
2020-12-02 19:00,0.505
2020-12-02 20:00,0.533
2020-12-02 21:00,0.569
2020-12-02 22:00,0.569
2020-12-02 23:00,0.625
2020-12-03 00:00,0.507
2020-12-03 01:00,0.450
2020-12-03 02:00,0.398
2020-12-03 03:00,0.377
2020-12-03 04:00,0.345
2020-12-03 05:00,0.314
2020-12-03 06:00,0.286
2020-12-03 07:00,0.268
2020-12-03 08:00,0.252
2020-12-03 09:00,0.246
2020-12-03 10:00,0.196
2020-12-03 11:00,0.141
2020-12-03 12:00,0.117
2020-12-03 13:00,0.113
2020-12-03 14:00,0.119
2020-12-03 15:00,0.140
2020-12-03 16:00,0.181
2020-12-03 17:00,0.228
2020-12-03 18:00,0.251
2020-12-03 19:00,0.284
2020-12-03 20:00,0.305
2020-12-03 21:00,0.328
2020-12-03 22:00,0.303
2020-12-03 23:00,0.299
2020-12-04 00:00,0.330
2020-12-04 01:00,0.351
2020-12-04 02:00,0.371
2020-12-04 03:00,0.357
2020-12-04 04:00,0.327
2020-12-04 05:00,0.303
2020-12-04 06:00,0.287
2020-12-04 07:00,0.246
2020-12-04 08:00,0.248
2020-12-04 09:00,0.279
2020-12-04 10:00,0.309
2020-12-04 11:00,0.321
2020-12-04 12:00,0.333
2020-12-04 13:00,0.338
2020-12-04 14:00,0.309
2020-12-04 15:00,0.244
2020-12-04 16:00,0.177
2020-12-04 17:00,0.146
2020-12-04 18:00,0.125
2020-12-04 19:00,0.107
2020-12-04 20:00,0.114
2020-12-04 21:00,0.171
2020-12-04 22:00,0.277
2020-12-04 23:00,0.355
2020-12-05 00:00,0.430
2020-12-05 01:00,0.480
2020-12-05 02:00,0.545
2020-12-05 03:00,0.578
2020-12-05 04:00,0.594
2020-12-05 05:00,0.533
2020-12-05 06:00,0.520
2020-12-05 07:00,0.476
2020-12-05 08:00,0.406
2020-12-05 09:00,0.296
2020-12-05 10:00,0.208
2020-12-05 11:00,0.156
2020-12-05 12:00,0.147
2020-12-05 13:00,0.164
2020-12-05 14:00,0.238
2020-12-05 15:00,0.329
2020-12-05 16:00,0.332
2020-12-05 17:00,0.274
2020-12-05 18:00,0.212
2020-12-05 19:00,0.165
2020-12-05 20:00,0.145
2020-12-05 21:00,0.148
2020-12-05 22:00,0.162
2020-12-05 23:00,0.182
2020-12-06 00:00,0.203
2020-12-06 01:00,0.215
2020-12-06 02:00,0.211
2020-12-06 03:00,0.221
2020-12-06 04:00,0.240
2020-12-06 05:00,0.246
2020-12-06 06:00,0.229
2020-12-06 07:00,0.210
2020-12-06 08:00,0.188
2020-12-06 09:00,0.153
2020-12-06 10:00,0.099
2020-12-06 11:00,0.059
2020-12-06 12:00,0.037
2020-12-06 13:00,0.027
2020-12-06 14:00,0.024
2020-12-06 15:00,0.026
2020-12-06 16:00,0.027
2020-12-06 17:00,0.027
2020-12-06 18:00,0.032
2020-12-06 19:00,0.045
2020-12-06 20:00,0.052
2020-12-06 21:00,0.050
2020-12-06 22:00,0.043
2020-12-06 23:00,0.032
2020-12-07 00:00,0.019
2020-12-07 01:00,0.012
2020-12-07 02:00,0.012
2020-12-07 03:00,0.015
2020-12-07 04:00,0.026
2020-12-07 05:00,0.046
2020-12-07 06:00,0.073
2020-12-07 07:00,0.099
2020-12-07 08:00,0.118
2020-12-07 09:00,0.114
2020-12-07 10:00,0.100
2020-12-07 11:00,0.097
2020-12-07 12:00,0.112
2020-12-07 13:00,0.125
2020-12-07 14:00,0.170
2020-12-07 15:00,0.258
2020-12-07 16:00,0.321
2020-12-07 17:00,0.335
2020-12-07 18:00,0.339
2020-12-07 19:00,0.342
2020-12-07 20:00,0.342
2020-12-07 21:00,0.352
2020-12-07 22:00,0.369
2020-12-07 23:00,0.393
2020-12-08 00:00,0.420
2020-12-08 01:00,0.431
2020-12-08 02:00,0.428
2020-12-08 03:00,0.423
2020-12-08 04:00,0.417
2020-12-08 05:00,0.418
2020-12-08 06:00,0.429
2020-12-08 07:00,0.429
2020-12-08 08:00,0.406
2020-12-08 09:00,0.364
2020-12-08 10:00,0.352
2020-12-08 11:00,0.355
2020-12-08 12:00,0.365
2020-12-08 13:00,0.380
2020-12-08 14:00,0.390
2020-12-08 15:00,0.392
2020-12-08 16:00,0.377
2020-12-08 17:00,0.338
2020-12-08 18:00,0.282
2020-12-08 19:00,0.233
2020-12-08 20:00,0.198
2020-12-08 21:00,0.178
2020-12-08 22:00,0.177
2020-12-08 23:00,0.202
2020-12-09 00:00,0.235
2020-12-09 01:00,0.279
2020-12-09 02:00,0.338
2020-12-09 03:00,0.346
2020-12-09 04:00,0.342
2020-12-09 05:00,0.325
2020-12-09 06:00,0.297
2020-12-09 07:00,0.254
2020-12-09 08:00,0.204
2020-12-09 09:00,0.170
2020-12-09 10:00,0.146
2020-12-09 11:00,0.120
2020-12-09 12:00,0.109
2020-12-09 13:00,0.094
2020-12-09 14:00,0.108
2020-12-09 15:00,0.142
2020-12-09 16:00,0.194
2020-12-09 17:00,0.235
2020-12-09 18:00,0.275
2020-12-09 19:00,0.311
2020-12-09 20:00,0.333
2020-12-09 21:00,0.343
2020-12-09 22:00,0.351
2020-12-09 23:00,0.349
2020-12-10 00:00,0.346
2020-12-10 01:00,0.341
2020-12-10 02:00,0.335
2020-12-10 03:00,0.311
2020-12-10 04:00,0.294
2020-12-10 05:00,0.291
2020-12-10 06:00,0.288
2020-12-10 07:00,0.300
2020-12-10 08:00,0.276
2020-12-10 09:00,0.284
2020-12-10 10:00,0.263
2020-12-10 11:00,0.289
2020-12-10 12:00,0.427
2020-12-10 13:00,0.503
2020-12-10 14:00,0.536
2020-12-10 15:00,0.581
2020-12-10 16:00,0.617
2020-12-10 17:00,0.701
2020-12-10 18:00,0.761
2020-12-10 19:00,0.702
2020-12-10 20:00,0.599
2020-12-10 21:00,0.603
2020-12-10 22:00,0.610
2020-12-10 23:00,0.577
2020-12-11 00:00,0.564
2020-12-11 01:00,0.546
2020-12-11 02:00,0.520
2020-12-11 03:00,0.507
2020-12-11 04:00,0.458
2020-12-11 05:00,0.413
2020-12-11 06:00,0.326
2020-12-11 07:00,0.271
2020-12-11 08:00,0.226
2020-12-11 09:00,0.165
2020-12-11 10:00,0.096
2020-12-11 11:00,0.068
2020-12-11 12:00,0.058
2020-12-11 13:00,0.057
2020-12-11 14:00,0.069
2020-12-11 15:00,0.080
2020-12-11 16:00,0.086
2020-12-11 17:00,0.084
2020-12-11 18:00,0.071
2020-12-11 19:00,0.051
2020-12-11 20:00,0.032
2020-12-11 21:00,0.023
2020-12-11 22:00,0.022
2020-12-11 23:00,0.025
2020-12-12 00:00,0.031
2020-12-12 01:00,0.039
2020-12-12 02:00,0.047
2020-12-12 03:00,0.052
2020-12-12 04:00,0.055
2020-12-12 05:00,0.069
2020-12-12 06:00,0.095
2020-12-12 07:00,0.127
2020-12-12 08:00,0.179
2020-12-12 09:00,0.249
2020-12-12 10:00,0.314
2020-12-12 11:00,0.380
2020-12-12 12:00,0.432
2020-12-12 13:00,0.450
2020-12-12 14:00,0.466
2020-12-12 15:00,0.478
2020-12-12 16:00,0.488
2020-12-12 17:00,0.469
2020-12-12 18:00,0.410
2020-12-12 19:00,0.342
2020-12-12 20:00,0.292
2020-12-12 21:00,0.254
2020-12-12 22:00,0.232
2020-12-12 23:00,0.193
2020-12-13 00:00,0.189
2020-12-13 01:00,0.165
2020-12-13 02:00,0.140
2020-12-13 03:00,0.156
2020-12-13 04:00,0.224
2020-12-13 05:00,0.304
2020-12-13 06:00,0.317
2020-12-13 07:00,0.348
2020-12-13 08:00,0.435
2020-12-13 09:00,0.552
2020-12-13 10:00,0.678
2020-12-13 11:00,0.858
2020-12-13 12:00,0.917
2020-12-13 13:00,0.923
2020-12-13 14:00,0.905
2020-12-13 15:00,0.869
2020-12-13 16:00,0.838
2020-12-13 17:00,0.786
2020-12-13 18:00,0.750
2020-12-13 19:00,0.741
2020-12-13 20:00,0.746
2020-12-13 21:00,0.771
2020-12-13 22:00,0.785
2020-12-13 23:00,0.797
2020-12-14 00:00,0.808
2020-12-14 01:00,0.832
2020-12-14 02:00,0.856
2020-12-14 03:00,0.855
2020-12-14 04:00,0.870
2020-12-14 05:00,0.898
2020-12-14 06:00,0.915
2020-12-14 07:00,0.920
2020-12-14 08:00,0.900
2020-12-14 09:00,0.882
2020-12-14 10:00,0.868
2020-12-14 11:00,0.863
2020-12-14 12:00,0.853
2020-12-14 13:00,0.837
2020-12-14 14:00,0.813
2020-12-14 15:00,0.772
2020-12-14 16:00,0.664
2020-12-14 17:00,0.605
2020-12-14 18:00,0.645
2020-12-14 19:00,0.634
2020-12-14 20:00,0.577
2020-12-14 21:00,0.510
2020-12-14 22:00,0.468
2020-12-14 23:00,0.441
2020-12-15 00:00,0.393
2020-12-15 01:00,0.393
2020-12-15 02:00,0.387
2020-12-15 03:00,0.396
2020-12-15 04:00,0.416
2020-12-15 05:00,0.450
2020-12-15 06:00,0.492
2020-12-15 07:00,0.462
2020-12-15 08:00,0.437
2020-12-15 09:00,0.434
2020-12-15 10:00,0.427
2020-12-15 11:00,0.417
2020-12-15 12:00,0.447
2020-12-15 13:00,0.450
2020-12-15 14:00,0.478
2020-12-15 15:00,0.527
2020-12-15 16:00,0.545
2020-12-15 17:00,0.533
2020-12-15 18:00,0.513
2020-12-15 19:00,0.461
2020-12-15 20:00,0.375
2020-12-15 21:00,0.294
2020-12-15 22:00,0.268
2020-12-15 23:00,0.281
2020-12-16 00:00,0.376
2020-12-16 01:00,0.452
2020-12-16 02:00,0.560
2020-12-16 03:00,0.633
2020-12-16 04:00,0.718
2020-12-16 05:00,0.790
2020-12-16 06:00,0.848
2020-12-16 07:00,0.889
2020-12-16 08:00,0.911
2020-12-16 09:00,0.913
2020-12-16 10:00,0.897
2020-12-16 11:00,0.888
2020-12-16 12:00,0.841
2020-12-16 13:00,0.758
2020-12-16 14:00,0.646
2020-12-16 15:00,0.564
2020-12-16 16:00,0.556
2020-12-16 17:00,0.493
2020-12-16 18:00,0.436
2020-12-16 19:00,0.423
2020-12-16 20:00,0.446
2020-12-16 21:00,0.428
2020-12-16 22:00,0.387
2020-12-16 23:00,0.402
2020-12-17 00:00,0.410
2020-12-17 01:00,0.425
2020-12-17 02:00,0.421
2020-12-17 03:00,0.442
2020-12-17 04:00,0.450
2020-12-17 05:00,0.397
2020-12-17 06:00,0.410
2020-12-17 07:00,0.419
2020-12-17 08:00,0.446
2020-12-17 09:00,0.407
2020-12-17 10:00,0.400
2020-12-17 11:00,0.423
2020-12-17 12:00,0.447
2020-12-17 13:00,0.429
2020-12-17 14:00,0.466
2020-12-17 15:00,0.497
2020-12-17 16:00,0.550
2020-12-17 17:00,0.628
2020-12-17 18:00,0.681
2020-12-17 19:00,0.721
2020-12-17 20:00,0.768
2020-12-17 21:00,0.849
2020-12-17 22:00,0.900
2020-12-17 23:00,0.919
2020-12-18 00:00,0.933
2020-12-18 01:00,0.932
2020-12-18 02:00,0.914
2020-12-18 03:00,0.873
2020-12-18 04:00,0.817
2020-12-18 05:00,0.749
2020-12-18 06:00,0.758
2020-12-18 07:00,0.774
2020-12-18 08:00,0.802
2020-12-18 09:00,0.845
2020-12-18 10:00,0.860
2020-12-18 11:00,0.895
2020-12-18 12:00,0.906
2020-12-18 13:00,0.922
2020-12-18 14:00,0.937
2020-12-18 15:00,0.942
2020-12-18 16:00,0.944
2020-12-18 17:00,0.929
2020-12-18 18:00,0.931
2020-12-18 19:00,0.946
2020-12-18 20:00,0.949
2020-12-18 21:00,0.954
2020-12-18 22:00,0.961
2020-12-18 23:00,0.959
2020-12-19 00:00,0.950
2020-12-19 01:00,0.935
2020-12-19 02:00,0.898
2020-12-19 03:00,0.845
2020-12-19 04:00,0.764
2020-12-19 05:00,0.685
2020-12-19 06:00,0.671
2020-12-19 07:00,0.684
2020-12-19 08:00,0.705
2020-12-19 09:00,0.745
2020-12-19 10:00,0.781
2020-12-19 11:00,0.797
2020-12-19 12:00,0.826
2020-12-19 13:00,0.859
2020-12-19 14:00,0.878
2020-12-19 15:00,0.873
2020-12-19 16:00,0.843
2020-12-19 17:00,0.814
2020-12-19 18:00,0.778
2020-12-19 19:00,0.738
2020-12-19 20:00,0.663
2020-12-19 21:00,0.645
2020-12-19 22:00,0.637
2020-12-19 23:00,0.638
2020-12-20 00:00,0.640
2020-12-20 01:00,0.630
2020-12-20 02:00,0.625
2020-12-20 03:00,0.635
2020-12-20 04:00,0.625
2020-12-20 05:00,0.610
2020-12-20 06:00,0.590
2020-12-20 07:00,0.549
2020-12-20 08:00,0.524
2020-12-20 09:00,0.495
2020-12-20 10:00,0.480
2020-12-20 11:00,0.479
2020-12-20 12:00,0.485
2020-12-20 13:00,0.506
2020-12-20 14:00,0.526
2020-12-20 15:00,0.564
2020-12-20 16:00,0.564
2020-12-20 17:00,0.563
2020-12-20 18:00,0.562
2020-12-20 19:00,0.516
2020-12-20 20:00,0.470
2020-12-20 21:00,0.488
2020-12-20 22:00,0.442
2020-12-20 23:00,0.442
2020-12-21 00:00,0.390
2020-12-21 01:00,0.309
2020-12-21 02:00,0.239
2020-12-21 03:00,0.184
2020-12-21 04:00,0.182
2020-12-21 05:00,0.225
2020-12-21 06:00,0.311
2020-12-21 07:00,0.406
2020-12-21 08:00,0.465
2020-12-21 09:00,0.492
2020-12-21 10:00,0.490
2020-12-21 11:00,0.419
2020-12-21 12:00,0.299
2020-12-21 13:00,0.198
2020-12-21 14:00,0.254
2020-12-21 15:00,0.395
2020-12-21 16:00,0.486
2020-12-21 17:00,0.523
2020-12-21 18:00,0.519
2020-12-21 19:00,0.482
2020-12-21 20:00,0.403
2020-12-21 21:00,0.355
2020-12-21 22:00,0.334
2020-12-21 23:00,0.325
2020-12-22 00:00,0.343
2020-12-22 01:00,0.330
2020-12-22 02:00,0.284
2020-12-22 03:00,0.284
2020-12-22 04:00,0.255
2020-12-22 05:00,0.232
2020-12-22 06:00,0.258
2020-12-22 07:00,0.268
2020-12-22 08:00,0.238
2020-12-22 09:00,0.201
2020-12-22 10:00,0.164
2020-12-22 11:00,0.123
2020-12-22 12:00,0.091
2020-12-22 13:00,0.079
2020-12-22 14:00,0.062
2020-12-22 15:00,0.035
2020-12-22 16:00,0.016
2020-12-22 17:00,0.013
2020-12-22 18:00,0.018
2020-12-22 19:00,0.046
2020-12-22 20:00,0.102
2020-12-22 21:00,0.156
2020-12-22 22:00,0.204
2020-12-22 23:00,0.232
2020-12-23 00:00,0.257
2020-12-23 01:00,0.321
2020-12-23 02:00,0.351
2020-12-23 03:00,0.351
2020-12-23 04:00,0.353
2020-12-23 05:00,0.371
2020-12-23 06:00,0.403
2020-12-23 07:00,0.450
2020-12-23 08:00,0.526
2020-12-23 09:00,0.581
2020-12-23 10:00,0.630
2020-12-23 11:00,0.670
2020-12-23 12:00,0.685
2020-12-23 13:00,0.726
2020-12-23 14:00,0.791
2020-12-23 15:00,0.829
2020-12-23 16:00,0.843
2020-12-23 17:00,0.851
2020-12-23 18:00,0.845
2020-12-23 19:00,0.849
2020-12-23 20:00,0.859
2020-12-23 21:00,0.859
2020-12-23 22:00,0.856
2020-12-23 23:00,0.852
2020-12-24 00:00,0.842
2020-12-24 01:00,0.813
2020-12-24 02:00,0.759
2020-12-24 03:00,0.692
2020-12-24 04:00,0.643
2020-12-24 05:00,0.523
2020-12-24 06:00,0.394
2020-12-24 07:00,0.369
2020-12-24 08:00,0.378
2020-12-24 09:00,0.429
2020-12-24 10:00,0.431
2020-12-24 11:00,0.549
2020-12-24 12:00,0.625
2020-12-24 13:00,0.648
2020-12-24 14:00,0.676
2020-12-24 15:00,0.700
2020-12-24 16:00,0.693
2020-12-24 17:00,0.653
2020-12-24 18:00,0.644
2020-12-24 19:00,0.628
2020-12-24 20:00,0.558
2020-12-24 21:00,0.530
2020-12-24 22:00,0.506
2020-12-24 23:00,0.497
2020-12-25 00:00,0.473
2020-12-25 01:00,0.484
2020-12-25 02:00,0.460
2020-12-25 03:00,0.429
2020-12-25 04:00,0.406
2020-12-25 05:00,0.367
2020-12-25 06:00,0.349
2020-12-25 07:00,0.360
2020-12-25 08:00,0.336
2020-12-25 09:00,0.272
2020-12-25 10:00,0.218
2020-12-25 11:00,0.188
2020-12-25 12:00,0.195
2020-12-25 13:00,0.241
2020-12-25 14:00,0.310
2020-12-25 15:00,0.405
2020-12-25 16:00,0.474
2020-12-25 17:00,0.499
2020-12-25 18:00,0.511
2020-12-25 19:00,0.514
2020-12-25 20:00,0.533
2020-12-25 21:00,0.526
2020-12-25 22:00,0.552
2020-12-25 23:00,0.632
2020-12-26 00:00,0.661
2020-12-26 01:00,0.679
2020-12-26 02:00,0.729
2020-12-26 03:00,0.752
2020-12-26 04:00,0.750
2020-12-26 05:00,0.717
2020-12-26 06:00,0.675
2020-12-26 07:00,0.617
2020-12-26 08:00,0.597
2020-12-26 09:00,0.619
2020-12-26 10:00,0.664
2020-12-26 11:00,0.775
2020-12-26 12:00,0.864
2020-12-26 13:00,0.910
2020-12-26 14:00,0.932
2020-12-26 15:00,0.943
2020-12-26 16:00,0.953
2020-12-26 17:00,0.961
2020-12-26 18:00,0.969
2020-12-26 19:00,0.978
2020-12-26 20:00,0.983
2020-12-26 21:00,0.986
2020-12-26 22:00,0.989
2020-12-26 23:00,0.989
2020-12-27 00:00,0.987
2020-12-27 01:00,0.970
2020-12-27 02:00,0.916
2020-12-27 03:00,0.871
2020-12-27 04:00,0.784
2020-12-27 05:00,0.672
2020-12-27 06:00,0.673
2020-12-27 07:00,0.659
2020-12-27 08:00,0.640
2020-12-27 09:00,0.606
2020-12-27 10:00,0.616
2020-12-27 11:00,0.643
2020-12-27 12:00,0.674
2020-12-27 13:00,0.646
2020-12-27 14:00,0.604
2020-12-27 15:00,0.531
2020-12-27 16:00,0.477
2020-12-27 17:00,0.433
2020-12-27 18:00,0.379
2020-12-27 19:00,0.343
2020-12-27 20:00,0.325
2020-12-27 21:00,0.284
2020-12-27 22:00,0.257
2020-12-27 23:00,0.223
2020-12-28 00:00,0.190
2020-12-28 01:00,0.163
2020-12-28 02:00,0.158
2020-12-28 03:00,0.183
2020-12-28 04:00,0.205
2020-12-28 05:00,0.209
2020-12-28 06:00,0.205
2020-12-28 07:00,0.186
2020-12-28 08:00,0.172
2020-12-28 09:00,0.156
2020-12-28 10:00,0.142
2020-12-28 11:00,0.138
2020-12-28 12:00,0.136
2020-12-28 13:00,0.141
2020-12-28 14:00,0.145
2020-12-28 15:00,0.168
2020-12-28 16:00,0.179
2020-12-28 17:00,0.164
2020-12-28 18:00,0.154
2020-12-28 19:00,0.150
2020-12-28 20:00,0.160
2020-12-28 21:00,0.180
2020-12-28 22:00,0.202
2020-12-28 23:00,0.225
2020-12-29 00:00,0.252
2020-12-29 01:00,0.313
2020-12-29 02:00,0.357
2020-12-29 03:00,0.361
2020-12-29 04:00,0.392
2020-12-29 05:00,0.400
2020-12-29 06:00,0.387
2020-12-29 07:00,0.393
2020-12-29 08:00,0.411
2020-12-29 09:00,0.406
2020-12-29 10:00,0.369
2020-12-29 11:00,0.348
2020-12-29 12:00,0.303
2020-12-29 13:00,0.293
2020-12-29 14:00,0.314
2020-12-29 15:00,0.380
2020-12-29 16:00,0.403
2020-12-29 17:00,0.398
2020-12-29 18:00,0.367
2020-12-29 19:00,0.370
2020-12-29 20:00,0.369
2020-12-29 21:00,0.352
2020-12-29 22:00,0.311
2020-12-29 23:00,0.288
2020-12-30 00:00,0.279
2020-12-30 01:00,0.254
2020-12-30 02:00,0.276
2020-12-30 03:00,0.282
2020-12-30 04:00,0.292
2020-12-30 05:00,0.306
2020-12-30 06:00,0.307
2020-12-30 07:00,0.314
2020-12-30 08:00,0.317
2020-12-30 09:00,0.281
2020-12-30 10:00,0.199
2020-12-30 11:00,0.140
2020-12-30 12:00,0.114
2020-12-30 13:00,0.110
2020-12-30 14:00,0.134
2020-12-30 15:00,0.174
2020-12-30 16:00,0.191
2020-12-30 17:00,0.191
2020-12-30 18:00,0.192
2020-12-30 19:00,0.197
2020-12-30 20:00,0.212
2020-12-30 21:00,0.222
2020-12-30 22:00,0.242
2020-12-30 23:00,0.278
2020-12-31 00:00,0.320
2020-12-31 01:00,0.355
2020-12-31 02:00,0.367
2020-12-31 03:00,0.371
2020-12-31 04:00,0.359
2020-12-31 05:00,0.323
2020-12-31 06:00,0.270
2020-12-31 07:00,0.212
2020-12-31 08:00,0.157
2020-12-31 09:00,0.115
2020-12-31 10:00,0.068
2020-12-31 11:00,0.046
2020-12-31 12:00,0.039
2020-12-31 13:00,0.038
2020-12-31 14:00,0.049
2020-12-31 15:00,0.062
2020-12-31 16:00,0.080
2020-12-31 17:00,0.099
2020-12-31 18:00,0.114
2020-12-31 19:00,0.142
2020-12-31 20:00,0.182
2020-12-31 21:00,0.232
2020-12-31 22:00,0.285
2020-12-31 23:00,0.331
2021-01-01 00:00,0.336
2021-01-01 01:00,0.359
2021-01-01 02:00,0.383
2021-01-01 03:00,0.459
2021-01-01 04:00,0.491
2021-01-01 05:00,0.484
2021-01-01 06:00,0.489
2021-01-01 07:00,0.450
2021-01-01 08:00,0.460
2021-01-01 09:00,0.434
2021-01-01 10:00,0.388
2021-01-01 11:00,0.380
2021-01-01 12:00,0.378
2021-01-01 13:00,0.452
2021-01-01 14:00,0.483
2021-01-01 15:00,0.518
2021-01-01 16:00,0.527
2021-01-01 17:00,0.505
2021-01-01 18:00,0.434
2021-01-01 19:00,0.377
2021-01-01 20:00,0.320
2021-01-01 21:00,0.285
2021-01-01 22:00,0.257
2021-01-01 23:00,0.242
2021-01-02 00:00,0.231
2021-01-02 01:00,0.227
2021-01-02 02:00,0.235
2021-01-02 03:00,0.254
2021-01-02 04:00,0.266
2021-01-02 05:00,0.254
2021-01-02 06:00,0.232
2021-01-02 07:00,0.222
2021-01-02 08:00,0.202
2021-01-02 09:00,0.170
2021-01-02 10:00,0.139
2021-01-02 11:00,0.140
2021-01-02 12:00,0.156
2021-01-02 13:00,0.190
2021-01-02 14:00,0.243
2021-01-02 15:00,0.400
2021-01-02 16:00,0.463
2021-01-02 17:00,0.430
2021-01-02 18:00,0.426
2021-01-02 19:00,0.424
2021-01-02 20:00,0.431
2021-01-02 21:00,0.446
2021-01-02 22:00,0.460
2021-01-02 23:00,0.460
2021-01-03 00:00,0.463
2021-01-03 01:00,0.473
2021-01-03 02:00,0.452
2021-01-03 03:00,0.433
2021-01-03 04:00,0.433
2021-01-03 05:00,0.426
2021-01-03 06:00,0.439
2021-01-03 07:00,0.421
2021-01-03 08:00,0.417
2021-01-03 09:00,0.390
2021-01-03 10:00,0.340
2021-01-03 11:00,0.325
2021-01-03 12:00,0.400
2021-01-03 13:00,0.456
2021-01-03 14:00,0.494
2021-01-03 15:00,0.516
2021-01-03 16:00,0.573
2021-01-03 17:00,0.551
2021-01-03 18:00,0.591
2021-01-03 19:00,0.637
2021-01-03 20:00,0.598
2021-01-03 21:00,0.510
2021-01-03 22:00,0.503
2021-01-03 23:00,0.505
2021-01-04 00:00,0.514
2021-01-04 01:00,0.516
2021-01-04 02:00,0.529
2021-01-04 03:00,0.556
2021-01-04 04:00,0.566
2021-01-04 05:00,0.601
2021-01-04 06:00,0.628
2021-01-04 07:00,0.618
2021-01-04 08:00,0.605
2021-01-04 09:00,0.556
2021-01-04 10:00,0.514
2021-01-04 11:00,0.606
2021-01-04 12:00,0.669
2021-01-04 13:00,0.676
2021-01-04 14:00,0.668
2021-01-04 15:00,0.672
2021-01-04 16:00,0.670
2021-01-04 17:00,0.669
2021-01-04 18:00,0.672
2021-01-04 19:00,0.650
2021-01-04 20:00,0.703
2021-01-04 21:00,0.685
2021-01-04 22:00,0.645
2021-01-04 23:00,0.629
2021-01-05 00:00,0.640
2021-01-05 01:00,0.616
2021-01-05 02:00,0.606
2021-01-05 03:00,0.630
2021-01-05 04:00,0.628
2021-01-05 05:00,0.617
2021-01-05 06:00,0.572
2021-01-05 07:00,0.546
2021-01-05 08:00,0.513
2021-01-05 09:00,0.468
2021-01-05 10:00,0.374
2021-01-05 11:00,0.320
2021-01-05 12:00,0.348
2021-01-05 13:00,0.383
2021-01-05 14:00,0.414
2021-01-05 15:00,0.486
2021-01-05 16:00,0.536
2021-01-05 17:00,0.505
2021-01-05 18:00,0.470
2021-01-05 19:00,0.473
2021-01-05 20:00,0.444
2021-01-05 21:00,0.416
2021-01-05 22:00,0.403
2021-01-05 23:00,0.403
2021-01-06 00:00,0.406
2021-01-06 01:00,0.405
2021-01-06 02:00,0.416
2021-01-06 03:00,0.434
2021-01-06 04:00,0.439
2021-01-06 05:00,0.429
2021-01-06 06:00,0.405
2021-01-06 07:00,0.380
2021-01-06 08:00,0.336
2021-01-06 09:00,0.272
2021-01-06 10:00,0.189
2021-01-06 11:00,0.133
2021-01-06 12:00,0.111
2021-01-06 13:00,0.108
2021-01-06 14:00,0.135
2021-01-06 15:00,0.175
2021-01-06 16:00,0.193
2021-01-06 17:00,0.184
2021-01-06 18:00,0.161
2021-01-06 19:00,0.129
2021-01-06 20:00,0.099
2021-01-06 21:00,0.078
2021-01-06 22:00,0.079
2021-01-06 23:00,0.107
2021-01-07 00:00,0.152
2021-01-07 01:00,0.183
2021-01-07 02:00,0.188
2021-01-07 03:00,0.181
2021-01-07 04:00,0.166
2021-01-07 05:00,0.147
2021-01-07 06:00,0.137
2021-01-07 07:00,0.142
2021-01-07 08:00,0.147
2021-01-07 09:00,0.152
2021-01-07 10:00,0.145
2021-01-07 11:00,0.147
2021-01-07 12:00,0.158
2021-01-07 13:00,0.167
2021-01-07 14:00,0.199
2021-01-07 15:00,0.227
2021-01-07 16:00,0.238
2021-01-07 17:00,0.224
2021-01-07 18:00,0.194
2021-01-07 19:00,0.169
2021-01-07 20:00,0.161
2021-01-07 21:00,0.163
2021-01-07 22:00,0.178
2021-01-07 23:00,0.200
2021-01-08 00:00,0.225
2021-01-08 01:00,0.251
2021-01-08 02:00,0.282
2021-01-08 03:00,0.321
2021-01-08 04:00,0.355
2021-01-08 05:00,0.390
2021-01-08 06:00,0.423
2021-01-08 07:00,0.447
2021-01-08 08:00,0.460
2021-01-08 09:00,0.430
2021-01-08 10:00,0.380
2021-01-08 11:00,0.349
2021-01-08 12:00,0.329
2021-01-08 13:00,0.302
2021-01-08 14:00,0.297
2021-01-08 15:00,0.320
2021-01-08 16:00,0.338
2021-01-08 17:00,0.332
2021-01-08 18:00,0.320
2021-01-08 19:00,0.305
2021-01-08 20:00,0.294
2021-01-08 21:00,0.268
2021-01-08 22:00,0.247
2021-01-08 23:00,0.218
2021-01-09 00:00,0.176
2021-01-09 01:00,0.134
2021-01-09 02:00,0.095
2021-01-09 03:00,0.068
2021-01-09 04:00,0.047
2021-01-09 05:00,0.037
2021-01-09 06:00,0.044
2021-01-09 07:00,0.066
2021-01-09 08:00,0.084
2021-01-09 09:00,0.088
2021-01-09 10:00,0.091
2021-01-09 11:00,0.118
2021-01-09 12:00,0.166
2021-01-09 13:00,0.199
2021-01-09 14:00,0.268
2021-01-09 15:00,0.393
2021-01-09 16:00,0.480
2021-01-09 17:00,0.497
2021-01-09 18:00,0.542
2021-01-09 19:00,0.581
2021-01-09 20:00,0.585
2021-01-09 21:00,0.572
2021-01-09 22:00,0.556
2021-01-09 23:00,0.553
2021-01-10 00:00,0.580
2021-01-10 01:00,0.549
2021-01-10 02:00,0.571
2021-01-10 03:00,0.556
2021-01-10 04:00,0.525
2021-01-10 05:00,0.509
2021-01-10 06:00,0.506
2021-01-10 07:00,0.526
2021-01-10 08:00,0.513
2021-01-10 09:00,0.482
2021-01-10 10:00,0.433
2021-01-10 11:00,0.416
2021-01-10 12:00,0.392
2021-01-10 13:00,0.387
2021-01-10 14:00,0.387
2021-01-10 15:00,0.460
2021-01-10 16:00,0.527
2021-01-10 17:00,0.532
2021-01-10 18:00,0.525
2021-01-10 19:00,0.534
2021-01-10 20:00,0.562
2021-01-10 21:00,0.605
2021-01-10 22:00,0.643
2021-01-10 23:00,0.679
2021-01-11 00:00,0.737
2021-01-11 01:00,0.780
2021-01-11 02:00,0.803
2021-01-11 03:00,0.808
2021-01-11 04:00,0.815
2021-01-11 05:00,0.828
2021-01-11 06:00,0.840
2021-01-11 07:00,0.856
2021-01-11 08:00,0.874
2021-01-11 09:00,0.879
2021-01-11 10:00,0.897
2021-01-11 11:00,0.907
2021-01-11 12:00,0.913
2021-01-11 13:00,0.915
2021-01-11 14:00,0.913
2021-01-11 15:00,0.916
2021-01-11 16:00,0.914
2021-01-11 17:00,0.907
2021-01-11 18:00,0.905
2021-01-11 19:00,0.892
2021-01-11 20:00,0.864
2021-01-11 21:00,0.826
2021-01-11 22:00,0.764
2021-01-11 23:00,0.666
2021-01-12 00:00,0.524
2021-01-12 01:00,0.384
2021-01-12 02:00,0.309
2021-01-12 03:00,0.314
2021-01-12 04:00,0.343
2021-01-12 05:00,0.358
2021-01-12 06:00,0.371
2021-01-12 07:00,0.369
2021-01-12 08:00,0.357
2021-01-12 09:00,0.266
2021-01-12 10:00,0.162
2021-01-12 11:00,0.131
2021-01-12 12:00,0.177
2021-01-12 13:00,0.182
2021-01-12 14:00,0.178
2021-01-12 15:00,0.234
2021-01-12 16:00,0.259
2021-01-12 17:00,0.248
2021-01-12 18:00,0.218
2021-01-12 19:00,0.194
2021-01-12 20:00,0.186
2021-01-12 21:00,0.201
2021-01-12 22:00,0.243
2021-01-12 23:00,0.288
2021-01-13 00:00,0.305
2021-01-13 01:00,0.298
2021-01-13 02:00,0.285
2021-01-13 03:00,0.251
2021-01-13 04:00,0.196
2021-01-13 05:00,0.141
2021-01-13 06:00,0.085
2021-01-13 07:00,0.047
2021-01-13 08:00,0.040
2021-01-13 09:00,0.047
2021-01-13 10:00,0.043
2021-01-13 11:00,0.028
2021-01-13 12:00,0.018
2021-01-13 13:00,0.011
2021-01-13 14:00,0.010
2021-01-13 15:00,0.012
2021-01-13 16:00,0.019
2021-01-13 17:00,0.029
2021-01-13 18:00,0.059
2021-01-13 19:00,0.100
2021-01-13 20:00,0.142
2021-01-13 21:00,0.182
2021-01-13 22:00,0.214
2021-01-13 23:00,0.247
2021-01-14 00:00,0.278
2021-01-14 01:00,0.322
2021-01-14 02:00,0.390
2021-01-14 03:00,0.441
2021-01-14 04:00,0.479
2021-01-14 05:00,0.512
2021-01-14 06:00,0.550
2021-01-14 07:00,0.587
2021-01-14 08:00,0.594
2021-01-14 09:00,0.542
2021-01-14 10:00,0.467
2021-01-14 11:00,0.404
2021-01-14 12:00,0.357
2021-01-14 13:00,0.311
2021-01-14 14:00,0.261
2021-01-14 15:00,0.228
2021-01-14 16:00,0.209
2021-01-14 17:00,0.169
2021-01-14 18:00,0.139
2021-01-14 19:00,0.123
2021-01-14 20:00,0.111
2021-01-14 21:00,0.099
2021-01-14 22:00,0.088
2021-01-14 23:00,0.071
2021-01-15 00:00,0.048
2021-01-15 01:00,0.027
2021-01-15 02:00,0.016
2021-01-15 03:00,0.019
2021-01-15 04:00,0.027
2021-01-15 05:00,0.024
2021-01-15 06:00,0.014
2021-01-15 07:00,0.007
2021-01-15 08:00,0.008
2021-01-15 09:00,0.016
2021-01-15 10:00,0.023
2021-01-15 11:00,0.034
2021-01-15 12:00,0.065
2021-01-15 13:00,0.100
2021-01-15 14:00,0.123
2021-01-15 15:00,0.166
2021-01-15 16:00,0.238
2021-01-15 17:00,0.315
2021-01-15 18:00,0.370
2021-01-15 19:00,0.388
2021-01-15 20:00,0.406
2021-01-15 21:00,0.429
2021-01-15 22:00,0.463
2021-01-15 23:00,0.487
2021-01-16 00:00,0.554
2021-01-16 01:00,0.628
2021-01-16 02:00,0.696
2021-01-16 03:00,0.788
2021-01-16 04:00,0.882
2021-01-16 05:00,0.916
2021-01-16 06:00,0.905
2021-01-16 07:00,0.872
2021-01-16 08:00,0.830
2021-01-16 09:00,0.736
2021-01-16 10:00,0.706
2021-01-16 11:00,0.732
2021-01-16 12:00,0.765
2021-01-16 13:00,0.804
2021-01-16 14:00,0.818
2021-01-16 15:00,0.814
2021-01-16 16:00,0.820
2021-01-16 17:00,0.811
2021-01-16 18:00,0.804
2021-01-16 19:00,0.792
2021-01-16 20:00,0.779
2021-01-16 21:00,0.756
2021-01-16 22:00,0.748
2021-01-16 23:00,0.760
2021-01-17 00:00,0.726
2021-01-17 01:00,0.737
2021-01-17 02:00,0.728
2021-01-17 03:00,0.665
2021-01-17 04:00,0.663
2021-01-17 05:00,0.667
2021-01-17 06:00,0.671
2021-01-17 07:00,0.654
2021-01-17 08:00,0.616
2021-01-17 09:00,0.561
2021-01-17 10:00,0.486
2021-01-17 11:00,0.473
2021-01-17 12:00,0.473
2021-01-17 13:00,0.493
2021-01-17 14:00,0.520
2021-01-17 15:00,0.557
2021-01-17 16:00,0.561
2021-01-17 17:00,0.574
2021-01-17 18:00,0.584
2021-01-17 19:00,0.622
2021-01-17 20:00,0.626
2021-01-17 21:00,0.625
2021-01-17 22:00,0.665
2021-01-17 23:00,0.685
2021-01-18 00:00,0.701
2021-01-18 01:00,0.694
2021-01-18 02:00,0.684
2021-01-18 03:00,0.700
2021-01-18 04:00,0.730
2021-01-18 05:00,0.708
2021-01-18 06:00,0.709
2021-01-18 07:00,0.711
2021-01-18 08:00,0.690
2021-01-18 09:00,0.664
2021-01-18 10:00,0.648
2021-01-18 11:00,0.628
2021-01-18 12:00,0.600
2021-01-18 13:00,0.583
2021-01-18 14:00,0.563
2021-01-18 15:00,0.526
2021-01-18 16:00,0.456
2021-01-18 17:00,0.416
2021-01-18 18:00,0.433
2021-01-18 19:00,0.434
2021-01-18 20:00,0.558
2021-01-18 21:00,0.718
2021-01-18 22:00,0.704
2021-01-18 23:00,0.642
2021-01-19 00:00,0.574
2021-01-19 01:00,0.506
2021-01-19 02:00,0.451
2021-01-19 03:00,0.409
2021-01-19 04:00,0.403
2021-01-19 05:00,0.387
2021-01-19 06:00,0.390
2021-01-19 07:00,0.409
2021-01-19 08:00,0.449
2021-01-19 09:00,0.548
2021-01-19 10:00,0.651
2021-01-19 11:00,0.716
2021-01-19 12:00,0.754
2021-01-19 13:00,0.820
2021-01-19 14:00,0.840
2021-01-19 15:00,0.862
2021-01-19 16:00,0.894
2021-01-19 17:00,0.894
2021-01-19 18:00,0.887
2021-01-19 19:00,0.887
2021-01-19 20:00,0.903
2021-01-19 21:00,0.919
2021-01-19 22:00,0.919
2021-01-19 23:00,0.879
2021-01-20 00:00,0.840
2021-01-20 01:00,0.835
2021-01-20 02:00,0.821
2021-01-20 03:00,0.815
2021-01-20 04:00,0.812
2021-01-20 05:00,0.806
2021-01-20 06:00,0.819
2021-01-20 07:00,0.824
2021-01-20 08:00,0.831
2021-01-20 09:00,0.838
2021-01-20 10:00,0.810
2021-01-20 11:00,0.827
2021-01-20 12:00,0.854
2021-01-20 13:00,0.885
2021-01-20 14:00,0.912
2021-01-20 15:00,0.924
2021-01-20 16:00,0.919
2021-01-20 17:00,0.892
2021-01-20 18:00,0.838
2021-01-20 19:00,0.785
2021-01-20 20:00,0.705
2021-01-20 21:00,0.497
2021-01-20 22:00,0.436
2021-01-20 23:00,0.632
2021-01-21 00:00,0.765
2021-01-21 01:00,0.804
2021-01-21 02:00,0.840
2021-01-21 03:00,0.887
2021-01-21 04:00,0.916
2021-01-21 05:00,0.928
2021-01-21 06:00,0.942
2021-01-21 07:00,0.943
2021-01-21 08:00,0.948
2021-01-21 09:00,0.954
2021-01-21 10:00,0.958
2021-01-21 11:00,0.956
2021-01-21 12:00,0.941
2021-01-21 13:00,0.909
2021-01-21 14:00,0.863
2021-01-21 15:00,0.820
2021-01-21 16:00,0.772
2021-01-21 17:00,0.700
2021-01-21 18:00,0.689
2021-01-21 19:00,0.692
2021-01-21 20:00,0.707
2021-01-21 21:00,0.740
2021-01-21 22:00,0.767
2021-01-21 23:00,0.781
2021-01-22 00:00,0.791
2021-01-22 01:00,0.789
2021-01-22 02:00,0.783
2021-01-22 03:00,0.791
2021-01-22 04:00,0.783
2021-01-22 05:00,0.743
2021-01-22 06:00,0.732
2021-01-22 07:00,0.719
2021-01-22 08:00,0.692
2021-01-22 09:00,0.601
2021-01-22 10:00,0.466
2021-01-22 11:00,0.539
2021-01-22 12:00,0.597
2021-01-22 13:00,0.544
2021-01-22 14:00,0.455
2021-01-22 15:00,0.439
2021-01-22 16:00,0.469
2021-01-22 17:00,0.464
2021-01-22 18:00,0.426
2021-01-22 19:00,0.388
2021-01-22 20:00,0.354
2021-01-22 21:00,0.337
2021-01-22 22:00,0.333
2021-01-22 23:00,0.321
2021-01-23 00:00,0.302
2021-01-23 01:00,0.281
2021-01-23 02:00,0.267
2021-01-23 03:00,0.247
2021-01-23 04:00,0.235
2021-01-23 05:00,0.241
2021-01-23 06:00,0.257
2021-01-23 07:00,0.264
2021-01-23 08:00,0.267
2021-01-23 09:00,0.227
2021-01-23 10:00,0.185
2021-01-23 11:00,0.187
2021-01-23 12:00,0.215
2021-01-23 13:00,0.227
2021-01-23 14:00,0.246
2021-01-23 15:00,0.291
2021-01-23 16:00,0.374
2021-01-23 17:00,0.440
2021-01-23 18:00,0.464
2021-01-23 19:00,0.469
2021-01-23 20:00,0.438
2021-01-23 21:00,0.390
2021-01-23 22:00,0.339
2021-01-23 23:00,0.290
2021-01-24 00:00,0.238
2021-01-24 01:00,0.194
2021-01-24 02:00,0.150
2021-01-24 03:00,0.098
2021-01-24 04:00,0.056
2021-01-24 05:00,0.039
2021-01-24 06:00,0.044
2021-01-24 07:00,0.056
2021-01-24 08:00,0.064
2021-01-24 09:00,0.059
2021-01-24 10:00,0.052
2021-01-24 11:00,0.066
2021-01-24 12:00,0.084
2021-01-24 13:00,0.107
2021-01-24 14:00,0.146
2021-01-24 15:00,0.183
2021-01-24 16:00,0.205
2021-01-24 17:00,0.211
2021-01-24 18:00,0.224
2021-01-24 19:00,0.255
2021-01-24 20:00,0.283
2021-01-24 21:00,0.306
2021-01-24 22:00,0.342
2021-01-24 23:00,0.395
2021-01-25 00:00,0.476
2021-01-25 01:00,0.526
2021-01-25 02:00,0.544
2021-01-25 03:00,0.549
2021-01-25 04:00,0.552
2021-01-25 05:00,0.582
2021-01-25 06:00,0.615
2021-01-25 07:00,0.626
2021-01-25 08:00,0.651
2021-01-25 09:00,0.645
2021-01-25 10:00,0.609
2021-01-25 11:00,0.683
2021-01-25 12:00,0.744
2021-01-25 13:00,0.762
2021-01-25 14:00,0.759
2021-01-25 15:00,0.769
2021-01-25 16:00,0.725
2021-01-25 17:00,0.670
2021-01-25 18:00,0.643
2021-01-25 19:00,0.622
2021-01-25 20:00,0.609
2021-01-25 21:00,0.587
2021-01-25 22:00,0.557
2021-01-25 23:00,0.516
2021-01-26 00:00,0.466
2021-01-26 01:00,0.423
2021-01-26 02:00,0.410
2021-01-26 03:00,0.395
2021-01-26 04:00,0.361
2021-01-26 05:00,0.345
2021-01-26 06:00,0.321
2021-01-26 07:00,0.291
2021-01-26 08:00,0.313
2021-01-26 09:00,0.283
2021-01-26 10:00,0.216
2021-01-26 11:00,0.218
2021-01-26 12:00,0.285
2021-01-26 13:00,0.360
2021-01-26 14:00,0.450
2021-01-26 15:00,0.542
2021-01-26 16:00,0.633
2021-01-26 17:00,0.620
2021-01-26 18:00,0.559
2021-01-26 19:00,0.436
2021-01-26 20:00,0.394
2021-01-26 21:00,0.429
2021-01-26 22:00,0.506
2021-01-26 23:00,0.583
2021-01-27 00:00,0.609
2021-01-27 01:00,0.637
2021-01-27 02:00,0.591
2021-01-27 03:00,0.559
2021-01-27 04:00,0.536
2021-01-27 05:00,0.533
2021-01-27 06:00,0.514
2021-01-27 07:00,0.450
2021-01-27 08:00,0.431
2021-01-27 09:00,0.444
2021-01-27 10:00,0.404
2021-01-27 11:00,0.362
2021-01-27 12:00,0.323
2021-01-27 13:00,0.261
2021-01-27 14:00,0.214
2021-01-27 15:00,0.161
2021-01-27 16:00,0.099
2021-01-27 17:00,0.052
2021-01-27 18:00,0.035
2021-01-27 19:00,0.069
2021-01-27 20:00,0.145
2021-01-27 21:00,0.254
2021-01-27 22:00,0.330
2021-01-27 23:00,0.403
2021-01-28 00:00,0.506
2021-01-28 01:00,0.515
2021-01-28 02:00,0.509
2021-01-28 03:00,0.519
2021-01-28 04:00,0.480
2021-01-28 05:00,0.365
2021-01-28 06:00,0.243
2021-01-28 07:00,0.154
2021-01-28 08:00,0.065
2021-01-28 09:00,0.065
2021-01-28 10:00,0.085
2021-01-28 11:00,0.102
2021-01-28 12:00,0.159
2021-01-28 13:00,0.265
2021-01-28 14:00,0.257
2021-01-28 15:00,0.297
2021-01-28 16:00,0.366
2021-01-28 17:00,0.405
2021-01-28 18:00,0.356
2021-01-28 19:00,0.314
2021-01-28 20:00,0.348
2021-01-28 21:00,0.432
2021-01-28 22:00,0.513
2021-01-28 23:00,0.550
2021-01-29 00:00,0.651
2021-01-29 01:00,0.784
2021-01-29 02:00,0.869
2021-01-29 03:00,0.866
2021-01-29 04:00,0.803
2021-01-29 05:00,0.729
2021-01-29 06:00,0.652
2021-01-29 07:00,0.624
2021-01-29 08:00,0.644
2021-01-29 09:00,0.637
2021-01-29 10:00,0.574
2021-01-29 11:00,0.549
2021-01-29 12:00,0.532
2021-01-29 13:00,0.534
2021-01-29 14:00,0.476
2021-01-29 15:00,0.370
2021-01-29 16:00,0.321
2021-01-29 17:00,0.300
2021-01-29 18:00,0.305
2021-01-29 19:00,0.333
2021-01-29 20:00,0.354
2021-01-29 21:00,0.390
2021-01-29 22:00,0.450
2021-01-29 23:00,0.477
2021-01-30 00:00,0.501
2021-01-30 01:00,0.558
2021-01-30 02:00,0.615
2021-01-30 03:00,0.686
2021-01-30 04:00,0.742
2021-01-30 05:00,0.800
2021-01-30 06:00,0.801
2021-01-30 07:00,0.831
2021-01-30 08:00,0.845
2021-01-30 09:00,0.847
2021-01-30 10:00,0.848
2021-01-30 11:00,0.850
2021-01-30 12:00,0.850
2021-01-30 13:00,0.847
2021-01-30 14:00,0.838
2021-01-30 15:00,0.814
2021-01-30 16:00,0.783
2021-01-30 17:00,0.705
2021-01-30 18:00,0.678
2021-01-30 19:00,0.639
2021-01-30 20:00,0.572
2021-01-30 21:00,0.520
2021-01-30 22:00,0.467
2021-01-30 23:00,0.420
2021-01-31 00:00,0.383
2021-01-31 01:00,0.372
2021-01-31 02:00,0.366
2021-01-31 03:00,0.321
2021-01-31 04:00,0.286
2021-01-31 05:00,0.309
2021-01-31 06:00,0.393
2021-01-31 07:00,0.469
2021-01-31 08:00,0.442
2021-01-31 09:00,0.307
2021-01-31 10:00,0.321
2021-01-31 11:00,0.410
2021-01-31 12:00,0.417
2021-01-31 13:00,0.429
2021-01-31 14:00,0.470
2021-01-31 15:00,0.480
2021-01-31 16:00,0.460
2021-01-31 17:00,0.447
2021-01-31 18:00,0.440
2021-01-31 19:00,0.449
2021-01-31 20:00,0.453
2021-01-31 21:00,0.476
2021-01-31 22:00,0.479
2021-01-31 23:00,0.467
2021-02-01 00:00,0.423
2021-02-01 01:00,0.412
2021-02-01 02:00,0.389
2021-02-01 03:00,0.373
2021-02-01 04:00,0.366
2021-02-01 05:00,0.350
2021-02-01 06:00,0.322
2021-02-01 07:00,0.285
2021-02-01 08:00,0.232
2021-02-01 09:00,0.148
2021-02-01 10:00,0.106
2021-02-01 11:00,0.126
2021-02-01 12:00,0.112
2021-02-01 13:00,0.083
2021-02-01 14:00,0.060
2021-02-01 15:00,0.077
2021-02-01 16:00,0.142
2021-02-01 17:00,0.185
2021-02-01 18:00,0.281
2021-02-01 19:00,0.417
2021-02-01 20:00,0.442
2021-02-01 21:00,0.400
2021-02-01 22:00,0.414
2021-02-01 23:00,0.483
2021-02-02 00:00,0.476
2021-02-02 01:00,0.510
2021-02-02 02:00,0.569
2021-02-02 03:00,0.634
2021-02-02 04:00,0.687
2021-02-02 05:00,0.682
2021-02-02 06:00,0.655
2021-02-02 07:00,0.602
2021-02-02 08:00,0.613
2021-02-02 09:00,0.471
2021-02-02 10:00,0.355
2021-02-02 11:00,0.297
2021-02-02 12:00,0.248
2021-02-02 13:00,0.235
2021-02-02 14:00,0.258
2021-02-02 15:00,0.335
2021-02-02 16:00,0.436
2021-02-02 17:00,0.516
2021-02-02 18:00,0.563
2021-02-02 19:00,0.556
2021-02-02 20:00,0.521
2021-02-02 21:00,0.442
2021-02-02 22:00,0.395
2021-02-02 23:00,0.367
2021-02-03 00:00,0.357
2021-02-03 01:00,0.378
2021-02-03 02:00,0.389
2021-02-03 03:00,0.424
2021-02-03 04:00,0.433
2021-02-03 05:00,0.381
2021-02-03 06:00,0.309
2021-02-03 07:00,0.234
2021-02-03 08:00,0.169
2021-02-03 09:00,0.122
2021-02-03 10:00,0.093
2021-02-03 11:00,0.097
2021-02-03 12:00,0.127
2021-02-03 13:00,0.145
2021-02-03 14:00,0.151
2021-02-03 15:00,0.172
2021-02-03 16:00,0.186
2021-02-03 17:00,0.157
2021-02-03 18:00,0.114
2021-02-03 19:00,0.077
2021-02-03 20:00,0.047
2021-02-03 21:00,0.040
2021-02-03 22:00,0.046
2021-02-03 23:00,0.062
2021-02-04 00:00,0.090
2021-02-04 01:00,0.122
2021-02-04 02:00,0.152
2021-02-04 03:00,0.177
2021-02-04 04:00,0.197
2021-02-04 05:00,0.215
2021-02-04 06:00,0.238
2021-02-04 07:00,0.257
2021-02-04 08:00,0.248
2021-02-04 09:00,0.209
2021-02-04 10:00,0.191
2021-02-04 11:00,0.195
2021-02-04 12:00,0.216
2021-02-04 13:00,0.257
2021-02-04 14:00,0.310
2021-02-04 15:00,0.410
2021-02-04 16:00,0.503
2021-02-04 17:00,0.525
2021-02-04 18:00,0.505
2021-02-04 19:00,0.499
2021-02-04 20:00,0.432
2021-02-04 21:00,0.363
2021-02-04 22:00,0.309
2021-02-04 23:00,0.292
2021-02-05 00:00,0.261
2021-02-05 01:00,0.224
2021-02-05 02:00,0.186
2021-02-05 03:00,0.153
2021-02-05 04:00,0.133
2021-02-05 05:00,0.124
2021-02-05 06:00,0.119
2021-02-05 07:00,0.122
2021-02-05 08:00,0.116
2021-02-05 09:00,0.080
2021-02-05 10:00,0.059
2021-02-05 11:00,0.063
2021-02-05 12:00,0.088
2021-02-05 13:00,0.124
2021-02-05 14:00,0.142
2021-02-05 15:00,0.156
2021-02-05 16:00,0.224
2021-02-05 17:00,0.321
2021-02-05 18:00,0.374
2021-02-05 19:00,0.370
2021-02-05 20:00,0.374
2021-02-05 21:00,0.365
2021-02-05 22:00,0.356
2021-02-05 23:00,0.352
2021-02-06 00:00,0.339
2021-02-06 01:00,0.357
2021-02-06 02:00,0.426
2021-02-06 03:00,0.447
2021-02-06 04:00,0.469
2021-02-06 05:00,0.488
2021-02-06 06:00,0.540
2021-02-06 07:00,0.594
2021-02-06 08:00,0.591
2021-02-06 09:00,0.553
2021-02-06 10:00,0.499
2021-02-06 11:00,0.475
2021-02-06 12:00,0.496
2021-02-06 13:00,0.539
2021-02-06 14:00,0.546
2021-02-06 15:00,0.526
2021-02-06 16:00,0.549
2021-02-06 17:00,0.584
2021-02-06 18:00,0.618
2021-02-06 19:00,0.652
2021-02-06 20:00,0.714
2021-02-06 21:00,0.739
2021-02-06 22:00,0.750
2021-02-06 23:00,0.780
2021-02-07 00:00,0.814
2021-02-07 01:00,0.824
2021-02-07 02:00,0.822
2021-02-07 03:00,0.817
2021-02-07 04:00,0.826
2021-02-07 05:00,0.805
2021-02-07 06:00,0.787
2021-02-07 07:00,0.797
2021-02-07 08:00,0.793
2021-02-07 09:00,0.815
2021-02-07 10:00,0.905
2021-02-07 11:00,0.928
2021-02-07 12:00,0.926
2021-02-07 13:00,0.915
2021-02-07 14:00,0.903
2021-02-07 15:00,0.894
2021-02-07 16:00,0.883
2021-02-07 17:00,0.888
2021-02-07 18:00,0.885
2021-02-07 19:00,0.874
2021-02-07 20:00,0.868
2021-02-07 21:00,0.870
2021-02-07 22:00,0.872
2021-02-07 23:00,0.864
2021-02-08 00:00,0.855
2021-02-08 01:00,0.845
2021-02-08 02:00,0.831
2021-02-08 03:00,0.797
2021-02-08 04:00,0.782
2021-02-08 05:00,0.791
2021-02-08 06:00,0.797
2021-02-08 07:00,0.806
2021-02-08 08:00,0.799
2021-02-08 09:00,0.811
2021-02-08 10:00,0.869
2021-02-08 11:00,0.876
2021-02-08 12:00,0.863
2021-02-08 13:00,0.836
2021-02-08 14:00,0.790
2021-02-08 15:00,0.748
2021-02-08 16:00,0.756
2021-02-08 17:00,0.752
2021-02-08 18:00,0.743
2021-02-08 19:00,0.740
2021-02-08 20:00,0.702
2021-02-08 21:00,0.591
2021-02-08 22:00,0.520
2021-02-08 23:00,0.501
2021-02-09 00:00,0.479
2021-02-09 01:00,0.459
2021-02-09 02:00,0.502
2021-02-09 03:00,0.519
2021-02-09 04:00,0.503
2021-02-09 05:00,0.493
2021-02-09 06:00,0.512
2021-02-09 07:00,0.499
2021-02-09 08:00,0.440
2021-02-09 09:00,0.520
2021-02-09 10:00,0.647
2021-02-09 11:00,0.645
2021-02-09 12:00,0.600
2021-02-09 13:00,0.563
2021-02-09 14:00,0.529
2021-02-09 15:00,0.497
2021-02-09 16:00,0.549
2021-02-09 17:00,0.567
2021-02-09 18:00,0.542
2021-02-09 19:00,0.556
2021-02-09 20:00,0.597
2021-02-09 21:00,0.581
2021-02-09 22:00,0.581
2021-02-09 23:00,0.546
2021-02-10 00:00,0.529
2021-02-10 01:00,0.511
2021-02-10 02:00,0.452
2021-02-10 03:00,0.435
2021-02-10 04:00,0.429
2021-02-10 05:00,0.411
2021-02-10 06:00,0.396
2021-02-10 07:00,0.368
2021-02-10 08:00,0.287
2021-02-10 09:00,0.215
2021-02-10 10:00,0.297
2021-02-10 11:00,0.325
2021-02-10 12:00,0.338
2021-02-10 13:00,0.345
2021-02-10 14:00,0.318
2021-02-10 15:00,0.284
2021-02-10 16:00,0.321
2021-02-10 17:00,0.365
2021-02-10 18:00,0.383
2021-02-10 19:00,0.385
2021-02-10 20:00,0.412
2021-02-10 21:00,0.429
2021-02-10 22:00,0.417
2021-02-10 23:00,0.422
2021-02-11 00:00,0.425
2021-02-11 01:00,0.417
2021-02-11 02:00,0.411
2021-02-11 03:00,0.406
2021-02-11 04:00,0.403
2021-02-11 05:00,0.404
2021-02-11 06:00,0.418
2021-02-11 07:00,0.403
2021-02-11 08:00,0.335
2021-02-11 09:00,0.281
2021-02-11 10:00,0.383
2021-02-11 11:00,0.452
2021-02-11 12:00,0.476
2021-02-11 13:00,0.495
2021-02-11 14:00,0.499
2021-02-11 15:00,0.470
2021-02-11 16:00,0.470
2021-02-11 17:00,0.467
2021-02-11 18:00,0.464
2021-02-11 19:00,0.459
2021-02-11 20:00,0.449
2021-02-11 21:00,0.438
2021-02-11 22:00,0.432
2021-02-11 23:00,0.439
2021-02-12 00:00,0.480
2021-02-12 01:00,0.488
2021-02-12 02:00,0.473
2021-02-12 03:00,0.453
2021-02-12 04:00,0.470
2021-02-12 05:00,0.492
2021-02-12 06:00,0.502
2021-02-12 07:00,0.506
2021-02-12 08:00,0.439
2021-02-12 09:00,0.416
2021-02-12 10:00,0.654
2021-02-12 11:00,0.703
2021-02-12 12:00,0.730
2021-02-12 13:00,0.742
2021-02-12 14:00,0.748
2021-02-12 15:00,0.727
2021-02-12 16:00,0.716
2021-02-12 17:00,0.731
2021-02-12 18:00,0.752
2021-02-12 19:00,0.767
2021-02-12 20:00,0.768
2021-02-12 21:00,0.776
2021-02-12 22:00,0.799
2021-02-12 23:00,0.804
2021-02-13 00:00,0.777
2021-02-13 01:00,0.766
2021-02-13 02:00,0.771
2021-02-13 03:00,0.793
2021-02-13 04:00,0.807
2021-02-13 05:00,0.837
2021-02-13 06:00,0.860
2021-02-13 07:00,0.879
2021-02-13 08:00,0.897
2021-02-13 09:00,0.920
2021-02-13 10:00,0.917
2021-02-13 11:00,0.909
2021-02-13 12:00,0.901
2021-02-13 13:00,0.880
2021-02-13 14:00,0.863
2021-02-13 15:00,0.863
2021-02-13 16:00,0.863
2021-02-13 17:00,0.867
2021-02-13 18:00,0.846
2021-02-13 19:00,0.829
2021-02-13 20:00,0.838
2021-02-13 21:00,0.828
2021-02-13 22:00,0.833
2021-02-13 23:00,0.832
2021-02-14 00:00,0.830
2021-02-14 01:00,0.834
2021-02-14 02:00,0.828
2021-02-14 03:00,0.825
2021-02-14 04:00,0.838
2021-02-14 05:00,0.869
2021-02-14 06:00,0.893
2021-02-14 07:00,0.914
2021-02-14 08:00,0.929
2021-02-14 09:00,0.940
2021-02-14 10:00,0.948
2021-02-14 11:00,0.950
2021-02-14 12:00,0.954
2021-02-14 13:00,0.950
2021-02-14 14:00,0.945
2021-02-14 15:00,0.946
2021-02-14 16:00,0.946
2021-02-14 17:00,0.945
2021-02-14 18:00,0.939
2021-02-14 19:00,0.919
2021-02-14 20:00,0.879
2021-02-14 21:00,0.841
2021-02-14 22:00,0.780
2021-02-14 23:00,0.653
2021-02-15 00:00,0.630
2021-02-15 01:00,0.533
2021-02-15 02:00,0.523
2021-02-15 03:00,0.459
2021-02-15 04:00,0.404
2021-02-15 05:00,0.390
2021-02-15 06:00,0.381
2021-02-15 07:00,0.385
2021-02-15 08:00,0.374
2021-02-15 09:00,0.344
2021-02-15 10:00,0.330
2021-02-15 11:00,0.318
2021-02-15 12:00,0.338
2021-02-15 13:00,0.370
2021-02-15 14:00,0.414
2021-02-15 15:00,0.523
2021-02-15 16:00,0.633
2021-02-15 17:00,0.616
2021-02-15 18:00,0.539
2021-02-15 19:00,0.562
2021-02-15 20:00,0.562
2021-02-15 21:00,0.509
2021-02-15 22:00,0.505
2021-02-15 23:00,0.542
2021-02-16 00:00,0.633
2021-02-16 01:00,0.748
2021-02-16 02:00,0.816
2021-02-16 03:00,0.846
2021-02-16 04:00,0.863
2021-02-16 05:00,0.862
2021-02-16 06:00,0.837
2021-02-16 07:00,0.765
2021-02-16 08:00,0.678
2021-02-16 09:00,0.630
2021-02-16 10:00,0.604
2021-02-16 11:00,0.594
2021-02-16 12:00,0.542
2021-02-16 13:00,0.508
2021-02-16 14:00,0.499
2021-02-16 15:00,0.513
2021-02-16 16:00,0.559
2021-02-16 17:00,0.582
2021-02-16 18:00,0.555
2021-02-16 19:00,0.530
2021-02-16 20:00,0.528
2021-02-16 21:00,0.541
2021-02-16 22:00,0.493
2021-02-16 23:00,0.469
2021-02-17 00:00,0.497
2021-02-17 01:00,0.513
2021-02-17 02:00,0.516
2021-02-17 03:00,0.549
2021-02-17 04:00,0.641
2021-02-17 05:00,0.700
2021-02-17 06:00,0.792
2021-02-17 07:00,0.765
2021-02-17 08:00,0.638
2021-02-17 09:00,0.587
2021-02-17 10:00,0.604
2021-02-17 11:00,0.681
2021-02-17 12:00,0.684
2021-02-17 13:00,0.642
2021-02-17 14:00,0.609
2021-02-17 15:00,0.591
2021-02-17 16:00,0.583
2021-02-17 17:00,0.604
2021-02-17 18:00,0.625
2021-02-17 19:00,0.640
2021-02-17 20:00,0.711
2021-02-17 21:00,0.817
2021-02-17 22:00,0.902
2021-02-17 23:00,0.949
2021-02-18 00:00,0.943
2021-02-18 01:00,0.930
2021-02-18 02:00,0.921
2021-02-18 03:00,0.913
2021-02-18 04:00,0.901
2021-02-18 05:00,0.887
2021-02-18 06:00,0.909
2021-02-18 07:00,0.911
2021-02-18 08:00,0.905
2021-02-18 09:00,0.870
2021-02-18 10:00,0.797
2021-02-18 11:00,0.742
2021-02-18 12:00,0.739
2021-02-18 13:00,0.730
2021-02-18 14:00,0.809
2021-02-18 15:00,0.867
2021-02-18 16:00,0.874
2021-02-18 17:00,0.869
2021-02-18 18:00,0.865
2021-02-18 19:00,0.843
2021-02-18 20:00,0.831
2021-02-18 21:00,0.797
2021-02-18 22:00,0.755
2021-02-18 23:00,0.685
2021-02-19 00:00,0.575
2021-02-19 01:00,0.497
2021-02-19 02:00,0.533
2021-02-19 03:00,0.551
2021-02-19 04:00,0.585
2021-02-19 05:00,0.672
2021-02-19 06:00,0.792
2021-02-19 07:00,0.859
2021-02-19 08:00,0.897
2021-02-19 09:00,0.919
2021-02-19 10:00,0.919
2021-02-19 11:00,0.944
2021-02-19 12:00,0.952
2021-02-19 13:00,0.949
2021-02-19 14:00,0.944
2021-02-19 15:00,0.950
2021-02-19 16:00,0.957
2021-02-19 17:00,0.959
2021-02-19 18:00,0.970
2021-02-19 19:00,0.976
2021-02-19 20:00,0.971
2021-02-19 21:00,0.959
2021-02-19 22:00,0.933
2021-02-19 23:00,0.894
2021-02-20 00:00,0.862
2021-02-20 01:00,0.840
2021-02-20 02:00,0.826
2021-02-20 03:00,0.831
2021-02-20 04:00,0.855
2021-02-20 05:00,0.876
2021-02-20 06:00,0.889
2021-02-20 07:00,0.874
2021-02-20 08:00,0.805
2021-02-20 09:00,0.772
2021-02-20 10:00,0.814
2021-02-20 11:00,0.848
2021-02-20 12:00,0.896
2021-02-20 13:00,0.935
2021-02-20 14:00,0.959
2021-02-20 15:00,0.967
2021-02-20 16:00,0.968
2021-02-20 17:00,0.968
2021-02-20 18:00,0.968
2021-02-20 19:00,0.968
2021-02-20 20:00,0.963
2021-02-20 21:00,0.950
2021-02-20 22:00,0.911
2021-02-20 23:00,0.831
2021-02-21 00:00,0.726
2021-02-21 01:00,0.575
2021-02-21 02:00,0.517
2021-02-21 03:00,0.483
2021-02-21 04:00,0.456
2021-02-21 05:00,0.436
2021-02-21 06:00,0.373
2021-02-21 07:00,0.321
2021-02-21 08:00,0.290
2021-02-21 09:00,0.214
2021-02-21 10:00,0.227
2021-02-21 11:00,0.232
2021-02-21 12:00,0.218
2021-02-21 13:00,0.205
2021-02-21 14:00,0.181
2021-02-21 15:00,0.170
2021-02-21 16:00,0.208
2021-02-21 17:00,0.279
2021-02-21 18:00,0.333
2021-02-21 19:00,0.327
2021-02-21 20:00,0.281
2021-02-21 21:00,0.215
2021-02-21 22:00,0.140
2021-02-21 23:00,0.074
2021-02-22 00:00,0.039
2021-02-22 01:00,0.025
2021-02-22 02:00,0.020
2021-02-22 03:00,0.021
2021-02-22 04:00,0.029
2021-02-22 05:00,0.051
2021-02-22 06:00,0.106
2021-02-22 07:00,0.193
2021-02-22 08:00,0.239
2021-02-22 09:00,0.214
2021-02-22 10:00,0.181
2021-02-22 11:00,0.175
2021-02-22 12:00,0.170
2021-02-22 13:00,0.165
2021-02-22 14:00,0.116
2021-02-22 15:00,0.082
2021-02-22 16:00,0.107
2021-02-22 17:00,0.118
2021-02-22 18:00,0.105
2021-02-22 19:00,0.194
2021-02-22 20:00,0.399
2021-02-22 21:00,0.560
2021-02-22 22:00,0.604
2021-02-22 23:00,0.583
2021-02-23 00:00,0.551
2021-02-23 01:00,0.551
2021-02-23 02:00,0.558
2021-02-23 03:00,0.600
2021-02-23 04:00,0.606
2021-02-23 05:00,0.711
2021-02-23 06:00,0.793
2021-02-23 07:00,0.873
2021-02-23 08:00,0.908
2021-02-23 09:00,0.946
2021-02-23 10:00,0.966
2021-02-23 11:00,0.982
2021-02-23 12:00,0.989
2021-02-23 13:00,0.989
2021-02-23 14:00,0.989
2021-02-23 15:00,0.986
2021-02-23 16:00,0.983
2021-02-23 17:00,0.981
2021-02-23 18:00,0.981
2021-02-23 19:00,0.982
2021-02-23 20:00,0.979
2021-02-23 21:00,0.971
2021-02-23 22:00,0.963
2021-02-23 23:00,0.957
2021-02-24 00:00,0.950
2021-02-24 01:00,0.944
2021-02-24 02:00,0.942
2021-02-24 03:00,0.941
2021-02-24 04:00,0.941
2021-02-24 05:00,0.947
2021-02-24 06:00,0.950
2021-02-24 07:00,0.948
2021-02-24 08:00,0.946
2021-02-24 09:00,0.943
2021-02-24 10:00,0.942
2021-02-24 11:00,0.938
2021-02-24 12:00,0.928
2021-02-24 13:00,0.910
2021-02-24 14:00,0.870
2021-02-24 15:00,0.797
2021-02-24 16:00,0.734
2021-02-24 17:00,0.679
2021-02-24 18:00,0.640
2021-02-24 19:00,0.571
2021-02-24 20:00,0.526
2021-02-24 21:00,0.479
2021-02-24 22:00,0.439
2021-02-24 23:00,0.408
2021-02-25 00:00,0.405
2021-02-25 01:00,0.436
2021-02-25 02:00,0.452
2021-02-25 03:00,0.469
2021-02-25 04:00,0.460
2021-02-25 05:00,0.452
2021-02-25 06:00,0.463
2021-02-25 07:00,0.454
2021-02-25 08:00,0.380
2021-02-25 09:00,0.575
2021-02-25 10:00,0.670
2021-02-25 11:00,0.689
2021-02-25 12:00,0.685
2021-02-25 13:00,0.675
2021-02-25 14:00,0.653
2021-02-25 15:00,0.591
2021-02-25 16:00,0.495
2021-02-25 17:00,0.450
2021-02-25 18:00,0.446
2021-02-25 19:00,0.442
2021-02-25 20:00,0.416
2021-02-25 21:00,0.386
2021-02-25 22:00,0.358
2021-02-25 23:00,0.332
2021-02-26 00:00,0.306
2021-02-26 01:00,0.275
2021-02-26 02:00,0.242
2021-02-26 03:00,0.221
2021-02-26 04:00,0.202
2021-02-26 05:00,0.187
2021-02-26 06:00,0.185
2021-02-26 07:00,0.175
2021-02-26 08:00,0.162
2021-02-26 09:00,0.164
2021-02-26 10:00,0.218
2021-02-26 11:00,0.246
2021-02-26 12:00,0.272
2021-02-26 13:00,0.290
2021-02-26 14:00,0.281
2021-02-26 15:00,0.240
2021-02-26 16:00,0.208
2021-02-26 17:00,0.198
2021-02-26 18:00,0.182
2021-02-26 19:00,0.183
2021-02-26 20:00,0.200
2021-02-26 21:00,0.232
2021-02-26 22:00,0.270
2021-02-26 23:00,0.305
2021-02-27 00:00,0.335
2021-02-27 01:00,0.356
2021-02-27 02:00,0.367
2021-02-27 03:00,0.344
2021-02-27 04:00,0.303
2021-02-27 05:00,0.279
2021-02-27 06:00,0.252
2021-02-27 07:00,0.211
2021-02-27 08:00,0.148
2021-02-27 09:00,0.107
2021-02-27 10:00,0.097
2021-02-27 11:00,0.075
2021-02-27 12:00,0.063
2021-02-27 13:00,0.059
2021-02-27 14:00,0.056
2021-02-27 15:00,0.056
2021-02-27 16:00,0.069
2021-02-27 17:00,0.080
2021-02-27 18:00,0.079
2021-02-27 19:00,0.068
2021-02-27 20:00,0.053
2021-02-27 21:00,0.043
2021-02-27 22:00,0.036
2021-02-27 23:00,0.029
2021-02-28 00:00,0.023
2021-02-28 01:00,0.020
2021-02-28 02:00,0.017
2021-02-28 03:00,0.015
2021-02-28 04:00,0.013
2021-02-28 05:00,0.011
2021-02-28 06:00,0.009
2021-02-28 07:00,0.007
2021-02-28 08:00,0.004
2021-02-28 09:00,0.004
2021-02-28 10:00,0.008
2021-02-28 11:00,0.015
2021-02-28 12:00,0.016
2021-02-28 13:00,0.016
2021-02-28 14:00,0.019
2021-02-28 15:00,0.021
2021-02-28 16:00,0.034
2021-02-28 17:00,0.064
2021-02-28 18:00,0.118
2021-02-28 19:00,0.179
2021-02-28 20:00,0.211
2021-02-28 21:00,0.213
2021-02-28 22:00,0.204
2021-02-28 23:00,0.184
2021-03-01 00:00,0.146
2021-03-01 01:00,0.111
2021-03-01 02:00,0.082
2021-03-01 03:00,0.069
2021-03-01 04:00,0.069
2021-03-01 05:00,0.073
2021-03-01 06:00,0.080
2021-03-01 07:00,0.086
2021-03-01 08:00,0.096
2021-03-01 09:00,0.121
2021-03-01 10:00,0.155
2021-03-01 11:00,0.166
2021-03-01 12:00,0.165
2021-03-01 13:00,0.158
2021-03-01 14:00,0.152
2021-03-01 15:00,0.156
2021-03-01 16:00,0.178
2021-03-01 17:00,0.227
2021-03-01 18:00,0.232
2021-03-01 19:00,0.196
2021-03-01 20:00,0.174
2021-03-01 21:00,0.163
2021-03-01 22:00,0.168
2021-03-01 23:00,0.173
2021-03-02 00:00,0.158
2021-03-02 01:00,0.136
2021-03-02 02:00,0.118
2021-03-02 03:00,0.109
2021-03-02 04:00,0.117
2021-03-02 05:00,0.132
2021-03-02 06:00,0.142
2021-03-02 07:00,0.130
2021-03-02 08:00,0.109
2021-03-02 09:00,0.099
2021-03-02 10:00,0.097
2021-03-02 11:00,0.093
2021-03-02 12:00,0.079
2021-03-02 13:00,0.066
2021-03-02 14:00,0.053
2021-03-02 15:00,0.044
2021-03-02 16:00,0.052
2021-03-02 17:00,0.079
2021-03-02 18:00,0.096
2021-03-02 19:00,0.091
2021-03-02 20:00,0.068
2021-03-02 21:00,0.042
2021-03-02 22:00,0.022
2021-03-02 23:00,0.012
2021-03-03 00:00,0.009
2021-03-03 01:00,0.013
2021-03-03 02:00,0.020
2021-03-03 03:00,0.027
2021-03-03 04:00,0.033
2021-03-03 05:00,0.037
2021-03-03 06:00,0.037
2021-03-03 07:00,0.024
2021-03-03 08:00,0.013
2021-03-03 09:00,0.008
2021-03-03 10:00,0.007
2021-03-03 11:00,0.006
2021-03-03 12:00,0.006
2021-03-03 13:00,0.006
2021-03-03 14:00,0.009
2021-03-03 15:00,0.015
2021-03-03 16:00,0.031
2021-03-03 17:00,0.062
2021-03-03 18:00,0.091
2021-03-03 19:00,0.101
2021-03-03 20:00,0.099
2021-03-03 21:00,0.101
2021-03-03 22:00,0.103
2021-03-03 23:00,0.106
2021-03-04 00:00,0.118
2021-03-04 01:00,0.135
2021-03-04 02:00,0.155
2021-03-04 03:00,0.166
2021-03-04 04:00,0.187
2021-03-04 05:00,0.213
2021-03-04 06:00,0.232
2021-03-04 07:00,0.232
2021-03-04 08:00,0.223
2021-03-04 09:00,0.243
2021-03-04 10:00,0.259
2021-03-04 11:00,0.287
2021-03-04 12:00,0.338
2021-03-04 13:00,0.416
2021-03-04 14:00,0.497
2021-03-04 15:00,0.533
2021-03-04 16:00,0.456
2021-03-04 17:00,0.428
2021-03-04 18:00,0.460
2021-03-04 19:00,0.463
2021-03-04 20:00,0.466
2021-03-04 21:00,0.438
2021-03-04 22:00,0.415
2021-03-04 23:00,0.392
2021-03-05 00:00,0.367
2021-03-05 01:00,0.350
2021-03-05 02:00,0.347
2021-03-05 03:00,0.338
2021-03-05 04:00,0.324
2021-03-05 05:00,0.318
2021-03-05 06:00,0.314
2021-03-05 07:00,0.278
2021-03-05 08:00,0.189
2021-03-05 09:00,0.224
2021-03-05 10:00,0.190
2021-03-05 11:00,0.145
2021-03-05 12:00,0.112
2021-03-05 13:00,0.094
2021-03-05 14:00,0.091
2021-03-05 15:00,0.097
2021-03-05 16:00,0.112
2021-03-05 17:00,0.139
2021-03-05 18:00,0.144
2021-03-05 19:00,0.120
2021-03-05 20:00,0.086
2021-03-05 21:00,0.057
2021-03-05 22:00,0.036
2021-03-05 23:00,0.021
2021-03-06 00:00,0.014
2021-03-06 01:00,0.011
2021-03-06 02:00,0.013
2021-03-06 03:00,0.015
2021-03-06 04:00,0.020
2021-03-06 05:00,0.025
2021-03-06 06:00,0.031
2021-03-06 07:00,0.035
2021-03-06 08:00,0.024
2021-03-06 09:00,0.015
2021-03-06 10:00,0.011
2021-03-06 11:00,0.011
2021-03-06 12:00,0.014
2021-03-06 13:00,0.016
2021-03-06 14:00,0.016
2021-03-06 15:00,0.017
2021-03-06 16:00,0.023
2021-03-06 17:00,0.034
2021-03-06 18:00,0.043
2021-03-06 19:00,0.054
2021-03-06 20:00,0.065
2021-03-06 21:00,0.078
2021-03-06 22:00,0.096
2021-03-06 23:00,0.118
2021-03-07 00:00,0.140
2021-03-07 01:00,0.161
2021-03-07 02:00,0.184
2021-03-07 03:00,0.209
2021-03-07 04:00,0.230
2021-03-07 05:00,0.242
2021-03-07 06:00,0.248
2021-03-07 07:00,0.225
2021-03-07 08:00,0.131
2021-03-07 09:00,0.114
2021-03-07 10:00,0.093
2021-03-07 11:00,0.080
2021-03-07 12:00,0.078
2021-03-07 13:00,0.082
2021-03-07 14:00,0.093
2021-03-07 15:00,0.119
2021-03-07 16:00,0.177
2021-03-07 17:00,0.284
2021-03-07 18:00,0.373
2021-03-07 19:00,0.406
2021-03-07 20:00,0.412
2021-03-07 21:00,0.409
2021-03-07 22:00,0.400
2021-03-07 23:00,0.397
2021-03-08 00:00,0.413
2021-03-08 01:00,0.433
2021-03-08 02:00,0.459
2021-03-08 03:00,0.466
2021-03-08 04:00,0.458
2021-03-08 05:00,0.460
2021-03-08 06:00,0.469
2021-03-08 07:00,0.423
2021-03-08 08:00,0.377
2021-03-08 09:00,0.342
2021-03-08 10:00,0.454
2021-03-08 11:00,0.572
2021-03-08 12:00,0.633
2021-03-08 13:00,0.658
2021-03-08 14:00,0.640
2021-03-08 15:00,0.562
2021-03-08 16:00,0.526
2021-03-08 17:00,0.563
2021-03-08 18:00,0.562
2021-03-08 19:00,0.562
2021-03-08 20:00,0.564
2021-03-08 21:00,0.539
2021-03-08 22:00,0.496
2021-03-08 23:00,0.436
2021-03-09 00:00,0.381
2021-03-09 01:00,0.339
2021-03-09 02:00,0.309
2021-03-09 03:00,0.285
2021-03-09 04:00,0.281
2021-03-09 05:00,0.246
2021-03-09 06:00,0.224
2021-03-09 07:00,0.180
2021-03-09 08:00,0.136
2021-03-09 09:00,0.145
2021-03-09 10:00,0.179
2021-03-09 11:00,0.207
2021-03-09 12:00,0.254
2021-03-09 13:00,0.282
2021-03-09 14:00,0.291
2021-03-09 15:00,0.320
2021-03-09 16:00,0.422
2021-03-09 17:00,0.546
2021-03-09 18:00,0.563
2021-03-09 19:00,0.551
2021-03-09 20:00,0.586
2021-03-09 21:00,0.600
2021-03-09 22:00,0.628
2021-03-09 23:00,0.674
2021-03-10 00:00,0.760
2021-03-10 01:00,0.883
2021-03-10 02:00,0.915
2021-03-10 03:00,0.912
2021-03-10 04:00,0.910
2021-03-10 05:00,0.900
2021-03-10 06:00,0.882
2021-03-10 07:00,0.855
2021-03-10 08:00,0.825
2021-03-10 09:00,0.805
2021-03-10 10:00,0.804
2021-03-10 11:00,0.824
2021-03-10 12:00,0.856
2021-03-10 13:00,0.887
2021-03-10 14:00,0.913
2021-03-10 15:00,0.943
2021-03-10 16:00,0.966
2021-03-10 17:00,0.963
2021-03-10 18:00,0.961
2021-03-10 19:00,0.970
2021-03-10 20:00,0.979
2021-03-10 21:00,0.985
2021-03-10 22:00,0.988
2021-03-10 23:00,0.989
2021-03-11 00:00,0.986
2021-03-11 01:00,0.987
2021-03-11 02:00,0.989
2021-03-11 03:00,0.992
2021-03-11 04:00,0.991
2021-03-11 05:00,0.983
2021-03-11 06:00,0.985
2021-03-11 07:00,0.992
2021-03-11 08:00,0.990
2021-03-11 09:00,0.987
2021-03-11 10:00,0.983
2021-03-11 11:00,0.977
2021-03-11 12:00,0.969
2021-03-11 13:00,0.959
2021-03-11 14:00,0.940
2021-03-11 15:00,0.886
2021-03-11 16:00,0.831
2021-03-11 17:00,0.816
2021-03-11 18:00,0.829
2021-03-11 19:00,0.863
2021-03-11 20:00,0.890
2021-03-11 21:00,0.902
2021-03-11 22:00,0.913
2021-03-11 23:00,0.923
2021-03-12 00:00,0.931
2021-03-12 01:00,0.932
2021-03-12 02:00,0.917
2021-03-12 03:00,0.883
2021-03-12 04:00,0.801
2021-03-12 05:00,0.678
2021-03-12 06:00,0.594
2021-03-12 07:00,0.579
2021-03-12 08:00,0.669
2021-03-12 09:00,0.818
2021-03-12 10:00,0.878
2021-03-12 11:00,0.910
2021-03-12 12:00,0.929
2021-03-12 13:00,0.935
2021-03-12 14:00,0.924
2021-03-12 15:00,0.886
2021-03-12 16:00,0.820
2021-03-12 17:00,0.778
2021-03-12 18:00,0.734
2021-03-12 19:00,0.655
2021-03-12 20:00,0.633
2021-03-12 21:00,0.694
2021-03-12 22:00,0.767
2021-03-12 23:00,0.780
2021-03-13 00:00,0.765
2021-03-13 01:00,0.789
2021-03-13 02:00,0.837
2021-03-13 03:00,0.869
2021-03-13 04:00,0.873
2021-03-13 05:00,0.879
2021-03-13 06:00,0.847
2021-03-13 07:00,0.852
2021-03-13 08:00,0.909
2021-03-13 09:00,0.941
2021-03-13 10:00,0.938
2021-03-13 11:00,0.937
2021-03-13 12:00,0.939
2021-03-13 13:00,0.943
2021-03-13 14:00,0.941
2021-03-13 15:00,0.918
2021-03-13 16:00,0.871
2021-03-13 17:00,0.845
2021-03-13 18:00,0.818
2021-03-13 19:00,0.805
2021-03-13 20:00,0.760
2021-03-13 21:00,0.702
2021-03-13 22:00,0.618
2021-03-13 23:00,0.653
2021-03-14 00:00,0.702
2021-03-14 01:00,0.742
2021-03-14 02:00,0.761
2021-03-14 03:00,0.772
2021-03-14 04:00,0.781
2021-03-14 05:00,0.786
2021-03-14 06:00,0.764
2021-03-14 07:00,0.697
2021-03-14 08:00,0.678
2021-03-14 09:00,0.782
2021-03-14 10:00,0.837
2021-03-14 11:00,0.877
2021-03-14 12:00,0.895
2021-03-14 13:00,0.908
2021-03-14 14:00,0.912
2021-03-14 15:00,0.837
2021-03-14 16:00,0.702
2021-03-14 17:00,0.647
2021-03-14 18:00,0.609
2021-03-14 19:00,0.676
2021-03-14 20:00,0.707
2021-03-14 21:00,0.710
2021-03-14 22:00,0.686
2021-03-14 23:00,0.692
2021-03-15 00:00,0.679
2021-03-15 01:00,0.653
2021-03-15 02:00,0.621
2021-03-15 03:00,0.594
2021-03-15 04:00,0.569
2021-03-15 05:00,0.549
2021-03-15 06:00,0.529
2021-03-15 07:00,0.442
2021-03-15 08:00,0.410
2021-03-15 09:00,0.408
2021-03-15 10:00,0.380
2021-03-15 11:00,0.375
2021-03-15 12:00,0.365
2021-03-15 13:00,0.348
2021-03-15 14:00,0.328
2021-03-15 15:00,0.298
2021-03-15 16:00,0.248
2021-03-15 17:00,0.242
2021-03-15 18:00,0.272
2021-03-15 19:00,0.279
2021-03-15 20:00,0.276
2021-03-15 21:00,0.278
2021-03-15 22:00,0.285
2021-03-15 23:00,0.284
2021-03-16 00:00,0.284
2021-03-16 01:00,0.321
2021-03-16 02:00,0.394
2021-03-16 03:00,0.466
2021-03-16 04:00,0.518
2021-03-16 05:00,0.620
2021-03-16 06:00,0.594
2021-03-16 07:00,0.577
2021-03-16 08:00,0.620
2021-03-16 09:00,0.672
2021-03-16 10:00,0.735
2021-03-16 11:00,0.755
2021-03-16 12:00,0.772
2021-03-16 13:00,0.758
2021-03-16 14:00,0.726
2021-03-16 15:00,0.677
2021-03-16 16:00,0.600
2021-03-16 17:00,0.566
2021-03-16 18:00,0.510
2021-03-16 19:00,0.463
2021-03-16 20:00,0.426
2021-03-16 21:00,0.398
2021-03-16 22:00,0.398
2021-03-16 23:00,0.413
2021-03-17 00:00,0.423
2021-03-17 01:00,0.429
2021-03-17 02:00,0.416
2021-03-17 03:00,0.404
2021-03-17 04:00,0.393
2021-03-17 05:00,0.379
2021-03-17 06:00,0.365
2021-03-17 07:00,0.271
2021-03-17 08:00,0.229
2021-03-17 09:00,0.279
2021-03-17 10:00,0.293
2021-03-17 11:00,0.266
2021-03-17 12:00,0.278
2021-03-17 13:00,0.335
2021-03-17 14:00,0.370
2021-03-17 15:00,0.371
2021-03-17 16:00,0.322
2021-03-17 17:00,0.314
2021-03-17 18:00,0.316
2021-03-17 19:00,0.286
2021-03-17 20:00,0.252
2021-03-17 21:00,0.204
2021-03-17 22:00,0.184
2021-03-17 23:00,0.215
2021-03-18 00:00,0.272
2021-03-18 01:00,0.341
2021-03-18 02:00,0.405
2021-03-18 03:00,0.439
2021-03-18 04:00,0.423
2021-03-18 05:00,0.362
2021-03-18 06:00,0.296
2021-03-18 07:00,0.210
2021-03-18 08:00,0.140
2021-03-18 09:00,0.128
2021-03-18 10:00,0.142
2021-03-18 11:00,0.173
2021-03-18 12:00,0.238
2021-03-18 13:00,0.323
2021-03-18 14:00,0.383
2021-03-18 15:00,0.413
2021-03-18 16:00,0.423
2021-03-18 17:00,0.431
2021-03-18 18:00,0.489
2021-03-18 19:00,0.476
2021-03-18 20:00,0.473
2021-03-18 21:00,0.458
2021-03-18 22:00,0.539
2021-03-18 23:00,0.555
2021-03-19 00:00,0.536
2021-03-19 01:00,0.513
2021-03-19 02:00,0.513
2021-03-19 03:00,0.525
2021-03-19 04:00,0.536
2021-03-19 05:00,0.556
2021-03-19 06:00,0.546
2021-03-19 07:00,0.416
2021-03-19 08:00,0.403
2021-03-19 09:00,0.436
2021-03-19 10:00,0.410
2021-03-19 11:00,0.357
2021-03-19 12:00,0.305
2021-03-19 13:00,0.262
2021-03-19 14:00,0.229
2021-03-19 15:00,0.206
2021-03-19 16:00,0.172
2021-03-19 17:00,0.134
2021-03-19 18:00,0.114
2021-03-19 19:00,0.093
2021-03-19 20:00,0.074
2021-03-19 21:00,0.065
2021-03-19 22:00,0.059
2021-03-19 23:00,0.058
2021-03-20 00:00,0.065
2021-03-20 01:00,0.075
2021-03-20 02:00,0.087
2021-03-20 03:00,0.086
2021-03-20 04:00,0.087
2021-03-20 05:00,0.109
2021-03-20 06:00,0.135
2021-03-20 07:00,0.125
2021-03-20 08:00,0.136
2021-03-20 09:00,0.200
2021-03-20 10:00,0.288
2021-03-20 11:00,0.365
2021-03-20 12:00,0.423
2021-03-20 13:00,0.462
2021-03-20 14:00,0.496
2021-03-20 15:00,0.523
2021-03-20 16:00,0.528
2021-03-20 17:00,0.497
2021-03-20 18:00,0.523
2021-03-20 19:00,0.539
2021-03-20 20:00,0.533
2021-03-20 21:00,0.516
2021-03-20 22:00,0.486
2021-03-20 23:00,0.418
2021-03-21 00:00,0.358
2021-03-21 01:00,0.293
2021-03-21 02:00,0.218
2021-03-21 03:00,0.170
2021-03-21 04:00,0.156
2021-03-21 05:00,0.125
2021-03-21 06:00,0.091
2021-03-21 07:00,0.054
2021-03-21 08:00,0.055
2021-03-21 09:00,0.061
2021-03-21 10:00,0.060
2021-03-21 11:00,0.059
2021-03-21 12:00,0.060
2021-03-21 13:00,0.070
2021-03-21 14:00,0.090
2021-03-21 15:00,0.113
2021-03-21 16:00,0.132
2021-03-21 17:00,0.161
2021-03-21 18:00,0.203
2021-03-21 19:00,0.227
2021-03-21 20:00,0.239
2021-03-21 21:00,0.258
2021-03-21 22:00,0.270
2021-03-21 23:00,0.266
2021-03-22 00:00,0.264
2021-03-22 01:00,0.270
2021-03-22 02:00,0.285
2021-03-22 03:00,0.285
2021-03-22 04:00,0.283
2021-03-22 05:00,0.286
2021-03-22 06:00,0.274
2021-03-22 07:00,0.196
2021-03-22 08:00,0.155
2021-03-22 09:00,0.120
2021-03-22 10:00,0.103
2021-03-22 11:00,0.106
2021-03-22 12:00,0.134
2021-03-22 13:00,0.192
2021-03-22 14:00,0.264
2021-03-22 15:00,0.322
2021-03-22 16:00,0.341
2021-03-22 17:00,0.302
2021-03-22 18:00,0.318
2021-03-22 19:00,0.305
2021-03-22 20:00,0.285
2021-03-22 21:00,0.271
2021-03-22 22:00,0.270
2021-03-22 23:00,0.286
2021-03-23 00:00,0.311
2021-03-23 01:00,0.330
2021-03-23 02:00,0.339
2021-03-23 03:00,0.347
2021-03-23 04:00,0.370
2021-03-23 05:00,0.403
2021-03-23 06:00,0.419
2021-03-23 07:00,0.328
2021-03-23 08:00,0.452
2021-03-23 09:00,0.562
2021-03-23 10:00,0.630
2021-03-23 11:00,0.694
2021-03-23 12:00,0.744
2021-03-23 13:00,0.782
2021-03-23 14:00,0.800
2021-03-23 15:00,0.800
2021-03-23 16:00,0.760
2021-03-23 17:00,0.752
2021-03-23 18:00,0.778
2021-03-23 19:00,0.781
2021-03-23 20:00,0.746
2021-03-23 21:00,0.674
2021-03-23 22:00,0.628
2021-03-23 23:00,0.645
2021-03-24 00:00,0.618
2021-03-24 01:00,0.601
2021-03-24 02:00,0.517
2021-03-24 03:00,0.424
2021-03-24 04:00,0.365
2021-03-24 05:00,0.341
2021-03-24 06:00,0.335
2021-03-24 07:00,0.291
2021-03-24 08:00,0.357
2021-03-24 09:00,0.490
2021-03-24 10:00,0.577
2021-03-24 11:00,0.633
2021-03-24 12:00,0.654
2021-03-24 13:00,0.643
2021-03-24 14:00,0.613
2021-03-24 15:00,0.582
2021-03-24 16:00,0.529
2021-03-24 17:00,0.520
2021-03-24 18:00,0.590
2021-03-24 19:00,0.612
2021-03-24 20:00,0.591
2021-03-24 21:00,0.591
2021-03-24 22:00,0.570
2021-03-24 23:00,0.590
2021-03-25 00:00,0.569
2021-03-25 01:00,0.520
2021-03-25 02:00,0.488
2021-03-25 03:00,0.452
2021-03-25 04:00,0.436
2021-03-25 05:00,0.393
2021-03-25 06:00,0.355
2021-03-25 07:00,0.324
2021-03-25 08:00,0.317
2021-03-25 09:00,0.425
2021-03-25 10:00,0.499
2021-03-25 11:00,0.550
2021-03-25 12:00,0.584
2021-03-25 13:00,0.595
2021-03-25 14:00,0.590
2021-03-25 15:00,0.582
2021-03-25 16:00,0.565
2021-03-25 17:00,0.604
2021-03-25 18:00,0.680
2021-03-25 19:00,0.686
2021-03-25 20:00,0.620
2021-03-25 21:00,0.604
2021-03-25 22:00,0.628
2021-03-25 23:00,0.673
2021-03-26 00:00,0.696
2021-03-26 01:00,0.652
2021-03-26 02:00,0.658
2021-03-26 03:00,0.686
2021-03-26 04:00,0.752
2021-03-26 05:00,0.843
2021-03-26 06:00,0.901
2021-03-26 07:00,0.908
2021-03-26 08:00,0.891
2021-03-26 09:00,0.857
2021-03-26 10:00,0.785
2021-03-26 11:00,0.730
2021-03-26 12:00,0.723
2021-03-26 13:00,0.754
2021-03-26 14:00,0.773
2021-03-26 15:00,0.768
2021-03-26 16:00,0.726
2021-03-26 17:00,0.675
2021-03-26 18:00,0.684
2021-03-26 19:00,0.690
2021-03-26 20:00,0.616
2021-03-26 21:00,0.613
2021-03-26 22:00,0.655
2021-03-26 23:00,0.731
2021-03-27 00:00,0.749
2021-03-27 01:00,0.751
2021-03-27 02:00,0.747
2021-03-27 03:00,0.736
2021-03-27 04:00,0.755
2021-03-27 05:00,0.813
2021-03-27 06:00,0.819
2021-03-27 07:00,0.796
2021-03-27 08:00,0.837
2021-03-27 09:00,0.838
2021-03-27 10:00,0.778
2021-03-27 11:00,0.704
2021-03-27 12:00,0.670
2021-03-27 13:00,0.685
2021-03-27 14:00,0.675
2021-03-27 15:00,0.601
2021-03-27 16:00,0.583
2021-03-27 17:00,0.681
2021-03-27 18:00,0.760
2021-03-27 19:00,0.789
2021-03-27 20:00,0.772
2021-03-27 21:00,0.777
2021-03-27 22:00,0.809
2021-03-27 23:00,0.847
2021-03-28 00:00,0.892
2021-03-28 01:00,0.915
2021-03-28 02:00,0.941
2021-03-28 03:00,0.953
2021-03-28 04:00,0.953
2021-03-28 05:00,0.966
2021-03-28 06:00,0.960
2021-03-28 07:00,0.952
2021-03-28 08:00,0.938
2021-03-28 09:00,0.929
2021-03-28 10:00,0.935
2021-03-28 11:00,0.950
2021-03-28 12:00,0.950
2021-03-28 13:00,0.950
2021-03-28 14:00,0.948
2021-03-28 15:00,0.942
2021-03-28 16:00,0.961
2021-03-28 17:00,0.972
2021-03-28 18:00,0.977
2021-03-28 19:00,0.975
2021-03-28 20:00,0.971
2021-03-28 21:00,0.968
2021-03-28 22:00,0.962
2021-03-28 23:00,0.950
2021-03-29 00:00,0.945
2021-03-29 01:00,0.943
2021-03-29 02:00,0.941
2021-03-29 03:00,0.938
2021-03-29 04:00,0.933
2021-03-29 05:00,0.929
2021-03-29 06:00,0.926
2021-03-29 07:00,0.921
2021-03-29 08:00,0.920
2021-03-29 09:00,0.930
2021-03-29 10:00,0.936
2021-03-29 11:00,0.935
2021-03-29 12:00,0.926
2021-03-29 13:00,0.917
2021-03-29 14:00,0.903
2021-03-29 15:00,0.880
2021-03-29 16:00,0.836
2021-03-29 17:00,0.778
2021-03-29 18:00,0.729
2021-03-29 19:00,0.677
2021-03-29 20:00,0.666
2021-03-29 21:00,0.626
2021-03-29 22:00,0.591
2021-03-29 23:00,0.577
2021-03-30 00:00,0.556
2021-03-30 01:00,0.525
2021-03-30 02:00,0.480
2021-03-30 03:00,0.423
2021-03-30 04:00,0.384
2021-03-30 05:00,0.339
2021-03-30 06:00,0.281
2021-03-30 07:00,0.182
2021-03-30 08:00,0.128
2021-03-30 09:00,0.153
2021-03-30 10:00,0.223
2021-03-30 11:00,0.265
2021-03-30 12:00,0.293
2021-03-30 13:00,0.302
2021-03-30 14:00,0.292
2021-03-30 15:00,0.253
2021-03-30 16:00,0.179
2021-03-30 17:00,0.158
2021-03-30 18:00,0.166
2021-03-30 19:00,0.185
2021-03-30 20:00,0.222
2021-03-30 21:00,0.262
2021-03-30 22:00,0.292
2021-03-30 23:00,0.309
2021-03-31 00:00,0.302
2021-03-31 01:00,0.299
2021-03-31 02:00,0.338
2021-03-31 03:00,0.360
2021-03-31 04:00,0.342
2021-03-31 05:00,0.309
2021-03-31 06:00,0.279
2021-03-31 07:00,0.182
2021-03-31 08:00,0.090
2021-03-31 09:00,0.100
2021-03-31 10:00,0.147
2021-03-31 11:00,0.156
2021-03-31 12:00,0.146
2021-03-31 13:00,0.121
2021-03-31 14:00,0.085
2021-03-31 15:00,0.049
2021-03-31 16:00,0.042
2021-03-31 17:00,0.094
2021-03-31 18:00,0.251
2021-03-31 19:00,0.426
2021-03-31 20:00,0.487
2021-03-31 21:00,0.516
2021-03-31 22:00,0.559
2021-03-31 23:00,0.637
2021-04-01 00:00,0.719
2021-04-01 01:00,0.737
2021-04-01 02:00,0.708
2021-04-01 03:00,0.633
2021-04-01 04:00,0.574
2021-04-01 05:00,0.530
2021-04-01 06:00,0.539
2021-04-01 07:00,0.544
2021-04-01 08:00,0.517
2021-04-01 09:00,0.473
2021-04-01 10:00,0.422
2021-04-01 11:00,0.378
2021-04-01 12:00,0.333
2021-04-01 13:00,0.299
2021-04-01 14:00,0.281
2021-04-01 15:00,0.287
2021-04-01 16:00,0.313
2021-04-01 17:00,0.348
2021-04-01 18:00,0.379
2021-04-01 19:00,0.367
2021-04-01 20:00,0.330
2021-04-01 21:00,0.338
2021-04-01 22:00,0.342
2021-04-01 23:00,0.338
2021-04-02 00:00,0.325
2021-04-02 01:00,0.308
2021-04-02 02:00,0.294
2021-04-02 03:00,0.279
2021-04-02 04:00,0.268
2021-04-02 05:00,0.286
2021-04-02 06:00,0.278
2021-04-02 07:00,0.265
2021-04-02 08:00,0.235
2021-04-02 09:00,0.187
2021-04-02 10:00,0.187
2021-04-02 11:00,0.245
2021-04-02 12:00,0.285
2021-04-02 13:00,0.297
2021-04-02 14:00,0.338
2021-04-02 15:00,0.375
2021-04-02 16:00,0.398
2021-04-02 17:00,0.393
2021-04-02 18:00,0.415
2021-04-02 19:00,0.459
2021-04-02 20:00,0.476
2021-04-02 21:00,0.490
2021-04-02 22:00,0.486
2021-04-02 23:00,0.450
2021-04-03 00:00,0.417
2021-04-03 01:00,0.416
2021-04-03 02:00,0.406
2021-04-03 03:00,0.387
2021-04-03 04:00,0.374
2021-04-03 05:00,0.367
2021-04-03 06:00,0.324
2021-04-03 07:00,0.327
2021-04-03 08:00,0.350
2021-04-03 09:00,0.299
2021-04-03 10:00,0.254
2021-04-03 11:00,0.214
2021-04-03 12:00,0.182
2021-04-03 13:00,0.156
2021-04-03 14:00,0.134
2021-04-03 15:00,0.121
2021-04-03 16:00,0.113
2021-04-03 17:00,0.109
2021-04-03 18:00,0.104
2021-04-03 19:00,0.074
2021-04-03 20:00,0.035
2021-04-03 21:00,0.012
2021-04-03 22:00,0.012
2021-04-03 23:00,0.042
2021-04-04 00:00,0.101
2021-04-04 01:00,0.176
2021-04-04 02:00,0.258
2021-04-04 03:00,0.326
2021-04-04 04:00,0.362
2021-04-04 05:00,0.349
2021-04-04 06:00,0.309
2021-04-04 07:00,0.285
2021-04-04 08:00,0.348
2021-04-04 09:00,0.491
2021-04-04 10:00,0.575
2021-04-04 11:00,0.648
2021-04-04 12:00,0.732
2021-04-04 13:00,0.809
2021-04-04 14:00,0.854
2021-04-04 15:00,0.883
2021-04-04 16:00,0.892
2021-04-04 17:00,0.869
2021-04-04 18:00,0.849
2021-04-04 19:00,0.830
2021-04-04 20:00,0.831
2021-04-04 21:00,0.875
2021-04-04 22:00,0.896
2021-04-04 23:00,0.901
2021-04-05 00:00,0.894
2021-04-05 01:00,0.880
2021-04-05 02:00,0.869
2021-04-05 03:00,0.847
2021-04-05 04:00,0.803
2021-04-05 05:00,0.761
2021-04-05 06:00,0.734
2021-04-05 07:00,0.772
2021-04-05 08:00,0.767
2021-04-05 09:00,0.750
2021-04-05 10:00,0.740
2021-04-05 11:00,0.748
2021-04-05 12:00,0.774
2021-04-05 13:00,0.797
2021-04-05 14:00,0.808
2021-04-05 15:00,0.805
2021-04-05 16:00,0.769
2021-04-05 17:00,0.678
2021-04-05 18:00,0.625
2021-04-05 19:00,0.595
2021-04-05 20:00,0.585
2021-04-05 21:00,0.590
2021-04-05 22:00,0.545
2021-04-05 23:00,0.549
2021-04-06 00:00,0.550
2021-04-06 01:00,0.537
2021-04-06 02:00,0.523
2021-04-06 03:00,0.520
2021-04-06 04:00,0.528
2021-04-06 05:00,0.539
2021-04-06 06:00,0.497
2021-04-06 07:00,0.604
2021-04-06 08:00,0.704
2021-04-06 09:00,0.707
2021-04-06 10:00,0.700
2021-04-06 11:00,0.702
2021-04-06 12:00,0.719
2021-04-06 13:00,0.719
2021-04-06 14:00,0.702
2021-04-06 15:00,0.660
2021-04-06 16:00,0.569
2021-04-06 17:00,0.448
2021-04-06 18:00,0.460
2021-04-06 19:00,0.514
2021-04-06 20:00,0.546
2021-04-06 21:00,0.562
2021-04-06 22:00,0.549
2021-04-06 23:00,0.548
2021-04-07 00:00,0.552
2021-04-07 01:00,0.553
2021-04-07 02:00,0.549
2021-04-07 03:00,0.537
2021-04-07 04:00,0.528
2021-04-07 05:00,0.513
2021-04-07 06:00,0.409
2021-04-07 07:00,0.423
2021-04-07 08:00,0.541
2021-04-07 09:00,0.509
2021-04-07 10:00,0.483
2021-04-07 11:00,0.463
2021-04-07 12:00,0.452
2021-04-07 13:00,0.447
2021-04-07 14:00,0.428
2021-04-07 15:00,0.396
2021-04-07 16:00,0.345
2021-04-07 17:00,0.270
2021-04-07 18:00,0.281
2021-04-07 19:00,0.319
2021-04-07 20:00,0.355
2021-04-07 21:00,0.397
2021-04-07 22:00,0.439
2021-04-07 23:00,0.467
2021-04-08 00:00,0.473
2021-04-08 01:00,0.495
2021-04-08 02:00,0.516
2021-04-08 03:00,0.528
2021-04-08 04:00,0.577
2021-04-08 05:00,0.606
2021-04-08 06:00,0.556
2021-04-08 07:00,0.500
2021-04-08 08:00,0.669
2021-04-08 09:00,0.760
2021-04-08 10:00,0.806
2021-04-08 11:00,0.848
2021-04-08 12:00,0.879
2021-04-08 13:00,0.900
2021-04-08 14:00,0.897
2021-04-08 15:00,0.876
2021-04-08 16:00,0.871
2021-04-08 17:00,0.875
2021-04-08 18:00,0.883
2021-04-08 19:00,0.882
2021-04-08 20:00,0.876
2021-04-08 21:00,0.861
2021-04-08 22:00,0.838
2021-04-08 23:00,0.785
2021-04-09 00:00,0.720
2021-04-09 01:00,0.593
2021-04-09 02:00,0.516
2021-04-09 03:00,0.459
2021-04-09 04:00,0.416
2021-04-09 05:00,0.374
2021-04-09 06:00,0.276
2021-04-09 07:00,0.214
2021-04-09 08:00,0.218
2021-04-09 09:00,0.175
2021-04-09 10:00,0.147
2021-04-09 11:00,0.139
2021-04-09 12:00,0.143
2021-04-09 13:00,0.150
2021-04-09 14:00,0.160
2021-04-09 15:00,0.171
2021-04-09 16:00,0.174
2021-04-09 17:00,0.163
2021-04-09 18:00,0.164
2021-04-09 19:00,0.153
2021-04-09 20:00,0.132
2021-04-09 21:00,0.113
2021-04-09 22:00,0.097
2021-04-09 23:00,0.085
2021-04-10 00:00,0.084
2021-04-10 01:00,0.092
2021-04-10 02:00,0.115
2021-04-10 03:00,0.135
2021-04-10 04:00,0.138
2021-04-10 05:00,0.128
2021-04-10 06:00,0.091
2021-04-10 07:00,0.054
2021-04-10 08:00,0.038
2021-04-10 09:00,0.028
2021-04-10 10:00,0.029
2021-04-10 11:00,0.033
2021-04-10 12:00,0.038
2021-04-10 13:00,0.043
2021-04-10 14:00,0.053
2021-04-10 15:00,0.068
2021-04-10 16:00,0.085
2021-04-10 17:00,0.100
2021-04-10 18:00,0.129
2021-04-10 19:00,0.163
2021-04-10 20:00,0.172
2021-04-10 21:00,0.177
2021-04-10 22:00,0.187
2021-04-10 23:00,0.201
2021-04-11 00:00,0.225
2021-04-11 01:00,0.261
2021-04-11 02:00,0.303
2021-04-11 03:00,0.341
2021-04-11 04:00,0.365
2021-04-11 05:00,0.366
2021-04-11 06:00,0.268
2021-04-11 07:00,0.281
2021-04-11 08:00,0.384
2021-04-11 09:00,0.384
2021-04-11 10:00,0.319
2021-04-11 11:00,0.249
2021-04-11 12:00,0.208
2021-04-11 13:00,0.207
2021-04-11 14:00,0.236
2021-04-11 15:00,0.285
2021-04-11 16:00,0.311
2021-04-11 17:00,0.299
2021-04-11 18:00,0.302
2021-04-11 19:00,0.317
2021-04-11 20:00,0.309
2021-04-11 21:00,0.307
2021-04-11 22:00,0.311
2021-04-11 23:00,0.299
2021-04-12 00:00,0.276
2021-04-12 01:00,0.255
2021-04-12 02:00,0.239
2021-04-12 03:00,0.226
2021-04-12 04:00,0.209
2021-04-12 05:00,0.192
2021-04-12 06:00,0.131
2021-04-12 07:00,0.085
2021-04-12 08:00,0.085
2021-04-12 09:00,0.074
2021-04-12 10:00,0.072
2021-04-12 11:00,0.076
2021-04-12 12:00,0.079
2021-04-12 13:00,0.082
2021-04-12 14:00,0.085
2021-04-12 15:00,0.085
2021-04-12 16:00,0.083
2021-04-12 17:00,0.093
2021-04-12 18:00,0.118
2021-04-12 19:00,0.139
2021-04-12 20:00,0.150
2021-04-12 21:00,0.166
2021-04-12 22:00,0.184
2021-04-12 23:00,0.199
2021-04-13 00:00,0.213
2021-04-13 01:00,0.220
2021-04-13 02:00,0.218
2021-04-13 03:00,0.197
2021-04-13 04:00,0.161
2021-04-13 05:00,0.124
2021-04-13 06:00,0.086
2021-04-13 07:00,0.044
2021-04-13 08:00,0.032
2021-04-13 09:00,0.019
2021-04-13 10:00,0.015
2021-04-13 11:00,0.019
2021-04-13 12:00,0.027
2021-04-13 13:00,0.033
2021-04-13 14:00,0.037
2021-04-13 15:00,0.040
2021-04-13 16:00,0.046
2021-04-13 17:00,0.052
2021-04-13 18:00,0.065
2021-04-13 19:00,0.069
2021-04-13 20:00,0.064
2021-04-13 21:00,0.055
2021-04-13 22:00,0.050
2021-04-13 23:00,0.044
2021-04-14 00:00,0.037
2021-04-14 01:00,0.030
2021-04-14 02:00,0.024
2021-04-14 03:00,0.018
2021-04-14 04:00,0.012
2021-04-14 05:00,0.010
2021-04-14 06:00,0.011
2021-04-14 07:00,0.015
2021-04-14 08:00,0.026
2021-04-14 09:00,0.037
2021-04-14 10:00,0.048
2021-04-14 11:00,0.058
2021-04-14 12:00,0.065
2021-04-14 13:00,0.069
2021-04-14 14:00,0.075
2021-04-14 15:00,0.087
2021-04-14 16:00,0.103
2021-04-14 17:00,0.135
2021-04-14 18:00,0.221
2021-04-14 19:00,0.321
2021-04-14 20:00,0.344
2021-04-14 21:00,0.287
2021-04-14 22:00,0.198
2021-04-14 23:00,0.120
2021-04-15 00:00,0.064
2021-04-15 01:00,0.032
2021-04-15 02:00,0.022
2021-04-15 03:00,0.022
2021-04-15 04:00,0.025
2021-04-15 05:00,0.031
2021-04-15 06:00,0.037
2021-04-15 07:00,0.028
2021-04-15 08:00,0.029
2021-04-15 09:00,0.029
2021-04-15 10:00,0.032
2021-04-15 11:00,0.036
2021-04-15 12:00,0.041
2021-04-15 13:00,0.047
2021-04-15 14:00,0.055
2021-04-15 15:00,0.065
2021-04-15 16:00,0.083
2021-04-15 17:00,0.120
2021-04-15 18:00,0.214
2021-04-15 19:00,0.302
2021-04-15 20:00,0.318
2021-04-15 21:00,0.284
2021-04-15 22:00,0.232
2021-04-15 23:00,0.180
2021-04-16 00:00,0.130
2021-04-16 01:00,0.087
2021-04-16 02:00,0.057
2021-04-16 03:00,0.043
2021-04-16 04:00,0.032
2021-04-16 05:00,0.023
2021-04-16 06:00,0.013
2021-04-16 07:00,0.007
2021-04-16 08:00,0.006
2021-04-16 09:00,0.006
2021-04-16 10:00,0.010
2021-04-16 11:00,0.015
2021-04-16 12:00,0.018
2021-04-16 13:00,0.017
2021-04-16 14:00,0.014
2021-04-16 15:00,0.014
2021-04-16 16:00,0.017
2021-04-16 17:00,0.038
2021-04-16 18:00,0.112
2021-04-16 19:00,0.206
2021-04-16 20:00,0.257
2021-04-16 21:00,0.259
2021-04-16 22:00,0.237
2021-04-16 23:00,0.208
2021-04-17 00:00,0.179
2021-04-17 01:00,0.146
2021-04-17 02:00,0.116
2021-04-17 03:00,0.092
2021-04-17 04:00,0.070
2021-04-17 05:00,0.045
2021-04-17 06:00,0.019
2021-04-17 07:00,0.006
2021-04-17 08:00,0.009
2021-04-17 09:00,0.016
2021-04-17 10:00,0.019
2021-04-17 11:00,0.023
2021-04-17 12:00,0.027
2021-04-17 13:00,0.032
2021-04-17 14:00,0.038
2021-04-17 15:00,0.049
2021-04-17 16:00,0.064
2021-04-17 17:00,0.103
2021-04-17 18:00,0.207
2021-04-17 19:00,0.319
2021-04-17 20:00,0.370
2021-04-17 21:00,0.356
2021-04-17 22:00,0.309
2021-04-17 23:00,0.248
2021-04-18 00:00,0.186
2021-04-18 01:00,0.131
2021-04-18 02:00,0.083
2021-04-18 03:00,0.050
2021-04-18 04:00,0.031
2021-04-18 05:00,0.020
2021-04-18 06:00,0.014
2021-04-18 07:00,0.010
2021-04-18 08:00,0.010
2021-04-18 09:00,0.009
2021-04-18 10:00,0.008
2021-04-18 11:00,0.011
2021-04-18 12:00,0.015
2021-04-18 13:00,0.019
2021-04-18 14:00,0.023
2021-04-18 15:00,0.027
2021-04-18 16:00,0.033
2021-04-18 17:00,0.055
2021-04-18 18:00,0.125
2021-04-18 19:00,0.224
2021-04-18 20:00,0.305
2021-04-18 21:00,0.333
2021-04-18 22:00,0.306
2021-04-18 23:00,0.248
2021-04-19 00:00,0.187
2021-04-19 01:00,0.134
2021-04-19 02:00,0.091
2021-04-19 03:00,0.062
2021-04-19 04:00,0.044
2021-04-19 05:00,0.035
2021-04-19 06:00,0.027
2021-04-19 07:00,0.019
2021-04-19 08:00,0.031
2021-04-19 09:00,0.041
2021-04-19 10:00,0.050
2021-04-19 11:00,0.061
2021-04-19 12:00,0.070
2021-04-19 13:00,0.078
2021-04-19 14:00,0.083
2021-04-19 15:00,0.085
2021-04-19 16:00,0.089
2021-04-19 17:00,0.105
2021-04-19 18:00,0.168
2021-04-19 19:00,0.282
2021-04-19 20:00,0.374
2021-04-19 21:00,0.383
2021-04-19 22:00,0.338
2021-04-19 23:00,0.281
2021-04-20 00:00,0.235
2021-04-20 01:00,0.199
2021-04-20 02:00,0.163
2021-04-20 03:00,0.126
2021-04-20 04:00,0.085
2021-04-20 05:00,0.050
2021-04-20 06:00,0.024
2021-04-20 07:00,0.012
2021-04-20 08:00,0.013
2021-04-20 09:00,0.010
2021-04-20 10:00,0.006
2021-04-20 11:00,0.006
2021-04-20 12:00,0.005
2021-04-20 13:00,0.006
2021-04-20 14:00,0.011
2021-04-20 15:00,0.020
2021-04-20 16:00,0.036
2021-04-20 17:00,0.057
2021-04-20 18:00,0.085
2021-04-20 19:00,0.106
2021-04-20 20:00,0.123
2021-04-20 21:00,0.147
2021-04-20 22:00,0.177
2021-04-20 23:00,0.234
2021-04-21 00:00,0.286
2021-04-21 01:00,0.311
2021-04-21 02:00,0.361
2021-04-21 03:00,0.406
2021-04-21 04:00,0.429
2021-04-21 05:00,0.427
2021-04-21 06:00,0.423
2021-04-21 07:00,0.450
2021-04-21 08:00,0.436
2021-04-21 09:00,0.385
2021-04-21 10:00,0.333
2021-04-21 11:00,0.288
2021-04-21 12:00,0.254
2021-04-21 13:00,0.221
2021-04-21 14:00,0.198
2021-04-21 15:00,0.198
2021-04-21 16:00,0.218
2021-04-21 17:00,0.248
2021-04-21 18:00,0.304
2021-04-21 19:00,0.355
2021-04-21 20:00,0.328
2021-04-21 21:00,0.281
2021-04-21 22:00,0.224
2021-04-21 23:00,0.168
2021-04-22 00:00,0.119
2021-04-22 01:00,0.084
2021-04-22 02:00,0.060
2021-04-22 03:00,0.046
2021-04-22 04:00,0.034
2021-04-22 05:00,0.027
2021-04-22 06:00,0.021
2021-04-22 07:00,0.022
2021-04-22 08:00,0.017
2021-04-22 09:00,0.010
2021-04-22 10:00,0.008
2021-04-22 11:00,0.009
2021-04-22 12:00,0.010
2021-04-22 13:00,0.013
2021-04-22 14:00,0.015
2021-04-22 15:00,0.019
2021-04-22 16:00,0.027
2021-04-22 17:00,0.046
2021-04-22 18:00,0.096
2021-04-22 19:00,0.181
2021-04-22 20:00,0.272
2021-04-22 21:00,0.327
2021-04-22 22:00,0.339
2021-04-22 23:00,0.327
2021-04-23 00:00,0.309
2021-04-23 01:00,0.282
2021-04-23 02:00,0.248
2021-04-23 03:00,0.197
2021-04-23 04:00,0.136
2021-04-23 05:00,0.081
2021-04-23 06:00,0.038
2021-04-23 07:00,0.013
2021-04-23 08:00,0.048
2021-04-23 09:00,0.103
2021-04-23 10:00,0.128
2021-04-23 11:00,0.140
2021-04-23 12:00,0.136
2021-04-23 13:00,0.126
2021-04-23 14:00,0.120
2021-04-23 15:00,0.121
2021-04-23 16:00,0.131
2021-04-23 17:00,0.162
2021-04-23 18:00,0.257
2021-04-23 19:00,0.374
2021-04-23 20:00,0.436
2021-04-23 21:00,0.430
2021-04-23 22:00,0.387
2021-04-23 23:00,0.323
2021-04-24 00:00,0.243
2021-04-24 01:00,0.174
2021-04-24 02:00,0.119
2021-04-24 03:00,0.078
2021-04-24 04:00,0.049
2021-04-24 05:00,0.033
2021-04-24 06:00,0.029
2021-04-24 07:00,0.021
2021-04-24 08:00,0.023
2021-04-24 09:00,0.030
2021-04-24 10:00,0.042
2021-04-24 11:00,0.055
2021-04-24 12:00,0.069
2021-04-24 13:00,0.087
2021-04-24 14:00,0.113
2021-04-24 15:00,0.153
2021-04-24 16:00,0.203
2021-04-24 17:00,0.257
2021-04-24 18:00,0.358
2021-04-24 19:00,0.475
2021-04-24 20:00,0.453
2021-04-24 21:00,0.397
2021-04-24 22:00,0.346
2021-04-24 23:00,0.287
2021-04-25 00:00,0.235
2021-04-25 01:00,0.214
2021-04-25 02:00,0.196
2021-04-25 03:00,0.196
2021-04-25 04:00,0.199
2021-04-25 05:00,0.192
2021-04-25 06:00,0.184
2021-04-25 07:00,0.204
2021-04-25 08:00,0.198
2021-04-25 09:00,0.188
2021-04-25 10:00,0.179
2021-04-25 11:00,0.179
2021-04-25 12:00,0.183
2021-04-25 13:00,0.195
2021-04-25 14:00,0.208
2021-04-25 15:00,0.222
2021-04-25 16:00,0.230
2021-04-25 17:00,0.240
2021-04-25 18:00,0.273
2021-04-25 19:00,0.350
2021-04-25 20:00,0.363
2021-04-25 21:00,0.315
2021-04-25 22:00,0.255
2021-04-25 23:00,0.194
2021-04-26 00:00,0.145
2021-04-26 01:00,0.112
2021-04-26 02:00,0.081
2021-04-26 03:00,0.062
2021-04-26 04:00,0.047
2021-04-26 05:00,0.034
2021-04-26 06:00,0.020
2021-04-26 07:00,0.020
2021-04-26 08:00,0.020
2021-04-26 09:00,0.018
2021-04-26 10:00,0.016
2021-04-26 11:00,0.014
2021-04-26 12:00,0.017
2021-04-26 13:00,0.018
2021-04-26 14:00,0.021
2021-04-26 15:00,0.027
2021-04-26 16:00,0.038
2021-04-26 17:00,0.057
2021-04-26 18:00,0.113
2021-04-26 19:00,0.215
2021-04-26 20:00,0.330
2021-04-26 21:00,0.395
2021-04-26 22:00,0.407
2021-04-26 23:00,0.390
2021-04-27 00:00,0.344
2021-04-27 01:00,0.298
2021-04-27 02:00,0.249
2021-04-27 03:00,0.204
2021-04-27 04:00,0.159
2021-04-27 05:00,0.123
2021-04-27 06:00,0.074
2021-04-27 07:00,0.045
2021-04-27 08:00,0.030
2021-04-27 09:00,0.021
2021-04-27 10:00,0.017
2021-04-27 11:00,0.016
2021-04-27 12:00,0.018
2021-04-27 13:00,0.034
2021-04-27 14:00,0.059
2021-04-27 15:00,0.103
2021-04-27 16:00,0.178
2021-04-27 17:00,0.279
2021-04-27 18:00,0.365
2021-04-27 19:00,0.429
2021-04-27 20:00,0.466
2021-04-27 21:00,0.466
2021-04-27 22:00,0.439
2021-04-27 23:00,0.426
2021-04-28 00:00,0.435
2021-04-28 01:00,0.445
2021-04-28 02:00,0.480
2021-04-28 03:00,0.531
2021-04-28 04:00,0.510
2021-04-28 05:00,0.483
2021-04-28 06:00,0.460
2021-04-28 07:00,0.578
2021-04-28 08:00,0.638
2021-04-28 09:00,0.637
2021-04-28 10:00,0.616
2021-04-28 11:00,0.582
2021-04-28 12:00,0.551
2021-04-28 13:00,0.529
2021-04-28 14:00,0.520
2021-04-28 15:00,0.515
2021-04-28 16:00,0.508
2021-04-28 17:00,0.471
2021-04-28 18:00,0.414
2021-04-28 19:00,0.413
2021-04-28 20:00,0.400
2021-04-28 21:00,0.349
2021-04-28 22:00,0.319
2021-04-28 23:00,0.325
2021-04-29 00:00,0.347
2021-04-29 01:00,0.356
2021-04-29 02:00,0.338
2021-04-29 03:00,0.292
2021-04-29 04:00,0.270
2021-04-29 05:00,0.277
2021-04-29 06:00,0.259
2021-04-29 07:00,0.348
2021-04-29 08:00,0.384
2021-04-29 09:00,0.368
2021-04-29 10:00,0.333
2021-04-29 11:00,0.293
2021-04-29 12:00,0.256
2021-04-29 13:00,0.224
2021-04-29 14:00,0.198
2021-04-29 15:00,0.182
2021-04-29 16:00,0.171
2021-04-29 17:00,0.161
2021-04-29 18:00,0.162
2021-04-29 19:00,0.179
2021-04-29 20:00,0.173
2021-04-29 21:00,0.158
2021-04-29 22:00,0.136
2021-04-29 23:00,0.118
2021-04-30 00:00,0.103
2021-04-30 01:00,0.094
2021-04-30 02:00,0.093
2021-04-30 03:00,0.102
2021-04-30 04:00,0.120
2021-04-30 05:00,0.139
2021-04-30 06:00,0.095
2021-04-30 07:00,0.082
2021-04-30 08:00,0.071
2021-04-30 09:00,0.056
2021-04-30 10:00,0.041
2021-04-30 11:00,0.033
2021-04-30 12:00,0.036
2021-04-30 13:00,0.043
2021-04-30 14:00,0.054
2021-04-30 15:00,0.071
2021-04-30 16:00,0.090
2021-04-30 17:00,0.109
2021-04-30 18:00,0.135
2021-04-30 19:00,0.182
2021-04-30 20:00,0.215
2021-04-30 21:00,0.215
2021-04-30 22:00,0.205
2021-04-30 23:00,0.200
2021-05-01 00:00,0.198
2021-05-01 01:00,0.201
2021-05-01 02:00,0.206
2021-05-01 03:00,0.206
2021-05-01 04:00,0.204
2021-05-01 05:00,0.174
2021-05-01 06:00,0.131
2021-05-01 07:00,0.122
2021-05-01 08:00,0.097
2021-05-01 09:00,0.074
2021-05-01 10:00,0.061
2021-05-01 11:00,0.058
2021-05-01 12:00,0.062
2021-05-01 13:00,0.073
2021-05-01 14:00,0.085
2021-05-01 15:00,0.088
2021-05-01 16:00,0.081
2021-05-01 17:00,0.072
2021-05-01 18:00,0.072
2021-05-01 19:00,0.069
2021-05-01 20:00,0.055
2021-05-01 21:00,0.033
2021-05-01 22:00,0.013
2021-05-01 23:00,0.007
2021-05-02 00:00,0.021
2021-05-02 01:00,0.055
2021-05-02 02:00,0.100
2021-05-02 03:00,0.134
2021-05-02 04:00,0.149
2021-05-02 05:00,0.148
2021-05-02 06:00,0.093
2021-05-02 07:00,0.084
2021-05-02 08:00,0.084
2021-05-02 09:00,0.092
2021-05-02 10:00,0.112
2021-05-02 11:00,0.143
2021-05-02 12:00,0.183
2021-05-02 13:00,0.227
2021-05-02 14:00,0.261
2021-05-02 15:00,0.273
2021-05-02 16:00,0.257
2021-05-02 17:00,0.210
2021-05-02 18:00,0.191
2021-05-02 19:00,0.195
2021-05-02 20:00,0.184
2021-05-02 21:00,0.195
2021-05-02 22:00,0.232
2021-05-02 23:00,0.272
2021-05-03 00:00,0.285
2021-05-03 01:00,0.281
2021-05-03 02:00,0.268
2021-05-03 03:00,0.251
2021-05-03 04:00,0.250
2021-05-03 05:00,0.240
2021-05-03 06:00,0.194
2021-05-03 07:00,0.212
2021-05-03 08:00,0.355
2021-05-03 09:00,0.509
2021-05-03 10:00,0.655
2021-05-03 11:00,0.773
2021-05-03 12:00,0.867
2021-05-03 13:00,0.941
2021-05-03 14:00,0.979
2021-05-03 15:00,0.988
2021-05-03 16:00,0.987
2021-05-03 17:00,0.967
2021-05-03 18:00,0.916
2021-05-03 19:00,0.864
2021-05-03 20:00,0.828
2021-05-03 21:00,0.797
2021-05-03 22:00,0.746
2021-05-03 23:00,0.748
2021-05-04 00:00,0.752
2021-05-04 01:00,0.778
2021-05-04 02:00,0.828
2021-05-04 03:00,0.840
2021-05-04 04:00,0.855
2021-05-04 05:00,0.902
2021-05-04 06:00,0.941
2021-05-04 07:00,0.956
2021-05-04 08:00,0.962
2021-05-04 09:00,0.961
2021-05-04 10:00,0.953
2021-05-04 11:00,0.935
2021-05-04 12:00,0.911
2021-05-04 13:00,0.876
2021-05-04 14:00,0.830
2021-05-04 15:00,0.752
2021-05-04 16:00,0.612
2021-05-04 17:00,0.466
2021-05-04 18:00,0.419
2021-05-04 19:00,0.429
2021-05-04 20:00,0.436
2021-05-04 21:00,0.426
2021-05-04 22:00,0.410
2021-05-04 23:00,0.426
2021-05-05 00:00,0.444
2021-05-05 01:00,0.470
2021-05-05 02:00,0.492
2021-05-05 03:00,0.516
2021-05-05 04:00,0.529
2021-05-05 05:00,0.457
2021-05-05 06:00,0.314
2021-05-05 07:00,0.410
2021-05-05 08:00,0.411
2021-05-05 09:00,0.373
2021-05-05 10:00,0.365
2021-05-05 11:00,0.381
2021-05-05 12:00,0.383
2021-05-05 13:00,0.359
2021-05-05 14:00,0.333
2021-05-05 15:00,0.317
2021-05-05 16:00,0.302
2021-05-05 17:00,0.271
2021-05-05 18:00,0.232
2021-05-05 19:00,0.235
2021-05-05 20:00,0.248
2021-05-05 21:00,0.254
2021-05-05 22:00,0.248
2021-05-05 23:00,0.232
2021-05-06 00:00,0.214
2021-05-06 01:00,0.199
2021-05-06 02:00,0.181
2021-05-06 03:00,0.165
2021-05-06 04:00,0.160
2021-05-06 05:00,0.155
2021-05-06 06:00,0.125
2021-05-06 07:00,0.162
2021-05-06 08:00,0.200
2021-05-06 09:00,0.234
2021-05-06 10:00,0.270
2021-05-06 11:00,0.324
2021-05-06 12:00,0.400
2021-05-06 13:00,0.470
2021-05-06 14:00,0.511
2021-05-06 15:00,0.514
2021-05-06 16:00,0.473
2021-05-06 17:00,0.361
2021-05-06 18:00,0.276
2021-05-06 19:00,0.340
2021-05-06 20:00,0.420
2021-05-06 21:00,0.460
2021-05-06 22:00,0.446
2021-05-06 23:00,0.410
2021-05-07 00:00,0.367
2021-05-07 01:00,0.329
2021-05-07 02:00,0.277
2021-05-07 03:00,0.232
2021-05-07 04:00,0.194
2021-05-07 05:00,0.141
2021-05-07 06:00,0.090
2021-05-07 07:00,0.080
2021-05-07 08:00,0.074
2021-05-07 09:00,0.065
2021-05-07 10:00,0.079
2021-05-07 11:00,0.111
2021-05-07 12:00,0.165
2021-05-07 13:00,0.227
2021-05-07 14:00,0.242
2021-05-07 15:00,0.233
2021-05-07 16:00,0.213
2021-05-07 17:00,0.188
2021-05-07 18:00,0.137
2021-05-07 19:00,0.114
2021-05-07 20:00,0.059
2021-05-07 21:00,0.027
2021-05-07 22:00,0.021
2021-05-07 23:00,0.056
2021-05-08 00:00,0.164
2021-05-08 01:00,0.302
2021-05-08 02:00,0.387
2021-05-08 03:00,0.416
2021-05-08 04:00,0.453
2021-05-08 05:00,0.527
2021-05-08 06:00,0.649
2021-05-08 07:00,0.783
2021-05-08 08:00,0.841
2021-05-08 09:00,0.779
2021-05-08 10:00,0.581
2021-05-08 11:00,0.436
2021-05-08 12:00,0.453
2021-05-08 13:00,0.572
2021-05-08 14:00,0.672
2021-05-08 15:00,0.675
2021-05-08 16:00,0.586
2021-05-08 17:00,0.510
2021-05-08 18:00,0.476
2021-05-08 19:00,0.511
2021-05-08 20:00,0.558
2021-05-08 21:00,0.637
2021-05-08 22:00,0.673
2021-05-08 23:00,0.661
2021-05-09 00:00,0.621
2021-05-09 01:00,0.604
2021-05-09 02:00,0.615
2021-05-09 03:00,0.581
2021-05-09 04:00,0.564
2021-05-09 05:00,0.499
2021-05-09 06:00,0.439
2021-05-09 07:00,0.476
2021-05-09 08:00,0.588
2021-05-09 09:00,0.632
2021-05-09 10:00,0.654
2021-05-09 11:00,0.669
2021-05-09 12:00,0.675
2021-05-09 13:00,0.674
2021-05-09 14:00,0.663
2021-05-09 15:00,0.616
2021-05-09 16:00,0.507
2021-05-09 17:00,0.423
2021-05-09 18:00,0.379
2021-05-09 19:00,0.352
2021-05-09 20:00,0.417
2021-05-09 21:00,0.460
2021-05-09 22:00,0.456
2021-05-09 23:00,0.414
2021-05-10 00:00,0.390
2021-05-10 01:00,0.390
2021-05-10 02:00,0.321
2021-05-10 03:00,0.271
2021-05-10 04:00,0.270
2021-05-10 05:00,0.314
2021-05-10 06:00,0.279
2021-05-10 07:00,0.506
2021-05-10 08:00,0.637
2021-05-10 09:00,0.692
2021-05-10 10:00,0.731
2021-05-10 11:00,0.780
2021-05-10 12:00,0.822
2021-05-10 13:00,0.855
2021-05-10 14:00,0.873
2021-05-10 15:00,0.882
2021-05-10 16:00,0.872
2021-05-10 17:00,0.859
2021-05-10 18:00,0.837
2021-05-10 19:00,0.822
2021-05-10 20:00,0.804
2021-05-10 21:00,0.750
2021-05-10 22:00,0.622
2021-05-10 23:00,0.529
2021-05-11 00:00,0.450
2021-05-11 01:00,0.387
2021-05-11 02:00,0.303
2021-05-11 03:00,0.218
2021-05-11 04:00,0.160
2021-05-11 05:00,0.126
2021-05-11 06:00,0.122
2021-05-11 07:00,0.191
2021-05-11 08:00,0.268
2021-05-11 09:00,0.333
2021-05-11 10:00,0.351
2021-05-11 11:00,0.355
2021-05-11 12:00,0.321
2021-05-11 13:00,0.257
2021-05-11 14:00,0.195
2021-05-11 15:00,0.156
2021-05-11 16:00,0.148
2021-05-11 17:00,0.157
2021-05-11 18:00,0.194
2021-05-11 19:00,0.272
2021-05-11 20:00,0.342
2021-05-11 21:00,0.362
2021-05-11 22:00,0.347
2021-05-11 23:00,0.306
2021-05-12 00:00,0.259
2021-05-12 01:00,0.205
2021-05-12 02:00,0.160
2021-05-12 03:00,0.140
2021-05-12 04:00,0.132
2021-05-12 05:00,0.124
2021-05-12 06:00,0.097
2021-05-12 07:00,0.130
2021-05-12 08:00,0.165
2021-05-12 09:00,0.179
2021-05-12 10:00,0.185
2021-05-12 11:00,0.192
2021-05-12 12:00,0.188
2021-05-12 13:00,0.176
2021-05-12 14:00,0.150
2021-05-12 15:00,0.115
2021-05-12 16:00,0.083
2021-05-12 17:00,0.058
2021-05-12 18:00,0.036
2021-05-12 19:00,0.018
2021-05-12 20:00,0.012
2021-05-12 21:00,0.024
2021-05-12 22:00,0.044
2021-05-12 23:00,0.060
2021-05-13 00:00,0.080
2021-05-13 01:00,0.107
2021-05-13 02:00,0.137
2021-05-13 03:00,0.157
2021-05-13 04:00,0.167
2021-05-13 05:00,0.155
2021-05-13 06:00,0.104
2021-05-13 07:00,0.070
2021-05-13 08:00,0.083
2021-05-13 09:00,0.110
2021-05-13 10:00,0.125
2021-05-13 11:00,0.134
2021-05-13 12:00,0.139
2021-05-13 13:00,0.154
2021-05-13 14:00,0.181
2021-05-13 15:00,0.221
2021-05-13 16:00,0.254
2021-05-13 17:00,0.270
2021-05-13 18:00,0.300
2021-05-13 19:00,0.321
2021-05-13 20:00,0.325
2021-05-13 21:00,0.279
2021-05-13 22:00,0.233
2021-05-13 23:00,0.197
2021-05-14 00:00,0.161
2021-05-14 01:00,0.133
2021-05-14 02:00,0.115
2021-05-14 03:00,0.102
2021-05-14 04:00,0.089
2021-05-14 05:00,0.096
2021-05-14 06:00,0.082
2021-05-14 07:00,0.051
2021-05-14 08:00,0.027
2021-05-14 09:00,0.015
2021-05-14 10:00,0.010
2021-05-14 11:00,0.005
2021-05-14 12:00,0.004
2021-05-14 13:00,0.007
2021-05-14 14:00,0.008
2021-05-14 15:00,0.006
2021-05-14 16:00,0.005
2021-05-14 17:00,0.014
2021-05-14 18:00,0.047
2021-05-14 19:00,0.122
2021-05-14 20:00,0.216
2021-05-14 21:00,0.259
2021-05-14 22:00,0.254
2021-05-14 23:00,0.242
2021-05-15 00:00,0.231
2021-05-15 01:00,0.218
2021-05-15 02:00,0.198
2021-05-15 03:00,0.194
2021-05-15 04:00,0.181
2021-05-15 05:00,0.149
2021-05-15 06:00,0.124
2021-05-15 07:00,0.132
2021-05-15 08:00,0.125
2021-05-15 09:00,0.128
2021-05-15 10:00,0.149
2021-05-15 11:00,0.166
2021-05-15 12:00,0.179
2021-05-15 13:00,0.189
2021-05-15 14:00,0.189
2021-05-15 15:00,0.181
2021-05-15 16:00,0.164
2021-05-15 17:00,0.145
2021-05-15 18:00,0.138
2021-05-15 19:00,0.186
2021-05-15 20:00,0.226
2021-05-15 21:00,0.212
2021-05-15 22:00,0.179
2021-05-15 23:00,0.144
2021-05-16 00:00,0.122
2021-05-16 01:00,0.113
2021-05-16 02:00,0.111
2021-05-16 03:00,0.109
2021-05-16 04:00,0.099
2021-05-16 05:00,0.068
2021-05-16 06:00,0.037
2021-05-16 07:00,0.033
2021-05-16 08:00,0.038
2021-05-16 09:00,0.042
2021-05-16 10:00,0.043
2021-05-16 11:00,0.046
2021-05-16 12:00,0.045
2021-05-16 13:00,0.045
2021-05-16 14:00,0.052
2021-05-16 15:00,0.065
2021-05-16 16:00,0.082
2021-05-16 17:00,0.102
2021-05-16 18:00,0.131
2021-05-16 19:00,0.181
2021-05-16 20:00,0.207
2021-05-16 21:00,0.202
2021-05-16 22:00,0.189
2021-05-16 23:00,0.176
2021-05-17 00:00,0.161
2021-05-17 01:00,0.140
2021-05-17 02:00,0.120
2021-05-17 03:00,0.095
2021-05-17 04:00,0.065
2021-05-17 05:00,0.027
2021-05-17 06:00,0.010
2021-05-17 07:00,0.011
2021-05-17 08:00,0.024
2021-05-17 09:00,0.052
2021-05-17 10:00,0.085
2021-05-17 11:00,0.128
2021-05-17 12:00,0.182
2021-05-17 13:00,0.245
2021-05-17 14:00,0.314
2021-05-17 15:00,0.374
2021-05-17 16:00,0.416
2021-05-17 17:00,0.426
2021-05-17 18:00,0.406
2021-05-17 19:00,0.406
2021-05-17 20:00,0.423
2021-05-17 21:00,0.432
2021-05-17 22:00,0.424
2021-05-17 23:00,0.416
2021-05-18 00:00,0.396
2021-05-18 01:00,0.358
2021-05-18 02:00,0.302
2021-05-18 03:00,0.237
2021-05-18 04:00,0.188
2021-05-18 05:00,0.141
2021-05-18 06:00,0.102
2021-05-18 07:00,0.098
2021-05-18 08:00,0.107
2021-05-18 09:00,0.126
2021-05-18 10:00,0.139
2021-05-18 11:00,0.154
2021-05-18 12:00,0.164
2021-05-18 13:00,0.167
2021-05-18 14:00,0.166
2021-05-18 15:00,0.166
2021-05-18 16:00,0.171
2021-05-18 17:00,0.174
2021-05-18 18:00,0.175
2021-05-18 19:00,0.204
2021-05-18 20:00,0.235
2021-05-18 21:00,0.273
2021-05-18 22:00,0.320
2021-05-18 23:00,0.365
2021-05-19 00:00,0.406
2021-05-19 01:00,0.429
2021-05-19 02:00,0.413
2021-05-19 03:00,0.339
2021-05-19 04:00,0.251
2021-05-19 05:00,0.169
2021-05-19 06:00,0.121
2021-05-19 07:00,0.123
2021-05-19 08:00,0.120
2021-05-19 09:00,0.136
2021-05-19 10:00,0.169
2021-05-19 11:00,0.204
2021-05-19 12:00,0.242
2021-05-19 13:00,0.285
2021-05-19 14:00,0.308
2021-05-19 15:00,0.292
2021-05-19 16:00,0.257
2021-05-19 17:00,0.235
2021-05-19 18:00,0.230
2021-05-19 19:00,0.265
2021-05-19 20:00,0.256
2021-05-19 21:00,0.212
2021-05-19 22:00,0.205
2021-05-19 23:00,0.229
2021-05-20 00:00,0.222
2021-05-20 01:00,0.180
2021-05-20 02:00,0.158
2021-05-20 03:00,0.213
2021-05-20 04:00,0.287
2021-05-20 05:00,0.251
2021-05-20 06:00,0.201
2021-05-20 07:00,0.247
2021-05-20 08:00,0.526
2021-05-20 09:00,0.723
2021-05-20 10:00,0.864
2021-05-20 11:00,0.935
2021-05-20 12:00,0.954
2021-05-20 13:00,0.949
2021-05-20 14:00,0.936
2021-05-20 15:00,0.917
2021-05-20 16:00,0.907
2021-05-20 17:00,0.914
2021-05-20 18:00,0.922
2021-05-20 19:00,0.926
2021-05-20 20:00,0.927
2021-05-20 21:00,0.927
2021-05-20 22:00,0.920
2021-05-20 23:00,0.903
2021-05-21 00:00,0.878
2021-05-21 01:00,0.858
2021-05-21 02:00,0.846
2021-05-21 03:00,0.853
2021-05-21 04:00,0.846
2021-05-21 05:00,0.831
2021-05-21 06:00,0.809
2021-05-21 07:00,0.776
2021-05-21 08:00,0.739
2021-05-21 09:00,0.692
2021-05-21 10:00,0.572
2021-05-21 11:00,0.462
2021-05-21 12:00,0.430
2021-05-21 13:00,0.452
2021-05-21 14:00,0.492
2021-05-21 15:00,0.500
2021-05-21 16:00,0.516
2021-05-21 17:00,0.508
2021-05-21 18:00,0.559
2021-05-21 19:00,0.608
2021-05-21 20:00,0.634
2021-05-21 21:00,0.634
2021-05-21 22:00,0.633
2021-05-21 23:00,0.623
2021-05-22 00:00,0.604
2021-05-22 01:00,0.591
2021-05-22 02:00,0.594
2021-05-22 03:00,0.577
2021-05-22 04:00,0.532
2021-05-22 05:00,0.468
2021-05-22 06:00,0.439
2021-05-22 07:00,0.399
2021-05-22 08:00,0.327
2021-05-22 09:00,0.273
2021-05-22 10:00,0.243
2021-05-22 11:00,0.238
2021-05-22 12:00,0.260
2021-05-22 13:00,0.309
2021-05-22 14:00,0.343
2021-05-22 15:00,0.357
2021-05-22 16:00,0.359
2021-05-22 17:00,0.352
2021-05-22 18:00,0.325
2021-05-22 19:00,0.325
2021-05-22 20:00,0.380
2021-05-22 21:00,0.394
2021-05-22 22:00,0.369
2021-05-22 23:00,0.350
2021-05-23 00:00,0.342
2021-05-23 01:00,0.331
2021-05-23 02:00,0.326
2021-05-23 03:00,0.327
2021-05-23 04:00,0.321
2021-05-23 05:00,0.247
2021-05-23 06:00,0.209
2021-05-23 07:00,0.291
2021-05-23 08:00,0.442
2021-05-23 09:00,0.598
2021-05-23 10:00,0.663
2021-05-23 11:00,0.721
2021-05-23 12:00,0.763
2021-05-23 13:00,0.788
2021-05-23 14:00,0.834
2021-05-23 15:00,0.868
2021-05-23 16:00,0.872
2021-05-23 17:00,0.868
2021-05-23 18:00,0.868
2021-05-23 19:00,0.860
2021-05-23 20:00,0.813
2021-05-23 21:00,0.725
2021-05-23 22:00,0.566
2021-05-23 23:00,0.446
2021-05-24 00:00,0.415
2021-05-24 01:00,0.383
2021-05-24 02:00,0.365
2021-05-24 03:00,0.338
2021-05-24 04:00,0.310
2021-05-24 05:00,0.257
2021-05-24 06:00,0.224
2021-05-24 07:00,0.221
2021-05-24 08:00,0.183
2021-05-24 09:00,0.141
2021-05-24 10:00,0.103
2021-05-24 11:00,0.070
2021-05-24 12:00,0.052
2021-05-24 13:00,0.056
2021-05-24 14:00,0.085
2021-05-24 15:00,0.125
2021-05-24 16:00,0.178
2021-05-24 17:00,0.224
2021-05-24 18:00,0.276
2021-05-24 19:00,0.360
2021-05-24 20:00,0.467
2021-05-24 21:00,0.547
2021-05-24 22:00,0.556
2021-05-24 23:00,0.518
2021-05-25 00:00,0.483
2021-05-25 01:00,0.493
2021-05-25 02:00,0.502
2021-05-25 03:00,0.546
2021-05-25 04:00,0.540
2021-05-25 05:00,0.523
2021-05-25 06:00,0.583
2021-05-25 07:00,0.640
2021-05-25 08:00,0.659
2021-05-25 09:00,0.663
2021-05-25 10:00,0.666
2021-05-25 11:00,0.671
2021-05-25 12:00,0.671
2021-05-25 13:00,0.665
2021-05-25 14:00,0.654
2021-05-25 15:00,0.611
2021-05-25 16:00,0.536
2021-05-25 17:00,0.423
2021-05-25 18:00,0.309
2021-05-25 19:00,0.268
2021-05-25 20:00,0.264
2021-05-25 21:00,0.256
2021-05-25 22:00,0.262
2021-05-25 23:00,0.268
2021-05-26 00:00,0.278
2021-05-26 01:00,0.285
2021-05-26 02:00,0.282
2021-05-26 03:00,0.297
2021-05-26 04:00,0.351
2021-05-26 05:00,0.369
2021-05-26 06:00,0.423
2021-05-26 07:00,0.484
2021-05-26 08:00,0.473
2021-05-26 09:00,0.426
2021-05-26 10:00,0.370
2021-05-26 11:00,0.294
2021-05-26 12:00,0.241
2021-05-26 13:00,0.227
2021-05-26 14:00,0.225
2021-05-26 15:00,0.222
2021-05-26 16:00,0.210
2021-05-26 17:00,0.181
2021-05-26 18:00,0.155
2021-05-26 19:00,0.180
2021-05-26 20:00,0.212
2021-05-26 21:00,0.256
2021-05-26 22:00,0.289
2021-05-26 23:00,0.310
2021-05-27 00:00,0.309
2021-05-27 01:00,0.290
2021-05-27 02:00,0.255
2021-05-27 03:00,0.194
2021-05-27 04:00,0.118
2021-05-27 05:00,0.052
2021-05-27 06:00,0.023
2021-05-27 07:00,0.015
2021-05-27 08:00,0.007
2021-05-27 09:00,0.006
2021-05-27 10:00,0.007
2021-05-27 11:00,0.018
2021-05-27 12:00,0.032
2021-05-27 13:00,0.044
2021-05-27 14:00,0.058
2021-05-27 15:00,0.075
2021-05-27 16:00,0.079
2021-05-27 17:00,0.068
2021-05-27 18:00,0.072
2021-05-27 19:00,0.115
2021-05-27 20:00,0.169
2021-05-27 21:00,0.191
2021-05-27 22:00,0.169
2021-05-27 23:00,0.136
2021-05-28 00:00,0.112
2021-05-28 01:00,0.081
2021-05-28 02:00,0.059
2021-05-28 03:00,0.042
2021-05-28 04:00,0.030
2021-05-28 05:00,0.018
2021-05-28 06:00,0.011
2021-05-28 07:00,0.009
2021-05-28 08:00,0.008
2021-05-28 09:00,0.004
2021-05-28 10:00,0.008
2021-05-28 11:00,0.015
2021-05-28 12:00,0.021
2021-05-28 13:00,0.025
2021-05-28 14:00,0.031
2021-05-28 15:00,0.036
2021-05-28 16:00,0.038
2021-05-28 17:00,0.040
2021-05-28 18:00,0.044
2021-05-28 19:00,0.046
2021-05-28 20:00,0.038
2021-05-28 21:00,0.028
2021-05-28 22:00,0.023
2021-05-28 23:00,0.024
2021-05-29 00:00,0.030
2021-05-29 01:00,0.038
2021-05-29 02:00,0.046
2021-05-29 03:00,0.052
2021-05-29 04:00,0.063
2021-05-29 05:00,0.069
2021-05-29 06:00,0.050
2021-05-29 07:00,0.042
2021-05-29 08:00,0.040
2021-05-29 09:00,0.036
2021-05-29 10:00,0.046
2021-05-29 11:00,0.056
2021-05-29 12:00,0.065
2021-05-29 13:00,0.070
2021-05-29 14:00,0.075
2021-05-29 15:00,0.075
2021-05-29 16:00,0.075
2021-05-29 17:00,0.086
2021-05-29 18:00,0.114
2021-05-29 19:00,0.180
2021-05-29 20:00,0.274
2021-05-29 21:00,0.314
2021-05-29 22:00,0.299
2021-05-29 23:00,0.265
2021-05-30 00:00,0.228
2021-05-30 01:00,0.195
2021-05-30 02:00,0.163
2021-05-30 03:00,0.142
2021-05-30 04:00,0.135
2021-05-30 05:00,0.093
2021-05-30 06:00,0.083
2021-05-30 07:00,0.106
2021-05-30 08:00,0.119
2021-05-30 09:00,0.129
2021-05-30 10:00,0.135
2021-05-30 11:00,0.145
2021-05-30 12:00,0.155
2021-05-30 13:00,0.161
2021-05-30 14:00,0.165
2021-05-30 15:00,0.179
2021-05-30 16:00,0.205
2021-05-30 17:00,0.248
2021-05-30 18:00,0.281
2021-05-30 19:00,0.346
2021-05-30 20:00,0.410
2021-05-30 21:00,0.370
2021-05-30 22:00,0.313
2021-05-30 23:00,0.268
2021-05-31 00:00,0.238
2021-05-31 01:00,0.217
2021-05-31 02:00,0.200
2021-05-31 03:00,0.187
2021-05-31 04:00,0.148
2021-05-31 05:00,0.112
2021-05-31 06:00,0.098
2021-05-31 07:00,0.100
2021-05-31 08:00,0.133
2021-05-31 09:00,0.173
2021-05-31 10:00,0.229
2021-05-31 11:00,0.295
2021-05-31 12:00,0.346
2021-05-31 13:00,0.365
2021-05-31 14:00,0.367
2021-05-31 15:00,0.364
2021-05-31 16:00,0.361
2021-05-31 17:00,0.345
2021-05-31 18:00,0.332
2021-05-31 19:00,0.409
2021-05-31 20:00,0.485
2021-05-31 21:00,0.452
2021-05-31 22:00,0.410
2021-05-31 23:00,0.393
2021-06-01 00:00,0.367
2021-06-01 01:00,0.345
2021-06-01 02:00,0.313
2021-06-01 03:00,0.285
2021-06-01 04:00,0.259
2021-06-01 05:00,0.164
2021-06-01 06:00,0.105
2021-06-01 07:00,0.124
2021-06-01 08:00,0.174
2021-06-01 09:00,0.221
2021-06-01 10:00,0.241
2021-06-01 11:00,0.259
2021-06-01 12:00,0.281
2021-06-01 13:00,0.306
2021-06-01 14:00,0.325
2021-06-01 15:00,0.345
2021-06-01 16:00,0.366
2021-06-01 17:00,0.357
2021-06-01 18:00,0.359
2021-06-01 19:00,0.417
2021-06-01 20:00,0.448
2021-06-01 21:00,0.406
2021-06-01 22:00,0.367
2021-06-01 23:00,0.357
2021-06-02 00:00,0.370
2021-06-02 01:00,0.385
2021-06-02 02:00,0.394
2021-06-02 03:00,0.406
2021-06-02 04:00,0.416
2021-06-02 05:00,0.391
2021-06-02 06:00,0.355
2021-06-02 07:00,0.397
2021-06-02 08:00,0.468
2021-06-02 09:00,0.552
2021-06-02 10:00,0.606
2021-06-02 11:00,0.640
2021-06-02 12:00,0.640
2021-06-02 13:00,0.621
2021-06-02 14:00,0.597
2021-06-02 15:00,0.562
2021-06-02 16:00,0.520
2021-06-02 17:00,0.455
2021-06-02 18:00,0.403
2021-06-02 19:00,0.417
2021-06-02 20:00,0.397
2021-06-02 21:00,0.338
2021-06-02 22:00,0.287
2021-06-02 23:00,0.272
2021-06-03 00:00,0.260
2021-06-03 01:00,0.251
2021-06-03 02:00,0.262
2021-06-03 03:00,0.259
2021-06-03 04:00,0.224
2021-06-03 05:00,0.164
2021-06-03 06:00,0.133
2021-06-03 07:00,0.111
2021-06-03 08:00,0.113
2021-06-03 09:00,0.126
2021-06-03 10:00,0.140
2021-06-03 11:00,0.155
2021-06-03 12:00,0.166
2021-06-03 13:00,0.160
2021-06-03 14:00,0.143
2021-06-03 15:00,0.131
2021-06-03 16:00,0.134
2021-06-03 17:00,0.156
2021-06-03 18:00,0.189
2021-06-03 19:00,0.223
2021-06-03 20:00,0.230
2021-06-03 21:00,0.215
2021-06-03 22:00,0.202
2021-06-03 23:00,0.215
2021-06-04 00:00,0.255
2021-06-04 01:00,0.268
2021-06-04 02:00,0.257
2021-06-04 03:00,0.237
2021-06-04 04:00,0.201
2021-06-04 05:00,0.096
2021-06-04 06:00,0.085
2021-06-04 07:00,0.071
2021-06-04 08:00,0.048
2021-06-04 09:00,0.038
2021-06-04 10:00,0.033
2021-06-04 11:00,0.027
2021-06-04 12:00,0.020
2021-06-04 13:00,0.016
2021-06-04 14:00,0.014
2021-06-04 15:00,0.012
2021-06-04 16:00,0.011
2021-06-04 17:00,0.010
2021-06-04 18:00,0.009
2021-06-04 19:00,0.017
2021-06-04 20:00,0.036
2021-06-04 21:00,0.046
2021-06-04 22:00,0.046
2021-06-04 23:00,0.044
2021-06-05 00:00,0.043
2021-06-05 01:00,0.038
2021-06-05 02:00,0.030
2021-06-05 03:00,0.023
2021-06-05 04:00,0.021
2021-06-05 05:00,0.017
2021-06-05 06:00,0.008
2021-06-05 07:00,0.004
2021-06-05 08:00,0.015
2021-06-05 09:00,0.028
2021-06-05 10:00,0.040
2021-06-05 11:00,0.053
2021-06-05 12:00,0.068
2021-06-05 13:00,0.088
2021-06-05 14:00,0.114
2021-06-05 15:00,0.131
2021-06-05 16:00,0.132
2021-06-05 17:00,0.128
2021-06-05 18:00,0.133
2021-06-05 19:00,0.145
2021-06-05 20:00,0.169
2021-06-05 21:00,0.187
2021-06-05 22:00,0.214
2021-06-05 23:00,0.240
2021-06-06 00:00,0.238
2021-06-06 01:00,0.217
2021-06-06 02:00,0.199
2021-06-06 03:00,0.178
2021-06-06 04:00,0.146
2021-06-06 05:00,0.083
2021-06-06 06:00,0.059
2021-06-06 07:00,0.042
2021-06-06 08:00,0.025
2021-06-06 09:00,0.015
2021-06-06 10:00,0.013
2021-06-06 11:00,0.013
2021-06-06 12:00,0.009
2021-06-06 13:00,0.008
2021-06-06 14:00,0.010
2021-06-06 15:00,0.013
2021-06-06 16:00,0.015
2021-06-06 17:00,0.017
2021-06-06 18:00,0.022
2021-06-06 19:00,0.035
2021-06-06 20:00,0.062
2021-06-06 21:00,0.096
2021-06-06 22:00,0.130
2021-06-06 23:00,0.154
2021-06-07 00:00,0.161
2021-06-07 01:00,0.149
2021-06-07 02:00,0.133
2021-06-07 03:00,0.118
2021-06-07 04:00,0.112
2021-06-07 05:00,0.073
2021-06-07 06:00,0.048
2021-06-07 07:00,0.055
2021-06-07 08:00,0.072
2021-06-07 09:00,0.103
2021-06-07 10:00,0.152
2021-06-07 11:00,0.208
2021-06-07 12:00,0.248
2021-06-07 13:00,0.257
2021-06-07 14:00,0.250
2021-06-07 15:00,0.231
2021-06-07 16:00,0.207
2021-06-07 17:00,0.190
2021-06-07 18:00,0.183
2021-06-07 19:00,0.192
2021-06-07 20:00,0.204
2021-06-07 21:00,0.184
2021-06-07 22:00,0.164
2021-06-07 23:00,0.162
2021-06-08 00:00,0.179
2021-06-08 01:00,0.192
2021-06-08 02:00,0.188
2021-06-08 03:00,0.150
2021-06-08 04:00,0.102
2021-06-08 05:00,0.059
2021-06-08 06:00,0.061
2021-06-08 07:00,0.073
2021-06-08 08:00,0.084
2021-06-08 09:00,0.094
2021-06-08 10:00,0.107
2021-06-08 11:00,0.122
2021-06-08 12:00,0.138
2021-06-08 13:00,0.150
2021-06-08 14:00,0.156
2021-06-08 15:00,0.154
2021-06-08 16:00,0.146
2021-06-08 17:00,0.134
2021-06-08 18:00,0.122
2021-06-08 19:00,0.109
2021-06-08 20:00,0.095
2021-06-08 21:00,0.088
2021-06-08 22:00,0.086
2021-06-08 23:00,0.079
2021-06-09 00:00,0.072
2021-06-09 01:00,0.070
2021-06-09 02:00,0.072
2021-06-09 03:00,0.080
2021-06-09 04:00,0.093
2021-06-09 05:00,0.076
2021-06-09 06:00,0.086
2021-06-09 07:00,0.145
2021-06-09 08:00,0.199
2021-06-09 09:00,0.247
2021-06-09 10:00,0.279
2021-06-09 11:00,0.302
2021-06-09 12:00,0.320
2021-06-09 13:00,0.335
2021-06-09 14:00,0.360
2021-06-09 15:00,0.402
2021-06-09 16:00,0.426
2021-06-09 17:00,0.396
2021-06-09 18:00,0.301
2021-06-09 19:00,0.259
2021-06-09 20:00,0.305
2021-06-09 21:00,0.394
2021-06-09 22:00,0.423
2021-06-09 23:00,0.410
2021-06-10 00:00,0.404
2021-06-10 01:00,0.393
2021-06-10 02:00,0.377
2021-06-10 03:00,0.354
2021-06-10 04:00,0.285
2021-06-10 05:00,0.170
2021-06-10 06:00,0.216
2021-06-10 07:00,0.262
2021-06-10 08:00,0.290
2021-06-10 09:00,0.329
2021-06-10 10:00,0.371
2021-06-10 11:00,0.416
2021-06-10 12:00,0.460
2021-06-10 13:00,0.497
2021-06-10 14:00,0.526
2021-06-10 15:00,0.553
2021-06-10 16:00,0.566
2021-06-10 17:00,0.512
2021-06-10 18:00,0.456
2021-06-10 19:00,0.506
2021-06-10 20:00,0.591
2021-06-10 21:00,0.622
2021-06-10 22:00,0.577
2021-06-10 23:00,0.583
2021-06-11 00:00,0.584
2021-06-11 01:00,0.576
2021-06-11 02:00,0.594
2021-06-11 03:00,0.599
2021-06-11 04:00,0.552
2021-06-11 05:00,0.479
2021-06-11 06:00,0.624
2021-06-11 07:00,0.668
2021-06-11 08:00,0.673
2021-06-11 09:00,0.686
2021-06-11 10:00,0.700
2021-06-11 11:00,0.719
2021-06-11 12:00,0.716
2021-06-11 13:00,0.710
2021-06-11 14:00,0.678
2021-06-11 15:00,0.645
2021-06-11 16:00,0.601
2021-06-11 17:00,0.538
2021-06-11 18:00,0.429
2021-06-11 19:00,0.309
2021-06-11 20:00,0.286
2021-06-11 21:00,0.302
2021-06-11 22:00,0.317
2021-06-11 23:00,0.320
2021-06-12 00:00,0.359
2021-06-12 01:00,0.391
2021-06-12 02:00,0.416
2021-06-12 03:00,0.423
2021-06-12 04:00,0.345
2021-06-12 05:00,0.230
2021-06-12 06:00,0.338
2021-06-12 07:00,0.389
2021-06-12 08:00,0.395
2021-06-12 09:00,0.366
2021-06-12 10:00,0.342
2021-06-12 11:00,0.346
2021-06-12 12:00,0.360
2021-06-12 13:00,0.374
2021-06-12 14:00,0.372
2021-06-12 15:00,0.360
2021-06-12 16:00,0.341
2021-06-12 17:00,0.323
2021-06-12 18:00,0.299
2021-06-12 19:00,0.262
2021-06-12 20:00,0.297
2021-06-12 21:00,0.321
2021-06-12 22:00,0.319
2021-06-12 23:00,0.312
2021-06-13 00:00,0.300
2021-06-13 01:00,0.291
2021-06-13 02:00,0.289
2021-06-13 03:00,0.284
2021-06-13 04:00,0.243
2021-06-13 05:00,0.135
2021-06-13 06:00,0.113
2021-06-13 07:00,0.116
2021-06-13 08:00,0.116
2021-06-13 09:00,0.139
2021-06-13 10:00,0.159
2021-06-13 11:00,0.166
2021-06-13 12:00,0.164
2021-06-13 13:00,0.164
2021-06-13 14:00,0.161
2021-06-13 15:00,0.156
2021-06-13 16:00,0.140
2021-06-13 17:00,0.118
2021-06-13 18:00,0.106
2021-06-13 19:00,0.106
2021-06-13 20:00,0.128
2021-06-13 21:00,0.169
2021-06-13 22:00,0.238
2021-06-13 23:00,0.330
2021-06-14 00:00,0.397
2021-06-14 01:00,0.406
2021-06-14 02:00,0.431
2021-06-14 03:00,0.459
2021-06-14 04:00,0.446
2021-06-14 05:00,0.371
2021-06-14 06:00,0.439
2021-06-14 07:00,0.516
2021-06-14 08:00,0.491
2021-06-14 09:00,0.451
2021-06-14 10:00,0.442
2021-06-14 11:00,0.450
2021-06-14 12:00,0.458
2021-06-14 13:00,0.469
2021-06-14 14:00,0.483
2021-06-14 15:00,0.456
2021-06-14 16:00,0.396
2021-06-14 17:00,0.338
2021-06-14 18:00,0.315
2021-06-14 19:00,0.298
2021-06-14 20:00,0.297
2021-06-14 21:00,0.298
2021-06-14 22:00,0.291
2021-06-14 23:00,0.281
2021-06-15 00:00,0.262
2021-06-15 01:00,0.223
2021-06-15 02:00,0.181
2021-06-15 03:00,0.139
2021-06-15 04:00,0.099
2021-06-15 05:00,0.043
2021-06-15 06:00,0.017
2021-06-15 07:00,0.011
2021-06-15 08:00,0.015
2021-06-15 09:00,0.029
2021-06-15 10:00,0.056
2021-06-15 11:00,0.092
2021-06-15 12:00,0.126
2021-06-15 13:00,0.150
2021-06-15 14:00,0.168
2021-06-15 15:00,0.187
2021-06-15 16:00,0.204
2021-06-15 17:00,0.200
2021-06-15 18:00,0.189
2021-06-15 19:00,0.241
2021-06-15 20:00,0.344
2021-06-15 21:00,0.423
2021-06-15 22:00,0.471
2021-06-15 23:00,0.492
2021-06-16 00:00,0.490
2021-06-16 01:00,0.476
2021-06-16 02:00,0.447
2021-06-16 03:00,0.400
2021-06-16 04:00,0.345
2021-06-16 05:00,0.235
2021-06-16 06:00,0.161
2021-06-16 07:00,0.256
2021-06-16 08:00,0.302
2021-06-16 09:00,0.302
2021-06-16 10:00,0.285
2021-06-16 11:00,0.263
2021-06-16 12:00,0.242
2021-06-16 13:00,0.221
2021-06-16 14:00,0.195
2021-06-16 15:00,0.169
2021-06-16 16:00,0.149
2021-06-16 17:00,0.137
2021-06-16 18:00,0.133
2021-06-16 19:00,0.160
2021-06-16 20:00,0.206
2021-06-16 21:00,0.221
2021-06-16 22:00,0.229
2021-06-16 23:00,0.212
2021-06-17 00:00,0.183
2021-06-17 01:00,0.172
2021-06-17 02:00,0.187
2021-06-17 03:00,0.192
2021-06-17 04:00,0.170
2021-06-17 05:00,0.131
2021-06-17 06:00,0.131
2021-06-17 07:00,0.140
2021-06-17 08:00,0.143
2021-06-17 09:00,0.140
2021-06-17 10:00,0.124
2021-06-17 11:00,0.108
2021-06-17 12:00,0.100
2021-06-17 13:00,0.106
2021-06-17 14:00,0.108
2021-06-17 15:00,0.104
2021-06-17 16:00,0.107
2021-06-17 17:00,0.111
2021-06-17 18:00,0.105
2021-06-17 19:00,0.125
2021-06-17 20:00,0.166
2021-06-17 21:00,0.214
2021-06-17 22:00,0.257
2021-06-17 23:00,0.259
2021-06-18 00:00,0.270
2021-06-18 01:00,0.313
2021-06-18 02:00,0.336
2021-06-18 03:00,0.295
2021-06-18 04:00,0.248
2021-06-18 05:00,0.204
2021-06-18 06:00,0.165
2021-06-18 07:00,0.179
2021-06-18 08:00,0.190
2021-06-18 09:00,0.203
2021-06-18 10:00,0.235
2021-06-18 11:00,0.281
2021-06-18 12:00,0.327
2021-06-18 13:00,0.369
2021-06-18 14:00,0.406
2021-06-18 15:00,0.420
2021-06-18 16:00,0.413
2021-06-18 17:00,0.390
2021-06-18 18:00,0.336
2021-06-18 19:00,0.270
2021-06-18 20:00,0.271
2021-06-18 21:00,0.242
2021-06-18 22:00,0.216
2021-06-18 23:00,0.180
2021-06-19 00:00,0.142
2021-06-19 01:00,0.116
2021-06-19 02:00,0.103
2021-06-19 03:00,0.105
2021-06-19 04:00,0.087
2021-06-19 05:00,0.035
2021-06-19 06:00,0.026
2021-06-19 07:00,0.030
2021-06-19 08:00,0.045
2021-06-19 09:00,0.059
2021-06-19 10:00,0.078
2021-06-19 11:00,0.088
2021-06-19 12:00,0.102
2021-06-19 13:00,0.134
2021-06-19 14:00,0.198
2021-06-19 15:00,0.308
2021-06-19 16:00,0.384
2021-06-19 17:00,0.393
2021-06-19 18:00,0.367
2021-06-19 19:00,0.323
2021-06-19 20:00,0.311
2021-06-19 21:00,0.299
2021-06-19 22:00,0.291
2021-06-19 23:00,0.290
2021-06-20 00:00,0.289
2021-06-20 01:00,0.285
2021-06-20 02:00,0.291
2021-06-20 03:00,0.240
2021-06-20 04:00,0.174
2021-06-20 05:00,0.134
2021-06-20 06:00,0.127
2021-06-20 07:00,0.162
2021-06-20 08:00,0.183
2021-06-20 09:00,0.177
2021-06-20 10:00,0.158
2021-06-20 11:00,0.139
2021-06-20 12:00,0.126
2021-06-20 13:00,0.122
2021-06-20 14:00,0.121
2021-06-20 15:00,0.124
2021-06-20 16:00,0.131
2021-06-20 17:00,0.142
2021-06-20 18:00,0.155
2021-06-20 19:00,0.189
2021-06-20 20:00,0.241
2021-06-20 21:00,0.232
2021-06-20 22:00,0.177
2021-06-20 23:00,0.117
2021-06-21 00:00,0.083
2021-06-21 01:00,0.075
2021-06-21 02:00,0.092
2021-06-21 03:00,0.132
2021-06-21 04:00,0.186
2021-06-21 05:00,0.192
2021-06-21 06:00,0.149
2021-06-21 07:00,0.251
2021-06-21 08:00,0.321
2021-06-21 09:00,0.341
2021-06-21 10:00,0.353
2021-06-21 11:00,0.374
2021-06-21 12:00,0.406
2021-06-21 13:00,0.439
2021-06-21 14:00,0.458
2021-06-21 15:00,0.476
2021-06-21 16:00,0.497
2021-06-21 17:00,0.483
2021-06-21 18:00,0.423
2021-06-21 19:00,0.348
2021-06-21 20:00,0.309
2021-06-21 21:00,0.302
2021-06-21 22:00,0.318
2021-06-21 23:00,0.301
2021-06-22 00:00,0.286
2021-06-22 01:00,0.293
2021-06-22 02:00,0.293
2021-06-22 03:00,0.311
2021-06-22 04:00,0.293
2021-06-22 05:00,0.181
2021-06-22 06:00,0.227
2021-06-22 07:00,0.252
2021-06-22 08:00,0.260
2021-06-22 09:00,0.270
2021-06-22 10:00,0.251
2021-06-22 11:00,0.204
2021-06-22 12:00,0.159
2021-06-22 13:00,0.130
2021-06-22 14:00,0.113
2021-06-22 15:00,0.091
2021-06-22 16:00,0.072
2021-06-22 17:00,0.064
2021-06-22 18:00,0.066
2021-06-22 19:00,0.068
2021-06-22 20:00,0.077
2021-06-22 21:00,0.091
2021-06-22 22:00,0.138
2021-06-22 23:00,0.201
2021-06-23 00:00,0.243
2021-06-23 01:00,0.271
2021-06-23 02:00,0.290
2021-06-23 03:00,0.286
2021-06-23 04:00,0.245
2021-06-23 05:00,0.131
2021-06-23 06:00,0.072
2021-06-23 07:00,0.065
2021-06-23 08:00,0.073
2021-06-23 09:00,0.094
2021-06-23 10:00,0.118
2021-06-23 11:00,0.132
2021-06-23 12:00,0.136
2021-06-23 13:00,0.135
2021-06-23 14:00,0.131
2021-06-23 15:00,0.127
2021-06-23 16:00,0.126
2021-06-23 17:00,0.127
2021-06-23 18:00,0.126
2021-06-23 19:00,0.125
2021-06-23 20:00,0.147
2021-06-23 21:00,0.166
2021-06-23 22:00,0.173
2021-06-23 23:00,0.178
2021-06-24 00:00,0.181
2021-06-24 01:00,0.178
2021-06-24 02:00,0.170
2021-06-24 03:00,0.158
2021-06-24 04:00,0.134
2021-06-24 05:00,0.085
2021-06-24 06:00,0.051
2021-06-24 07:00,0.048
2021-06-24 08:00,0.062
2021-06-24 09:00,0.084
2021-06-24 10:00,0.114
2021-06-24 11:00,0.161
2021-06-24 12:00,0.241
2021-06-24 13:00,0.343
2021-06-24 14:00,0.432
2021-06-24 15:00,0.479
2021-06-24 16:00,0.504
2021-06-24 17:00,0.497
2021-06-24 18:00,0.405
2021-06-24 19:00,0.283
2021-06-24 20:00,0.248
2021-06-24 21:00,0.262
2021-06-24 22:00,0.285
2021-06-24 23:00,0.295
2021-06-25 00:00,0.289
2021-06-25 01:00,0.273
2021-06-25 02:00,0.257
2021-06-25 03:00,0.246
2021-06-25 04:00,0.235
2021-06-25 05:00,0.215
2021-06-25 06:00,0.240
2021-06-25 07:00,0.281
2021-06-25 08:00,0.315
2021-06-25 09:00,0.365
2021-06-25 10:00,0.418
2021-06-25 11:00,0.463
2021-06-25 12:00,0.479
2021-06-25 13:00,0.479
2021-06-25 14:00,0.472
2021-06-25 15:00,0.457
2021-06-25 16:00,0.448
2021-06-25 17:00,0.432
2021-06-25 18:00,0.370
2021-06-25 19:00,0.318
2021-06-25 20:00,0.311
2021-06-25 21:00,0.291
2021-06-25 22:00,0.287
2021-06-25 23:00,0.271
2021-06-26 00:00,0.276
2021-06-26 01:00,0.252
2021-06-26 02:00,0.251
2021-06-26 03:00,0.227
2021-06-26 04:00,0.190
2021-06-26 05:00,0.125
2021-06-26 06:00,0.122
2021-06-26 07:00,0.110
2021-06-26 08:00,0.105
2021-06-26 09:00,0.105
2021-06-26 10:00,0.101
2021-06-26 11:00,0.101
2021-06-26 12:00,0.107
2021-06-26 13:00,0.118
2021-06-26 14:00,0.129
2021-06-26 15:00,0.140
2021-06-26 16:00,0.157
2021-06-26 17:00,0.174
2021-06-26 18:00,0.198
2021-06-26 19:00,0.248
2021-06-26 20:00,0.317
2021-06-26 21:00,0.326
2021-06-26 22:00,0.306
2021-06-26 23:00,0.285
2021-06-27 00:00,0.265
2021-06-27 01:00,0.265
2021-06-27 02:00,0.276
2021-06-27 03:00,0.287
2021-06-27 04:00,0.265
2021-06-27 05:00,0.204
2021-06-27 06:00,0.254
2021-06-27 07:00,0.258
2021-06-27 08:00,0.252
2021-06-27 09:00,0.246
2021-06-27 10:00,0.242
2021-06-27 11:00,0.241
2021-06-27 12:00,0.246
2021-06-27 13:00,0.257
2021-06-27 14:00,0.272
2021-06-27 15:00,0.295
2021-06-27 16:00,0.326
2021-06-27 17:00,0.355
2021-06-27 18:00,0.354
2021-06-27 19:00,0.320
2021-06-27 20:00,0.311
2021-06-27 21:00,0.293
2021-06-27 22:00,0.272
2021-06-27 23:00,0.266
2021-06-28 00:00,0.273
2021-06-28 01:00,0.281
2021-06-28 02:00,0.294
2021-06-28 03:00,0.299
2021-06-28 04:00,0.268
2021-06-28 05:00,0.200
2021-06-28 06:00,0.206
2021-06-28 07:00,0.163
2021-06-28 08:00,0.147
2021-06-28 09:00,0.143
2021-06-28 10:00,0.136
2021-06-28 11:00,0.127
2021-06-28 12:00,0.118
2021-06-28 13:00,0.108
2021-06-28 14:00,0.101
2021-06-28 15:00,0.097
2021-06-28 16:00,0.093
2021-06-28 17:00,0.077
2021-06-28 18:00,0.061
2021-06-28 19:00,0.051
2021-06-28 20:00,0.044
2021-06-28 21:00,0.044
2021-06-28 22:00,0.048
2021-06-28 23:00,0.036
2021-06-29 00:00,0.024
2021-06-29 01:00,0.028
2021-06-29 02:00,0.044
2021-06-29 03:00,0.069
2021-06-29 04:00,0.089
2021-06-29 05:00,0.077
2021-06-29 06:00,0.088
2021-06-29 07:00,0.107
2021-06-29 08:00,0.118
2021-06-29 09:00,0.129
2021-06-29 10:00,0.141
2021-06-29 11:00,0.156
2021-06-29 12:00,0.177
2021-06-29 13:00,0.194
2021-06-29 14:00,0.196
2021-06-29 15:00,0.208
2021-06-29 16:00,0.218
2021-06-29 17:00,0.216
2021-06-29 18:00,0.194
2021-06-29 19:00,0.173
2021-06-29 20:00,0.171
2021-06-29 21:00,0.162
2021-06-29 22:00,0.167
2021-06-29 23:00,0.180
2021-06-30 00:00,0.191
2021-06-30 01:00,0.205
2021-06-30 02:00,0.223
2021-06-30 03:00,0.238
2021-06-30 04:00,0.218
2021-06-30 05:00,0.220
2021-06-30 06:00,0.215
2021-06-30 07:00,0.199
2021-06-30 08:00,0.180
2021-06-30 09:00,0.162
2021-06-30 10:00,0.152
2021-06-30 11:00,0.145
2021-06-30 12:00,0.150
2021-06-30 13:00,0.158
2021-06-30 14:00,0.169
2021-06-30 15:00,0.170
2021-06-30 16:00,0.165
2021-06-30 17:00,0.156
2021-06-30 18:00,0.141
2021-06-30 19:00,0.141
2021-06-30 20:00,0.148
2021-06-30 21:00,0.134
2021-06-30 22:00,0.111
2021-06-30 23:00,0.089
2021-07-01 00:00,0.083
2021-07-01 01:00,0.092
2021-07-01 02:00,0.109
2021-07-01 03:00,0.122
2021-07-01 04:00,0.122
2021-07-01 05:00,0.095
2021-07-01 06:00,0.086
2021-07-01 07:00,0.081
2021-07-01 08:00,0.077
2021-07-01 09:00,0.072
2021-07-01 10:00,0.063
2021-07-01 11:00,0.056
2021-07-01 12:00,0.052
2021-07-01 13:00,0.052
2021-07-01 14:00,0.053
2021-07-01 15:00,0.052
2021-07-01 16:00,0.051
2021-07-01 17:00,0.051
2021-07-01 18:00,0.056
2021-07-01 19:00,0.069
2021-07-01 20:00,0.075
2021-07-01 21:00,0.059
2021-07-01 22:00,0.036
2021-07-01 23:00,0.023
2021-07-02 00:00,0.017
2021-07-02 01:00,0.014
2021-07-02 02:00,0.011
2021-07-02 03:00,0.009
2021-07-02 04:00,0.008
2021-07-02 05:00,0.007
2021-07-02 06:00,0.006
2021-07-02 07:00,0.007
2021-07-02 08:00,0.014
2021-07-02 09:00,0.025
2021-07-02 10:00,0.036
2021-07-02 11:00,0.042
2021-07-02 12:00,0.046
2021-07-02 13:00,0.054
2021-07-02 14:00,0.062
2021-07-02 15:00,0.071
2021-07-02 16:00,0.078
2021-07-02 17:00,0.082
2021-07-02 18:00,0.080
2021-07-02 19:00,0.093
2021-07-02 20:00,0.128
2021-07-02 21:00,0.179
2021-07-02 22:00,0.210
2021-07-02 23:00,0.221
2021-07-03 00:00,0.214
2021-07-03 01:00,0.194
2021-07-03 02:00,0.166
2021-07-03 03:00,0.161
2021-07-03 04:00,0.177
2021-07-03 05:00,0.151
2021-07-03 06:00,0.112
2021-07-03 07:00,0.094
2021-07-03 08:00,0.100
2021-07-03 09:00,0.129
2021-07-03 10:00,0.160
2021-07-03 11:00,0.149
2021-07-03 12:00,0.122
2021-07-03 13:00,0.102
2021-07-03 14:00,0.095
2021-07-03 15:00,0.102
2021-07-03 16:00,0.111
2021-07-03 17:00,0.108
2021-07-03 18:00,0.102
2021-07-03 19:00,0.107
2021-07-03 20:00,0.137
2021-07-03 21:00,0.169
2021-07-03 22:00,0.188
2021-07-03 23:00,0.201
2021-07-04 00:00,0.204
2021-07-04 01:00,0.194
2021-07-04 02:00,0.173
2021-07-04 03:00,0.141
2021-07-04 04:00,0.118
2021-07-04 05:00,0.073
2021-07-04 06:00,0.056
2021-07-04 07:00,0.086
2021-07-04 08:00,0.131
2021-07-04 09:00,0.158
2021-07-04 10:00,0.169
2021-07-04 11:00,0.186
2021-07-04 12:00,0.212
2021-07-04 13:00,0.233
2021-07-04 14:00,0.224
2021-07-04 15:00,0.194
2021-07-04 16:00,0.156
2021-07-04 17:00,0.115
2021-07-04 18:00,0.105
2021-07-04 19:00,0.108
2021-07-04 20:00,0.138
2021-07-04 21:00,0.181
2021-07-04 22:00,0.230
2021-07-04 23:00,0.285
2021-07-05 00:00,0.342
2021-07-05 01:00,0.355
2021-07-05 02:00,0.364
2021-07-05 03:00,0.360
2021-07-05 04:00,0.372
2021-07-05 05:00,0.329
2021-07-05 06:00,0.382
2021-07-05 07:00,0.428
2021-07-05 08:00,0.409
2021-07-05 09:00,0.380
2021-07-05 10:00,0.360
2021-07-05 11:00,0.367
2021-07-05 12:00,0.361
2021-07-05 13:00,0.319
2021-07-05 14:00,0.279
2021-07-05 15:00,0.238
2021-07-05 16:00,0.180
2021-07-05 17:00,0.120
2021-07-05 18:00,0.077
2021-07-05 19:00,0.061
2021-07-05 20:00,0.093
2021-07-05 21:00,0.171
2021-07-05 22:00,0.210
2021-07-05 23:00,0.161
2021-07-06 00:00,0.154
2021-07-06 01:00,0.268
2021-07-06 02:00,0.380
2021-07-06 03:00,0.330
2021-07-06 04:00,0.205
2021-07-06 05:00,0.105
2021-07-06 06:00,0.077
2021-07-06 07:00,0.123
2021-07-06 08:00,0.199
2021-07-06 09:00,0.335
2021-07-06 10:00,0.497
2021-07-06 11:00,0.625
2021-07-06 12:00,0.704
2021-07-06 13:00,0.736
2021-07-06 14:00,0.741
2021-07-06 15:00,0.725
2021-07-06 16:00,0.672
2021-07-06 17:00,0.563
2021-07-06 18:00,0.416
2021-07-06 19:00,0.383
2021-07-06 20:00,0.450
2021-07-06 21:00,0.432
2021-07-06 22:00,0.404
2021-07-06 23:00,0.338
2021-07-07 00:00,0.269
2021-07-07 01:00,0.232
2021-07-07 02:00,0.238
2021-07-07 03:00,0.257
2021-07-07 04:00,0.265
2021-07-07 05:00,0.198
2021-07-07 06:00,0.208
2021-07-07 07:00,0.255
2021-07-07 08:00,0.257
2021-07-07 09:00,0.238
2021-07-07 10:00,0.212
2021-07-07 11:00,0.194
2021-07-07 12:00,0.181
2021-07-07 13:00,0.172
2021-07-07 14:00,0.157
2021-07-07 15:00,0.137
2021-07-07 16:00,0.118
2021-07-07 17:00,0.100
2021-07-07 18:00,0.082
2021-07-07 19:00,0.089
2021-07-07 20:00,0.133
2021-07-07 21:00,0.208
2021-07-07 22:00,0.293
2021-07-07 23:00,0.350
2021-07-08 00:00,0.374
2021-07-08 01:00,0.380
2021-07-08 02:00,0.367
2021-07-08 03:00,0.335
2021-07-08 04:00,0.273
2021-07-08 05:00,0.142
2021-07-08 06:00,0.087
2021-07-08 07:00,0.072
2021-07-08 08:00,0.065
2021-07-08 09:00,0.074
2021-07-08 10:00,0.090
2021-07-08 11:00,0.104
2021-07-08 12:00,0.113
2021-07-08 13:00,0.115
2021-07-08 14:00,0.120
2021-07-08 15:00,0.124
2021-07-08 16:00,0.120
2021-07-08 17:00,0.110
2021-07-08 18:00,0.106
2021-07-08 19:00,0.134
2021-07-08 20:00,0.178
2021-07-08 21:00,0.209
2021-07-08 22:00,0.224
2021-07-08 23:00,0.214
2021-07-09 00:00,0.194
2021-07-09 01:00,0.169
2021-07-09 02:00,0.147
2021-07-09 03:00,0.121
2021-07-09 04:00,0.088
2021-07-09 05:00,0.044
2021-07-09 06:00,0.020
2021-07-09 07:00,0.016
2021-07-09 08:00,0.023
2021-07-09 09:00,0.038
2021-07-09 10:00,0.049
2021-07-09 11:00,0.055
2021-07-09 12:00,0.059
2021-07-09 13:00,0.060
2021-07-09 14:00,0.059
2021-07-09 15:00,0.044
2021-07-09 16:00,0.022
2021-07-09 17:00,0.011
2021-07-09 18:00,0.012
2021-07-09 19:00,0.020
2021-07-09 20:00,0.038
2021-07-09 21:00,0.059
2021-07-09 22:00,0.069
2021-07-09 23:00,0.071
2021-07-10 00:00,0.072
2021-07-10 01:00,0.075
2021-07-10 02:00,0.084
2021-07-10 03:00,0.090
2021-07-10 04:00,0.095
2021-07-10 05:00,0.085
2021-07-10 06:00,0.065
2021-07-10 07:00,0.059
2021-07-10 08:00,0.055
2021-07-10 09:00,0.044
2021-07-10 10:00,0.040
2021-07-10 11:00,0.045
2021-07-10 12:00,0.056
2021-07-10 13:00,0.070
2021-07-10 14:00,0.087
2021-07-10 15:00,0.096
2021-07-10 16:00,0.099
2021-07-10 17:00,0.102
2021-07-10 18:00,0.110
2021-07-10 19:00,0.137
2021-07-10 20:00,0.185
2021-07-10 21:00,0.223
2021-07-10 22:00,0.244
2021-07-10 23:00,0.247
2021-07-11 00:00,0.224
2021-07-11 01:00,0.188
2021-07-11 02:00,0.169
2021-07-11 03:00,0.161
2021-07-11 04:00,0.148
2021-07-11 05:00,0.094
2021-07-11 06:00,0.069
2021-07-11 07:00,0.127
2021-07-11 08:00,0.142
2021-07-11 09:00,0.140
2021-07-11 10:00,0.162
2021-07-11 11:00,0.187
2021-07-11 12:00,0.195
2021-07-11 13:00,0.198
2021-07-11 14:00,0.218
2021-07-11 15:00,0.238
2021-07-11 16:00,0.222
2021-07-11 17:00,0.194
2021-07-11 18:00,0.181
2021-07-11 19:00,0.190
2021-07-11 20:00,0.195
2021-07-11 21:00,0.164
2021-07-11 22:00,0.120
2021-07-11 23:00,0.073
2021-07-12 00:00,0.037
2021-07-12 01:00,0.019
2021-07-12 02:00,0.018
2021-07-12 03:00,0.026
2021-07-12 04:00,0.029
2021-07-12 05:00,0.029
2021-07-12 06:00,0.026
2021-07-12 07:00,0.024
2021-07-12 08:00,0.024
2021-07-12 09:00,0.023
2021-07-12 10:00,0.019
2021-07-12 11:00,0.020
2021-07-12 12:00,0.019
2021-07-12 13:00,0.024
2021-07-12 14:00,0.041
2021-07-12 15:00,0.065
2021-07-12 16:00,0.096
2021-07-12 17:00,0.121
2021-07-12 18:00,0.123
2021-07-12 19:00,0.134
2021-07-12 20:00,0.153
2021-07-12 21:00,0.165
2021-07-12 22:00,0.186
2021-07-12 23:00,0.211
2021-07-13 00:00,0.231
2021-07-13 01:00,0.229
2021-07-13 02:00,0.222
2021-07-13 03:00,0.214
2021-07-13 04:00,0.214
2021-07-13 05:00,0.156
2021-07-13 06:00,0.126
2021-07-13 07:00,0.137
2021-07-13 08:00,0.153
2021-07-13 09:00,0.183
2021-07-13 10:00,0.229
2021-07-13 11:00,0.259
2021-07-13 12:00,0.271
2021-07-13 13:00,0.276
2021-07-13 14:00,0.268
2021-07-13 15:00,0.250
2021-07-13 16:00,0.229
2021-07-13 17:00,0.204
2021-07-13 18:00,0.182
2021-07-13 19:00,0.197
2021-07-13 20:00,0.222
2021-07-13 21:00,0.223
2021-07-13 22:00,0.232
2021-07-13 23:00,0.263
2021-07-14 00:00,0.299
2021-07-14 01:00,0.323
2021-07-14 02:00,0.330
2021-07-14 03:00,0.335
2021-07-14 04:00,0.321
2021-07-14 05:00,0.222
2021-07-14 06:00,0.224
2021-07-14 07:00,0.264
2021-07-14 08:00,0.276
2021-07-14 09:00,0.281
2021-07-14 10:00,0.273
2021-07-14 11:00,0.269
2021-07-14 12:00,0.268
2021-07-14 13:00,0.261
2021-07-14 14:00,0.258
2021-07-14 15:00,0.272
2021-07-14 16:00,0.321
2021-07-14 17:00,0.387
2021-07-14 18:00,0.418
2021-07-14 19:00,0.437
2021-07-14 20:00,0.458
2021-07-14 21:00,0.460
2021-07-14 22:00,0.460
2021-07-14 23:00,0.454
2021-07-15 00:00,0.451
2021-07-15 01:00,0.449
2021-07-15 02:00,0.461
2021-07-15 03:00,0.463
2021-07-15 04:00,0.420
2021-07-15 05:00,0.299
2021-07-15 06:00,0.352
2021-07-15 07:00,0.334
2021-07-15 08:00,0.302
2021-07-15 09:00,0.285
2021-07-15 10:00,0.270
2021-07-15 11:00,0.253
2021-07-15 12:00,0.238
2021-07-15 13:00,0.229
2021-07-15 14:00,0.218
2021-07-15 15:00,0.196
2021-07-15 16:00,0.170
2021-07-15 17:00,0.139
2021-07-15 18:00,0.108
2021-07-15 19:00,0.086
2021-07-15 20:00,0.061
2021-07-15 21:00,0.028
2021-07-15 22:00,0.011
2021-07-15 23:00,0.014
2021-07-16 00:00,0.039
2021-07-16 01:00,0.079
2021-07-16 02:00,0.121
2021-07-16 03:00,0.155
2021-07-16 04:00,0.181
2021-07-16 05:00,0.146
2021-07-16 06:00,0.084
2021-07-16 07:00,0.105
2021-07-16 08:00,0.122
2021-07-16 09:00,0.132
2021-07-16 10:00,0.126
2021-07-16 11:00,0.116
2021-07-16 12:00,0.113
2021-07-16 13:00,0.118
2021-07-16 14:00,0.125
2021-07-16 15:00,0.128
2021-07-16 16:00,0.126
2021-07-16 17:00,0.122
2021-07-16 18:00,0.115
2021-07-16 19:00,0.101
2021-07-16 20:00,0.079
2021-07-16 21:00,0.054
2021-07-16 22:00,0.035
2021-07-16 23:00,0.028
2021-07-17 00:00,0.033
2021-07-17 01:00,0.046
2021-07-17 02:00,0.067
2021-07-17 03:00,0.087
2021-07-17 04:00,0.100
2021-07-17 05:00,0.076
2021-07-17 06:00,0.029
2021-07-17 07:00,0.018
2021-07-17 08:00,0.019
2021-07-17 09:00,0.027
2021-07-17 10:00,0.040
2021-07-17 11:00,0.056
2021-07-17 12:00,0.077
2021-07-17 13:00,0.102
2021-07-17 14:00,0.128
2021-07-17 15:00,0.153
2021-07-17 16:00,0.178
2021-07-17 17:00,0.201
2021-07-17 18:00,0.217
2021-07-17 19:00,0.279
2021-07-17 20:00,0.341
2021-07-17 21:00,0.379
2021-07-17 22:00,0.400
2021-07-17 23:00,0.403
2021-07-18 00:00,0.391
2021-07-18 01:00,0.365
2021-07-18 02:00,0.333
2021-07-18 03:00,0.288
2021-07-18 04:00,0.238
2021-07-18 05:00,0.150
2021-07-18 06:00,0.062
2021-07-18 07:00,0.055
2021-07-18 08:00,0.051
2021-07-18 09:00,0.067
2021-07-18 10:00,0.100
2021-07-18 11:00,0.138
2021-07-18 12:00,0.173
2021-07-18 13:00,0.196
2021-07-18 14:00,0.206
2021-07-18 15:00,0.212
2021-07-18 16:00,0.210
2021-07-18 17:00,0.191
2021-07-18 18:00,0.169
2021-07-18 19:00,0.158
2021-07-18 20:00,0.137
2021-07-18 21:00,0.103
2021-07-18 22:00,0.071
2021-07-18 23:00,0.047
2021-07-19 00:00,0.030
2021-07-19 01:00,0.020
2021-07-19 02:00,0.016
2021-07-19 03:00,0.016
2021-07-19 04:00,0.017
2021-07-19 05:00,0.017
2021-07-19 06:00,0.013
2021-07-19 07:00,0.014
2021-07-19 08:00,0.014
2021-07-19 09:00,0.013
2021-07-19 10:00,0.016
2021-07-19 11:00,0.022
2021-07-19 12:00,0.032
2021-07-19 13:00,0.040
2021-07-19 14:00,0.046
2021-07-19 15:00,0.044
2021-07-19 16:00,0.036
2021-07-19 17:00,0.026
2021-07-19 18:00,0.020
2021-07-19 19:00,0.031
2021-07-19 20:00,0.050
2021-07-19 21:00,0.057
2021-07-19 22:00,0.055
2021-07-19 23:00,0.048
2021-07-20 00:00,0.040
2021-07-20 01:00,0.033
2021-07-20 02:00,0.026
2021-07-20 03:00,0.019
2021-07-20 04:00,0.013
2021-07-20 05:00,0.012
2021-07-20 06:00,0.012
2021-07-20 07:00,0.022
2021-07-20 08:00,0.031
2021-07-20 09:00,0.028
2021-07-20 10:00,0.027
2021-07-20 11:00,0.030
2021-07-20 12:00,0.034
2021-07-20 13:00,0.040
2021-07-20 14:00,0.047
2021-07-20 15:00,0.056
2021-07-20 16:00,0.067
2021-07-20 17:00,0.079
2021-07-20 18:00,0.093
2021-07-20 19:00,0.132
2021-07-20 20:00,0.161
2021-07-20 21:00,0.173
2021-07-20 22:00,0.184
2021-07-20 23:00,0.195
2021-07-21 00:00,0.200
2021-07-21 01:00,0.210
2021-07-21 02:00,0.230
2021-07-21 03:00,0.248
2021-07-21 04:00,0.243
2021-07-21 05:00,0.153
2021-07-21 06:00,0.091
2021-07-21 07:00,0.073
2021-07-21 08:00,0.057
2021-07-21 09:00,0.043
2021-07-21 10:00,0.029
2021-07-21 11:00,0.019
2021-07-21 12:00,0.013
2021-07-21 13:00,0.013
2021-07-21 14:00,0.015
2021-07-21 15:00,0.019
2021-07-21 16:00,0.027
2021-07-21 17:00,0.043
2021-07-21 18:00,0.079
2021-07-21 19:00,0.181
2021-07-21 20:00,0.290
2021-07-21 21:00,0.292
2021-07-21 22:00,0.239
2021-07-21 23:00,0.187
2021-07-22 00:00,0.153
2021-07-22 01:00,0.124
2021-07-22 02:00,0.097
2021-07-22 03:00,0.076
2021-07-22 04:00,0.058
2021-07-22 05:00,0.030
2021-07-22 06:00,0.011
2021-07-22 07:00,0.008
2021-07-22 08:00,0.007
2021-07-22 09:00,0.005
2021-07-22 10:00,0.004
2021-07-22 11:00,0.004
2021-07-22 12:00,0.004
2021-07-22 13:00,0.006
2021-07-22 14:00,0.008
2021-07-22 15:00,0.015
2021-07-22 16:00,0.037
2021-07-22 17:00,0.091
2021-07-22 18:00,0.194
2021-07-22 19:00,0.333
2021-07-22 20:00,0.380
2021-07-22 21:00,0.323
2021-07-22 22:00,0.270
2021-07-22 23:00,0.238
2021-07-23 00:00,0.218
2021-07-23 01:00,0.204
2021-07-23 02:00,0.205
2021-07-23 03:00,0.212
2021-07-23 04:00,0.217
2021-07-23 05:00,0.154
2021-07-23 06:00,0.124
2021-07-23 07:00,0.113
2021-07-23 08:00,0.099
2021-07-23 09:00,0.091
2021-07-23 10:00,0.089
2021-07-23 11:00,0.094
2021-07-23 12:00,0.103
2021-07-23 13:00,0.119
2021-07-23 14:00,0.140
2021-07-23 15:00,0.163
2021-07-23 16:00,0.197
2021-07-23 17:00,0.260
2021-07-23 18:00,0.324
2021-07-23 19:00,0.341
2021-07-23 20:00,0.355
2021-07-23 21:00,0.307
2021-07-23 22:00,0.273
2021-07-23 23:00,0.282
2021-07-24 00:00,0.304
2021-07-24 01:00,0.335
2021-07-24 02:00,0.368
2021-07-24 03:00,0.370
2021-07-24 04:00,0.349
2021-07-24 05:00,0.285
2021-07-24 06:00,0.323
2021-07-24 07:00,0.406
2021-07-24 08:00,0.367
2021-07-24 09:00,0.302
2021-07-24 10:00,0.285
2021-07-24 11:00,0.254
2021-07-24 12:00,0.237
2021-07-24 13:00,0.237
2021-07-24 14:00,0.245
2021-07-24 15:00,0.261
2021-07-24 16:00,0.277
2021-07-24 17:00,0.270
2021-07-24 18:00,0.232
2021-07-24 19:00,0.211
2021-07-24 20:00,0.224
2021-07-24 21:00,0.235
2021-07-24 22:00,0.246
2021-07-24 23:00,0.254
2021-07-25 00:00,0.258
2021-07-25 01:00,0.257
2021-07-25 02:00,0.251
2021-07-25 03:00,0.238
2021-07-25 04:00,0.224
2021-07-25 05:00,0.154
2021-07-25 06:00,0.124
2021-07-25 07:00,0.126
2021-07-25 08:00,0.111
2021-07-25 09:00,0.104
2021-07-25 10:00,0.103
2021-07-25 11:00,0.101
2021-07-25 12:00,0.096
2021-07-25 13:00,0.089
2021-07-25 14:00,0.083
2021-07-25 15:00,0.080
2021-07-25 16:00,0.081
2021-07-25 17:00,0.086
2021-07-25 18:00,0.093
2021-07-25 19:00,0.097
2021-07-25 20:00,0.088
2021-07-25 21:00,0.063
2021-07-25 22:00,0.037
2021-07-25 23:00,0.017
2021-07-26 00:00,0.011
2021-07-26 01:00,0.020
2021-07-26 02:00,0.038
2021-07-26 03:00,0.061
2021-07-26 04:00,0.084
2021-07-26 05:00,0.084
2021-07-26 06:00,0.057
2021-07-26 07:00,0.052
2021-07-26 08:00,0.050
2021-07-26 09:00,0.053
2021-07-26 10:00,0.061
2021-07-26 11:00,0.070
2021-07-26 12:00,0.085
2021-07-26 13:00,0.104
2021-07-26 14:00,0.127
2021-07-26 15:00,0.142
2021-07-26 16:00,0.134
2021-07-26 17:00,0.116
2021-07-26 18:00,0.104
2021-07-26 19:00,0.116
2021-07-26 20:00,0.137
2021-07-26 21:00,0.164
2021-07-26 22:00,0.197
2021-07-26 23:00,0.224
2021-07-27 00:00,0.232
2021-07-27 01:00,0.232
2021-07-27 02:00,0.224
2021-07-27 03:00,0.207
2021-07-27 04:00,0.181
2021-07-27 05:00,0.124
2021-07-27 06:00,0.069
2021-07-27 07:00,0.058
2021-07-27 08:00,0.064
2021-07-27 09:00,0.074
2021-07-27 10:00,0.079
2021-07-27 11:00,0.073
2021-07-27 12:00,0.062
2021-07-27 13:00,0.055
2021-07-27 14:00,0.049
2021-07-27 15:00,0.047
2021-07-27 16:00,0.048
2021-07-27 17:00,0.051
2021-07-27 18:00,0.061
2021-07-27 19:00,0.079
2021-07-27 20:00,0.101
2021-07-27 21:00,0.133
2021-07-27 22:00,0.176
2021-07-27 23:00,0.218
2021-07-28 00:00,0.259
2021-07-28 01:00,0.286
2021-07-28 02:00,0.297
2021-07-28 03:00,0.309
2021-07-28 04:00,0.299
2021-07-28 05:00,0.246
2021-07-28 06:00,0.283
2021-07-28 07:00,0.429
2021-07-28 08:00,0.538
2021-07-28 09:00,0.571
2021-07-28 10:00,0.546
2021-07-28 11:00,0.507
2021-07-28 12:00,0.461
2021-07-28 13:00,0.423
2021-07-28 14:00,0.405
2021-07-28 15:00,0.380
2021-07-28 16:00,0.356
2021-07-28 17:00,0.373
2021-07-28 18:00,0.426
2021-07-28 19:00,0.503
2021-07-28 20:00,0.577
2021-07-28 21:00,0.606
2021-07-28 22:00,0.636
2021-07-28 23:00,0.650
2021-07-29 00:00,0.645
2021-07-29 01:00,0.651
2021-07-29 02:00,0.667
2021-07-29 03:00,0.680
2021-07-29 04:00,0.689
2021-07-29 05:00,0.743
2021-07-29 06:00,0.773
2021-07-29 07:00,0.859
2021-07-29 08:00,0.891
2021-07-29 09:00,0.899
2021-07-29 10:00,0.897
2021-07-29 11:00,0.891
2021-07-29 12:00,0.879
2021-07-29 13:00,0.858
2021-07-29 14:00,0.822
2021-07-29 15:00,0.769
2021-07-29 16:00,0.702
2021-07-29 17:00,0.563
2021-07-29 18:00,0.410
2021-07-29 19:00,0.340
2021-07-29 20:00,0.299
2021-07-29 21:00,0.239
2021-07-29 22:00,0.172
2021-07-29 23:00,0.103
2021-07-30 00:00,0.046
2021-07-30 01:00,0.028
2021-07-30 02:00,0.037
2021-07-30 03:00,0.077
2021-07-30 04:00,0.157
2021-07-30 05:00,0.211
2021-07-30 06:00,0.220
2021-07-30 07:00,0.277
2021-07-30 08:00,0.346
2021-07-30 09:00,0.338
2021-07-30 10:00,0.302
2021-07-30 11:00,0.284
2021-07-30 12:00,0.297
2021-07-30 13:00,0.338
2021-07-30 14:00,0.384
2021-07-30 15:00,0.406
2021-07-30 16:00,0.387
2021-07-30 17:00,0.309
2021-07-30 18:00,0.225
2021-07-30 19:00,0.224
2021-07-30 20:00,0.279
2021-07-30 21:00,0.329
2021-07-30 22:00,0.348
2021-07-30 23:00,0.357
2021-07-31 00:00,0.371
2021-07-31 01:00,0.382
2021-07-31 02:00,0.390
2021-07-31 03:00,0.396
2021-07-31 04:00,0.406
2021-07-31 05:00,0.342
2021-07-31 06:00,0.286
2021-07-31 07:00,0.342
2021-07-31 08:00,0.358
2021-07-31 09:00,0.339
2021-07-31 10:00,0.320
2021-07-31 11:00,0.311
2021-07-31 12:00,0.323
2021-07-31 13:00,0.350
2021-07-31 14:00,0.379
2021-07-31 15:00,0.388
2021-07-31 16:00,0.380
2021-07-31 17:00,0.344
2021-07-31 18:00,0.261
2021-07-31 19:00,0.220
2021-07-31 20:00,0.232
2021-07-31 21:00,0.244
2021-07-31 22:00,0.241
2021-07-31 23:00,0.220
2021-08-01 00:00,0.194
2021-08-01 01:00,0.169
2021-08-01 02:00,0.153
2021-08-01 03:00,0.142
2021-08-01 04:00,0.128
2021-08-01 05:00,0.097
2021-08-01 06:00,0.075
2021-08-01 07:00,0.077
2021-08-01 08:00,0.077
2021-08-01 09:00,0.083
2021-08-01 10:00,0.091
2021-08-01 11:00,0.093
2021-08-01 12:00,0.096
2021-08-01 13:00,0.102
2021-08-01 14:00,0.106
2021-08-01 15:00,0.103
2021-08-01 16:00,0.099
2021-08-01 17:00,0.094
2021-08-01 18:00,0.097
2021-08-01 19:00,0.119
2021-08-01 20:00,0.132
2021-08-01 21:00,0.120
2021-08-01 22:00,0.098
2021-08-01 23:00,0.074
2021-08-02 00:00,0.059
2021-08-02 01:00,0.052
2021-08-02 02:00,0.056
2021-08-02 03:00,0.069
2021-08-02 04:00,0.088
2021-08-02 05:00,0.093
2021-08-02 06:00,0.069
2021-08-02 07:00,0.070
2021-08-02 08:00,0.065
2021-08-02 09:00,0.059
2021-08-02 10:00,0.058
2021-08-02 11:00,0.067
2021-08-02 12:00,0.077
2021-08-02 13:00,0.081
2021-08-02 14:00,0.080
2021-08-02 15:00,0.082
2021-08-02 16:00,0.080
2021-08-02 17:00,0.079
2021-08-02 18:00,0.086
2021-08-02 19:00,0.111
2021-08-02 20:00,0.137
2021-08-02 21:00,0.157
2021-08-02 22:00,0.174
2021-08-02 23:00,0.179
2021-08-03 00:00,0.163
2021-08-03 01:00,0.138
2021-08-03 02:00,0.115
2021-08-03 03:00,0.100
2021-08-03 04:00,0.083
2021-08-03 05:00,0.055
2021-08-03 06:00,0.020
2021-08-03 07:00,0.007
2021-08-03 08:00,0.013
2021-08-03 09:00,0.024
2021-08-03 10:00,0.036
2021-08-03 11:00,0.045
2021-08-03 12:00,0.051
2021-08-03 13:00,0.054
2021-08-03 14:00,0.052
2021-08-03 15:00,0.043
2021-08-03 16:00,0.035
2021-08-03 17:00,0.033
2021-08-03 18:00,0.033
2021-08-03 19:00,0.033
2021-08-03 20:00,0.031
2021-08-03 21:00,0.038
2021-08-03 22:00,0.041
2021-08-03 23:00,0.043
2021-08-04 00:00,0.044
2021-08-04 01:00,0.043
2021-08-04 02:00,0.042
2021-08-04 03:00,0.043
2021-08-04 04:00,0.044
2021-08-04 05:00,0.042
2021-08-04 06:00,0.027
2021-08-04 07:00,0.042
2021-08-04 08:00,0.064
2021-08-04 09:00,0.085
2021-08-04 10:00,0.105
2021-08-04 11:00,0.117
2021-08-04 12:00,0.121
2021-08-04 13:00,0.118
2021-08-04 14:00,0.118
2021-08-04 15:00,0.135
2021-08-04 16:00,0.146
2021-08-04 17:00,0.145
2021-08-04 18:00,0.163
2021-08-04 19:00,0.205
2021-08-04 20:00,0.238
2021-08-04 21:00,0.245
2021-08-04 22:00,0.240
2021-08-04 23:00,0.238
2021-08-05 00:00,0.227
2021-08-05 01:00,0.224
2021-08-05 02:00,0.235
2021-08-05 03:00,0.259
2021-08-05 04:00,0.305
2021-08-05 05:00,0.267
2021-08-05 06:00,0.197
2021-08-05 07:00,0.380
2021-08-05 08:00,0.521
2021-08-05 09:00,0.610
2021-08-05 10:00,0.676
2021-08-05 11:00,0.709
2021-08-05 12:00,0.729
2021-08-05 13:00,0.753
2021-08-05 14:00,0.766
2021-08-05 15:00,0.730
2021-08-05 16:00,0.631
2021-08-05 17:00,0.580
2021-08-05 18:00,0.614
2021-08-05 19:00,0.637
2021-08-05 20:00,0.616
2021-08-05 21:00,0.572
2021-08-05 22:00,0.513
2021-08-05 23:00,0.447
2021-08-06 00:00,0.349
2021-08-06 01:00,0.311
2021-08-06 02:00,0.304
2021-08-06 03:00,0.314
2021-08-06 04:00,0.323
2021-08-06 05:00,0.254
2021-08-06 06:00,0.221
2021-08-06 07:00,0.261
2021-08-06 08:00,0.300
2021-08-06 09:00,0.377
2021-08-06 10:00,0.499
2021-08-06 11:00,0.633
2021-08-06 12:00,0.730
2021-08-06 13:00,0.772
2021-08-06 14:00,0.784
2021-08-06 15:00,0.767
2021-08-06 16:00,0.725
2021-08-06 17:00,0.622
2021-08-06 18:00,0.574
2021-08-06 19:00,0.583
2021-08-06 20:00,0.543
2021-08-06 21:00,0.533
2021-08-06 22:00,0.523
2021-08-06 23:00,0.520
2021-08-07 00:00,0.519
2021-08-07 01:00,0.521
2021-08-07 02:00,0.539
2021-08-07 03:00,0.542
2021-08-07 04:00,0.569
2021-08-07 05:00,0.559
2021-08-07 06:00,0.591
2021-08-07 07:00,0.655
2021-08-07 08:00,0.672
2021-08-07 09:00,0.679
2021-08-07 10:00,0.664
2021-08-07 11:00,0.628
2021-08-07 12:00,0.573
2021-08-07 13:00,0.492
2021-08-07 14:00,0.412
2021-08-07 15:00,0.326
2021-08-07 16:00,0.239
2021-08-07 17:00,0.224
2021-08-07 18:00,0.284
2021-08-07 19:00,0.369
2021-08-07 20:00,0.407
2021-08-07 21:00,0.436
2021-08-07 22:00,0.466
2021-08-07 23:00,0.495
2021-08-08 00:00,0.530
2021-08-08 01:00,0.537
2021-08-08 02:00,0.556
2021-08-08 03:00,0.609
2021-08-08 04:00,0.639
2021-08-08 05:00,0.585
2021-08-08 06:00,0.497
2021-08-08 07:00,0.604
2021-08-08 08:00,0.649
2021-08-08 09:00,0.682
2021-08-08 10:00,0.736
2021-08-08 11:00,0.797
2021-08-08 12:00,0.841
2021-08-08 13:00,0.868
2021-08-08 14:00,0.879
2021-08-08 15:00,0.878
2021-08-08 16:00,0.850
2021-08-08 17:00,0.766
2021-08-08 18:00,0.693
2021-08-08 19:00,0.665
2021-08-08 20:00,0.605
2021-08-08 21:00,0.575
2021-08-08 22:00,0.549
2021-08-08 23:00,0.526
2021-08-09 00:00,0.501
2021-08-09 01:00,0.466
2021-08-09 02:00,0.442
2021-08-09 03:00,0.423
2021-08-09 04:00,0.406
2021-08-09 05:00,0.314
2021-08-09 06:00,0.198
2021-08-09 07:00,0.219
2021-08-09 08:00,0.213
2021-08-09 09:00,0.227
2021-08-09 10:00,0.248
2021-08-09 11:00,0.273
2021-08-09 12:00,0.299
2021-08-09 13:00,0.333
2021-08-09 14:00,0.365
2021-08-09 15:00,0.380
2021-08-09 16:00,0.379
2021-08-09 17:00,0.333
2021-08-09 18:00,0.271
2021-08-09 19:00,0.309
2021-08-09 20:00,0.361
2021-08-09 21:00,0.386
2021-08-09 22:00,0.400
2021-08-09 23:00,0.408
2021-08-10 00:00,0.403
2021-08-10 01:00,0.384
2021-08-10 02:00,0.367
2021-08-10 03:00,0.352
2021-08-10 04:00,0.334
2021-08-10 05:00,0.261
2021-08-10 06:00,0.151
2021-08-10 07:00,0.153
2021-08-10 08:00,0.163
2021-08-10 09:00,0.186
2021-08-10 10:00,0.202
2021-08-10 11:00,0.204
2021-08-10 12:00,0.210
2021-08-10 13:00,0.223
2021-08-10 14:00,0.243
2021-08-10 15:00,0.262
2021-08-10 16:00,0.279
2021-08-10 17:00,0.272
2021-08-10 18:00,0.241
2021-08-10 19:00,0.238
2021-08-10 20:00,0.204
2021-08-10 21:00,0.163
2021-08-10 22:00,0.126
2021-08-10 23:00,0.096
2021-08-11 00:00,0.098
2021-08-11 01:00,0.104
2021-08-11 02:00,0.105
2021-08-11 03:00,0.113
2021-08-11 04:00,0.158
2021-08-11 05:00,0.190
2021-08-11 06:00,0.162
2021-08-11 07:00,0.240
2021-08-11 08:00,0.302
2021-08-11 09:00,0.328
2021-08-11 10:00,0.359
2021-08-11 11:00,0.411
2021-08-11 12:00,0.466
2021-08-11 13:00,0.505
2021-08-11 14:00,0.539
2021-08-11 15:00,0.569
2021-08-11 16:00,0.573
2021-08-11 17:00,0.494
2021-08-11 18:00,0.489
2021-08-11 19:00,0.521
2021-08-11 20:00,0.506
2021-08-11 21:00,0.472
2021-08-11 22:00,0.466
2021-08-11 23:00,0.429
2021-08-12 00:00,0.363
2021-08-12 01:00,0.299
2021-08-12 02:00,0.252
2021-08-12 03:00,0.223
2021-08-12 04:00,0.199
2021-08-12 05:00,0.162
2021-08-12 06:00,0.085
2021-08-12 07:00,0.077
2021-08-12 08:00,0.122
2021-08-12 09:00,0.196
2021-08-12 10:00,0.280
2021-08-12 11:00,0.374
2021-08-12 12:00,0.466
2021-08-12 13:00,0.536
2021-08-12 14:00,0.575
2021-08-12 15:00,0.573
2021-08-12 16:00,0.556
2021-08-12 17:00,0.536
2021-08-12 18:00,0.546
2021-08-12 19:00,0.564
2021-08-12 20:00,0.570
2021-08-12 21:00,0.546
2021-08-12 22:00,0.513
2021-08-12 23:00,0.480
2021-08-13 00:00,0.486
2021-08-13 01:00,0.490
2021-08-13 02:00,0.491
2021-08-13 03:00,0.484
2021-08-13 04:00,0.474
2021-08-13 05:00,0.432
2021-08-13 06:00,0.371
2021-08-13 07:00,0.568
2021-08-13 08:00,0.660
2021-08-13 09:00,0.717
2021-08-13 10:00,0.756
2021-08-13 11:00,0.797
2021-08-13 12:00,0.830
2021-08-13 13:00,0.851
2021-08-13 14:00,0.851
2021-08-13 15:00,0.834
2021-08-13 16:00,0.795
2021-08-13 17:00,0.722
2021-08-13 18:00,0.650
2021-08-13 19:00,0.620
2021-08-13 20:00,0.569
2021-08-13 21:00,0.588
2021-08-13 22:00,0.556
2021-08-13 23:00,0.533
2021-08-14 00:00,0.523
2021-08-14 01:00,0.515
2021-08-14 02:00,0.483
2021-08-14 03:00,0.473
2021-08-14 04:00,0.471
2021-08-14 05:00,0.410
2021-08-14 06:00,0.290
2021-08-14 07:00,0.385
2021-08-14 08:00,0.416
2021-08-14 09:00,0.430
2021-08-14 10:00,0.441
2021-08-14 11:00,0.442
2021-08-14 12:00,0.439
2021-08-14 13:00,0.390
2021-08-14 14:00,0.297
2021-08-14 15:00,0.201
2021-08-14 16:00,0.123
2021-08-14 17:00,0.072
2021-08-14 18:00,0.042
2021-08-14 19:00,0.026
2021-08-14 20:00,0.015
2021-08-14 21:00,0.019
2021-08-14 22:00,0.029
2021-08-14 23:00,0.049
2021-08-15 00:00,0.087
2021-08-15 01:00,0.138
2021-08-15 02:00,0.184
2021-08-15 03:00,0.198
2021-08-15 04:00,0.209
2021-08-15 05:00,0.231
2021-08-15 06:00,0.240
2021-08-15 07:00,0.268
2021-08-15 08:00,0.364
2021-08-15 09:00,0.410
2021-08-15 10:00,0.413
2021-08-15 11:00,0.412
2021-08-15 12:00,0.411
2021-08-15 13:00,0.412
2021-08-15 14:00,0.414
2021-08-15 15:00,0.427
2021-08-15 16:00,0.433
2021-08-15 17:00,0.423
2021-08-15 18:00,0.405
2021-08-15 19:00,0.459
2021-08-15 20:00,0.476
2021-08-15 21:00,0.497
2021-08-15 22:00,0.538
2021-08-15 23:00,0.570
2021-08-16 00:00,0.600
2021-08-16 01:00,0.643
2021-08-16 02:00,0.651
2021-08-16 03:00,0.649
2021-08-16 04:00,0.641
2021-08-16 05:00,0.594
2021-08-16 06:00,0.536
2021-08-16 07:00,0.592
2021-08-16 08:00,0.594
2021-08-16 09:00,0.567
2021-08-16 10:00,0.539
2021-08-16 11:00,0.539
2021-08-16 12:00,0.552
2021-08-16 13:00,0.579
2021-08-16 14:00,0.594
2021-08-16 15:00,0.597
2021-08-16 16:00,0.565
2021-08-16 17:00,0.497
2021-08-16 18:00,0.478
2021-08-16 19:00,0.486
2021-08-16 20:00,0.479
2021-08-16 21:00,0.460
2021-08-16 22:00,0.454
2021-08-16 23:00,0.433
2021-08-17 00:00,0.442
2021-08-17 01:00,0.446
2021-08-17 02:00,0.450
2021-08-17 03:00,0.473
2021-08-17 04:00,0.491
2021-08-17 05:00,0.502
2021-08-17 06:00,0.499
2021-08-17 07:00,0.565
2021-08-17 08:00,0.687
2021-08-17 09:00,0.729
2021-08-17 10:00,0.726
2021-08-17 11:00,0.718
2021-08-17 12:00,0.704
2021-08-17 13:00,0.680
2021-08-17 14:00,0.650
2021-08-17 15:00,0.617
2021-08-17 16:00,0.594
2021-08-17 17:00,0.542
2021-08-17 18:00,0.510
2021-08-17 19:00,0.556
2021-08-17 20:00,0.552
2021-08-17 21:00,0.562
2021-08-17 22:00,0.539
2021-08-17 23:00,0.525
2021-08-18 00:00,0.510
2021-08-18 01:00,0.490
2021-08-18 02:00,0.488
2021-08-18 03:00,0.493
2021-08-18 04:00,0.473
2021-08-18 05:00,0.422
2021-08-18 06:00,0.357
2021-08-18 07:00,0.439
2021-08-18 08:00,0.438
2021-08-18 09:00,0.452
2021-08-18 10:00,0.481
2021-08-18 11:00,0.516
2021-08-18 12:00,0.545
2021-08-18 13:00,0.573
2021-08-18 14:00,0.604
2021-08-18 15:00,0.630
2021-08-18 16:00,0.625
2021-08-18 17:00,0.569
2021-08-18 18:00,0.440
2021-08-18 19:00,0.413
2021-08-18 20:00,0.416
2021-08-18 21:00,0.416
2021-08-18 22:00,0.416
2021-08-18 23:00,0.406
2021-08-19 00:00,0.383
2021-08-19 01:00,0.338
2021-08-19 02:00,0.285
2021-08-19 03:00,0.238
2021-08-19 04:00,0.201
2021-08-19 05:00,0.163
2021-08-19 06:00,0.100
2021-08-19 07:00,0.086
2021-08-19 08:00,0.138
2021-08-19 09:00,0.173
2021-08-19 10:00,0.186
2021-08-19 11:00,0.185
2021-08-19 12:00,0.174
2021-08-19 13:00,0.155
2021-08-19 14:00,0.130
2021-08-19 15:00,0.111
2021-08-19 16:00,0.088
2021-08-19 17:00,0.056
2021-08-19 18:00,0.039
2021-08-19 19:00,0.027
2021-08-19 20:00,0.024
2021-08-19 21:00,0.035
2021-08-19 22:00,0.059
2021-08-19 23:00,0.085
2021-08-20 00:00,0.104
2021-08-20 01:00,0.116
2021-08-20 02:00,0.118
2021-08-20 03:00,0.097
2021-08-20 04:00,0.068
2021-08-20 05:00,0.049
2021-08-20 06:00,0.031
2021-08-20 07:00,0.027
2021-08-20 08:00,0.040
2021-08-20 09:00,0.056
2021-08-20 10:00,0.072
2021-08-20 11:00,0.086
2021-08-20 12:00,0.094
2021-08-20 13:00,0.097
2021-08-20 14:00,0.102
2021-08-20 15:00,0.111
2021-08-20 16:00,0.118
2021-08-20 17:00,0.125
2021-08-20 18:00,0.145
2021-08-20 19:00,0.190
2021-08-20 20:00,0.232
2021-08-20 21:00,0.250
2021-08-20 22:00,0.248
2021-08-20 23:00,0.235
2021-08-21 00:00,0.207
2021-08-21 01:00,0.181
2021-08-21 02:00,0.167
2021-08-21 03:00,0.161
2021-08-21 04:00,0.151
2021-08-21 05:00,0.153
2021-08-21 06:00,0.134
2021-08-21 07:00,0.121
2021-08-21 08:00,0.149
2021-08-21 09:00,0.179
2021-08-21 10:00,0.187
2021-08-21 11:00,0.166
2021-08-21 12:00,0.139
2021-08-21 13:00,0.142
2021-08-21 14:00,0.155
2021-08-21 15:00,0.149
2021-08-21 16:00,0.138
2021-08-21 17:00,0.113
2021-08-21 18:00,0.112
2021-08-21 19:00,0.131
2021-08-21 20:00,0.124
2021-08-21 21:00,0.088
2021-08-21 22:00,0.044
2021-08-21 23:00,0.018
2021-08-22 00:00,0.019
2021-08-22 01:00,0.047
2021-08-22 02:00,0.103
2021-08-22 03:00,0.153
2021-08-22 04:00,0.190
2021-08-22 05:00,0.206
2021-08-22 06:00,0.150
2021-08-22 07:00,0.120
2021-08-22 08:00,0.127
2021-08-22 09:00,0.127
2021-08-22 10:00,0.126
2021-08-22 11:00,0.124
2021-08-22 12:00,0.121
2021-08-22 13:00,0.113
2021-08-22 14:00,0.105
2021-08-22 15:00,0.104
2021-08-22 16:00,0.108
2021-08-22 17:00,0.103
2021-08-22 18:00,0.102
2021-08-22 19:00,0.107
2021-08-22 20:00,0.099
2021-08-22 21:00,0.093
2021-08-22 22:00,0.093
2021-08-22 23:00,0.097
2021-08-23 00:00,0.107
2021-08-23 01:00,0.123
2021-08-23 02:00,0.151
2021-08-23 03:00,0.170
2021-08-23 04:00,0.191
2021-08-23 05:00,0.199
2021-08-23 06:00,0.127
2021-08-23 07:00,0.113
2021-08-23 08:00,0.107
2021-08-23 09:00,0.109
2021-08-23 10:00,0.113
2021-08-23 11:00,0.117
2021-08-23 12:00,0.124
2021-08-23 13:00,0.140
2021-08-23 14:00,0.170
2021-08-23 15:00,0.199
2021-08-23 16:00,0.230
2021-08-23 17:00,0.241
2021-08-23 18:00,0.257
2021-08-23 19:00,0.286
2021-08-23 20:00,0.255
2021-08-23 21:00,0.204
2021-08-23 22:00,0.164
2021-08-23 23:00,0.141
2021-08-24 00:00,0.131
2021-08-24 01:00,0.125
2021-08-24 02:00,0.112
2021-08-24 03:00,0.094
2021-08-24 04:00,0.084
2021-08-24 05:00,0.084
2021-08-24 06:00,0.059
2021-08-24 07:00,0.057
2021-08-24 08:00,0.071
2021-08-24 09:00,0.089
2021-08-24 10:00,0.097
2021-08-24 11:00,0.100
2021-08-24 12:00,0.100
2021-08-24 13:00,0.096
2021-08-24 14:00,0.106
2021-08-24 15:00,0.134
2021-08-24 16:00,0.157
2021-08-24 17:00,0.157
2021-08-24 18:00,0.173
2021-08-24 19:00,0.200
2021-08-24 20:00,0.180
2021-08-24 21:00,0.130
2021-08-24 22:00,0.087
2021-08-24 23:00,0.069
2021-08-25 00:00,0.073
2021-08-25 01:00,0.101
2021-08-25 02:00,0.149
2021-08-25 03:00,0.194
2021-08-25 04:00,0.209
2021-08-25 05:00,0.202
2021-08-25 06:00,0.133
2021-08-25 07:00,0.118
2021-08-25 08:00,0.124
2021-08-25 09:00,0.134
2021-08-25 10:00,0.140
2021-08-25 11:00,0.141
2021-08-25 12:00,0.137
2021-08-25 13:00,0.133
2021-08-25 14:00,0.135
2021-08-25 15:00,0.153
2021-08-25 16:00,0.182
2021-08-25 17:00,0.189
2021-08-25 18:00,0.204
2021-08-25 19:00,0.232
2021-08-25 20:00,0.223
2021-08-25 21:00,0.215
2021-08-25 22:00,0.233
2021-08-25 23:00,0.266
2021-08-26 00:00,0.285
2021-08-26 01:00,0.288
2021-08-26 02:00,0.306
2021-08-26 03:00,0.357
2021-08-26 04:00,0.401
2021-08-26 05:00,0.403
2021-08-26 06:00,0.426
2021-08-26 07:00,0.478
2021-08-26 08:00,0.491
2021-08-26 09:00,0.475
2021-08-26 10:00,0.436
2021-08-26 11:00,0.400
2021-08-26 12:00,0.374
2021-08-26 13:00,0.361
2021-08-26 14:00,0.360
2021-08-26 15:00,0.367
2021-08-26 16:00,0.377
2021-08-26 17:00,0.366
2021-08-26 18:00,0.326
2021-08-26 19:00,0.326
2021-08-26 20:00,0.305
2021-08-26 21:00,0.284
2021-08-26 22:00,0.273
2021-08-26 23:00,0.254
2021-08-27 00:00,0.224
2021-08-27 01:00,0.217
2021-08-27 02:00,0.232
2021-08-27 03:00,0.236
2021-08-27 04:00,0.243
2021-08-27 05:00,0.244
2021-08-27 06:00,0.210
2021-08-27 07:00,0.235
2021-08-27 08:00,0.254
2021-08-27 09:00,0.235
2021-08-27 10:00,0.210
2021-08-27 11:00,0.194
2021-08-27 12:00,0.196
2021-08-27 13:00,0.207
2021-08-27 14:00,0.218
2021-08-27 15:00,0.228
2021-08-27 16:00,0.233
2021-08-27 17:00,0.232
2021-08-27 18:00,0.257
2021-08-27 19:00,0.299
2021-08-27 20:00,0.302
2021-08-27 21:00,0.290
2021-08-27 22:00,0.275
2021-08-27 23:00,0.257
2021-08-28 00:00,0.235
2021-08-28 01:00,0.221
2021-08-28 02:00,0.216
2021-08-28 03:00,0.217
2021-08-28 04:00,0.216
2021-08-28 05:00,0.206
2021-08-28 06:00,0.138
2021-08-28 07:00,0.097
2021-08-28 08:00,0.070
2021-08-28 09:00,0.049
2021-08-28 10:00,0.039
2021-08-28 11:00,0.037
2021-08-28 12:00,0.037
2021-08-28 13:00,0.039
2021-08-28 14:00,0.045
2021-08-28 15:00,0.049
2021-08-28 16:00,0.054
2021-08-28 17:00,0.059
2021-08-28 18:00,0.064
2021-08-28 19:00,0.063
2021-08-28 20:00,0.054
2021-08-28 21:00,0.046
2021-08-28 22:00,0.075
2021-08-28 23:00,0.114
2021-08-29 00:00,0.162
2021-08-29 01:00,0.216
2021-08-29 02:00,0.272
2021-08-29 03:00,0.318
2021-08-29 04:00,0.357
2021-08-29 05:00,0.374
2021-08-29 06:00,0.263
2021-08-29 07:00,0.262
2021-08-29 08:00,0.276
2021-08-29 09:00,0.272
2021-08-29 10:00,0.262
2021-08-29 11:00,0.258
2021-08-29 12:00,0.264
2021-08-29 13:00,0.279
2021-08-29 14:00,0.297
2021-08-29 15:00,0.315
2021-08-29 16:00,0.329
2021-08-29 17:00,0.322
2021-08-29 18:00,0.334
2021-08-29 19:00,0.367
2021-08-29 20:00,0.362
2021-08-29 21:00,0.367
2021-08-29 22:00,0.373
2021-08-29 23:00,0.380
2021-08-30 00:00,0.382
2021-08-30 01:00,0.403
2021-08-30 02:00,0.413
2021-08-30 03:00,0.416
2021-08-30 04:00,0.425
2021-08-30 05:00,0.423
2021-08-30 06:00,0.318
2021-08-30 07:00,0.355
2021-08-30 08:00,0.332
2021-08-30 09:00,0.287
2021-08-30 10:00,0.262
2021-08-30 11:00,0.259
2021-08-30 12:00,0.279
2021-08-30 13:00,0.321
2021-08-30 14:00,0.374
2021-08-30 15:00,0.414
2021-08-30 16:00,0.431
2021-08-30 17:00,0.392
2021-08-30 18:00,0.336
2021-08-30 19:00,0.342
2021-08-30 20:00,0.326
2021-08-30 21:00,0.343
2021-08-30 22:00,0.343
2021-08-30 23:00,0.318
2021-08-31 00:00,0.319
2021-08-31 01:00,0.317
2021-08-31 02:00,0.307
2021-08-31 03:00,0.295
2021-08-31 04:00,0.310
2021-08-31 05:00,0.315
2021-08-31 06:00,0.257
2021-08-31 07:00,0.317
2021-08-31 08:00,0.402
2021-08-31 09:00,0.376
2021-08-31 10:00,0.348
2021-08-31 11:00,0.330
2021-08-31 12:00,0.323
2021-08-31 13:00,0.318
2021-08-31 14:00,0.315
2021-08-31 15:00,0.321
2021-08-31 16:00,0.318
2021-08-31 17:00,0.279
2021-08-31 18:00,0.309
2021-08-31 19:00,0.342
2021-08-31 20:00,0.352
2021-08-31 21:00,0.361
2021-08-31 22:00,0.374
2021-08-31 23:00,0.367
2021-09-01 00:00,0.357
2021-09-01 01:00,0.370
2021-09-01 02:00,0.371
2021-09-01 03:00,0.346
2021-09-01 04:00,0.328
2021-09-01 05:00,0.314
2021-09-01 06:00,0.251
2021-09-01 07:00,0.249
2021-09-01 08:00,0.322
2021-09-01 09:00,0.321
2021-09-01 10:00,0.324
2021-09-01 11:00,0.340
2021-09-01 12:00,0.360
2021-09-01 13:00,0.374
2021-09-01 14:00,0.382
2021-09-01 15:00,0.390
2021-09-01 16:00,0.392
2021-09-01 17:00,0.374
2021-09-01 18:00,0.376
2021-09-01 19:00,0.400
2021-09-01 20:00,0.401
2021-09-01 21:00,0.400
2021-09-01 22:00,0.409
2021-09-01 23:00,0.381
2021-09-02 00:00,0.373
2021-09-02 01:00,0.333
2021-09-02 02:00,0.305
2021-09-02 03:00,0.269
2021-09-02 04:00,0.217
2021-09-02 05:00,0.224
2021-09-02 06:00,0.208
2021-09-02 07:00,0.227
2021-09-02 08:00,0.259
2021-09-02 09:00,0.271
2021-09-02 10:00,0.279
2021-09-02 11:00,0.288
2021-09-02 12:00,0.307
2021-09-02 13:00,0.327
2021-09-02 14:00,0.348
2021-09-02 15:00,0.367
2021-09-02 16:00,0.389
2021-09-02 17:00,0.387
2021-09-02 18:00,0.406
2021-09-02 19:00,0.456
2021-09-02 20:00,0.439
2021-09-02 21:00,0.413
2021-09-02 22:00,0.383
2021-09-02 23:00,0.356
2021-09-03 00:00,0.338
2021-09-03 01:00,0.320
2021-09-03 02:00,0.309
2021-09-03 03:00,0.302
2021-09-03 04:00,0.292
2021-09-03 05:00,0.281
2021-09-03 06:00,0.213
2021-09-03 07:00,0.217
2021-09-03 08:00,0.230
2021-09-03 09:00,0.221
2021-09-03 10:00,0.210
2021-09-03 11:00,0.202
2021-09-03 12:00,0.197
2021-09-03 13:00,0.197
2021-09-03 14:00,0.202
2021-09-03 15:00,0.211
2021-09-03 16:00,0.226
2021-09-03 17:00,0.235
2021-09-03 18:00,0.267
2021-09-03 19:00,0.265
2021-09-03 20:00,0.214
2021-09-03 21:00,0.187
2021-09-03 22:00,0.190
2021-09-03 23:00,0.199
2021-09-04 00:00,0.206
2021-09-04 01:00,0.214
2021-09-04 02:00,0.223
2021-09-04 03:00,0.229
2021-09-04 04:00,0.235
2021-09-04 05:00,0.232
2021-09-04 06:00,0.179
2021-09-04 07:00,0.142
2021-09-04 08:00,0.156
2021-09-04 09:00,0.144
2021-09-04 10:00,0.139
2021-09-04 11:00,0.143
2021-09-04 12:00,0.156
2021-09-04 13:00,0.171
2021-09-04 14:00,0.194
2021-09-04 15:00,0.213
2021-09-04 16:00,0.227
2021-09-04 17:00,0.238
2021-09-04 18:00,0.293
2021-09-04 19:00,0.331
2021-09-04 20:00,0.317
2021-09-04 21:00,0.299
2021-09-04 22:00,0.290
2021-09-04 23:00,0.284
2021-09-05 00:00,0.276
2021-09-05 01:00,0.258
2021-09-05 02:00,0.242
2021-09-05 03:00,0.230
2021-09-05 04:00,0.229
2021-09-05 05:00,0.238
2021-09-05 06:00,0.197
2021-09-05 07:00,0.145
2021-09-05 08:00,0.149
2021-09-05 09:00,0.125
2021-09-05 10:00,0.105
2021-09-05 11:00,0.097
2021-09-05 12:00,0.088
2021-09-05 13:00,0.077
2021-09-05 14:00,0.067
2021-09-05 15:00,0.065
2021-09-05 16:00,0.077
2021-09-05 17:00,0.126
2021-09-05 18:00,0.234
2021-09-05 19:00,0.327
2021-09-05 20:00,0.327
2021-09-05 21:00,0.297
2021-09-05 22:00,0.280
2021-09-05 23:00,0.260
2021-09-06 00:00,0.220
2021-09-06 01:00,0.165
2021-09-06 02:00,0.116
2021-09-06 03:00,0.089
2021-09-06 04:00,0.076
2021-09-06 05:00,0.060
2021-09-06 06:00,0.045
2021-09-06 07:00,0.036
2021-09-06 08:00,0.029
2021-09-06 09:00,0.037
2021-09-06 10:00,0.062
2021-09-06 11:00,0.090
2021-09-06 12:00,0.110
2021-09-06 13:00,0.128
2021-09-06 14:00,0.139
2021-09-06 15:00,0.134
2021-09-06 16:00,0.119
2021-09-06 17:00,0.109
2021-09-06 18:00,0.111
2021-09-06 19:00,0.110
2021-09-06 20:00,0.112
2021-09-06 21:00,0.110
2021-09-06 22:00,0.098
2021-09-06 23:00,0.080
2021-09-07 00:00,0.062
2021-09-07 01:00,0.047
2021-09-07 02:00,0.037
2021-09-07 03:00,0.027
2021-09-07 04:00,0.022
2021-09-07 05:00,0.020
2021-09-07 06:00,0.019
2021-09-07 07:00,0.012
2021-09-07 08:00,0.013
2021-09-07 09:00,0.032
2021-09-07 10:00,0.058
2021-09-07 11:00,0.059
2021-09-07 12:00,0.060
2021-09-07 13:00,0.060
2021-09-07 14:00,0.055
2021-09-07 15:00,0.049
2021-09-07 16:00,0.062
2021-09-07 17:00,0.105
2021-09-07 18:00,0.195
2021-09-07 19:00,0.314
2021-09-07 20:00,0.393
2021-09-07 21:00,0.442
2021-09-07 22:00,0.454
2021-09-07 23:00,0.429
2021-09-08 00:00,0.370
2021-09-08 01:00,0.310
2021-09-08 02:00,0.264
2021-09-08 03:00,0.224
2021-09-08 04:00,0.190
2021-09-08 05:00,0.172
2021-09-08 06:00,0.166
2021-09-08 07:00,0.113
2021-09-08 08:00,0.086
2021-09-08 09:00,0.112
2021-09-08 10:00,0.265
2021-09-08 11:00,0.303
2021-09-08 12:00,0.304
2021-09-08 13:00,0.308
2021-09-08 14:00,0.318
2021-09-08 15:00,0.291
2021-09-08 16:00,0.289
2021-09-08 17:00,0.411
2021-09-08 18:00,0.539
2021-09-08 19:00,0.557
2021-09-08 20:00,0.483
2021-09-08 21:00,0.390
2021-09-08 22:00,0.279
2021-09-08 23:00,0.197
2021-09-09 00:00,0.140
2021-09-09 01:00,0.121
2021-09-09 02:00,0.136
2021-09-09 03:00,0.132
2021-09-09 04:00,0.096
2021-09-09 05:00,0.079
2021-09-09 06:00,0.056
2021-09-09 07:00,0.028
2021-09-09 08:00,0.023
2021-09-09 09:00,0.029
2021-09-09 10:00,0.039
2021-09-09 11:00,0.052
2021-09-09 12:00,0.066
2021-09-09 13:00,0.079
2021-09-09 14:00,0.088
2021-09-09 15:00,0.089
2021-09-09 16:00,0.090
2021-09-09 17:00,0.096
2021-09-09 18:00,0.102
2021-09-09 19:00,0.104
2021-09-09 20:00,0.104
2021-09-09 21:00,0.106
2021-09-09 22:00,0.113
2021-09-09 23:00,0.128
2021-09-10 00:00,0.150
2021-09-10 01:00,0.170
2021-09-10 02:00,0.181
2021-09-10 03:00,0.177
2021-09-10 04:00,0.163
2021-09-10 05:00,0.145
2021-09-10 06:00,0.112
2021-09-10 07:00,0.064
2021-09-10 08:00,0.061
2021-09-10 09:00,0.080
2021-09-10 10:00,0.099
2021-09-10 11:00,0.102
2021-09-10 12:00,0.095
2021-09-10 13:00,0.087
2021-09-10 14:00,0.077
2021-09-10 15:00,0.072
2021-09-10 16:00,0.082
2021-09-10 17:00,0.104
2021-09-10 18:00,0.156
2021-09-10 19:00,0.221
2021-09-10 20:00,0.279
2021-09-10 21:00,0.319
2021-09-10 22:00,0.326
2021-09-10 23:00,0.335
2021-09-11 00:00,0.362
2021-09-11 01:00,0.387
2021-09-11 02:00,0.393
2021-09-11 03:00,0.405
2021-09-11 04:00,0.417
2021-09-11 05:00,0.460
2021-09-11 06:00,0.429
2021-09-11 07:00,0.369
2021-09-11 08:00,0.438
2021-09-11 09:00,0.471
2021-09-11 10:00,0.486
2021-09-11 11:00,0.520
2021-09-11 12:00,0.554
2021-09-11 13:00,0.561
2021-09-11 14:00,0.546
2021-09-11 15:00,0.507
2021-09-11 16:00,0.448
2021-09-11 17:00,0.355
2021-09-11 18:00,0.359
2021-09-11 19:00,0.404
2021-09-11 20:00,0.390
2021-09-11 21:00,0.360
2021-09-11 22:00,0.345
2021-09-11 23:00,0.328
2021-09-12 00:00,0.303
2021-09-12 01:00,0.273
2021-09-12 02:00,0.246
2021-09-12 03:00,0.224
2021-09-12 04:00,0.200
2021-09-12 05:00,0.185
2021-09-12 06:00,0.156
2021-09-12 07:00,0.088
2021-09-12 08:00,0.077
2021-09-12 09:00,0.074
2021-09-12 10:00,0.068
2021-09-12 11:00,0.059
2021-09-12 12:00,0.052
2021-09-12 13:00,0.048
2021-09-12 14:00,0.048
2021-09-12 15:00,0.058
2021-09-12 16:00,0.085
2021-09-12 17:00,0.132
2021-09-12 18:00,0.195
2021-09-12 19:00,0.237
2021-09-12 20:00,0.232
2021-09-12 21:00,0.219
2021-09-12 22:00,0.204
2021-09-12 23:00,0.194
2021-09-13 00:00,0.187
2021-09-13 01:00,0.178
2021-09-13 02:00,0.178
2021-09-13 03:00,0.177
2021-09-13 04:00,0.177
2021-09-13 05:00,0.187
2021-09-13 06:00,0.177
2021-09-13 07:00,0.155
2021-09-13 08:00,0.169
2021-09-13 09:00,0.162
2021-09-13 10:00,0.147
2021-09-13 11:00,0.138
2021-09-13 12:00,0.141
2021-09-13 13:00,0.162
2021-09-13 14:00,0.187
2021-09-13 15:00,0.194
2021-09-13 16:00,0.195
2021-09-13 17:00,0.256
2021-09-13 18:00,0.355
2021-09-13 19:00,0.363
2021-09-13 20:00,0.318
2021-09-13 21:00,0.289
2021-09-13 22:00,0.305
2021-09-13 23:00,0.298
2021-09-14 00:00,0.269
2021-09-14 01:00,0.274
2021-09-14 02:00,0.279
2021-09-14 03:00,0.263
2021-09-14 04:00,0.260
2021-09-14 05:00,0.288
2021-09-14 06:00,0.270
2021-09-14 07:00,0.211
2021-09-14 08:00,0.199
2021-09-14 09:00,0.207
2021-09-14 10:00,0.205
2021-09-14 11:00,0.209
2021-09-14 12:00,0.222
2021-09-14 13:00,0.227
2021-09-14 14:00,0.221
2021-09-14 15:00,0.211
2021-09-14 16:00,0.195
2021-09-14 17:00,0.185
2021-09-14 18:00,0.230
2021-09-14 19:00,0.251
2021-09-14 20:00,0.246
2021-09-14 21:00,0.233
2021-09-14 22:00,0.225
2021-09-14 23:00,0.215
2021-09-15 00:00,0.204
2021-09-15 01:00,0.194
2021-09-15 02:00,0.183
2021-09-15 03:00,0.161
2021-09-15 04:00,0.132
2021-09-15 05:00,0.102
2021-09-15 06:00,0.075
2021-09-15 07:00,0.046
2021-09-15 08:00,0.047
2021-09-15 09:00,0.056
2021-09-15 10:00,0.067
2021-09-15 11:00,0.082
2021-09-15 12:00,0.096
2021-09-15 13:00,0.102
2021-09-15 14:00,0.100
2021-09-15 15:00,0.096
2021-09-15 16:00,0.089
2021-09-15 17:00,0.089
2021-09-15 18:00,0.090
2021-09-15 19:00,0.087
2021-09-15 20:00,0.094
2021-09-15 21:00,0.127
2021-09-15 22:00,0.177
2021-09-15 23:00,0.210
2021-09-16 00:00,0.232
2021-09-16 01:00,0.253
2021-09-16 02:00,0.266
2021-09-16 03:00,0.254
2021-09-16 04:00,0.250
2021-09-16 05:00,0.282
2021-09-16 06:00,0.309
2021-09-16 07:00,0.194
2021-09-16 08:00,0.159
2021-09-16 09:00,0.157
2021-09-16 10:00,0.184
2021-09-16 11:00,0.209
2021-09-16 12:00,0.209
2021-09-16 13:00,0.185
2021-09-16 14:00,0.159
2021-09-16 15:00,0.130
2021-09-16 16:00,0.102
2021-09-16 17:00,0.083
2021-09-16 18:00,0.055
2021-09-16 19:00,0.032
2021-09-16 20:00,0.023
2021-09-16 21:00,0.030
2021-09-16 22:00,0.048
2021-09-16 23:00,0.080
2021-09-17 00:00,0.113
2021-09-17 01:00,0.135
2021-09-17 02:00,0.149
2021-09-17 03:00,0.171
2021-09-17 04:00,0.203
2021-09-17 05:00,0.238
2021-09-17 06:00,0.257
2021-09-17 07:00,0.184
2021-09-17 08:00,0.187
2021-09-17 09:00,0.261
2021-09-17 10:00,0.267
2021-09-17 11:00,0.266
2021-09-17 12:00,0.273
2021-09-17 13:00,0.275
2021-09-17 14:00,0.265
2021-09-17 15:00,0.243
2021-09-17 16:00,0.198
2021-09-17 17:00,0.200
2021-09-17 18:00,0.238
2021-09-17 19:00,0.259
2021-09-17 20:00,0.267
2021-09-17 21:00,0.258
2021-09-17 22:00,0.235
2021-09-17 23:00,0.202
2021-09-18 00:00,0.166
2021-09-18 01:00,0.133
2021-09-18 02:00,0.106
2021-09-18 03:00,0.086
2021-09-18 04:00,0.074
2021-09-18 05:00,0.068
2021-09-18 06:00,0.059
2021-09-18 07:00,0.030
2021-09-18 08:00,0.014
2021-09-18 09:00,0.054
2021-09-18 10:00,0.075
2021-09-18 11:00,0.085
2021-09-18 12:00,0.089
2021-09-18 13:00,0.092
2021-09-18 14:00,0.095
2021-09-18 15:00,0.105
2021-09-18 16:00,0.118
2021-09-18 17:00,0.146
2021-09-18 18:00,0.211
2021-09-18 19:00,0.300
2021-09-18 20:00,0.393
2021-09-18 21:00,0.432
2021-09-18 22:00,0.420
2021-09-18 23:00,0.395
2021-09-19 00:00,0.359
2021-09-19 01:00,0.321
2021-09-19 02:00,0.281
2021-09-19 03:00,0.240
2021-09-19 04:00,0.192
2021-09-19 05:00,0.154
2021-09-19 06:00,0.122
2021-09-19 07:00,0.081
2021-09-19 08:00,0.067
2021-09-19 09:00,0.069
2021-09-19 10:00,0.063
2021-09-19 11:00,0.060
2021-09-19 12:00,0.059
2021-09-19 13:00,0.065
2021-09-19 14:00,0.080
2021-09-19 15:00,0.124
2021-09-19 16:00,0.185
2021-09-19 17:00,0.263
2021-09-19 18:00,0.360
2021-09-19 19:00,0.410
2021-09-19 20:00,0.406
2021-09-19 21:00,0.393
2021-09-19 22:00,0.393
2021-09-19 23:00,0.398
2021-09-20 00:00,0.403
2021-09-20 01:00,0.403
2021-09-20 02:00,0.395
2021-09-20 03:00,0.365
2021-09-20 04:00,0.320
2021-09-20 05:00,0.287
2021-09-20 06:00,0.268
2021-09-20 07:00,0.173
2021-09-20 08:00,0.113
2021-09-20 09:00,0.137
2021-09-20 10:00,0.118
2021-09-20 11:00,0.098
2021-09-20 12:00,0.104
2021-09-20 13:00,0.127
2021-09-20 14:00,0.123
2021-09-20 15:00,0.120
2021-09-20 16:00,0.169
2021-09-20 17:00,0.214
2021-09-20 18:00,0.265
2021-09-20 19:00,0.323
2021-09-20 20:00,0.357
2021-09-20 21:00,0.341
2021-09-20 22:00,0.302
2021-09-20 23:00,0.309
2021-09-21 00:00,0.345
2021-09-21 01:00,0.367
2021-09-21 02:00,0.374
2021-09-21 03:00,0.377
2021-09-21 04:00,0.380
2021-09-21 05:00,0.340
2021-09-21 06:00,0.292
2021-09-21 07:00,0.198
2021-09-21 08:00,0.148
2021-09-21 09:00,0.111
2021-09-21 10:00,0.096
2021-09-21 11:00,0.106
2021-09-21 12:00,0.135
2021-09-21 13:00,0.158
2021-09-21 14:00,0.179
2021-09-21 15:00,0.198
2021-09-21 16:00,0.204
2021-09-21 17:00,0.229
2021-09-21 18:00,0.270
2021-09-21 19:00,0.281
2021-09-21 20:00,0.274
2021-09-21 21:00,0.285
2021-09-21 22:00,0.323
2021-09-21 23:00,0.382
2021-09-22 00:00,0.439
2021-09-22 01:00,0.483
2021-09-22 02:00,0.512
2021-09-22 03:00,0.521
2021-09-22 04:00,0.539
2021-09-22 05:00,0.549
2021-09-22 06:00,0.530
2021-09-22 07:00,0.380
2021-09-22 08:00,0.399
2021-09-22 09:00,0.484
2021-09-22 10:00,0.514
2021-09-22 11:00,0.556
2021-09-22 12:00,0.585
2021-09-22 13:00,0.599
2021-09-22 14:00,0.606
2021-09-22 15:00,0.617
2021-09-22 16:00,0.584
2021-09-22 17:00,0.565
2021-09-22 18:00,0.574
2021-09-22 19:00,0.575
2021-09-22 20:00,0.570
2021-09-22 21:00,0.594
2021-09-22 22:00,0.629
2021-09-22 23:00,0.661
2021-09-23 00:00,0.683
2021-09-23 01:00,0.716
2021-09-23 02:00,0.728
2021-09-23 03:00,0.735
2021-09-23 04:00,0.742
2021-09-23 05:00,0.741
2021-09-23 06:00,0.755
2021-09-23 07:00,0.731
2021-09-23 08:00,0.773
2021-09-23 09:00,0.777
2021-09-23 10:00,0.739
2021-09-23 11:00,0.692
2021-09-23 12:00,0.659
2021-09-23 13:00,0.630
2021-09-23 14:00,0.591
2021-09-23 15:00,0.533
2021-09-23 16:00,0.439
2021-09-23 17:00,0.348
2021-09-23 18:00,0.368
2021-09-23 19:00,0.385
2021-09-23 20:00,0.389
2021-09-23 21:00,0.399
2021-09-23 22:00,0.436
2021-09-23 23:00,0.471
2021-09-24 00:00,0.479
2021-09-24 01:00,0.498
2021-09-24 02:00,0.523
2021-09-24 03:00,0.536
2021-09-24 04:00,0.546
2021-09-24 05:00,0.560
2021-09-24 06:00,0.574
2021-09-24 07:00,0.542
2021-09-24 08:00,0.569
2021-09-24 09:00,0.655
2021-09-24 10:00,0.731
2021-09-24 11:00,0.775
2021-09-24 12:00,0.791
2021-09-24 13:00,0.805
2021-09-24 14:00,0.806
2021-09-24 15:00,0.767
2021-09-24 16:00,0.646
2021-09-24 17:00,0.604
2021-09-24 18:00,0.611
2021-09-24 19:00,0.580
2021-09-24 20:00,0.563
2021-09-24 21:00,0.542
2021-09-24 22:00,0.505
2021-09-24 23:00,0.460
2021-09-25 00:00,0.400
2021-09-25 01:00,0.342
2021-09-25 02:00,0.288
2021-09-25 03:00,0.227
2021-09-25 04:00,0.165
2021-09-25 05:00,0.120
2021-09-25 06:00,0.097
2021-09-25 07:00,0.078
2021-09-25 08:00,0.050
2021-09-25 09:00,0.058
2021-09-25 10:00,0.061
2021-09-25 11:00,0.059
2021-09-25 12:00,0.066
2021-09-25 13:00,0.079
2021-09-25 14:00,0.093
2021-09-25 15:00,0.104
2021-09-25 16:00,0.116
2021-09-25 17:00,0.157
2021-09-25 18:00,0.219
2021-09-25 19:00,0.284
2021-09-25 20:00,0.333
2021-09-25 21:00,0.342
2021-09-25 22:00,0.311
2021-09-25 23:00,0.285
2021-09-26 00:00,0.267
2021-09-26 01:00,0.257
2021-09-26 02:00,0.257
2021-09-26 03:00,0.253
2021-09-26 04:00,0.268
2021-09-26 05:00,0.311
2021-09-26 06:00,0.330
2021-09-26 07:00,0.235
2021-09-26 08:00,0.248
2021-09-26 09:00,0.295
2021-09-26 10:00,0.321
2021-09-26 11:00,0.348
2021-09-26 12:00,0.370
2021-09-26 13:00,0.402
2021-09-26 14:00,0.451
2021-09-26 15:00,0.493
2021-09-26 16:00,0.462
2021-09-26 17:00,0.506
2021-09-26 18:00,0.606
2021-09-26 19:00,0.597
2021-09-26 20:00,0.598
2021-09-26 21:00,0.617
2021-09-26 22:00,0.638
2021-09-26 23:00,0.643
2021-09-27 00:00,0.628
2021-09-27 01:00,0.654
2021-09-27 02:00,0.701
2021-09-27 03:00,0.809
2021-09-27 04:00,0.843
2021-09-27 05:00,0.819
2021-09-27 06:00,0.602
2021-09-27 07:00,0.481
2021-09-27 08:00,0.827
2021-09-27 09:00,0.927
2021-09-27 10:00,0.876
2021-09-27 11:00,0.837
2021-09-27 12:00,0.853
2021-09-27 13:00,0.866
2021-09-27 14:00,0.862
2021-09-27 15:00,0.834
2021-09-27 16:00,0.751
2021-09-27 17:00,0.679
2021-09-27 18:00,0.600
2021-09-27 19:00,0.556
2021-09-27 20:00,0.559
2021-09-27 21:00,0.567
2021-09-27 22:00,0.583
2021-09-27 23:00,0.581
2021-09-28 00:00,0.570
2021-09-28 01:00,0.542
2021-09-28 02:00,0.463
2021-09-28 03:00,0.410
2021-09-28 04:00,0.416
2021-09-28 05:00,0.426
2021-09-28 06:00,0.423
2021-09-28 07:00,0.413
2021-09-28 08:00,0.426
2021-09-28 09:00,0.586
2021-09-28 10:00,0.769
2021-09-28 11:00,0.873
2021-09-28 12:00,0.886
2021-09-28 13:00,0.803
2021-09-28 14:00,0.702
2021-09-28 15:00,0.486
2021-09-28 16:00,0.290
2021-09-28 17:00,0.238
2021-09-28 18:00,0.157
2021-09-28 19:00,0.161
2021-09-28 20:00,0.178
2021-09-28 21:00,0.227
2021-09-28 22:00,0.327
2021-09-28 23:00,0.379
2021-09-29 00:00,0.429
2021-09-29 01:00,0.506
2021-09-29 02:00,0.546
2021-09-29 03:00,0.580
2021-09-29 04:00,0.583
2021-09-29 05:00,0.581
2021-09-29 06:00,0.587
2021-09-29 07:00,0.536
2021-09-29 08:00,0.549
2021-09-29 09:00,0.696
2021-09-29 10:00,0.760
2021-09-29 11:00,0.780
2021-09-29 12:00,0.806
2021-09-29 13:00,0.828
2021-09-29 14:00,0.818
2021-09-29 15:00,0.789
2021-09-29 16:00,0.706
2021-09-29 17:00,0.647
2021-09-29 18:00,0.602
2021-09-29 19:00,0.546
2021-09-29 20:00,0.510
2021-09-29 21:00,0.511
2021-09-29 22:00,0.529
2021-09-29 23:00,0.537
2021-09-30 00:00,0.527
2021-09-30 01:00,0.494
2021-09-30 02:00,0.451
2021-09-30 03:00,0.436
2021-09-30 04:00,0.458
2021-09-30 05:00,0.505
2021-09-30 06:00,0.590
2021-09-30 07:00,0.679
2021-09-30 08:00,0.831
2021-09-30 09:00,0.877
2021-09-30 10:00,0.868
2021-09-30 11:00,0.870
2021-09-30 12:00,0.858
2021-09-30 13:00,0.848
2021-09-30 14:00,0.833
2021-09-30 15:00,0.803
2021-09-30 16:00,0.750
2021-09-30 17:00,0.661
2021-09-30 18:00,0.574
2021-09-30 19:00,0.545
2021-09-30 20:00,0.577
2021-09-30 21:00,0.597
2021-09-30 22:00,0.636
2021-09-30 23:00,0.691
2021-10-01 00:00,0.730
2021-10-01 01:00,0.790
2021-10-01 02:00,0.803
2021-10-01 03:00,0.799
2021-10-01 04:00,0.761
2021-10-01 05:00,0.719
2021-10-01 06:00,0.686
2021-10-01 07:00,0.679
2021-10-01 08:00,0.768
2021-10-01 09:00,0.862
2021-10-01 10:00,0.873
2021-10-01 11:00,0.856
2021-10-01 12:00,0.837
2021-10-01 13:00,0.829
2021-10-01 14:00,0.819
2021-10-01 15:00,0.791
2021-10-01 16:00,0.724
2021-10-01 17:00,0.671
2021-10-01 18:00,0.643
2021-10-01 19:00,0.608
2021-10-01 20:00,0.585
2021-10-01 21:00,0.544
2021-10-01 22:00,0.500
2021-10-01 23:00,0.486
2021-10-02 00:00,0.476
2021-10-02 01:00,0.427
2021-10-02 02:00,0.400
2021-10-02 03:00,0.413
2021-10-02 04:00,0.394
2021-10-02 05:00,0.415
2021-10-02 06:00,0.487
2021-10-02 07:00,0.587
2021-10-02 08:00,0.646
2021-10-02 09:00,0.738
2021-10-02 10:00,0.789
2021-10-02 11:00,0.819
2021-10-02 12:00,0.831
2021-10-02 13:00,0.760
2021-10-02 14:00,0.564
2021-10-02 15:00,0.338
2021-10-02 16:00,0.194
2021-10-02 17:00,0.288
2021-10-02 18:00,0.403
2021-10-02 19:00,0.381
2021-10-02 20:00,0.390
2021-10-02 21:00,0.419
2021-10-02 22:00,0.439
2021-10-02 23:00,0.493
2021-10-03 00:00,0.498
2021-10-03 01:00,0.493
2021-10-03 02:00,0.475
2021-10-03 03:00,0.452
2021-10-03 04:00,0.463
2021-10-03 05:00,0.489
2021-10-03 06:00,0.527
2021-10-03 07:00,0.606
2021-10-03 08:00,0.664
2021-10-03 09:00,0.786
2021-10-03 10:00,0.854
2021-10-03 11:00,0.874
2021-10-03 12:00,0.879
2021-10-03 13:00,0.876
2021-10-03 14:00,0.865
2021-10-03 15:00,0.811
2021-10-03 16:00,0.748
2021-10-03 17:00,0.729
2021-10-03 18:00,0.637
2021-10-03 19:00,0.608
2021-10-03 20:00,0.591
2021-10-03 21:00,0.572
2021-10-03 22:00,0.536
2021-10-03 23:00,0.489
2021-10-04 00:00,0.450
2021-10-04 01:00,0.450
2021-10-04 02:00,0.456
2021-10-04 03:00,0.513
2021-10-04 04:00,0.516
2021-10-04 05:00,0.477
2021-10-04 06:00,0.423
2021-10-04 07:00,0.387
2021-10-04 08:00,0.384
2021-10-04 09:00,0.479
2021-10-04 10:00,0.549
2021-10-04 11:00,0.583
2021-10-04 12:00,0.585
2021-10-04 13:00,0.568
2021-10-04 14:00,0.535
2021-10-04 15:00,0.426
2021-10-04 16:00,0.354
2021-10-04 17:00,0.377
2021-10-04 18:00,0.396
2021-10-04 19:00,0.425
2021-10-04 20:00,0.409
2021-10-04 21:00,0.420
2021-10-04 22:00,0.439
2021-10-04 23:00,0.500
2021-10-05 00:00,0.549
2021-10-05 01:00,0.604
2021-10-05 02:00,0.581
2021-10-05 03:00,0.523
2021-10-05 04:00,0.411
2021-10-05 05:00,0.326
2021-10-05 06:00,0.235
2021-10-05 07:00,0.194
2021-10-05 08:00,0.226
2021-10-05 09:00,0.339
2021-10-05 10:00,0.546
2021-10-05 11:00,0.765
2021-10-05 12:00,0.894
2021-10-05 13:00,0.945
2021-10-05 14:00,0.958
2021-10-05 15:00,0.960
2021-10-05 16:00,0.958
2021-10-05 17:00,0.954
2021-10-05 18:00,0.954
2021-10-05 19:00,0.955
2021-10-05 20:00,0.954
2021-10-05 21:00,0.950
2021-10-05 22:00,0.948
2021-10-05 23:00,0.939
2021-10-06 00:00,0.916
2021-10-06 01:00,0.892
2021-10-06 02:00,0.865
2021-10-06 03:00,0.837
2021-10-06 04:00,0.791
2021-10-06 05:00,0.725
2021-10-06 06:00,0.661
2021-10-06 07:00,0.579
2021-10-06 08:00,0.491
2021-10-06 09:00,0.516
2021-10-06 10:00,0.439
2021-10-06 11:00,0.332
2021-10-06 12:00,0.243
2021-10-06 13:00,0.172
2021-10-06 14:00,0.134
2021-10-06 15:00,0.139
2021-10-06 16:00,0.141
2021-10-06 17:00,0.134
2021-10-06 18:00,0.132
2021-10-06 19:00,0.182
2021-10-06 20:00,0.291
2021-10-06 21:00,0.375
2021-10-06 22:00,0.426
2021-10-06 23:00,0.420
2021-10-07 00:00,0.424
2021-10-07 01:00,0.421
2021-10-07 02:00,0.423
2021-10-07 03:00,0.416
2021-10-07 04:00,0.424
2021-10-07 05:00,0.441
2021-10-07 06:00,0.450
2021-10-07 07:00,0.380
2021-10-07 08:00,0.275
2021-10-07 09:00,0.257
2021-10-07 10:00,0.420
2021-10-07 11:00,0.453
2021-10-07 12:00,0.463
2021-10-07 13:00,0.457
2021-10-07 14:00,0.423
2021-10-07 15:00,0.367
2021-10-07 16:00,0.376
2021-10-07 17:00,0.460
2021-10-07 18:00,0.486
2021-10-07 19:00,0.483
2021-10-07 20:00,0.466
2021-10-07 21:00,0.457
2021-10-07 22:00,0.440
2021-10-07 23:00,0.412
2021-10-08 00:00,0.393
2021-10-08 01:00,0.385
2021-10-08 02:00,0.384
2021-10-08 03:00,0.380
2021-10-08 04:00,0.374
2021-10-08 05:00,0.377
2021-10-08 06:00,0.380
2021-10-08 07:00,0.309
2021-10-08 08:00,0.169
2021-10-08 09:00,0.109
2021-10-08 10:00,0.142
2021-10-08 11:00,0.127
2021-10-08 12:00,0.094
2021-10-08 13:00,0.067
2021-10-08 14:00,0.054
2021-10-08 15:00,0.052
2021-10-08 16:00,0.064
2021-10-08 17:00,0.097
2021-10-08 18:00,0.144
2021-10-08 19:00,0.185
2021-10-08 20:00,0.207
2021-10-08 21:00,0.209
2021-10-08 22:00,0.199
2021-10-08 23:00,0.183
2021-10-09 00:00,0.162
2021-10-09 01:00,0.141
2021-10-09 02:00,0.126
2021-10-09 03:00,0.130
2021-10-09 04:00,0.145
2021-10-09 05:00,0.166
2021-10-09 06:00,0.189
2021-10-09 07:00,0.195
2021-10-09 08:00,0.128
2021-10-09 09:00,0.098
2021-10-09 10:00,0.086
2021-10-09 11:00,0.073
2021-10-09 12:00,0.059
2021-10-09 13:00,0.044
2021-10-09 14:00,0.031
2021-10-09 15:00,0.032
2021-10-09 16:00,0.050
2021-10-09 17:00,0.077
2021-10-09 18:00,0.106
2021-10-09 19:00,0.118
2021-10-09 20:00,0.123
2021-10-09 21:00,0.145
2021-10-09 22:00,0.196
2021-10-09 23:00,0.273
2021-10-10 00:00,0.352
2021-10-10 01:00,0.374
2021-10-10 02:00,0.380
2021-10-10 03:00,0.393
2021-10-10 04:00,0.403
2021-10-10 05:00,0.426
2021-10-10 06:00,0.426
2021-10-10 07:00,0.321
2021-10-10 08:00,0.180
2021-10-10 09:00,0.195
2021-10-10 10:00,0.209
2021-10-10 11:00,0.248
2021-10-10 12:00,0.285
2021-10-10 13:00,0.333
2021-10-10 14:00,0.418
2021-10-10 15:00,0.438
2021-10-10 16:00,0.420
2021-10-10 17:00,0.473
2021-10-10 18:00,0.530
2021-10-10 19:00,0.538
2021-10-10 20:00,0.478
2021-10-10 21:00,0.466
2021-10-10 22:00,0.479
2021-10-10 23:00,0.499
2021-10-11 00:00,0.485
2021-10-11 01:00,0.479
2021-10-11 02:00,0.490
2021-10-11 03:00,0.489
2021-10-11 04:00,0.479
2021-10-11 05:00,0.459
2021-10-11 06:00,0.421
2021-10-11 07:00,0.340
2021-10-11 08:00,0.213
2021-10-11 09:00,0.276
2021-10-11 10:00,0.325
2021-10-11 11:00,0.348
2021-10-11 12:00,0.380
2021-10-11 13:00,0.401
2021-10-11 14:00,0.439
2021-10-11 15:00,0.450
2021-10-11 16:00,0.423
2021-10-11 17:00,0.466
2021-10-11 18:00,0.491
2021-10-11 19:00,0.503
2021-10-11 20:00,0.509
2021-10-11 21:00,0.503
2021-10-11 22:00,0.523
2021-10-11 23:00,0.533
2021-10-12 00:00,0.530
2021-10-12 01:00,0.523
2021-10-12 02:00,0.516
2021-10-12 03:00,0.520
2021-10-12 04:00,0.538
2021-10-12 05:00,0.542
2021-10-12 06:00,0.551
2021-10-12 07:00,0.505
2021-10-12 08:00,0.456
2021-10-12 09:00,0.489
2021-10-12 10:00,0.434
2021-10-12 11:00,0.348
2021-10-12 12:00,0.286
2021-10-12 13:00,0.235
2021-10-12 14:00,0.183
2021-10-12 15:00,0.133
2021-10-12 16:00,0.098
2021-10-12 17:00,0.095
2021-10-12 18:00,0.088
2021-10-12 19:00,0.072
2021-10-12 20:00,0.050
2021-10-12 21:00,0.032
2021-10-12 22:00,0.026
2021-10-12 23:00,0.037
2021-10-13 00:00,0.071
2021-10-13 01:00,0.127
2021-10-13 02:00,0.194
2021-10-13 03:00,0.259
2021-10-13 04:00,0.322
2021-10-13 05:00,0.382
2021-10-13 06:00,0.445
2021-10-13 07:00,0.446
2021-10-13 08:00,0.321
2021-10-13 09:00,0.374
2021-10-13 10:00,0.442
2021-10-13 11:00,0.460
2021-10-13 12:00,0.499
2021-10-13 13:00,0.537
2021-10-13 14:00,0.546
2021-10-13 15:00,0.500
2021-10-13 16:00,0.406
2021-10-13 17:00,0.384
2021-10-13 18:00,0.380
2021-10-13 19:00,0.377
2021-10-13 20:00,0.379
2021-10-13 21:00,0.382
2021-10-13 22:00,0.393
2021-10-13 23:00,0.400
2021-10-14 00:00,0.397
2021-10-14 01:00,0.397
2021-10-14 02:00,0.411
2021-10-14 03:00,0.406
2021-10-14 04:00,0.416
2021-10-14 05:00,0.444
2021-10-14 06:00,0.483
2021-10-14 07:00,0.501
2021-10-14 08:00,0.493
2021-10-14 09:00,0.617
2021-10-14 10:00,0.729
2021-10-14 11:00,0.776
2021-10-14 12:00,0.803
2021-10-14 13:00,0.824
2021-10-14 14:00,0.817
2021-10-14 15:00,0.795
2021-10-14 16:00,0.814
2021-10-14 17:00,0.805
2021-10-14 18:00,0.783
2021-10-14 19:00,0.755
2021-10-14 20:00,0.725
2021-10-14 21:00,0.735
2021-10-14 22:00,0.698
2021-10-14 23:00,0.616
2021-10-15 00:00,0.470
2021-10-15 01:00,0.416
2021-10-15 02:00,0.382
2021-10-15 03:00,0.327
2021-10-15 04:00,0.279
2021-10-15 05:00,0.251
2021-10-15 06:00,0.233
2021-10-15 07:00,0.194
2021-10-15 08:00,0.118
2021-10-15 09:00,0.137
2021-10-15 10:00,0.102
2021-10-15 11:00,0.066
2021-10-15 12:00,0.036
2021-10-15 13:00,0.016
2021-10-15 14:00,0.007
2021-10-15 15:00,0.007
2021-10-15 16:00,0.012
2021-10-15 17:00,0.026
2021-10-15 18:00,0.053
2021-10-15 19:00,0.094
2021-10-15 20:00,0.148
2021-10-15 21:00,0.209
2021-10-15 22:00,0.268
2021-10-15 23:00,0.311
2021-10-16 00:00,0.332
2021-10-16 01:00,0.330
2021-10-16 02:00,0.305
2021-10-16 03:00,0.263
2021-10-16 04:00,0.225
2021-10-16 05:00,0.199
2021-10-16 06:00,0.167
2021-10-16 07:00,0.114
2021-10-16 08:00,0.075
2021-10-16 09:00,0.058
2021-10-16 10:00,0.066
2021-10-16 11:00,0.089
2021-10-16 12:00,0.105
2021-10-16 13:00,0.126
2021-10-16 14:00,0.137
2021-10-16 15:00,0.159
2021-10-16 16:00,0.222
2021-10-16 17:00,0.300
2021-10-16 18:00,0.387
2021-10-16 19:00,0.450
2021-10-16 20:00,0.453
2021-10-16 21:00,0.442
2021-10-16 22:00,0.446
2021-10-16 23:00,0.418
2021-10-17 00:00,0.409
2021-10-17 01:00,0.416
2021-10-17 02:00,0.450
2021-10-17 03:00,0.460
2021-10-17 04:00,0.429
2021-10-17 05:00,0.410
2021-10-17 06:00,0.420
2021-10-17 07:00,0.463
2021-10-17 08:00,0.433
2021-10-17 09:00,0.442
2021-10-17 10:00,0.456
2021-10-17 11:00,0.451
2021-10-17 12:00,0.446
2021-10-17 13:00,0.416
2021-10-17 14:00,0.367
2021-10-17 15:00,0.333
2021-10-17 16:00,0.397
2021-10-17 17:00,0.505
2021-10-17 18:00,0.499
2021-10-17 19:00,0.466
2021-10-17 20:00,0.442
2021-10-17 21:00,0.439
2021-10-17 22:00,0.417
2021-10-17 23:00,0.365
2021-10-18 00:00,0.343
2021-10-18 01:00,0.329
2021-10-18 02:00,0.319
2021-10-18 03:00,0.285
2021-10-18 04:00,0.281
2021-10-18 05:00,0.296
2021-10-18 06:00,0.321
2021-10-18 07:00,0.335
2021-10-18 08:00,0.321
2021-10-18 09:00,0.356
2021-10-18 10:00,0.380
2021-10-18 11:00,0.522
2021-10-18 12:00,0.556
2021-10-18 13:00,0.487
2021-10-18 14:00,0.468
2021-10-18 15:00,0.527
2021-10-18 16:00,0.502
2021-10-18 17:00,0.514
2021-10-18 18:00,0.488
2021-10-18 19:00,0.493
2021-10-18 20:00,0.482
2021-10-18 21:00,0.458
2021-10-18 22:00,0.443
2021-10-18 23:00,0.426
2021-10-19 00:00,0.413
2021-10-19 01:00,0.416
2021-10-19 02:00,0.396
2021-10-19 03:00,0.367
2021-10-19 04:00,0.355
2021-10-19 05:00,0.291
2021-10-19 06:00,0.244
2021-10-19 07:00,0.306
2021-10-19 08:00,0.355
2021-10-19 09:00,0.367
2021-10-19 10:00,0.536
2021-10-19 11:00,0.759
2021-10-19 12:00,0.837
2021-10-19 13:00,0.870
2021-10-19 14:00,0.860
2021-10-19 15:00,0.866
2021-10-19 16:00,0.856
2021-10-19 17:00,0.837
2021-10-19 18:00,0.805
2021-10-19 19:00,0.764
2021-10-19 20:00,0.705
2021-10-19 21:00,0.708
2021-10-19 22:00,0.677
2021-10-19 23:00,0.684
2021-10-20 00:00,0.637
2021-10-20 01:00,0.615
2021-10-20 02:00,0.559
2021-10-20 03:00,0.495
2021-10-20 04:00,0.447
2021-10-20 05:00,0.392
2021-10-20 06:00,0.358
2021-10-20 07:00,0.318
2021-10-20 08:00,0.188
2021-10-20 09:00,0.136
2021-10-20 10:00,0.200
2021-10-20 11:00,0.241
2021-10-20 12:00,0.266
2021-10-20 13:00,0.245
2021-10-20 14:00,0.194
2021-10-20 15:00,0.194
2021-10-20 16:00,0.270
2021-10-20 17:00,0.322
2021-10-20 18:00,0.315
2021-10-20 19:00,0.305
2021-10-20 20:00,0.377
2021-10-20 21:00,0.516
2021-10-20 22:00,0.643
2021-10-20 23:00,0.687
2021-10-21 00:00,0.697
2021-10-21 01:00,0.683
2021-10-21 02:00,0.687
2021-10-21 03:00,0.720
2021-10-21 04:00,0.695
2021-10-21 05:00,0.663
2021-10-21 06:00,0.661
2021-10-21 07:00,0.643
2021-10-21 08:00,0.583
2021-10-21 09:00,0.650
2021-10-21 10:00,0.669
2021-10-21 11:00,0.587
2021-10-21 12:00,0.518
2021-10-21 13:00,0.503
2021-10-21 14:00,0.538
2021-10-21 15:00,0.562
2021-10-21 16:00,0.600
2021-10-21 17:00,0.640
2021-10-21 18:00,0.620
2021-10-21 19:00,0.617
2021-10-21 20:00,0.631
2021-10-21 21:00,0.683
2021-10-21 22:00,0.748
2021-10-21 23:00,0.803
2021-10-22 00:00,0.826
2021-10-22 01:00,0.830
2021-10-22 02:00,0.836
2021-10-22 03:00,0.839
2021-10-22 04:00,0.838
2021-10-22 05:00,0.822
2021-10-22 06:00,0.807
2021-10-22 07:00,0.779
2021-10-22 08:00,0.702
2021-10-22 09:00,0.662
2021-10-22 10:00,0.694
2021-10-22 11:00,0.643
2021-10-22 12:00,0.556
2021-10-22 13:00,0.462
2021-10-22 14:00,0.358
2021-10-22 15:00,0.282
2021-10-22 16:00,0.267
2021-10-22 17:00,0.264
2021-10-22 18:00,0.243
2021-10-22 19:00,0.267
2021-10-22 20:00,0.297
2021-10-22 21:00,0.309
2021-10-22 22:00,0.309
2021-10-22 23:00,0.325
2021-10-23 00:00,0.345
2021-10-23 01:00,0.365
2021-10-23 02:00,0.380
2021-10-23 03:00,0.394
2021-10-23 04:00,0.423
2021-10-23 05:00,0.430
2021-10-23 06:00,0.424
2021-10-23 07:00,0.419
2021-10-23 08:00,0.387
2021-10-23 09:00,0.380
2021-10-23 10:00,0.460
2021-10-23 11:00,0.596
2021-10-23 12:00,0.692
2021-10-23 13:00,0.718
2021-10-23 14:00,0.656
2021-10-23 15:00,0.619
2021-10-23 16:00,0.672
2021-10-23 17:00,0.702
2021-10-23 18:00,0.719
2021-10-23 19:00,0.738
2021-10-23 20:00,0.748
2021-10-23 21:00,0.761
2021-10-23 22:00,0.761
2021-10-23 23:00,0.773
2021-10-24 00:00,0.798
2021-10-24 01:00,0.816
2021-10-24 02:00,0.825
2021-10-24 03:00,0.817
2021-10-24 04:00,0.777
2021-10-24 05:00,0.736
2021-10-24 06:00,0.697
2021-10-24 07:00,0.667
2021-10-24 08:00,0.620
2021-10-24 09:00,0.675
2021-10-24 10:00,0.746
2021-10-24 11:00,0.722
2021-10-24 12:00,0.743
2021-10-24 13:00,0.731
2021-10-24 14:00,0.673
2021-10-24 15:00,0.643
2021-10-24 16:00,0.658
2021-10-24 17:00,0.629
2021-10-24 18:00,0.609
2021-10-24 19:00,0.605
2021-10-24 20:00,0.607
2021-10-24 21:00,0.608
2021-10-24 22:00,0.609
2021-10-24 23:00,0.609
2021-10-25 00:00,0.617
2021-10-25 01:00,0.600
2021-10-25 02:00,0.582
2021-10-25 03:00,0.553
2021-10-25 04:00,0.533
2021-10-25 05:00,0.529
2021-10-25 06:00,0.492
2021-10-25 07:00,0.462
2021-10-25 08:00,0.397
2021-10-25 09:00,0.381
2021-10-25 10:00,0.469
2021-10-25 11:00,0.539
2021-10-25 12:00,0.546
2021-10-25 13:00,0.520
2021-10-25 14:00,0.483
2021-10-25 15:00,0.429
2021-10-25 16:00,0.453
2021-10-25 17:00,0.497
2021-10-25 18:00,0.488
2021-10-25 19:00,0.469
2021-10-25 20:00,0.479
2021-10-25 21:00,0.491
2021-10-25 22:00,0.492
2021-10-25 23:00,0.452
2021-10-26 00:00,0.393
2021-10-26 01:00,0.348
2021-10-26 02:00,0.316
2021-10-26 03:00,0.299
2021-10-26 04:00,0.308
2021-10-26 05:00,0.342
2021-10-26 06:00,0.382
2021-10-26 07:00,0.446
2021-10-26 08:00,0.535
2021-10-26 09:00,0.641
2021-10-26 10:00,0.768
2021-10-26 11:00,0.766
2021-10-26 12:00,0.797
2021-10-26 13:00,0.833
2021-10-26 14:00,0.860
2021-10-26 15:00,0.878
2021-10-26 16:00,0.888
2021-10-26 17:00,0.893
2021-10-26 18:00,0.888
2021-10-26 19:00,0.856
2021-10-26 20:00,0.855
2021-10-26 21:00,0.872
2021-10-26 22:00,0.885
2021-10-26 23:00,0.888
2021-10-27 00:00,0.901
2021-10-27 01:00,0.905
2021-10-27 02:00,0.905
2021-10-27 03:00,0.899
2021-10-27 04:00,0.893
2021-10-27 05:00,0.888
2021-10-27 06:00,0.885
2021-10-27 07:00,0.873
2021-10-27 08:00,0.853
2021-10-27 09:00,0.862
2021-10-27 10:00,0.903
2021-10-27 11:00,0.930
2021-10-27 12:00,0.941
2021-10-27 13:00,0.940
2021-10-27 14:00,0.932
2021-10-27 15:00,0.924
2021-10-27 16:00,0.923
2021-10-27 17:00,0.922
2021-10-27 18:00,0.920
2021-10-27 19:00,0.920
2021-10-27 20:00,0.921
2021-10-27 21:00,0.934
2021-10-27 22:00,0.940
2021-10-27 23:00,0.936
2021-10-28 00:00,0.925
2021-10-28 01:00,0.913
2021-10-28 02:00,0.909
2021-10-28 03:00,0.899
2021-10-28 04:00,0.885
2021-10-28 05:00,0.880
2021-10-28 06:00,0.878
2021-10-28 07:00,0.853
2021-10-28 08:00,0.850
2021-10-28 09:00,0.845
2021-10-28 10:00,0.867
2021-10-28 11:00,0.882
2021-10-28 12:00,0.879
2021-10-28 13:00,0.878
2021-10-28 14:00,0.871
2021-10-28 15:00,0.873
2021-10-28 16:00,0.876
2021-10-28 17:00,0.864
2021-10-28 18:00,0.845
2021-10-28 19:00,0.828
2021-10-28 20:00,0.784
2021-10-28 21:00,0.753
2021-10-28 22:00,0.707
2021-10-28 23:00,0.698
2021-10-29 00:00,0.696
2021-10-29 01:00,0.710
2021-10-29 02:00,0.765
2021-10-29 03:00,0.818
2021-10-29 04:00,0.889
2021-10-29 05:00,0.928
2021-10-29 06:00,0.914
2021-10-29 07:00,0.912
2021-10-29 08:00,0.915
2021-10-29 09:00,0.900
2021-10-29 10:00,0.874
2021-10-29 11:00,0.897
2021-10-29 12:00,0.921
2021-10-29 13:00,0.949
2021-10-29 14:00,0.946
2021-10-29 15:00,0.865
2021-10-29 16:00,0.738
2021-10-29 17:00,0.640
2021-10-29 18:00,0.574
2021-10-29 19:00,0.536
2021-10-29 20:00,0.502
2021-10-29 21:00,0.494
2021-10-29 22:00,0.513
2021-10-29 23:00,0.539
2021-10-30 00:00,0.529
2021-10-30 01:00,0.550
2021-10-30 02:00,0.572
2021-10-30 03:00,0.672
2021-10-30 04:00,0.693
2021-10-30 05:00,0.658
2021-10-30 06:00,0.590
2021-10-30 07:00,0.466
2021-10-30 08:00,0.333
2021-10-30 09:00,0.216
2021-10-30 10:00,0.197
2021-10-30 11:00,0.302
2021-10-30 12:00,0.448
2021-10-30 13:00,0.600
2021-10-30 14:00,0.649
2021-10-30 15:00,0.600
2021-10-30 16:00,0.600
2021-10-30 17:00,0.620
2021-10-30 18:00,0.588
2021-10-30 19:00,0.539
2021-10-30 20:00,0.491
2021-10-30 21:00,0.470
2021-10-30 22:00,0.409
2021-10-30 23:00,0.355
2021-10-31 00:00,0.319
2021-10-31 01:00,0.313
2021-10-31 02:00,0.359
2021-10-31 03:00,0.434
2021-10-31 04:00,0.573
2021-10-31 05:00,0.709
2021-10-31 06:00,0.815
2021-10-31 07:00,0.878
2021-10-31 08:00,0.948
2021-10-31 09:00,0.928
2021-10-31 10:00,0.803
2021-10-31 11:00,0.657
2021-10-31 12:00,0.753
2021-10-31 13:00,0.839
2021-10-31 14:00,0.887
2021-10-31 15:00,0.935
2021-10-31 16:00,0.949
2021-10-31 17:00,0.953
2021-10-31 18:00,0.953
2021-10-31 19:00,0.951
2021-10-31 20:00,0.941
2021-10-31 21:00,0.923
2021-10-31 22:00,0.904
2021-10-31 23:00,0.885
2021-11-01 00:00,0.891
2021-11-01 01:00,0.910
2021-11-01 02:00,0.929
2021-11-01 03:00,0.943
2021-11-01 04:00,0.957
2021-11-01 05:00,0.965
2021-11-01 06:00,0.972
2021-11-01 07:00,0.974
2021-11-01 08:00,0.966
2021-11-01 09:00,0.947
2021-11-01 10:00,0.921
2021-11-01 11:00,0.900
2021-11-01 12:00,0.884
2021-11-01 13:00,0.851
2021-11-01 14:00,0.786
2021-11-01 15:00,0.707
2021-11-01 16:00,0.651
2021-11-01 17:00,0.583
2021-11-01 18:00,0.541
2021-11-01 19:00,0.510
2021-11-01 20:00,0.463
2021-11-01 21:00,0.425
2021-11-01 22:00,0.390
2021-11-01 23:00,0.358
2021-11-02 00:00,0.338
2021-11-02 01:00,0.325
2021-11-02 02:00,0.303
2021-11-02 03:00,0.297
2021-11-02 04:00,0.296
2021-11-02 05:00,0.296
2021-11-02 06:00,0.299
2021-11-02 07:00,0.298
2021-11-02 08:00,0.255
2021-11-02 09:00,0.178
2021-11-02 10:00,0.139
2021-11-02 11:00,0.158
2021-11-02 12:00,0.156
2021-11-02 13:00,0.146
2021-11-02 14:00,0.134
2021-11-02 15:00,0.137
2021-11-02 16:00,0.160
2021-11-02 17:00,0.168
2021-11-02 18:00,0.164
2021-11-02 19:00,0.158
2021-11-02 20:00,0.155
2021-11-02 21:00,0.154
2021-11-02 22:00,0.161
2021-11-02 23:00,0.177
2021-11-03 00:00,0.202
2021-11-03 01:00,0.235
2021-11-03 02:00,0.260
2021-11-03 03:00,0.270
2021-11-03 04:00,0.270
2021-11-03 05:00,0.280
2021-11-03 06:00,0.304
2021-11-03 07:00,0.323
2021-11-03 08:00,0.276
2021-11-03 09:00,0.239
2021-11-03 10:00,0.302
2021-11-03 11:00,0.430
2021-11-03 12:00,0.452
2021-11-03 13:00,0.456
2021-11-03 14:00,0.432
2021-11-03 15:00,0.403
2021-11-03 16:00,0.470
2021-11-03 17:00,0.519
2021-11-03 18:00,0.544
2021-11-03 19:00,0.536
2021-11-03 20:00,0.530
2021-11-03 21:00,0.548
2021-11-03 22:00,0.526
2021-11-03 23:00,0.518
2021-11-04 00:00,0.527
2021-11-04 01:00,0.545
2021-11-04 02:00,0.545
2021-11-04 03:00,0.549
2021-11-04 04:00,0.549
2021-11-04 05:00,0.532
2021-11-04 06:00,0.524
2021-11-04 07:00,0.479
2021-11-04 08:00,0.469
2021-11-04 09:00,0.470
2021-11-04 10:00,0.498
2021-11-04 11:00,0.504
2021-11-04 12:00,0.466
2021-11-04 13:00,0.420
2021-11-04 14:00,0.377
2021-11-04 15:00,0.321
2021-11-04 16:00,0.355
2021-11-04 17:00,0.394
2021-11-04 18:00,0.403
2021-11-04 19:00,0.409
2021-11-04 20:00,0.400
2021-11-04 21:00,0.381
2021-11-04 22:00,0.390
2021-11-04 23:00,0.406
2021-11-05 00:00,0.402
2021-11-05 01:00,0.380
2021-11-05 02:00,0.356
2021-11-05 03:00,0.348
2021-11-05 04:00,0.374
2021-11-05 05:00,0.416
2021-11-05 06:00,0.441
2021-11-05 07:00,0.429
2021-11-05 08:00,0.373
2021-11-05 09:00,0.334
2021-11-05 10:00,0.302
2021-11-05 11:00,0.318
2021-11-05 12:00,0.410
2021-11-05 13:00,0.440
2021-11-05 14:00,0.365
2021-11-05 15:00,0.384
2021-11-05 16:00,0.479
2021-11-05 17:00,0.525
2021-11-05 18:00,0.513
2021-11-05 19:00,0.474
2021-11-05 20:00,0.465
2021-11-05 21:00,0.466
2021-11-05 22:00,0.474
2021-11-05 23:00,0.477
2021-11-06 00:00,0.477
2021-11-06 01:00,0.489
2021-11-06 02:00,0.460
2021-11-06 03:00,0.419
2021-11-06 04:00,0.457
2021-11-06 05:00,0.497
2021-11-06 06:00,0.528
2021-11-06 07:00,0.571
2021-11-06 08:00,0.617
2021-11-06 09:00,0.641
2021-11-06 10:00,0.707
2021-11-06 11:00,0.843
2021-11-06 12:00,0.941
2021-11-06 13:00,0.962
2021-11-06 14:00,0.970
2021-11-06 15:00,0.970
2021-11-06 16:00,0.962
2021-11-06 17:00,0.953
2021-11-06 18:00,0.932
2021-11-06 19:00,0.924
2021-11-06 20:00,0.919
2021-11-06 21:00,0.908
2021-11-06 22:00,0.896
2021-11-06 23:00,0.903
2021-11-07 00:00,0.906
2021-11-07 01:00,0.899
2021-11-07 02:00,0.885
2021-11-07 03:00,0.887
2021-11-07 04:00,0.880
2021-11-07 05:00,0.879
2021-11-07 06:00,0.887
2021-11-07 07:00,0.894
2021-11-07 08:00,0.884
2021-11-07 09:00,0.859
2021-11-07 10:00,0.886
2021-11-07 11:00,0.917
2021-11-07 12:00,0.924
2021-11-07 13:00,0.917
2021-11-07 14:00,0.893
2021-11-07 15:00,0.846
2021-11-07 16:00,0.815
2021-11-07 17:00,0.764
2021-11-07 18:00,0.657
2021-11-07 19:00,0.616
2021-11-07 20:00,0.572
2021-11-07 21:00,0.512
2021-11-07 22:00,0.471
2021-11-07 23:00,0.507
2021-11-08 00:00,0.502
2021-11-08 01:00,0.412
2021-11-08 02:00,0.335
2021-11-08 03:00,0.273
2021-11-08 04:00,0.209
2021-11-08 05:00,0.169
2021-11-08 06:00,0.156
2021-11-08 07:00,0.189
2021-11-08 08:00,0.236
2021-11-08 09:00,0.171
2021-11-08 10:00,0.172
2021-11-08 11:00,0.265
2021-11-08 12:00,0.293
2021-11-08 13:00,0.290
2021-11-08 14:00,0.273
2021-11-08 15:00,0.321
2021-11-08 16:00,0.450
2021-11-08 17:00,0.491
2021-11-08 18:00,0.501
2021-11-08 19:00,0.539
2021-11-08 20:00,0.507
2021-11-08 21:00,0.542
2021-11-08 22:00,0.581
2021-11-08 23:00,0.604
2021-11-09 00:00,0.614
2021-11-09 01:00,0.614
2021-11-09 02:00,0.622
2021-11-09 03:00,0.633
2021-11-09 04:00,0.655
2021-11-09 05:00,0.622
2021-11-09 06:00,0.583
2021-11-09 07:00,0.553
2021-11-09 08:00,0.499
2021-11-09 09:00,0.489
2021-11-09 10:00,0.479
2021-11-09 11:00,0.604
2021-11-09 12:00,0.645
2021-11-09 13:00,0.612
2021-11-09 14:00,0.581
2021-11-09 15:00,0.577
2021-11-09 16:00,0.562
2021-11-09 17:00,0.528
2021-11-09 18:00,0.520
2021-11-09 19:00,0.455
2021-11-09 20:00,0.416
2021-11-09 21:00,0.417
2021-11-09 22:00,0.435
2021-11-09 23:00,0.412
2021-11-10 00:00,0.364
2021-11-10 01:00,0.320
2021-11-10 02:00,0.270
2021-11-10 03:00,0.257
2021-11-10 04:00,0.222
2021-11-10 05:00,0.181
2021-11-10 06:00,0.133
2021-11-10 07:00,0.102
2021-11-10 08:00,0.103
2021-11-10 09:00,0.095
2021-11-10 10:00,0.055
2021-11-10 11:00,0.025
2021-11-10 12:00,0.012
2021-11-10 13:00,0.009
2021-11-10 14:00,0.006
2021-11-10 15:00,0.011
2021-11-10 16:00,0.037
2021-11-10 17:00,0.078
2021-11-10 18:00,0.100
2021-11-10 19:00,0.115
2021-11-10 20:00,0.130
2021-11-10 21:00,0.134
2021-11-10 22:00,0.129
2021-11-10 23:00,0.123
2021-11-11 00:00,0.125
2021-11-11 01:00,0.126
2021-11-11 02:00,0.119
2021-11-11 03:00,0.101
2021-11-11 04:00,0.085
2021-11-11 05:00,0.073
2021-11-11 06:00,0.060
2021-11-11 07:00,0.047
2021-11-11 08:00,0.044
2021-11-11 09:00,0.037
2021-11-11 10:00,0.036
2021-11-11 11:00,0.061
2021-11-11 12:00,0.104
2021-11-11 13:00,0.158
2021-11-11 14:00,0.218
2021-11-11 15:00,0.309
2021-11-11 16:00,0.416
2021-11-11 17:00,0.460
2021-11-11 18:00,0.466
2021-11-11 19:00,0.472
2021-11-11 20:00,0.489
2021-11-11 21:00,0.525
2021-11-11 22:00,0.581
2021-11-11 23:00,0.629
2021-11-12 00:00,0.657
2021-11-12 01:00,0.660
2021-11-12 02:00,0.721
2021-11-12 03:00,0.731
2021-11-12 04:00,0.757
2021-11-12 05:00,0.767
2021-11-12 06:00,0.757
2021-11-12 07:00,0.723
2021-11-12 08:00,0.720
2021-11-12 09:00,0.713
2021-11-12 10:00,0.686
2021-11-12 11:00,0.729
2021-11-12 12:00,0.772
2021-11-12 13:00,0.799
2021-11-12 14:00,0.803
2021-11-12 15:00,0.812
2021-11-12 16:00,0.826
2021-11-12 17:00,0.841
2021-11-12 18:00,0.853
2021-11-12 19:00,0.843
2021-11-12 20:00,0.841
2021-11-12 21:00,0.841
2021-11-12 22:00,0.829
2021-11-12 23:00,0.811
2021-11-13 00:00,0.789
2021-11-13 01:00,0.760
2021-11-13 02:00,0.733
2021-11-13 03:00,0.700
2021-11-13 04:00,0.644
2021-11-13 05:00,0.577
2021-11-13 06:00,0.521
2021-11-13 07:00,0.442
2021-11-13 08:00,0.343
2021-11-13 09:00,0.254
2021-11-13 10:00,0.215
2021-11-13 11:00,0.201
2021-11-13 12:00,0.203
2021-11-13 13:00,0.194
2021-11-13 14:00,0.180
2021-11-13 15:00,0.203
2021-11-13 16:00,0.255
2021-11-13 17:00,0.287
2021-11-13 18:00,0.291
2021-11-13 19:00,0.278
2021-11-13 20:00,0.268
2021-11-13 21:00,0.268
2021-11-13 22:00,0.270
2021-11-13 23:00,0.273
2021-11-14 00:00,0.270
2021-11-14 01:00,0.272
2021-11-14 02:00,0.271
2021-11-14 03:00,0.255
2021-11-14 04:00,0.225
2021-11-14 05:00,0.189
2021-11-14 06:00,0.157
2021-11-14 07:00,0.131
2021-11-14 08:00,0.100
2021-11-14 09:00,0.059
2021-11-14 10:00,0.038
2021-11-14 11:00,0.042
2021-11-14 12:00,0.043
2021-11-14 13:00,0.044
2021-11-14 14:00,0.053
2021-11-14 15:00,0.080
2021-11-14 16:00,0.106
2021-11-14 17:00,0.123
2021-11-14 18:00,0.140
2021-11-14 19:00,0.153
2021-11-14 20:00,0.158
2021-11-14 21:00,0.154
2021-11-14 22:00,0.141
2021-11-14 23:00,0.127
2021-11-15 00:00,0.104
2021-11-15 01:00,0.094
2021-11-15 02:00,0.091
2021-11-15 03:00,0.088
2021-11-15 04:00,0.085
2021-11-15 05:00,0.090
2021-11-15 06:00,0.096
2021-11-15 07:00,0.100
2021-11-15 08:00,0.112
2021-11-15 09:00,0.109
2021-11-15 10:00,0.111
2021-11-15 11:00,0.107
2021-11-15 12:00,0.096
2021-11-15 13:00,0.080
2021-11-15 14:00,0.082
2021-11-15 15:00,0.093
2021-11-15 16:00,0.107
2021-11-15 17:00,0.111
2021-11-15 18:00,0.102
2021-11-15 19:00,0.102
2021-11-15 20:00,0.128
2021-11-15 21:00,0.147
2021-11-15 22:00,0.148
2021-11-15 23:00,0.134
2021-11-16 00:00,0.110
2021-11-16 01:00,0.085
2021-11-16 02:00,0.062
2021-11-16 03:00,0.054
2021-11-16 04:00,0.083
2021-11-16 05:00,0.134
2021-11-16 06:00,0.181
2021-11-16 07:00,0.227
2021-11-16 08:00,0.264
2021-11-16 09:00,0.252
2021-11-16 10:00,0.251
2021-11-16 11:00,0.257
2021-11-16 12:00,0.272
2021-11-16 13:00,0.302
2021-11-16 14:00,0.377
2021-11-16 15:00,0.449
2021-11-16 16:00,0.529
2021-11-16 17:00,0.560
2021-11-16 18:00,0.576
2021-11-16 19:00,0.574
2021-11-16 20:00,0.604
2021-11-16 21:00,0.585
2021-11-16 22:00,0.606
2021-11-16 23:00,0.594
2021-11-17 00:00,0.570
2021-11-17 01:00,0.569
2021-11-17 02:00,0.585
2021-11-17 03:00,0.617
2021-11-17 04:00,0.627
2021-11-17 05:00,0.604
2021-11-17 06:00,0.599
2021-11-17 07:00,0.588
2021-11-17 08:00,0.571
2021-11-17 09:00,0.502
2021-11-17 10:00,0.472
2021-11-17 11:00,0.505
2021-11-17 12:00,0.618
2021-11-17 13:00,0.657
2021-11-17 14:00,0.655
2021-11-17 15:00,0.640
2021-11-17 16:00,0.652
2021-11-17 17:00,0.663
2021-11-17 18:00,0.645
2021-11-17 19:00,0.609
2021-11-17 20:00,0.566
2021-11-17 21:00,0.556
2021-11-17 22:00,0.585
2021-11-17 23:00,0.604
2021-11-18 00:00,0.654
2021-11-18 01:00,0.701
2021-11-18 02:00,0.703
2021-11-18 03:00,0.710
2021-11-18 04:00,0.748
2021-11-18 05:00,0.711
2021-11-18 06:00,0.712
2021-11-18 07:00,0.719
2021-11-18 08:00,0.711
2021-11-18 09:00,0.662
2021-11-18 10:00,0.620
2021-11-18 11:00,0.683
2021-11-18 12:00,0.738
2021-11-18 13:00,0.733
2021-11-18 14:00,0.711
2021-11-18 15:00,0.715
2021-11-18 16:00,0.727
2021-11-18 17:00,0.712
2021-11-18 18:00,0.703
2021-11-18 19:00,0.702
2021-11-18 20:00,0.733
2021-11-18 21:00,0.772
2021-11-18 22:00,0.793
2021-11-18 23:00,0.793
2021-11-19 00:00,0.779
2021-11-19 01:00,0.756
2021-11-19 02:00,0.741
2021-11-19 03:00,0.702
2021-11-19 04:00,0.671
2021-11-19 05:00,0.645
2021-11-19 06:00,0.634
2021-11-19 07:00,0.645
2021-11-19 08:00,0.616
2021-11-19 09:00,0.546
2021-11-19 10:00,0.462
2021-11-19 11:00,0.437
2021-11-19 12:00,0.400
2021-11-19 13:00,0.338
2021-11-19 14:00,0.298
2021-11-19 15:00,0.322
2021-11-19 16:00,0.357
2021-11-19 17:00,0.367
2021-11-19 18:00,0.371
2021-11-19 19:00,0.374
2021-11-19 20:00,0.370
2021-11-19 21:00,0.404
2021-11-19 22:00,0.456
2021-11-19 23:00,0.497
2021-11-20 00:00,0.538
2021-11-20 01:00,0.562
2021-11-20 02:00,0.579
2021-11-20 03:00,0.572
2021-11-20 04:00,0.559
2021-11-20 05:00,0.582
2021-11-20 06:00,0.582
2021-11-20 07:00,0.567
2021-11-20 08:00,0.563
2021-11-20 09:00,0.476
2021-11-20 10:00,0.493
2021-11-20 11:00,0.606
2021-11-20 12:00,0.681
2021-11-20 13:00,0.658
2021-11-20 14:00,0.618
2021-11-20 15:00,0.626
2021-11-20 16:00,0.654
2021-11-20 17:00,0.625
2021-11-20 18:00,0.559
2021-11-20 19:00,0.526
2021-11-20 20:00,0.505
2021-11-20 21:00,0.502
2021-11-20 22:00,0.506
2021-11-20 23:00,0.520
2021-11-21 00:00,0.527
2021-11-21 01:00,0.534
2021-11-21 02:00,0.529
2021-11-21 03:00,0.522
2021-11-21 04:00,0.507
2021-11-21 05:00,0.493
2021-11-21 06:00,0.475
2021-11-21 07:00,0.480
2021-11-21 08:00,0.486
2021-11-21 09:00,0.475
2021-11-21 10:00,0.530
2021-11-21 11:00,0.648
2021-11-21 12:00,0.672
2021-11-21 13:00,0.645
2021-11-21 14:00,0.574
2021-11-21 15:00,0.534
2021-11-21 16:00,0.501
2021-11-21 17:00,0.490
2021-11-21 18:00,0.497
2021-11-21 19:00,0.489
2021-11-21 20:00,0.454
2021-11-21 21:00,0.400
2021-11-21 22:00,0.393
2021-11-21 23:00,0.387
2021-11-22 00:00,0.373
2021-11-22 01:00,0.374
2021-11-22 02:00,0.367
2021-11-22 03:00,0.330
2021-11-22 04:00,0.328
2021-11-22 05:00,0.335
2021-11-22 06:00,0.330
2021-11-22 07:00,0.303
2021-11-22 08:00,0.257
2021-11-22 09:00,0.174
2021-11-22 10:00,0.118
2021-11-22 11:00,0.110
2021-11-22 12:00,0.111
2021-11-22 13:00,0.112
2021-11-22 14:00,0.113
2021-11-22 15:00,0.147
2021-11-22 16:00,0.185
2021-11-22 17:00,0.209
2021-11-22 18:00,0.221
2021-11-22 19:00,0.229
2021-11-22 20:00,0.239
2021-11-22 21:00,0.248
2021-11-22 22:00,0.248
2021-11-22 23:00,0.239
2021-11-23 00:00,0.230
2021-11-23 01:00,0.219
2021-11-23 02:00,0.198
2021-11-23 03:00,0.183
2021-11-23 04:00,0.167
2021-11-23 05:00,0.148
2021-11-23 06:00,0.135
2021-11-23 07:00,0.125
2021-11-23 08:00,0.113
2021-11-23 09:00,0.100
2021-11-23 10:00,0.096
2021-11-23 11:00,0.121
2021-11-23 12:00,0.128
2021-11-23 13:00,0.112
2021-11-23 14:00,0.096
2021-11-23 15:00,0.118
2021-11-23 16:00,0.124
2021-11-23 17:00,0.118
2021-11-23 18:00,0.116
2021-11-23 19:00,0.127
2021-11-23 20:00,0.154
2021-11-23 21:00,0.181
2021-11-23 22:00,0.208
2021-11-23 23:00,0.224
2021-11-24 00:00,0.235
2021-11-24 01:00,0.245
2021-11-24 02:00,0.270
2021-11-24 03:00,0.297
2021-11-24 04:00,0.293
2021-11-24 05:00,0.315
2021-11-24 06:00,0.359
2021-11-24 07:00,0.400
2021-11-24 08:00,0.415
2021-11-24 09:00,0.362
2021-11-24 10:00,0.279
2021-11-24 11:00,0.257
2021-11-24 12:00,0.280
2021-11-24 13:00,0.237
2021-11-24 14:00,0.202
2021-11-24 15:00,0.216
2021-11-24 16:00,0.222
2021-11-24 17:00,0.241
2021-11-24 18:00,0.292
2021-11-24 19:00,0.335
2021-11-24 20:00,0.359
2021-11-24 21:00,0.352
2021-11-24 22:00,0.352
2021-11-24 23:00,0.370
2021-11-25 00:00,0.392
2021-11-25 01:00,0.380
2021-11-25 02:00,0.394
2021-11-25 03:00,0.391
2021-11-25 04:00,0.383
2021-11-25 05:00,0.426
2021-11-25 06:00,0.439
2021-11-25 07:00,0.426
2021-11-25 08:00,0.442
2021-11-25 09:00,0.400
2021-11-25 10:00,0.378
2021-11-25 11:00,0.400
2021-11-25 12:00,0.407
2021-11-25 13:00,0.377
2021-11-25 14:00,0.345
2021-11-25 15:00,0.372
2021-11-25 16:00,0.413
2021-11-25 17:00,0.407
2021-11-25 18:00,0.413
2021-11-25 19:00,0.426
2021-11-25 20:00,0.431
2021-11-25 21:00,0.456
2021-11-25 22:00,0.519
2021-11-25 23:00,0.588
2021-11-26 00:00,0.643
2021-11-26 01:00,0.672
2021-11-26 02:00,0.696
2021-11-26 03:00,0.740
2021-11-26 04:00,0.769
2021-11-26 05:00,0.771
2021-11-26 06:00,0.838
2021-11-26 07:00,0.883
2021-11-26 08:00,0.869
2021-11-26 09:00,0.817
2021-11-26 10:00,0.725
2021-11-26 11:00,0.637
2021-11-26 12:00,0.616
2021-11-26 13:00,0.665
2021-11-26 14:00,0.761
2021-11-26 15:00,0.846
2021-11-26 16:00,0.885
2021-11-26 17:00,0.919
2021-11-26 18:00,0.955
2021-11-26 19:00,0.970
2021-11-26 20:00,0.973
2021-11-26 21:00,0.987
2021-11-26 22:00,0.992
2021-11-26 23:00,0.993
2021-11-27 00:00,0.993
2021-11-27 01:00,0.992
2021-11-27 02:00,0.992
2021-11-27 03:00,0.993
2021-11-27 04:00,0.993
2021-11-27 05:00,0.993
2021-11-27 06:00,0.992
2021-11-27 07:00,0.993
2021-11-27 08:00,0.993
2021-11-27 09:00,0.993
2021-11-27 10:00,0.993
2021-11-27 11:00,0.992
2021-11-27 12:00,0.988
2021-11-27 13:00,0.981
2021-11-27 14:00,0.973
2021-11-27 15:00,0.964
2021-11-27 16:00,0.955
2021-11-27 17:00,0.944
2021-11-27 18:00,0.929
2021-11-27 19:00,0.905
2021-11-27 20:00,0.876
2021-11-27 21:00,0.841
2021-11-27 22:00,0.806
2021-11-27 23:00,0.758
2021-11-28 00:00,0.710
2021-11-28 01:00,0.625
2021-11-28 02:00,0.574
2021-11-28 03:00,0.530
2021-11-28 04:00,0.542
2021-11-28 05:00,0.545
2021-11-28 06:00,0.521
2021-11-28 07:00,0.471
2021-11-28 08:00,0.429
2021-11-28 09:00,0.306
2021-11-28 10:00,0.185
2021-11-28 11:00,0.213
2021-11-28 12:00,0.207
2021-11-28 13:00,0.181
2021-11-28 14:00,0.173
2021-11-28 15:00,0.230
2021-11-28 16:00,0.329
2021-11-28 17:00,0.397
2021-11-28 18:00,0.398
2021-11-28 19:00,0.365
2021-11-28 20:00,0.348
2021-11-28 21:00,0.340
2021-11-28 22:00,0.323
2021-11-28 23:00,0.299
2021-11-29 00:00,0.268
2021-11-29 01:00,0.254
2021-11-29 02:00,0.234
2021-11-29 03:00,0.206
2021-11-29 04:00,0.185
2021-11-29 05:00,0.180
2021-11-29 06:00,0.163
2021-11-29 07:00,0.145
2021-11-29 08:00,0.140
2021-11-29 09:00,0.125
2021-11-29 10:00,0.114
2021-11-29 11:00,0.132
2021-11-29 12:00,0.181
2021-11-29 13:00,0.251
2021-11-29 14:00,0.336
2021-11-29 15:00,0.466
2021-11-29 16:00,0.556
2021-11-29 17:00,0.586
2021-11-29 18:00,0.634
2021-11-29 19:00,0.730
2021-11-29 20:00,0.730
2021-11-29 21:00,0.817
2021-11-29 22:00,0.871
2021-11-29 23:00,0.868
2021-11-30 00:00,0.867
2021-11-30 01:00,0.877
2021-11-30 02:00,0.871
2021-11-30 03:00,0.864
2021-11-30 04:00,0.844
2021-11-30 05:00,0.829
2021-11-30 06:00,0.809
2021-11-30 07:00,0.800
2021-11-30 08:00,0.783
2021-11-30 09:00,0.741
2021-11-30 10:00,0.711
2021-11-30 11:00,0.694
2021-11-30 12:00,0.702
2021-11-30 13:00,0.714
2021-11-30 14:00,0.711
2021-11-30 15:00,0.686
2021-11-30 16:00,0.663
2021-11-30 17:00,0.696
2021-11-30 18:00,0.740
2021-11-30 19:00,0.783
2021-11-30 20:00,0.809
2021-11-30 21:00,0.848
2021-11-30 22:00,0.859
2021-11-30 23:00,0.853
2021-12-01 00:00,0.873
2021-12-01 01:00,0.909
2021-12-01 02:00,0.914
2021-12-01 03:00,0.931
2021-12-01 04:00,0.953
2021-12-01 05:00,0.966
2021-12-01 06:00,0.957
2021-12-01 07:00,0.933
2021-12-01 08:00,0.887
2021-12-01 09:00,0.807
2021-12-01 10:00,0.678
2021-12-01 11:00,0.569
2021-12-01 12:00,0.556
2021-12-01 13:00,0.600
2021-12-01 14:00,0.647
2021-12-01 15:00,0.725
2021-12-01 16:00,0.770
2021-12-01 17:00,0.764
2021-12-01 18:00,0.768
2021-12-01 19:00,0.743
2021-12-01 20:00,0.697
2021-12-01 21:00,0.645
2021-12-01 22:00,0.553
2021-12-01 23:00,0.505
2021-12-02 00:00,0.520
2021-12-02 01:00,0.561
2021-12-02 02:00,0.553
2021-12-02 03:00,0.592
2021-12-02 04:00,0.621
2021-12-02 05:00,0.661
2021-12-02 06:00,0.682
2021-12-02 07:00,0.674
2021-12-02 08:00,0.638
2021-12-02 09:00,0.542
2021-12-02 10:00,0.442
2021-12-02 11:00,0.479
2021-12-02 12:00,0.497
2021-12-02 13:00,0.409
2021-12-02 14:00,0.310
2021-12-02 15:00,0.316
2021-12-02 16:00,0.338
2021-12-02 17:00,0.314
2021-12-02 18:00,0.305
2021-12-02 19:00,0.281
2021-12-02 20:00,0.307
2021-12-02 21:00,0.416
2021-12-02 22:00,0.451
2021-12-02 23:00,0.426
2021-12-03 00:00,0.422
2021-12-03 01:00,0.438
2021-12-03 02:00,0.489
2021-12-03 03:00,0.583
2021-12-03 04:00,0.645
2021-12-03 05:00,0.600
2021-12-03 06:00,0.559
2021-12-03 07:00,0.588
2021-12-03 08:00,0.591
2021-12-03 09:00,0.502
2021-12-03 10:00,0.420
2021-12-03 11:00,0.359
2021-12-03 12:00,0.320
2021-12-03 13:00,0.288
2021-12-03 14:00,0.300
2021-12-03 15:00,0.348
2021-12-03 16:00,0.338
2021-12-03 17:00,0.319
2021-12-03 18:00,0.265
2021-12-03 19:00,0.237
2021-12-03 20:00,0.232
2021-12-03 21:00,0.262
2021-12-03 22:00,0.314
2021-12-03 23:00,0.380
2021-12-04 00:00,0.413
2021-12-04 01:00,0.438
2021-12-04 02:00,0.447
2021-12-04 03:00,0.476
2021-12-04 04:00,0.557
2021-12-04 05:00,0.692
2021-12-04 06:00,0.651
2021-12-04 07:00,0.679
2021-12-04 08:00,0.738
2021-12-04 09:00,0.784
2021-12-04 10:00,0.775
2021-12-04 11:00,0.763
2021-12-04 12:00,0.774
2021-12-04 13:00,0.757
2021-12-04 14:00,0.755
2021-12-04 15:00,0.759
2021-12-04 16:00,0.740
2021-12-04 17:00,0.723
2021-12-04 18:00,0.723
2021-12-04 19:00,0.803
2021-12-04 20:00,0.872
2021-12-04 21:00,0.914
2021-12-04 22:00,0.912
2021-12-04 23:00,0.887
2021-12-05 00:00,0.856
2021-12-05 01:00,0.831
2021-12-05 02:00,0.826
2021-12-05 03:00,0.826
2021-12-05 04:00,0.838
2021-12-05 05:00,0.846
2021-12-05 06:00,0.852
2021-12-05 07:00,0.846
2021-12-05 08:00,0.789
2021-12-05 09:00,0.716
2021-12-05 10:00,0.609
2021-12-05 11:00,0.525
2021-12-05 12:00,0.476
2021-12-05 13:00,0.436
2021-12-05 14:00,0.416
2021-12-05 15:00,0.387
2021-12-05 16:00,0.358
2021-12-05 17:00,0.317
2021-12-05 18:00,0.276
2021-12-05 19:00,0.224
2021-12-05 20:00,0.146
2021-12-05 21:00,0.086
2021-12-05 22:00,0.051
2021-12-05 23:00,0.027
2021-12-06 00:00,0.019
2021-12-06 01:00,0.042
2021-12-06 02:00,0.075
2021-12-06 03:00,0.106
2021-12-06 04:00,0.154
2021-12-06 05:00,0.207
2021-12-06 06:00,0.305
2021-12-06 07:00,0.393
2021-12-06 08:00,0.423
2021-12-06 09:00,0.509
2021-12-06 10:00,0.659
2021-12-06 11:00,0.674
2021-12-06 12:00,0.536
2021-12-06 13:00,0.492
2021-12-06 14:00,0.616
2021-12-06 15:00,0.708
2021-12-06 16:00,0.700
2021-12-06 17:00,0.672
2021-12-06 18:00,0.656
2021-12-06 19:00,0.654
2021-12-06 20:00,0.688
2021-12-06 21:00,0.674
2021-12-06 22:00,0.684
2021-12-06 23:00,0.664
2021-12-07 00:00,0.629
2021-12-07 01:00,0.545
2021-12-07 02:00,0.502
2021-12-07 03:00,0.456
2021-12-07 04:00,0.362
2021-12-07 05:00,0.299
2021-12-07 06:00,0.300
2021-12-07 07:00,0.403
2021-12-07 08:00,0.475
2021-12-07 09:00,0.598
2021-12-07 10:00,0.749
2021-12-07 11:00,0.887
2021-12-07 12:00,0.946
2021-12-07 13:00,0.969
2021-12-07 14:00,0.985
2021-12-07 15:00,0.987
2021-12-07 16:00,0.963
2021-12-07 17:00,0.922
2021-12-07 18:00,0.919
2021-12-07 19:00,0.932
2021-12-07 20:00,0.939
2021-12-07 21:00,0.954
2021-12-07 22:00,0.966
2021-12-07 23:00,0.966
2021-12-08 00:00,0.951
2021-12-08 01:00,0.921
2021-12-08 02:00,0.899
2021-12-08 03:00,0.899
2021-12-08 04:00,0.914
2021-12-08 05:00,0.929
2021-12-08 06:00,0.916
2021-12-08 07:00,0.906
2021-12-08 08:00,0.899
2021-12-08 09:00,0.894
2021-12-08 10:00,0.890
2021-12-08 11:00,0.882
2021-12-08 12:00,0.875
2021-12-08 13:00,0.872
2021-12-08 14:00,0.863
2021-12-08 15:00,0.837
2021-12-08 16:00,0.795
2021-12-08 17:00,0.736
2021-12-08 18:00,0.667
2021-12-08 19:00,0.609
2021-12-08 20:00,0.573
2021-12-08 21:00,0.569
2021-12-08 22:00,0.553
2021-12-08 23:00,0.527
2021-12-09 00:00,0.520
2021-12-09 01:00,0.536
2021-12-09 02:00,0.577
2021-12-09 03:00,0.604
2021-12-09 04:00,0.609
2021-12-09 05:00,0.593
2021-12-09 06:00,0.568
2021-12-09 07:00,0.581
2021-12-09 08:00,0.536
2021-12-09 09:00,0.460
2021-12-09 10:00,0.345
2021-12-09 11:00,0.285
2021-12-09 12:00,0.270
2021-12-09 13:00,0.240
2021-12-09 14:00,0.292
2021-12-09 15:00,0.436
2021-12-09 16:00,0.520
2021-12-09 17:00,0.525
2021-12-09 18:00,0.551
2021-12-09 19:00,0.566
2021-12-09 20:00,0.460
2021-12-09 21:00,0.333
2021-12-09 22:00,0.420
2021-12-09 23:00,0.692
2021-12-10 00:00,0.838
2021-12-10 01:00,0.873
2021-12-10 02:00,0.864
2021-12-10 03:00,0.836
2021-12-10 04:00,0.805
2021-12-10 05:00,0.752
2021-12-10 06:00,0.738
2021-12-10 07:00,0.721
2021-12-10 08:00,0.717
2021-12-10 09:00,0.675
2021-12-10 10:00,0.627
2021-12-10 11:00,0.625
2021-12-10 12:00,0.666
2021-12-10 13:00,0.672
2021-12-10 14:00,0.651
2021-12-10 15:00,0.640
2021-12-10 16:00,0.609
2021-12-10 17:00,0.581
2021-12-10 18:00,0.552
2021-12-10 19:00,0.536
2021-12-10 20:00,0.525
2021-12-10 21:00,0.519
2021-12-10 22:00,0.499
2021-12-10 23:00,0.451
2021-12-11 00:00,0.388
2021-12-11 01:00,0.346
2021-12-11 02:00,0.327
2021-12-11 03:00,0.298
2021-12-11 04:00,0.260
2021-12-11 05:00,0.231
2021-12-11 06:00,0.227
2021-12-11 07:00,0.249
2021-12-11 08:00,0.303
2021-12-11 09:00,0.346
2021-12-11 10:00,0.324
2021-12-11 11:00,0.331
2021-12-11 12:00,0.365
2021-12-11 13:00,0.448
2021-12-11 14:00,0.516
2021-12-11 15:00,0.549
2021-12-11 16:00,0.594
2021-12-11 17:00,0.566
2021-12-11 18:00,0.569
2021-12-11 19:00,0.577
2021-12-11 20:00,0.603
2021-12-11 21:00,0.637
2021-12-11 22:00,0.606
2021-12-11 23:00,0.581
2021-12-12 00:00,0.570
2021-12-12 01:00,0.599
2021-12-12 02:00,0.572
2021-12-12 03:00,0.524
2021-12-12 04:00,0.457
2021-12-12 05:00,0.400
2021-12-12 06:00,0.381
2021-12-12 07:00,0.390
2021-12-12 08:00,0.400
2021-12-12 09:00,0.397
2021-12-12 10:00,0.410
2021-12-12 11:00,0.462
2021-12-12 12:00,0.551
2021-12-12 13:00,0.591
2021-12-12 14:00,0.654
2021-12-12 15:00,0.694
2021-12-12 16:00,0.700
2021-12-12 17:00,0.712
2021-12-12 18:00,0.726
2021-12-12 19:00,0.734
2021-12-12 20:00,0.768
2021-12-12 21:00,0.820
2021-12-12 22:00,0.863
2021-12-12 23:00,0.854
2021-12-13 00:00,0.829
2021-12-13 01:00,0.826
2021-12-13 02:00,0.761
2021-12-13 03:00,0.679
2021-12-13 04:00,0.609
2021-12-13 05:00,0.416
2021-12-13 06:00,0.292
2021-12-13 07:00,0.232
2021-12-13 08:00,0.144
2021-12-13 09:00,0.083
2021-12-13 10:00,0.034
2021-12-13 11:00,0.010
2021-12-13 12:00,0.006
2021-12-13 13:00,0.006
2021-12-13 14:00,0.008
2021-12-13 15:00,0.021
2021-12-13 16:00,0.041
2021-12-13 17:00,0.057
2021-12-13 18:00,0.060
2021-12-13 19:00,0.059
2021-12-13 20:00,0.058
2021-12-13 21:00,0.051
2021-12-13 22:00,0.027
2021-12-13 23:00,0.015
2021-12-14 00:00,0.014
2021-12-14 01:00,0.016
2021-12-14 02:00,0.024
2021-12-14 03:00,0.050
2021-12-14 04:00,0.103
2021-12-14 05:00,0.164
2021-12-14 06:00,0.239
2021-12-14 07:00,0.321
2021-12-14 08:00,0.370
2021-12-14 09:00,0.380
2021-12-14 10:00,0.353
2021-12-14 11:00,0.337
2021-12-14 12:00,0.377
2021-12-14 13:00,0.470
2021-12-14 14:00,0.524
2021-12-14 15:00,0.563
2021-12-14 16:00,0.583
2021-12-14 17:00,0.611
2021-12-14 18:00,0.612
2021-12-14 19:00,0.630
2021-12-14 20:00,0.645
2021-12-14 21:00,0.658
2021-12-14 22:00,0.685
2021-12-14 23:00,0.705
2021-12-15 00:00,0.721
2021-12-15 01:00,0.714
2021-12-15 02:00,0.704
2021-12-15 03:00,0.703
2021-12-15 04:00,0.695
2021-12-15 05:00,0.687
2021-12-15 06:00,0.678
2021-12-15 07:00,0.676
2021-12-15 08:00,0.669
2021-12-15 09:00,0.658
2021-12-15 10:00,0.651
2021-12-15 11:00,0.626
2021-12-15 12:00,0.597
2021-12-15 13:00,0.568
2021-12-15 14:00,0.541
2021-12-15 15:00,0.546
2021-12-15 16:00,0.556
2021-12-15 17:00,0.524
2021-12-15 18:00,0.489
2021-12-15 19:00,0.483
2021-12-15 20:00,0.483
2021-12-15 21:00,0.487
2021-12-15 22:00,0.473
2021-12-15 23:00,0.450
2021-12-16 00:00,0.418
2021-12-16 01:00,0.377
2021-12-16 02:00,0.313
2021-12-16 03:00,0.268
2021-12-16 04:00,0.235
2021-12-16 05:00,0.214
2021-12-16 06:00,0.192
2021-12-16 07:00,0.183
2021-12-16 08:00,0.177
2021-12-16 09:00,0.171
2021-12-16 10:00,0.156
2021-12-16 11:00,0.119
2021-12-16 12:00,0.102
2021-12-16 13:00,0.127
2021-12-16 14:00,0.154
2021-12-16 15:00,0.164
2021-12-16 16:00,0.156
2021-12-16 17:00,0.137
2021-12-16 18:00,0.117
2021-12-16 19:00,0.091
2021-12-16 20:00,0.064
2021-12-16 21:00,0.044
2021-12-16 22:00,0.032
2021-12-16 23:00,0.024
2021-12-17 00:00,0.020
2021-12-17 01:00,0.020
2021-12-17 02:00,0.021
2021-12-17 03:00,0.025
2021-12-17 04:00,0.030
2021-12-17 05:00,0.036
2021-12-17 06:00,0.042
2021-12-17 07:00,0.047
2021-12-17 08:00,0.051
2021-12-17 09:00,0.051
2021-12-17 10:00,0.039
2021-12-17 11:00,0.033
2021-12-17 12:00,0.039
2021-12-17 13:00,0.048
2021-12-17 14:00,0.075
2021-12-17 15:00,0.113
2021-12-17 16:00,0.133
2021-12-17 17:00,0.134
2021-12-17 18:00,0.126
2021-12-17 19:00,0.113
2021-12-17 20:00,0.097
2021-12-17 21:00,0.089
2021-12-17 22:00,0.088
2021-12-17 23:00,0.086
2021-12-18 00:00,0.087
2021-12-18 01:00,0.089
2021-12-18 02:00,0.093
2021-12-18 03:00,0.092
2021-12-18 04:00,0.088
2021-12-18 05:00,0.087
2021-12-18 06:00,0.085
2021-12-18 07:00,0.077
2021-12-18 08:00,0.068
2021-12-18 09:00,0.059
2021-12-18 10:00,0.048
2021-12-18 11:00,0.042
2021-12-18 12:00,0.033
2021-12-18 13:00,0.023
2021-12-18 14:00,0.018
2021-12-18 15:00,0.016
2021-12-18 16:00,0.017
2021-12-18 17:00,0.019
2021-12-18 18:00,0.022
2021-12-18 19:00,0.024
2021-12-18 20:00,0.024
2021-12-18 21:00,0.023
2021-12-18 22:00,0.020
2021-12-18 23:00,0.017
2021-12-19 00:00,0.016
2021-12-19 01:00,0.016
2021-12-19 02:00,0.016
2021-12-19 03:00,0.019
2021-12-19 04:00,0.024
2021-12-19 05:00,0.032
2021-12-19 06:00,0.041
2021-12-19 07:00,0.049
2021-12-19 08:00,0.056
2021-12-19 09:00,0.048
2021-12-19 10:00,0.043
2021-12-19 11:00,0.041
2021-12-19 12:00,0.046
2021-12-19 13:00,0.059
2021-12-19 14:00,0.074
2021-12-19 15:00,0.084
2021-12-19 16:00,0.093
2021-12-19 17:00,0.102
2021-12-19 18:00,0.107
2021-12-19 19:00,0.118
2021-12-19 20:00,0.134
2021-12-19 21:00,0.149
2021-12-19 22:00,0.141
2021-12-19 23:00,0.117
2021-12-20 00:00,0.099
2021-12-20 01:00,0.095
2021-12-20 02:00,0.108
2021-12-20 03:00,0.120
2021-12-20 04:00,0.127
2021-12-20 05:00,0.142
2021-12-20 06:00,0.156
2021-12-20 07:00,0.165
2021-12-20 08:00,0.170
2021-12-20 09:00,0.154
2021-12-20 10:00,0.114
2021-12-20 11:00,0.110
2021-12-20 12:00,0.110
2021-12-20 13:00,0.102
2021-12-20 14:00,0.103
2021-12-20 15:00,0.119
2021-12-20 16:00,0.118
2021-12-20 17:00,0.106
2021-12-20 18:00,0.094
2021-12-20 19:00,0.088
2021-12-20 20:00,0.086
2021-12-20 21:00,0.085
2021-12-20 22:00,0.084
2021-12-20 23:00,0.081
2021-12-21 00:00,0.076
2021-12-21 01:00,0.067
2021-12-21 02:00,0.056
2021-12-21 03:00,0.045
2021-12-21 04:00,0.036
2021-12-21 05:00,0.028
2021-12-21 06:00,0.024
2021-12-21 07:00,0.027
2021-12-21 08:00,0.037
2021-12-21 09:00,0.050
2021-12-21 10:00,0.056
2021-12-21 11:00,0.061
2021-12-21 12:00,0.064
2021-12-21 13:00,0.063
2021-12-21 14:00,0.073
2021-12-21 15:00,0.092
2021-12-21 16:00,0.109
2021-12-21 17:00,0.125
2021-12-21 18:00,0.142
2021-12-21 19:00,0.164
2021-12-21 20:00,0.188
2021-12-21 21:00,0.210
2021-12-21 22:00,0.232
2021-12-21 23:00,0.257
2021-12-22 00:00,0.267
2021-12-22 01:00,0.261
2021-12-22 02:00,0.262
2021-12-22 03:00,0.251
2021-12-22 04:00,0.242
2021-12-22 05:00,0.241
2021-12-22 06:00,0.234
2021-12-22 07:00,0.235
2021-12-22 08:00,0.235
2021-12-22 09:00,0.307
2021-12-22 10:00,0.284
2021-12-22 11:00,0.249
2021-12-22 12:00,0.254
2021-12-22 13:00,0.287
2021-12-22 14:00,0.265
2021-12-22 15:00,0.293
2021-12-22 16:00,0.395
2021-12-22 17:00,0.423
2021-12-22 18:00,0.448
2021-12-22 19:00,0.461
2021-12-22 20:00,0.450
2021-12-22 21:00,0.400
2021-12-22 22:00,0.360
2021-12-22 23:00,0.327
2021-12-23 00:00,0.333
2021-12-23 01:00,0.338
2021-12-23 02:00,0.333
2021-12-23 03:00,0.310
2021-12-23 04:00,0.294
2021-12-23 05:00,0.276
2021-12-23 06:00,0.268
2021-12-23 07:00,0.275
2021-12-23 08:00,0.320
2021-12-23 09:00,0.330
2021-12-23 10:00,0.324
2021-12-23 11:00,0.390
2021-12-23 12:00,0.410
2021-12-23 13:00,0.409
2021-12-23 14:00,0.416
2021-12-23 15:00,0.449
2021-12-23 16:00,0.493
2021-12-23 17:00,0.559
2021-12-23 18:00,0.572
2021-12-23 19:00,0.539
2021-12-23 20:00,0.497
2021-12-23 21:00,0.462
2021-12-23 22:00,0.417
2021-12-23 23:00,0.387
2021-12-24 00:00,0.412
2021-12-24 01:00,0.402
2021-12-24 02:00,0.403
2021-12-24 03:00,0.379
2021-12-24 04:00,0.325
2021-12-24 05:00,0.274
2021-12-24 06:00,0.211
2021-12-24 07:00,0.149
2021-12-24 08:00,0.089
2021-12-24 09:00,0.054
2021-12-24 10:00,0.032
2021-12-24 11:00,0.044
2021-12-24 12:00,0.112
2021-12-24 13:00,0.202
2021-12-24 14:00,0.325
2021-12-24 15:00,0.440
2021-12-24 16:00,0.522
2021-12-24 17:00,0.584
2021-12-24 18:00,0.632
2021-12-24 19:00,0.663
2021-12-24 20:00,0.669
2021-12-24 21:00,0.667
2021-12-24 22:00,0.650
2021-12-24 23:00,0.640
2021-12-25 00:00,0.618
2021-12-25 01:00,0.576
2021-12-25 02:00,0.594
2021-12-25 03:00,0.650
2021-12-25 04:00,0.720
2021-12-25 05:00,0.755
2021-12-25 06:00,0.739
2021-12-25 07:00,0.738
2021-12-25 08:00,0.756
2021-12-25 09:00,0.765
2021-12-25 10:00,0.762
2021-12-25 11:00,0.786
2021-12-25 12:00,0.807
2021-12-25 13:00,0.795
2021-12-25 14:00,0.773
2021-12-25 15:00,0.779
2021-12-25 16:00,0.771
2021-12-25 17:00,0.775
2021-12-25 18:00,0.782
2021-12-25 19:00,0.781
2021-12-25 20:00,0.767
2021-12-25 21:00,0.751
2021-12-25 22:00,0.700
2021-12-25 23:00,0.684
2021-12-26 00:00,0.663
2021-12-26 01:00,0.657
2021-12-26 02:00,0.603
2021-12-26 03:00,0.549
2021-12-26 04:00,0.511
2021-12-26 05:00,0.551
2021-12-26 06:00,0.479
2021-12-26 07:00,0.466
2021-12-26 08:00,0.465
2021-12-26 09:00,0.439
2021-12-26 10:00,0.423
2021-12-26 11:00,0.348
2021-12-26 12:00,0.307
2021-12-26 13:00,0.270
2021-12-26 14:00,0.252
2021-12-26 15:00,0.254
2021-12-26 16:00,0.262
2021-12-26 17:00,0.249
2021-12-26 18:00,0.212
2021-12-26 19:00,0.182
2021-12-26 20:00,0.158
2021-12-26 21:00,0.144
2021-12-26 22:00,0.154
2021-12-26 23:00,0.190
2021-12-27 00:00,0.229
2021-12-27 01:00,0.269
2021-12-27 02:00,0.287
2021-12-27 03:00,0.298
2021-12-27 04:00,0.321
2021-12-27 05:00,0.335
2021-12-27 06:00,0.322
2021-12-27 07:00,0.307
2021-12-27 08:00,0.304
2021-12-27 09:00,0.290
2021-12-27 10:00,0.285
2021-12-27 11:00,0.295
2021-12-27 12:00,0.330
2021-12-27 13:00,0.387
2021-12-27 14:00,0.410
2021-12-27 15:00,0.466
2021-12-27 16:00,0.502
2021-12-27 17:00,0.459
2021-12-27 18:00,0.387
2021-12-27 19:00,0.308
2021-12-27 20:00,0.224
2021-12-27 21:00,0.190
2021-12-27 22:00,0.166
2021-12-27 23:00,0.143
2021-12-28 00:00,0.119
2021-12-28 01:00,0.103
2021-12-28 02:00,0.097
2021-12-28 03:00,0.102
2021-12-28 04:00,0.105
2021-12-28 05:00,0.088
2021-12-28 06:00,0.052
2021-12-28 07:00,0.017
2021-12-28 08:00,0.060
2021-12-28 09:00,0.204
2021-12-28 10:00,0.265
2021-12-28 11:00,0.333
2021-12-28 12:00,0.426
2021-12-28 13:00,0.439
2021-12-28 14:00,0.498
2021-12-28 15:00,0.505
2021-12-28 16:00,0.481
2021-12-28 17:00,0.450
2021-12-28 18:00,0.407
2021-12-28 19:00,0.374
2021-12-28 20:00,0.320
2021-12-28 21:00,0.295
2021-12-28 22:00,0.261
2021-12-28 23:00,0.227
2021-12-29 00:00,0.184
2021-12-29 01:00,0.184
2021-12-29 02:00,0.182
2021-12-29 03:00,0.181
2021-12-29 04:00,0.194
2021-12-29 05:00,0.289
2021-12-29 06:00,0.430
2021-12-29 07:00,0.526
2021-12-29 08:00,0.652
2021-12-29 09:00,0.766
2021-12-29 10:00,0.813
2021-12-29 11:00,0.898
2021-12-29 12:00,0.961
2021-12-29 13:00,0.982
2021-12-29 14:00,0.979
2021-12-29 15:00,0.960
2021-12-29 16:00,0.940
2021-12-29 17:00,0.911
2021-12-29 18:00,0.869
2021-12-29 19:00,0.808
2021-12-29 20:00,0.709
2021-12-29 21:00,0.678
2021-12-29 22:00,0.663
2021-12-29 23:00,0.658
2021-12-30 00:00,0.700
2021-12-30 01:00,0.741
2021-12-30 02:00,0.764
2021-12-30 03:00,0.768
2021-12-30 04:00,0.796
2021-12-30 05:00,0.829
2021-12-30 06:00,0.856
2021-12-30 07:00,0.851
2021-12-30 08:00,0.830
2021-12-30 09:00,0.794
2021-12-30 10:00,0.765
2021-12-30 11:00,0.738
2021-12-30 12:00,0.715
2021-12-30 13:00,0.663
2021-12-30 14:00,0.606
2021-12-30 15:00,0.577
2021-12-30 16:00,0.606
2021-12-30 17:00,0.738
2021-12-30 18:00,0.782
2021-12-30 19:00,0.809
2021-12-30 20:00,0.829
2021-12-30 21:00,0.845
2021-12-30 22:00,0.858
2021-12-30 23:00,0.866
2021-12-31 00:00,0.879
2021-12-31 01:00,0.875
2021-12-31 02:00,0.865
2021-12-31 03:00,0.840
2021-12-31 04:00,0.818
2021-12-31 05:00,0.836
2021-12-31 06:00,0.838
2021-12-31 07:00,0.856
2021-12-31 08:00,0.836
2021-12-31 09:00,0.872
2021-12-31 10:00,0.843
2021-12-31 11:00,0.836
2021-12-31 12:00,0.846
2021-12-31 13:00,0.860
2021-12-31 14:00,0.835
2021-12-31 15:00,0.811
2021-12-31 16:00,0.752
2021-12-31 17:00,0.684
2021-12-31 18:00,0.548
2021-12-31 19:00,0.536
2021-12-31 20:00,0.581
2021-12-31 21:00,0.584
2021-12-31 22:00,0.624
2021-12-31 23:00,0.649
2022-01-01 00:00,0.632
2022-01-01 01:00,0.661
2022-01-01 02:00,0.664
2022-01-01 03:00,0.723
2022-01-01 04:00,0.774
2022-01-01 05:00,0.825
2022-01-01 06:00,0.838
2022-01-01 07:00,0.841
2022-01-01 08:00,0.838
2022-01-01 09:00,0.811
2022-01-01 10:00,0.764
2022-01-01 11:00,0.792
2022-01-01 12:00,0.789
2022-01-01 13:00,0.818
2022-01-01 14:00,0.806
2022-01-01 15:00,0.790
2022-01-01 16:00,0.771
2022-01-01 17:00,0.725
2022-01-01 18:00,0.700
2022-01-01 19:00,0.706
2022-01-01 20:00,0.729
2022-01-01 21:00,0.730
2022-01-01 22:00,0.715
2022-01-01 23:00,0.689
2022-01-02 00:00,0.668
2022-01-02 01:00,0.628
2022-01-02 02:00,0.556
2022-01-02 03:00,0.510
2022-01-02 04:00,0.486
2022-01-02 05:00,0.513
2022-01-02 06:00,0.542
2022-01-02 07:00,0.547
2022-01-02 08:00,0.564
2022-01-02 09:00,0.555
2022-01-02 10:00,0.562
2022-01-02 11:00,0.643
2022-01-02 12:00,0.741
2022-01-02 13:00,0.818
2022-01-02 14:00,0.804
2022-01-02 15:00,0.793
2022-01-02 16:00,0.818
2022-01-02 17:00,0.838
2022-01-02 18:00,0.851
2022-01-02 19:00,0.871
2022-01-02 20:00,0.892
2022-01-02 21:00,0.909
2022-01-02 22:00,0.918
2022-01-02 23:00,0.923
2022-01-03 00:00,0.926
2022-01-03 01:00,0.929
2022-01-03 02:00,0.929
2022-01-03 03:00,0.925
2022-01-03 04:00,0.919
2022-01-03 05:00,0.915
2022-01-03 06:00,0.914
2022-01-03 07:00,0.914
2022-01-03 08:00,0.916
2022-01-03 09:00,0.917
2022-01-03 10:00,0.911
2022-01-03 11:00,0.903
2022-01-03 12:00,0.893
2022-01-03 13:00,0.871
2022-01-03 14:00,0.839
2022-01-03 15:00,0.799
2022-01-03 16:00,0.757
2022-01-03 17:00,0.673
2022-01-03 18:00,0.539
2022-01-03 19:00,0.403
2022-01-03 20:00,0.276
2022-01-03 21:00,0.212
2022-01-03 22:00,0.188
2022-01-03 23:00,0.184
2022-01-04 00:00,0.225
2022-01-04 01:00,0.285
2022-01-04 02:00,0.305
2022-01-04 03:00,0.264
2022-01-04 04:00,0.224
2022-01-04 05:00,0.261
2022-01-04 06:00,0.348
2022-01-04 07:00,0.420
2022-01-04 08:00,0.452
2022-01-04 09:00,0.411
2022-01-04 10:00,0.380
2022-01-04 11:00,0.487
2022-01-04 12:00,0.569
2022-01-04 13:00,0.595
2022-01-04 14:00,0.634
2022-01-04 15:00,0.677
2022-01-04 16:00,0.663
2022-01-04 17:00,0.663
2022-01-04 18:00,0.688
2022-01-04 19:00,0.709
2022-01-04 20:00,0.731
2022-01-04 21:00,0.757
2022-01-04 22:00,0.771
2022-01-04 23:00,0.777
2022-01-05 00:00,0.776
2022-01-05 01:00,0.772
2022-01-05 02:00,0.769
2022-01-05 03:00,0.774
2022-01-05 04:00,0.800
2022-01-05 05:00,0.777
2022-01-05 06:00,0.753
2022-01-05 07:00,0.722
2022-01-05 08:00,0.672
2022-01-05 09:00,0.583
2022-01-05 10:00,0.479
2022-01-05 11:00,0.476
2022-01-05 12:00,0.457
2022-01-05 13:00,0.400
2022-01-05 14:00,0.367
2022-01-05 15:00,0.397
2022-01-05 16:00,0.446
2022-01-05 17:00,0.460
2022-01-05 18:00,0.408
2022-01-05 19:00,0.336
2022-01-05 20:00,0.242
2022-01-05 21:00,0.178
2022-01-05 22:00,0.137
2022-01-05 23:00,0.095
2022-01-06 00:00,0.071
2022-01-06 01:00,0.085
2022-01-06 02:00,0.144
2022-01-06 03:00,0.222
2022-01-06 04:00,0.303
2022-01-06 05:00,0.400
2022-01-06 06:00,0.473
2022-01-06 07:00,0.535
2022-01-06 08:00,0.562
2022-01-06 09:00,0.508
2022-01-06 10:00,0.516
2022-01-06 11:00,0.633
2022-01-06 12:00,0.729
2022-01-06 13:00,0.811
2022-01-06 14:00,0.842
2022-01-06 15:00,0.929
2022-01-06 16:00,0.913
2022-01-06 17:00,0.849
2022-01-06 18:00,0.799
2022-01-06 19:00,0.748
2022-01-06 20:00,0.648
2022-01-06 21:00,0.572
2022-01-06 22:00,0.567
2022-01-06 23:00,0.700
2022-01-07 00:00,0.803
2022-01-07 01:00,0.791
2022-01-07 02:00,0.795
2022-01-07 03:00,0.782
2022-01-07 04:00,0.764
2022-01-07 05:00,0.743
2022-01-07 06:00,0.739
2022-01-07 07:00,0.736
2022-01-07 08:00,0.733
2022-01-07 09:00,0.712
2022-01-07 10:00,0.683
2022-01-07 11:00,0.702
2022-01-07 12:00,0.669
2022-01-07 13:00,0.652
2022-01-07 14:00,0.643
2022-01-07 15:00,0.607
2022-01-07 16:00,0.566
2022-01-07 17:00,0.548
2022-01-07 18:00,0.549
2022-01-07 19:00,0.512
2022-01-07 20:00,0.536
2022-01-07 21:00,0.549
2022-01-07 22:00,0.502
2022-01-07 23:00,0.466
2022-01-08 00:00,0.416
2022-01-08 01:00,0.408
2022-01-08 02:00,0.429
2022-01-08 03:00,0.442
2022-01-08 04:00,0.494
2022-01-08 05:00,0.572
2022-01-08 06:00,0.628
2022-01-08 07:00,0.655
2022-01-08 08:00,0.677
2022-01-08 09:00,0.665
2022-01-08 10:00,0.682
2022-01-08 11:00,0.761
2022-01-08 12:00,0.709
2022-01-08 13:00,0.695
2022-01-08 14:00,0.712
2022-01-08 15:00,0.659
2022-01-08 16:00,0.646
2022-01-08 17:00,0.697
2022-01-08 18:00,0.693
2022-01-08 19:00,0.678
2022-01-08 20:00,0.690
2022-01-08 21:00,0.717
2022-01-08 22:00,0.740
2022-01-08 23:00,0.756
2022-01-09 00:00,0.771
2022-01-09 01:00,0.756
2022-01-09 02:00,0.746
2022-01-09 03:00,0.729
2022-01-09 04:00,0.702
2022-01-09 05:00,0.663
2022-01-09 06:00,0.618
2022-01-09 07:00,0.587
2022-01-09 08:00,0.552
2022-01-09 09:00,0.513
2022-01-09 10:00,0.471
2022-01-09 11:00,0.453
2022-01-09 12:00,0.453
2022-01-09 13:00,0.463
2022-01-09 14:00,0.467
2022-01-09 15:00,0.496
2022-01-09 16:00,0.542
2022-01-09 17:00,0.549
2022-01-09 18:00,0.488
2022-01-09 19:00,0.426
2022-01-09 20:00,0.406
2022-01-09 21:00,0.380
2022-01-09 22:00,0.341
2022-01-09 23:00,0.292
2022-01-10 00:00,0.231
2022-01-10 01:00,0.183
2022-01-10 02:00,0.163
2022-01-10 03:00,0.143
2022-01-10 04:00,0.142
2022-01-10 05:00,0.191
2022-01-10 06:00,0.254
2022-01-10 07:00,0.281
2022-01-10 08:00,0.276
2022-01-10 09:00,0.265
2022-01-10 10:00,0.285
2022-01-10 11:00,0.335
2022-01-10 12:00,0.359
2022-01-10 13:00,0.380
2022-01-10 14:00,0.432
2022-01-10 15:00,0.476
2022-01-10 16:00,0.499
2022-01-10 17:00,0.482
2022-01-10 18:00,0.476
2022-01-10 19:00,0.502
2022-01-10 20:00,0.502
2022-01-10 21:00,0.517
2022-01-10 22:00,0.491
2022-01-10 23:00,0.463
2022-01-11 00:00,0.432
2022-01-11 01:00,0.367
2022-01-11 02:00,0.332
2022-01-11 03:00,0.282
2022-01-11 04:00,0.251
2022-01-11 05:00,0.238
2022-01-11 06:00,0.232
2022-01-11 07:00,0.223
2022-01-11 08:00,0.212
2022-01-11 09:00,0.194
2022-01-11 10:00,0.151
2022-01-11 11:00,0.116
2022-01-11 12:00,0.102
2022-01-11 13:00,0.094
2022-01-11 14:00,0.104
2022-01-11 15:00,0.121
2022-01-11 16:00,0.169
2022-01-11 17:00,0.196
2022-01-11 18:00,0.200
2022-01-11 19:00,0.223
2022-01-11 20:00,0.239
2022-01-11 21:00,0.284
2022-01-11 22:00,0.350
2022-01-11 23:00,0.429
2022-01-12 00:00,0.468
2022-01-12 01:00,0.497
2022-01-12 02:00,0.477
2022-01-12 03:00,0.413
2022-01-12 04:00,0.363
2022-01-12 05:00,0.337
2022-01-12 06:00,0.318
2022-01-12 07:00,0.319
2022-01-12 08:00,0.330
2022-01-12 09:00,0.322
2022-01-12 10:00,0.335
2022-01-12 11:00,0.308
2022-01-12 12:00,0.281
2022-01-12 13:00,0.268
2022-01-12 14:00,0.314
2022-01-12 15:00,0.428
2022-01-12 16:00,0.494
2022-01-12 17:00,0.493
2022-01-12 18:00,0.452
2022-01-12 19:00,0.410
2022-01-12 20:00,0.354
2022-01-12 21:00,0.304
2022-01-12 22:00,0.280
2022-01-12 23:00,0.274
2022-01-13 00:00,0.278
2022-01-13 01:00,0.279
2022-01-13 02:00,0.268
2022-01-13 03:00,0.261
2022-01-13 04:00,0.261
2022-01-13 05:00,0.257
2022-01-13 06:00,0.274
2022-01-13 07:00,0.282
2022-01-13 08:00,0.287
2022-01-13 09:00,0.281
2022-01-13 10:00,0.270
2022-01-13 11:00,0.295
2022-01-13 12:00,0.311
2022-01-13 13:00,0.299
2022-01-13 14:00,0.285
2022-01-13 15:00,0.348
2022-01-13 16:00,0.420
2022-01-13 17:00,0.454
2022-01-13 18:00,0.482
2022-01-13 19:00,0.513
2022-01-13 20:00,0.533
2022-01-13 21:00,0.536
2022-01-13 22:00,0.516
2022-01-13 23:00,0.476
2022-01-14 00:00,0.429
2022-01-14 01:00,0.370
2022-01-14 02:00,0.338
2022-01-14 03:00,0.320
2022-01-14 04:00,0.298
2022-01-14 05:00,0.269
2022-01-14 06:00,0.224
2022-01-14 07:00,0.177
2022-01-14 08:00,0.134
2022-01-14 09:00,0.086
2022-01-14 10:00,0.042
2022-01-14 11:00,0.019
2022-01-14 12:00,0.010
2022-01-14 13:00,0.007
2022-01-14 14:00,0.007
2022-01-14 15:00,0.006
2022-01-14 16:00,0.004
2022-01-14 17:00,0.010
2022-01-14 18:00,0.025
2022-01-14 19:00,0.049
2022-01-14 20:00,0.077
2022-01-14 21:00,0.100
2022-01-14 22:00,0.111
2022-01-14 23:00,0.107
2022-01-15 00:00,0.090
2022-01-15 01:00,0.072
2022-01-15 02:00,0.068
2022-01-15 03:00,0.068
2022-01-15 04:00,0.060
2022-01-15 05:00,0.057
2022-01-15 06:00,0.063
2022-01-15 07:00,0.074
2022-01-15 08:00,0.084
2022-01-15 09:00,0.072
2022-01-15 10:00,0.058
2022-01-15 11:00,0.059
2022-01-15 12:00,0.069
2022-01-15 13:00,0.077
2022-01-15 14:00,0.099
2022-01-15 15:00,0.150
2022-01-15 16:00,0.203
2022-01-15 17:00,0.232
2022-01-15 18:00,0.243
2022-01-15 19:00,0.243
2022-01-15 20:00,0.265
2022-01-15 21:00,0.319
2022-01-15 22:00,0.426
2022-01-15 23:00,0.475
2022-01-16 00:00,0.460
2022-01-16 01:00,0.418
2022-01-16 02:00,0.370
2022-01-16 03:00,0.332
2022-01-16 04:00,0.352
2022-01-16 05:00,0.390
2022-01-16 06:00,0.410
2022-01-16 07:00,0.423
2022-01-16 08:00,0.429
2022-01-16 09:00,0.413
2022-01-16 10:00,0.389
2022-01-16 11:00,0.299
2022-01-16 12:00,0.264
2022-01-16 13:00,0.230
2022-01-16 14:00,0.238
2022-01-16 15:00,0.344
2022-01-16 16:00,0.421
2022-01-16 17:00,0.419
2022-01-16 18:00,0.451
2022-01-16 19:00,0.510
2022-01-16 20:00,0.542
2022-01-16 21:00,0.545
2022-01-16 22:00,0.529
2022-01-16 23:00,0.522
2022-01-17 00:00,0.534
2022-01-17 01:00,0.549
2022-01-17 02:00,0.564
2022-01-17 03:00,0.572
2022-01-17 04:00,0.573
2022-01-17 05:00,0.573
2022-01-17 06:00,0.581
2022-01-17 07:00,0.585
2022-01-17 08:00,0.569
2022-01-17 09:00,0.450
2022-01-17 10:00,0.289
2022-01-17 11:00,0.197
2022-01-17 12:00,0.182
2022-01-17 13:00,0.135
2022-01-17 14:00,0.121
2022-01-17 15:00,0.156
2022-01-17 16:00,0.185
2022-01-17 17:00,0.210
2022-01-17 18:00,0.237
2022-01-17 19:00,0.248
2022-01-17 20:00,0.222
2022-01-17 21:00,0.169
2022-01-17 22:00,0.131
2022-01-17 23:00,0.118
2022-01-18 00:00,0.113
2022-01-18 01:00,0.111
2022-01-18 02:00,0.113
2022-01-18 03:00,0.113
2022-01-18 04:00,0.110
2022-01-18 05:00,0.106
2022-01-18 06:00,0.108
2022-01-18 07:00,0.112
2022-01-18 08:00,0.121
2022-01-18 09:00,0.114
2022-01-18 10:00,0.103
2022-01-18 11:00,0.115
2022-01-18 12:00,0.166
2022-01-18 13:00,0.227
2022-01-18 14:00,0.281
2022-01-18 15:00,0.399
2022-01-18 16:00,0.503
2022-01-18 17:00,0.494
2022-01-18 18:00,0.449
2022-01-18 19:00,0.400
2022-01-18 20:00,0.385
2022-01-18 21:00,0.387
2022-01-18 22:00,0.436
2022-01-18 23:00,0.469
2022-01-19 00:00,0.504
2022-01-19 01:00,0.546
2022-01-19 02:00,0.594
2022-01-19 03:00,0.609
2022-01-19 04:00,0.669
2022-01-19 05:00,0.725
2022-01-19 06:00,0.765
2022-01-19 07:00,0.784
2022-01-19 08:00,0.804
2022-01-19 09:00,0.787
2022-01-19 10:00,0.767
2022-01-19 11:00,0.769
2022-01-19 12:00,0.768
2022-01-19 13:00,0.726
2022-01-19 14:00,0.664
2022-01-19 15:00,0.597
2022-01-19 16:00,0.574
2022-01-19 17:00,0.552
2022-01-19 18:00,0.585
2022-01-19 19:00,0.618
2022-01-19 20:00,0.616
2022-01-19 21:00,0.606
2022-01-19 22:00,0.597
2022-01-19 23:00,0.583
2022-01-20 00:00,0.561
2022-01-20 01:00,0.511
2022-01-20 02:00,0.466
2022-01-20 03:00,0.444
2022-01-20 04:00,0.440
2022-01-20 05:00,0.424
2022-01-20 06:00,0.413
2022-01-20 07:00,0.382
2022-01-20 08:00,0.318
2022-01-20 09:00,0.225
2022-01-20 10:00,0.154
2022-01-20 11:00,0.230
2022-01-20 12:00,0.308
2022-01-20 13:00,0.287
2022-01-20 14:00,0.257
2022-01-20 15:00,0.284
2022-01-20 16:00,0.342
2022-01-20 17:00,0.391
2022-01-20 18:00,0.395
2022-01-20 19:00,0.374
2022-01-20 20:00,0.370
2022-01-20 21:00,0.381
2022-01-20 22:00,0.397
2022-01-20 23:00,0.408
2022-01-21 00:00,0.418
2022-01-21 01:00,0.430
2022-01-21 02:00,0.413
2022-01-21 03:00,0.386
2022-01-21 04:00,0.369
2022-01-21 05:00,0.365
2022-01-21 06:00,0.359
2022-01-21 07:00,0.355
2022-01-21 08:00,0.352
2022-01-21 09:00,0.315
2022-01-21 10:00,0.318
2022-01-21 11:00,0.321
2022-01-21 12:00,0.377
2022-01-21 13:00,0.396
2022-01-21 14:00,0.403
2022-01-21 15:00,0.489
2022-01-21 16:00,0.565
2022-01-21 17:00,0.581
2022-01-21 18:00,0.575
2022-01-21 19:00,0.579
2022-01-21 20:00,0.569
2022-01-21 21:00,0.538
2022-01-21 22:00,0.526
2022-01-21 23:00,0.491
2022-01-22 00:00,0.479
2022-01-22 01:00,0.466
2022-01-22 02:00,0.481
2022-01-22 03:00,0.498
2022-01-22 04:00,0.482
2022-01-22 05:00,0.442
2022-01-22 06:00,0.426
2022-01-22 07:00,0.416
2022-01-22 08:00,0.390
2022-01-22 09:00,0.334
2022-01-22 10:00,0.273
2022-01-22 11:00,0.278
2022-01-22 12:00,0.311
2022-01-22 13:00,0.323
2022-01-22 14:00,0.331
2022-01-22 15:00,0.365
2022-01-22 16:00,0.391
2022-01-22 17:00,0.377
2022-01-22 18:00,0.360
2022-01-22 19:00,0.338
2022-01-22 20:00,0.317
2022-01-22 21:00,0.299
2022-01-22 22:00,0.281
2022-01-22 23:00,0.271
2022-01-23 00:00,0.279
2022-01-23 01:00,0.299
2022-01-23 02:00,0.316
2022-01-23 03:00,0.302
2022-01-23 04:00,0.276
2022-01-23 05:00,0.265
2022-01-23 06:00,0.257
2022-01-23 07:00,0.252
2022-01-23 08:00,0.241
2022-01-23 09:00,0.182
2022-01-23 10:00,0.136
2022-01-23 11:00,0.160
2022-01-23 12:00,0.176
2022-01-23 13:00,0.179
2022-01-23 14:00,0.164
2022-01-23 15:00,0.174
2022-01-23 16:00,0.191
2022-01-23 17:00,0.190
2022-01-23 18:00,0.198
2022-01-23 19:00,0.217
2022-01-23 20:00,0.240
2022-01-23 21:00,0.268
2022-01-23 22:00,0.286
2022-01-23 23:00,0.285
2022-01-24 00:00,0.268
2022-01-24 01:00,0.254
2022-01-24 02:00,0.236
2022-01-24 03:00,0.202
2022-01-24 04:00,0.165
2022-01-24 05:00,0.135
2022-01-24 06:00,0.113
2022-01-24 07:00,0.103
2022-01-24 08:00,0.096
2022-01-24 09:00,0.068
2022-01-24 10:00,0.052
2022-01-24 11:00,0.046
2022-01-24 12:00,0.041
2022-01-24 13:00,0.037
2022-01-24 14:00,0.032
2022-01-24 15:00,0.031
2022-01-24 16:00,0.028
2022-01-24 17:00,0.022
2022-01-24 18:00,0.016
2022-01-24 19:00,0.012
2022-01-24 20:00,0.011
2022-01-24 21:00,0.012
2022-01-24 22:00,0.015
2022-01-24 23:00,0.024
2022-01-25 00:00,0.042
2022-01-25 01:00,0.063
2022-01-25 02:00,0.086
2022-01-25 03:00,0.101
2022-01-25 04:00,0.101
2022-01-25 05:00,0.089
2022-01-25 06:00,0.069
2022-01-25 07:00,0.050
2022-01-25 08:00,0.042
2022-01-25 09:00,0.034
2022-01-25 10:00,0.035
2022-01-25 11:00,0.047
2022-01-25 12:00,0.070
2022-01-25 13:00,0.100
2022-01-25 14:00,0.133
2022-01-25 15:00,0.162
2022-01-25 16:00,0.192
2022-01-25 17:00,0.227
2022-01-25 18:00,0.286
2022-01-25 19:00,0.351
2022-01-25 20:00,0.387
2022-01-25 21:00,0.398
2022-01-25 22:00,0.450
2022-01-25 23:00,0.463
2022-01-26 00:00,0.502
2022-01-26 01:00,0.549
2022-01-26 02:00,0.552
2022-01-26 03:00,0.565
2022-01-26 04:00,0.557
2022-01-26 05:00,0.550
2022-01-26 06:00,0.556
2022-01-26 07:00,0.546
2022-01-26 08:00,0.510
2022-01-26 09:00,0.394
2022-01-26 10:00,0.340
2022-01-26 11:00,0.394
2022-01-26 12:00,0.557
2022-01-26 13:00,0.672
2022-01-26 14:00,0.723
2022-01-26 15:00,0.777
2022-01-26 16:00,0.815
2022-01-26 17:00,0.827
2022-01-26 18:00,0.803
2022-01-26 19:00,0.780
2022-01-26 20:00,0.800
2022-01-26 21:00,0.862
2022-01-26 22:00,0.869
2022-01-26 23:00,0.869
2022-01-27 00:00,0.888
2022-01-27 01:00,0.915
2022-01-27 02:00,0.914
2022-01-27 03:00,0.886
2022-01-27 04:00,0.867
2022-01-27 05:00,0.832
2022-01-27 06:00,0.828
2022-01-27 07:00,0.816
2022-01-27 08:00,0.789
2022-01-27 09:00,0.734
2022-01-27 10:00,0.711
2022-01-27 11:00,0.743
2022-01-27 12:00,0.771
2022-01-27 13:00,0.757
2022-01-27 14:00,0.694
2022-01-27 15:00,0.631
2022-01-27 16:00,0.604
2022-01-27 17:00,0.594
2022-01-27 18:00,0.528
2022-01-27 19:00,0.462
2022-01-27 20:00,0.419
2022-01-27 21:00,0.370
2022-01-27 22:00,0.369
2022-01-27 23:00,0.358
2022-01-28 00:00,0.338
2022-01-28 01:00,0.292
2022-01-28 02:00,0.250
2022-01-28 03:00,0.204
2022-01-28 04:00,0.156
2022-01-28 05:00,0.147
2022-01-28 06:00,0.169
2022-01-28 07:00,0.197
2022-01-28 08:00,0.212
2022-01-28 09:00,0.249
2022-01-28 10:00,0.315
2022-01-28 11:00,0.397
2022-01-28 12:00,0.470
2022-01-28 13:00,0.549
2022-01-28 14:00,0.629
2022-01-28 15:00,0.715
2022-01-28 16:00,0.765
2022-01-28 17:00,0.730
2022-01-28 18:00,0.716
2022-01-28 19:00,0.741
2022-01-28 20:00,0.740
2022-01-28 21:00,0.769
2022-01-28 22:00,0.809
2022-01-28 23:00,0.856
2022-01-29 00:00,0.880
2022-01-29 01:00,0.929
2022-01-29 02:00,0.946
2022-01-29 03:00,0.946
2022-01-29 04:00,0.950
2022-01-29 05:00,0.958
2022-01-29 06:00,0.969
2022-01-29 07:00,0.978
2022-01-29 08:00,0.989
2022-01-29 09:00,0.993
2022-01-29 10:00,0.989
2022-01-29 11:00,0.983
2022-01-29 12:00,0.991
2022-01-29 13:00,0.993
2022-01-29 14:00,0.988
2022-01-29 15:00,0.975
2022-01-29 16:00,0.948
2022-01-29 17:00,0.920
2022-01-29 18:00,0.888
2022-01-29 19:00,0.831
2022-01-29 20:00,0.752
2022-01-29 21:00,0.658
2022-01-29 22:00,0.608
2022-01-29 23:00,0.586
2022-01-30 00:00,0.582
2022-01-30 01:00,0.569
2022-01-30 02:00,0.536
2022-01-30 03:00,0.486
2022-01-30 04:00,0.413
2022-01-30 05:00,0.314
2022-01-30 06:00,0.210
2022-01-30 07:00,0.122
2022-01-30 08:00,0.085
2022-01-30 09:00,0.088
2022-01-30 10:00,0.086
2022-01-30 11:00,0.188
2022-01-30 12:00,0.356
2022-01-30 13:00,0.486
2022-01-30 14:00,0.498
2022-01-30 15:00,0.570
2022-01-30 16:00,0.692
2022-01-30 17:00,0.785
2022-01-30 18:00,0.843
2022-01-30 19:00,0.929
2022-01-30 20:00,0.972
2022-01-30 21:00,0.984
2022-01-30 22:00,0.986
2022-01-30 23:00,0.990
2022-01-31 00:00,0.992
2022-01-31 01:00,0.992
2022-01-31 02:00,0.993
2022-01-31 03:00,0.992
2022-01-31 04:00,0.992
2022-01-31 05:00,0.988
2022-01-31 06:00,0.978
2022-01-31 07:00,0.961
2022-01-31 08:00,0.933
2022-01-31 09:00,0.893
2022-01-31 10:00,0.873
2022-01-31 11:00,0.828
2022-01-31 12:00,0.813
2022-01-31 13:00,0.731
2022-01-31 14:00,0.703
2022-01-31 15:00,0.673
2022-01-31 16:00,0.581
2022-01-31 17:00,0.564
2022-01-31 18:00,0.582
2022-01-31 19:00,0.597
2022-01-31 20:00,0.586
2022-01-31 21:00,0.621
2022-01-31 22:00,0.694
2022-01-31 23:00,0.814
2022-02-01 00:00,0.847
2022-02-01 01:00,0.904
2022-02-01 02:00,0.925
2022-02-01 03:00,0.942
2022-02-01 04:00,0.950
2022-02-01 05:00,0.957
2022-02-01 06:00,0.965
2022-02-01 07:00,0.971
2022-02-01 08:00,0.966
2022-02-01 09:00,0.965
2022-02-01 10:00,0.970
2022-02-01 11:00,0.980
2022-02-01 12:00,0.983
2022-02-01 13:00,0.984
2022-02-01 14:00,0.981
2022-02-01 15:00,0.975
2022-02-01 16:00,0.967
2022-02-01 17:00,0.958
2022-02-01 18:00,0.939
2022-02-01 19:00,0.919
2022-02-01 20:00,0.891
2022-02-01 21:00,0.864
2022-02-01 22:00,0.833
2022-02-01 23:00,0.785
2022-02-02 00:00,0.752
2022-02-02 01:00,0.752
2022-02-02 02:00,0.746
2022-02-02 03:00,0.767
2022-02-02 04:00,0.767
2022-02-02 05:00,0.739
2022-02-02 06:00,0.752
2022-02-02 07:00,0.739
2022-02-02 08:00,0.731
2022-02-02 09:00,0.692
2022-02-02 10:00,0.659
2022-02-02 11:00,0.664
2022-02-02 12:00,0.623
2022-02-02 13:00,0.524
2022-02-02 14:00,0.525
2022-02-02 15:00,0.525
2022-02-02 16:00,0.487
2022-02-02 17:00,0.453
2022-02-02 18:00,0.451
2022-02-02 19:00,0.439
2022-02-02 20:00,0.465
2022-02-02 21:00,0.416
2022-02-02 22:00,0.392
2022-02-02 23:00,0.406
2022-02-03 00:00,0.413
2022-02-03 01:00,0.403
2022-02-03 02:00,0.400
2022-02-03 03:00,0.377
2022-02-03 04:00,0.365
2022-02-03 05:00,0.416
2022-02-03 06:00,0.442
2022-02-03 07:00,0.505
2022-02-03 08:00,0.496
2022-02-03 09:00,0.476
2022-02-03 10:00,0.559
2022-02-03 11:00,0.625
2022-02-03 12:00,0.676
2022-02-03 13:00,0.680
2022-02-03 14:00,0.672
2022-02-03 15:00,0.711
2022-02-03 16:00,0.759
2022-02-03 17:00,0.789
2022-02-03 18:00,0.814
2022-02-03 19:00,0.837
2022-02-03 20:00,0.850
2022-02-03 21:00,0.871
2022-02-03 22:00,0.889
2022-02-03 23:00,0.877
2022-02-04 00:00,0.795
2022-02-04 01:00,0.629
2022-02-04 02:00,0.479
2022-02-04 03:00,0.373
2022-02-04 04:00,0.265
2022-02-04 05:00,0.282
2022-02-04 06:00,0.381
2022-02-04 07:00,0.481
2022-02-04 08:00,0.473
2022-02-04 09:00,0.416
2022-02-04 10:00,0.624
2022-02-04 11:00,0.807
2022-02-04 12:00,0.862
2022-02-04 13:00,0.888
2022-02-04 14:00,0.894
2022-02-04 15:00,0.883
2022-02-04 16:00,0.871
2022-02-04 17:00,0.862
2022-02-04 18:00,0.831
2022-02-04 19:00,0.806
2022-02-04 20:00,0.795
2022-02-04 21:00,0.803
2022-02-04 22:00,0.791
2022-02-04 23:00,0.762
2022-02-05 00:00,0.730
2022-02-05 01:00,0.686
2022-02-05 02:00,0.665
2022-02-05 03:00,0.643
2022-02-05 04:00,0.618
2022-02-05 05:00,0.612
2022-02-05 06:00,0.658
2022-02-05 07:00,0.725
2022-02-05 08:00,0.816
2022-02-05 09:00,0.892
2022-02-05 10:00,0.941
2022-02-05 11:00,0.970
2022-02-05 12:00,0.979
2022-02-05 13:00,0.984
2022-02-05 14:00,0.983
2022-02-05 15:00,0.981
2022-02-05 16:00,0.980
2022-02-05 17:00,0.978
2022-02-05 18:00,0.974
2022-02-05 19:00,0.972
2022-02-05 20:00,0.965
2022-02-05 21:00,0.963
2022-02-05 22:00,0.957
2022-02-05 23:00,0.955
2022-02-06 00:00,0.949
2022-02-06 01:00,0.943
2022-02-06 02:00,0.939
2022-02-06 03:00,0.931
2022-02-06 04:00,0.918
2022-02-06 05:00,0.916
2022-02-06 06:00,0.909
2022-02-06 07:00,0.904
2022-02-06 08:00,0.905
2022-02-06 09:00,0.922
2022-02-06 10:00,0.950
2022-02-06 11:00,0.974
2022-02-06 12:00,0.981
2022-02-06 13:00,0.981
2022-02-06 14:00,0.980
2022-02-06 15:00,0.975
2022-02-06 16:00,0.963
2022-02-06 17:00,0.963
2022-02-06 18:00,0.968
2022-02-06 19:00,0.963
2022-02-06 20:00,0.932
2022-02-06 21:00,0.881
2022-02-06 22:00,0.823
2022-02-06 23:00,0.777
2022-02-07 00:00,0.714
2022-02-07 01:00,0.639
2022-02-07 02:00,0.531
2022-02-07 03:00,0.493
2022-02-07 04:00,0.548
2022-02-07 05:00,0.575
2022-02-07 06:00,0.538
2022-02-07 07:00,0.539
2022-02-07 08:00,0.469
2022-02-07 09:00,0.320
2022-02-07 10:00,0.424
2022-02-07 11:00,0.564
2022-02-07 12:00,0.603
2022-02-07 13:00,0.672
2022-02-07 14:00,0.710
2022-02-07 15:00,0.729
2022-02-07 16:00,0.759
2022-02-07 17:00,0.793
2022-02-07 18:00,0.815
2022-02-07 19:00,0.841
2022-02-07 20:00,0.853
2022-02-07 21:00,0.847
2022-02-07 22:00,0.857
2022-02-07 23:00,0.865
2022-02-08 00:00,0.883
2022-02-08 01:00,0.907
2022-02-08 02:00,0.904
2022-02-08 03:00,0.891
2022-02-08 04:00,0.879
2022-02-08 05:00,0.855
2022-02-08 06:00,0.838
2022-02-08 07:00,0.814
2022-02-08 08:00,0.767
2022-02-08 09:00,0.694
2022-02-08 10:00,0.667
2022-02-08 11:00,0.664
2022-02-08 12:00,0.705
2022-02-08 13:00,0.675
2022-02-08 14:00,0.627
2022-02-08 15:00,0.600
2022-02-08 16:00,0.607
2022-02-08 17:00,0.660
2022-02-08 18:00,0.704
2022-02-08 19:00,0.725
2022-02-08 20:00,0.755
2022-02-08 21:00,0.752
2022-02-08 22:00,0.748
2022-02-08 23:00,0.732
2022-02-09 00:00,0.691
2022-02-09 01:00,0.628
2022-02-09 02:00,0.588
2022-02-09 03:00,0.619
2022-02-09 04:00,0.645
2022-02-09 05:00,0.680
2022-02-09 06:00,0.691
2022-02-09 07:00,0.678
2022-02-09 08:00,0.609
2022-02-09 09:00,0.586
2022-02-09 10:00,0.691
2022-02-09 11:00,0.692
2022-02-09 12:00,0.682
2022-02-09 13:00,0.650
2022-02-09 14:00,0.585
2022-02-09 15:00,0.466
2022-02-09 16:00,0.383
2022-02-09 17:00,0.338
2022-02-09 18:00,0.321
2022-02-09 19:00,0.333
2022-02-09 20:00,0.369
2022-02-09 21:00,0.410
2022-02-09 22:00,0.433
2022-02-09 23:00,0.450
2022-02-10 00:00,0.493
2022-02-10 01:00,0.486
2022-02-10 02:00,0.525
2022-02-10 03:00,0.574
2022-02-10 04:00,0.594
2022-02-10 05:00,0.605
2022-02-10 06:00,0.630
2022-02-10 07:00,0.640
2022-02-10 08:00,0.555
2022-02-10 09:00,0.549
2022-02-10 10:00,0.826
2022-02-10 11:00,0.865
2022-02-10 12:00,0.878
2022-02-10 13:00,0.886
2022-02-10 14:00,0.887
2022-02-10 15:00,0.876
2022-02-10 16:00,0.887
2022-02-10 17:00,0.901
2022-02-10 18:00,0.900
2022-02-10 19:00,0.862
2022-02-10 20:00,0.797
2022-02-10 21:00,0.669
2022-02-10 22:00,0.564
2022-02-10 23:00,0.518
2022-02-11 00:00,0.434
2022-02-11 01:00,0.335
2022-02-11 02:00,0.240
2022-02-11 03:00,0.166
2022-02-11 04:00,0.114
2022-02-11 05:00,0.080
2022-02-11 06:00,0.070
2022-02-11 07:00,0.071
2022-02-11 08:00,0.074
2022-02-11 09:00,0.064
2022-02-11 10:00,0.101
2022-02-11 11:00,0.171
2022-02-11 12:00,0.228
2022-02-11 13:00,0.261
2022-02-11 14:00,0.276
2022-02-11 15:00,0.302
2022-02-11 16:00,0.432
2022-02-11 17:00,0.542
2022-02-11 18:00,0.580
2022-02-11 19:00,0.574
2022-02-11 20:00,0.566
2022-02-11 21:00,0.580
2022-02-11 22:00,0.600
2022-02-11 23:00,0.619
2022-02-12 00:00,0.645
2022-02-12 01:00,0.667
2022-02-12 02:00,0.684
2022-02-12 03:00,0.694
2022-02-12 04:00,0.710
2022-02-12 05:00,0.732
2022-02-12 06:00,0.780
2022-02-12 07:00,0.811
2022-02-12 08:00,0.856
2022-02-12 09:00,0.938
2022-02-12 10:00,0.954
2022-02-12 11:00,0.958
2022-02-12 12:00,0.957
2022-02-12 13:00,0.951
2022-02-12 14:00,0.938
2022-02-12 15:00,0.929
2022-02-12 16:00,0.929
2022-02-12 17:00,0.920
2022-02-12 18:00,0.902
2022-02-12 19:00,0.864
2022-02-12 20:00,0.828
2022-02-12 21:00,0.813
2022-02-12 22:00,0.761
2022-02-12 23:00,0.715
2022-02-13 00:00,0.705
2022-02-13 01:00,0.653
2022-02-13 02:00,0.591
2022-02-13 03:00,0.575
2022-02-13 04:00,0.484
2022-02-13 05:00,0.513
2022-02-13 06:00,0.681
2022-02-13 07:00,0.811
2022-02-13 08:00,0.834
2022-02-13 09:00,0.883
2022-02-13 10:00,0.908
2022-02-13 11:00,0.894
2022-02-13 12:00,0.899
2022-02-13 13:00,0.893
2022-02-13 14:00,0.889
2022-02-13 15:00,0.863
2022-02-13 16:00,0.797
2022-02-13 17:00,0.750
2022-02-13 18:00,0.664
2022-02-13 19:00,0.594
2022-02-13 20:00,0.526
2022-02-13 21:00,0.510
2022-02-13 22:00,0.546
2022-02-13 23:00,0.523
2022-02-14 00:00,0.516
2022-02-14 01:00,0.540
2022-02-14 02:00,0.543
2022-02-14 03:00,0.595
2022-02-14 04:00,0.640
2022-02-14 05:00,0.675
2022-02-14 06:00,0.669
2022-02-14 07:00,0.655
2022-02-14 08:00,0.630
2022-02-14 09:00,0.599
2022-02-14 10:00,0.562
2022-02-14 11:00,0.516
2022-02-14 12:00,0.486
2022-02-14 13:00,0.482
2022-02-14 14:00,0.502
2022-02-14 15:00,0.585
2022-02-14 16:00,0.650
2022-02-14 17:00,0.692
2022-02-14 18:00,0.692
2022-02-14 19:00,0.711
2022-02-14 20:00,0.713
2022-02-14 21:00,0.699
2022-02-14 22:00,0.645
2022-02-14 23:00,0.623
2022-02-15 00:00,0.602
2022-02-15 01:00,0.569
2022-02-15 02:00,0.546
2022-02-15 03:00,0.531
2022-02-15 04:00,0.560
2022-02-15 05:00,0.637
2022-02-15 06:00,0.759
2022-02-15 07:00,0.786
2022-02-15 08:00,0.826
2022-02-15 09:00,0.879
2022-02-15 10:00,0.791
2022-02-15 11:00,0.740
2022-02-15 12:00,0.795
2022-02-15 13:00,0.811
2022-02-15 14:00,0.754
2022-02-15 15:00,0.648
2022-02-15 16:00,0.592
2022-02-15 17:00,0.523
2022-02-15 18:00,0.476
2022-02-15 19:00,0.479
2022-02-15 20:00,0.491
2022-02-15 21:00,0.497
2022-02-15 22:00,0.484
2022-02-15 23:00,0.496
2022-02-16 00:00,0.591
2022-02-16 01:00,0.756
2022-02-16 02:00,0.976
2022-02-16 03:00,0.988
2022-02-16 04:00,0.991
2022-02-16 05:00,0.992
2022-02-16 06:00,0.991
2022-02-16 07:00,0.988
2022-02-16 08:00,0.977
2022-02-16 09:00,0.961
2022-02-16 10:00,0.946
2022-02-16 11:00,0.944
2022-02-16 12:00,0.956
2022-02-16 13:00,0.989
2022-02-16 14:00,0.993
2022-02-16 15:00,0.993
2022-02-16 16:00,0.992
2022-02-16 17:00,0.991
2022-02-16 18:00,0.992
2022-02-16 19:00,0.993
2022-02-16 20:00,0.993
2022-02-16 21:00,0.989
2022-02-16 22:00,0.993
2022-02-16 23:00,0.991
2022-02-17 00:00,0.985
2022-02-17 01:00,0.984
2022-02-17 02:00,0.983
2022-02-17 03:00,0.981
2022-02-17 04:00,0.976
2022-02-17 05:00,0.969
2022-02-17 06:00,0.960
2022-02-17 07:00,0.950
2022-02-17 08:00,0.941
2022-02-17 09:00,0.933
2022-02-17 10:00,0.924
2022-02-17 11:00,0.910
2022-02-17 12:00,0.903
2022-02-17 13:00,0.884
2022-02-17 14:00,0.836
2022-02-17 15:00,0.761
2022-02-17 16:00,0.664
2022-02-17 17:00,0.559
2022-02-17 18:00,0.472
2022-02-17 19:00,0.493
2022-02-17 20:00,0.491
2022-02-17 21:00,0.437
2022-02-17 22:00,0.387
2022-02-17 23:00,0.321
2022-02-18 00:00,0.265
2022-02-18 01:00,0.254
2022-02-18 02:00,0.398
2022-02-18 03:00,0.556
2022-02-18 04:00,0.684
2022-02-18 05:00,0.747
2022-02-18 06:00,0.827
2022-02-18 07:00,0.887
2022-02-18 08:00,0.917
2022-02-18 09:00,0.946
2022-02-18 10:00,0.968
2022-02-18 11:00,0.970
2022-02-18 12:00,0.965
2022-02-18 13:00,0.979
2022-02-18 14:00,0.992
2022-02-18 15:00,0.979
2022-02-18 16:00,0.955
2022-02-18 17:00,0.973
2022-02-18 18:00,0.992
2022-02-18 19:00,0.990
2022-02-18 20:00,0.978
2022-02-18 21:00,0.970
2022-02-18 22:00,0.968
2022-02-18 23:00,0.962
2022-02-19 00:00,0.949
2022-02-19 01:00,0.936
2022-02-19 02:00,0.925
2022-02-19 03:00,0.917
2022-02-19 04:00,0.903
2022-02-19 05:00,0.873
2022-02-19 06:00,0.804
2022-02-19 07:00,0.751
2022-02-19 08:00,0.610
2022-02-19 09:00,0.410
2022-02-19 10:00,0.311
2022-02-19 11:00,0.268
2022-02-19 12:00,0.232
2022-02-19 13:00,0.102
2022-02-19 14:00,0.123
2022-02-19 15:00,0.218
2022-02-19 16:00,0.198
2022-02-19 17:00,0.151
2022-02-19 18:00,0.165
2022-02-19 19:00,0.232
2022-02-19 20:00,0.262
2022-02-19 21:00,0.304
2022-02-19 22:00,0.387
2022-02-19 23:00,0.502
2022-02-20 00:00,0.628
2022-02-20 01:00,0.793
2022-02-20 02:00,0.894
2022-02-20 03:00,0.939
2022-02-20 04:00,0.957
2022-02-20 05:00,0.960
2022-02-20 06:00,0.961
2022-02-20 07:00,0.973
2022-02-20 08:00,0.965
2022-02-20 09:00,0.960
2022-02-20 10:00,0.966
2022-02-20 11:00,0.984
2022-02-20 12:00,0.987
2022-02-20 13:00,0.989
2022-02-20 14:00,0.992
2022-02-20 15:00,0.989
2022-02-20 16:00,0.986
2022-02-20 17:00,0.983
2022-02-20 18:00,0.989
2022-02-20 19:00,0.989
2022-02-20 20:00,0.989
2022-02-20 21:00,0.988
2022-02-20 22:00,0.985
2022-02-20 23:00,0.987
2022-02-21 00:00,0.990
2022-02-21 01:00,0.990
2022-02-21 02:00,0.993
2022-02-21 03:00,0.987
2022-02-21 04:00,0.979
2022-02-21 05:00,0.955
2022-02-21 06:00,0.932
2022-02-21 07:00,0.964
2022-02-21 08:00,0.983
2022-02-21 09:00,0.993
2022-02-21 10:00,0.991
2022-02-21 11:00,0.986
2022-02-21 12:00,0.981
2022-02-21 13:00,0.970
2022-02-21 14:00,0.947
2022-02-21 15:00,0.910
2022-02-21 16:00,0.864
2022-02-21 17:00,0.792
2022-02-21 18:00,0.721
2022-02-21 19:00,0.643
2022-02-21 20:00,0.573
2022-02-21 21:00,0.520
2022-02-21 22:00,0.471
2022-02-21 23:00,0.465
2022-02-22 00:00,0.478
2022-02-22 01:00,0.476
2022-02-22 02:00,0.489
2022-02-22 03:00,0.643
2022-02-22 04:00,0.739
2022-02-22 05:00,0.746
2022-02-22 06:00,0.811
2022-02-22 07:00,0.868
2022-02-22 08:00,0.961
2022-02-22 09:00,0.970
2022-02-22 10:00,0.969
2022-02-22 11:00,0.951
2022-02-22 12:00,0.943
2022-02-22 13:00,0.953
2022-02-22 14:00,0.942
2022-02-22 15:00,0.909
2022-02-22 16:00,0.879
2022-02-22 17:00,0.875
2022-02-22 18:00,0.862
2022-02-22 19:00,0.841
2022-02-22 20:00,0.793
2022-02-22 21:00,0.714
2022-02-22 22:00,0.682
2022-02-22 23:00,0.727
2022-02-23 00:00,0.725
2022-02-23 01:00,0.697
2022-02-23 02:00,0.651
2022-02-23 03:00,0.628
2022-02-23 04:00,0.645
2022-02-23 05:00,0.694
2022-02-23 06:00,0.728
2022-02-23 07:00,0.740
2022-02-23 08:00,0.764
2022-02-23 09:00,0.818
2022-02-23 10:00,0.894
2022-02-23 11:00,0.936
2022-02-23 12:00,0.954
2022-02-23 13:00,0.958
2022-02-23 14:00,0.955
2022-02-23 15:00,0.952
2022-02-23 16:00,0.955
2022-02-23 17:00,0.959
2022-02-23 18:00,0.956
2022-02-23 19:00,0.943
2022-02-23 20:00,0.910
2022-02-23 21:00,0.849
2022-02-23 22:00,0.774
2022-02-23 23:00,0.702
2022-02-24 00:00,0.664
2022-02-24 01:00,0.652
2022-02-24 02:00,0.652
2022-02-24 03:00,0.572
2022-02-24 04:00,0.479
2022-02-24 05:00,0.454
2022-02-24 06:00,0.453
2022-02-24 07:00,0.479
2022-02-24 08:00,0.573
2022-02-24 09:00,0.705
2022-02-24 10:00,0.869
2022-02-24 11:00,0.917
2022-02-24 12:00,0.935
2022-02-24 13:00,0.936
2022-02-24 14:00,0.928
2022-02-24 15:00,0.906
2022-02-24 16:00,0.881
2022-02-24 17:00,0.872
2022-02-24 18:00,0.893
2022-02-24 19:00,0.916
2022-02-24 20:00,0.935
2022-02-24 21:00,0.947
2022-02-24 22:00,0.949
2022-02-24 23:00,0.935
2022-02-25 00:00,0.918
2022-02-25 01:00,0.906
2022-02-25 02:00,0.904
2022-02-25 03:00,0.907
2022-02-25 04:00,0.905
2022-02-25 05:00,0.891
2022-02-25 06:00,0.862
2022-02-25 07:00,0.784
2022-02-25 08:00,0.690
2022-02-25 09:00,0.704
2022-02-25 10:00,0.692
2022-02-25 11:00,0.606
2022-02-25 12:00,0.477
2022-02-25 13:00,0.374
2022-02-25 14:00,0.320
2022-02-25 15:00,0.287
2022-02-25 16:00,0.242
2022-02-25 17:00,0.207
2022-02-25 18:00,0.184
2022-02-25 19:00,0.217
2022-02-25 20:00,0.304
2022-02-25 21:00,0.408
2022-02-25 22:00,0.474
2022-02-25 23:00,0.505
2022-02-26 00:00,0.533
2022-02-26 01:00,0.539
2022-02-26 02:00,0.516
2022-02-26 03:00,0.477
2022-02-26 04:00,0.450
2022-02-26 05:00,0.426
2022-02-26 06:00,0.420
2022-02-26 07:00,0.395
2022-02-26 08:00,0.349
2022-02-26 09:00,0.431
2022-02-26 10:00,0.591
2022-02-26 11:00,0.732
2022-02-26 12:00,0.781
2022-02-26 13:00,0.806
2022-02-26 14:00,0.813
2022-02-26 15:00,0.779
2022-02-26 16:00,0.761
2022-02-26 17:00,0.759
2022-02-26 18:00,0.689
2022-02-26 19:00,0.684
2022-02-26 20:00,0.700
2022-02-26 21:00,0.697
2022-02-26 22:00,0.694
2022-02-26 23:00,0.686
2022-02-27 00:00,0.667
2022-02-27 01:00,0.643
2022-02-27 02:00,0.616
2022-02-27 03:00,0.574
2022-02-27 04:00,0.520
2022-02-27 05:00,0.483
2022-02-27 06:00,0.524
2022-02-27 07:00,0.491
2022-02-27 08:00,0.510
2022-02-27 09:00,0.609
2022-02-27 10:00,0.643
2022-02-27 11:00,0.640
2022-02-27 12:00,0.681
2022-02-27 13:00,0.731
2022-02-27 14:00,0.753
2022-02-27 15:00,0.733
2022-02-27 16:00,0.730
2022-02-27 17:00,0.746
2022-02-27 18:00,0.711
2022-02-27 19:00,0.700
2022-02-27 20:00,0.679
2022-02-27 21:00,0.644
2022-02-27 22:00,0.629
2022-02-27 23:00,0.619
2022-02-28 00:00,0.561
2022-02-28 01:00,0.600
2022-02-28 02:00,0.572
2022-02-28 03:00,0.510
2022-02-28 04:00,0.525
2022-02-28 05:00,0.525
2022-02-28 06:00,0.527
2022-02-28 07:00,0.536
2022-02-28 08:00,0.546
2022-02-28 09:00,0.559
2022-02-28 10:00,0.582
2022-02-28 11:00,0.673
2022-02-28 12:00,0.730
2022-02-28 13:00,0.703
2022-02-28 14:00,0.636
2022-02-28 15:00,0.569
2022-02-28 16:00,0.465
2022-02-28 17:00,0.351
2022-02-28 18:00,0.275
2022-02-28 19:00,0.279
2022-02-28 20:00,0.268
2022-02-28 21:00,0.257
2022-02-28 22:00,0.257
2022-02-28 23:00,0.254
2022-03-01 00:00,0.272
2022-03-01 01:00,0.296
2022-03-01 02:00,0.307
2022-03-01 03:00,0.296
2022-03-01 04:00,0.279
2022-03-01 05:00,0.265
2022-03-01 06:00,0.253
2022-03-01 07:00,0.243
2022-03-01 08:00,0.160
2022-03-01 09:00,0.151
2022-03-01 10:00,0.257
2022-03-01 11:00,0.271
2022-03-01 12:00,0.279
2022-03-01 13:00,0.286
2022-03-01 14:00,0.311
2022-03-01 15:00,0.348
2022-03-01 16:00,0.441
2022-03-01 17:00,0.528
2022-03-01 18:00,0.523
2022-03-01 19:00,0.498
2022-03-01 20:00,0.473
2022-03-01 21:00,0.453
2022-03-01 22:00,0.444
2022-03-01 23:00,0.472
2022-03-02 00:00,0.497
2022-03-02 01:00,0.549
2022-03-02 02:00,0.583
2022-03-02 03:00,0.572
2022-03-02 04:00,0.608
2022-03-02 05:00,0.596
2022-03-02 06:00,0.585
2022-03-02 07:00,0.574
2022-03-02 08:00,0.572
2022-03-02 09:00,0.591
2022-03-02 10:00,0.609
2022-03-02 11:00,0.620
2022-03-02 12:00,0.630
2022-03-02 13:00,0.625
2022-03-02 14:00,0.596
2022-03-02 15:00,0.590
2022-03-02 16:00,0.598
2022-03-02 17:00,0.611
2022-03-02 18:00,0.620
2022-03-02 19:00,0.629
2022-03-02 20:00,0.625
2022-03-02 21:00,0.604
2022-03-02 22:00,0.548
2022-03-02 23:00,0.518
2022-03-03 00:00,0.483
2022-03-03 01:00,0.428
2022-03-03 02:00,0.382
2022-03-03 03:00,0.348
2022-03-03 04:00,0.333
2022-03-03 05:00,0.323
2022-03-03 06:00,0.326
2022-03-03 07:00,0.306
2022-03-03 08:00,0.274
2022-03-03 09:00,0.261
2022-03-03 10:00,0.257
2022-03-03 11:00,0.257
2022-03-03 12:00,0.235
2022-03-03 13:00,0.196
2022-03-03 14:00,0.159
2022-03-03 15:00,0.106
2022-03-03 16:00,0.063
2022-03-03 17:00,0.059
2022-03-03 18:00,0.092
2022-03-03 19:00,0.097
2022-03-03 20:00,0.079
2022-03-03 21:00,0.055
2022-03-03 22:00,0.040
2022-03-03 23:00,0.040
2022-03-04 00:00,0.046
2022-03-04 01:00,0.052
2022-03-04 02:00,0.075
2022-03-04 03:00,0.099
2022-03-04 04:00,0.135
2022-03-04 05:00,0.178
2022-03-04 06:00,0.203
2022-03-04 07:00,0.207
2022-03-04 08:00,0.227
2022-03-04 09:00,0.235
2022-03-04 10:00,0.248
2022-03-04 11:00,0.287
2022-03-04 12:00,0.313
2022-03-04 13:00,0.317
2022-03-04 14:00,0.302
2022-03-04 15:00,0.248
2022-03-04 16:00,0.205
2022-03-04 17:00,0.238
2022-03-04 18:00,0.288
2022-03-04 19:00,0.335
2022-03-04 20:00,0.374
2022-03-04 21:00,0.439
2022-03-04 22:00,0.493
2022-03-04 23:00,0.499
2022-03-05 00:00,0.490
2022-03-05 01:00,0.493
2022-03-05 02:00,0.493
2022-03-05 03:00,0.451
2022-03-05 04:00,0.421
2022-03-05 05:00,0.420
2022-03-05 06:00,0.536
2022-03-05 07:00,0.597
2022-03-05 08:00,0.609
2022-03-05 09:00,0.730
2022-03-05 10:00,0.805
2022-03-05 11:00,0.826
2022-03-05 12:00,0.838
2022-03-05 13:00,0.851
2022-03-05 14:00,0.861
2022-03-05 15:00,0.851
2022-03-05 16:00,0.818
2022-03-05 17:00,0.768
2022-03-05 18:00,0.697
2022-03-05 19:00,0.606
2022-03-05 20:00,0.556
2022-03-05 21:00,0.557
2022-03-05 22:00,0.507
2022-03-05 23:00,0.477
2022-03-06 00:00,0.439
2022-03-06 01:00,0.410
2022-03-06 02:00,0.430
2022-03-06 03:00,0.413
2022-03-06 04:00,0.403
2022-03-06 05:00,0.394
2022-03-06 06:00,0.410
2022-03-06 07:00,0.370
2022-03-06 08:00,0.249
2022-03-06 09:00,0.352
2022-03-06 10:00,0.345
2022-03-06 11:00,0.311
2022-03-06 12:00,0.278
2022-03-06 13:00,0.255
2022-03-06 14:00,0.254
2022-03-06 15:00,0.263
2022-03-06 16:00,0.290
2022-03-06 17:00,0.369
2022-03-06 18:00,0.393
2022-03-06 19:00,0.353
2022-03-06 20:00,0.299
2022-03-06 21:00,0.254
2022-03-06 22:00,0.209
2022-03-06 23:00,0.163
2022-03-07 00:00,0.128
2022-03-07 01:00,0.102
2022-03-07 02:00,0.087
2022-03-07 03:00,0.086
2022-03-07 04:00,0.094
2022-03-07 05:00,0.108
2022-03-07 06:00,0.130
2022-03-07 07:00,0.149
2022-03-07 08:00,0.135
2022-03-07 09:00,0.232
2022-03-07 10:00,0.260
2022-03-07 11:00,0.288
2022-03-07 12:00,0.327
2022-03-07 13:00,0.378
2022-03-07 14:00,0.439
2022-03-07 15:00,0.484
2022-03-07 16:00,0.477
2022-03-07 17:00,0.546
2022-03-07 18:00,0.630
2022-03-07 19:00,0.670
2022-03-07 20:00,0.643
2022-03-07 21:00,0.566
2022-03-07 22:00,0.574
2022-03-07 23:00,0.565
2022-03-08 00:00,0.523
2022-03-08 01:00,0.494
2022-03-08 02:00,0.510
2022-03-08 03:00,0.490
2022-03-08 04:00,0.462
2022-03-08 05:00,0.450
2022-03-08 06:00,0.508
2022-03-08 07:00,0.486
2022-03-08 08:00,0.523
2022-03-08 09:00,0.686
2022-03-08 10:00,0.753
2022-03-08 11:00,0.789
2022-03-08 12:00,0.801
2022-03-08 13:00,0.813
2022-03-08 14:00,0.817
2022-03-08 15:00,0.825
2022-03-08 16:00,0.843
2022-03-08 17:00,0.862
2022-03-08 18:00,0.841
2022-03-08 19:00,0.775
2022-03-08 20:00,0.669
2022-03-08 21:00,0.625
2022-03-08 22:00,0.588
2022-03-08 23:00,0.542
2022-03-09 00:00,0.469
2022-03-09 01:00,0.488
2022-03-09 02:00,0.460
2022-03-09 03:00,0.555
2022-03-09 04:00,0.629
2022-03-09 05:00,0.689
2022-03-09 06:00,0.746
2022-03-09 07:00,0.769
2022-03-09 08:00,0.777
2022-03-09 09:00,0.829
2022-03-09 10:00,0.862
2022-03-09 11:00,0.872
2022-03-09 12:00,0.872
2022-03-09 13:00,0.864
2022-03-09 14:00,0.847
2022-03-09 15:00,0.812
2022-03-09 16:00,0.778
2022-03-09 17:00,0.775
2022-03-09 18:00,0.731
2022-03-09 19:00,0.664
2022-03-09 20:00,0.635
2022-03-09 21:00,0.601
2022-03-09 22:00,0.600
2022-03-09 23:00,0.537
2022-03-10 00:00,0.536
2022-03-10 01:00,0.516
2022-03-10 02:00,0.479
2022-03-10 03:00,0.466
2022-03-10 04:00,0.466
2022-03-10 05:00,0.539
2022-03-10 06:00,0.488
2022-03-10 07:00,0.524
2022-03-10 08:00,0.533
2022-03-10 09:00,0.650
2022-03-10 10:00,0.779
2022-03-10 11:00,0.838
2022-03-10 12:00,0.856
2022-03-10 13:00,0.848
2022-03-10 14:00,0.806
2022-03-10 15:00,0.714
2022-03-10 16:00,0.641
2022-03-10 17:00,0.632
2022-03-10 18:00,0.648
2022-03-10 19:00,0.645
2022-03-10 20:00,0.625
2022-03-10 21:00,0.585
2022-03-10 22:00,0.557
2022-03-10 23:00,0.532
2022-03-11 00:00,0.520
2022-03-11 01:00,0.596
2022-03-11 02:00,0.636
2022-03-11 03:00,0.654
2022-03-11 04:00,0.616
2022-03-11 05:00,0.597
2022-03-11 06:00,0.542
2022-03-11 07:00,0.584
2022-03-11 08:00,0.614
2022-03-11 09:00,0.710
2022-03-11 10:00,0.795
2022-03-11 11:00,0.871
2022-03-11 12:00,0.914
2022-03-11 13:00,0.934
2022-03-11 14:00,0.943
2022-03-11 15:00,0.923
2022-03-11 16:00,0.887
2022-03-11 17:00,0.852
2022-03-11 18:00,0.815
2022-03-11 19:00,0.776
2022-03-11 20:00,0.677
2022-03-11 21:00,0.596
2022-03-11 22:00,0.577
2022-03-11 23:00,0.521
2022-03-12 00:00,0.466
2022-03-12 01:00,0.429
2022-03-12 02:00,0.476
2022-03-12 03:00,0.546
2022-03-12 04:00,0.651
2022-03-12 05:00,0.663
2022-03-12 06:00,0.686
2022-03-12 07:00,0.692
2022-03-12 08:00,0.703
2022-03-12 09:00,0.730
2022-03-12 10:00,0.752
2022-03-12 11:00,0.768
2022-03-12 12:00,0.769
2022-03-12 13:00,0.748
2022-03-12 14:00,0.722
2022-03-12 15:00,0.694
2022-03-12 16:00,0.637
2022-03-12 17:00,0.658
2022-03-12 18:00,0.713
2022-03-12 19:00,0.698
2022-03-12 20:00,0.665
2022-03-12 21:00,0.712
2022-03-12 22:00,0.762
2022-03-12 23:00,0.725
2022-03-13 00:00,0.713
2022-03-13 01:00,0.674
2022-03-13 02:00,0.660
2022-03-13 03:00,0.650
2022-03-13 04:00,0.647
2022-03-13 05:00,0.664
2022-03-13 06:00,0.726
2022-03-13 07:00,0.760
2022-03-13 08:00,0.761
2022-03-13 09:00,0.816
2022-03-13 10:00,0.858
2022-03-13 11:00,0.862
2022-03-13 12:00,0.841
2022-03-13 13:00,0.801
2022-03-13 14:00,0.757
2022-03-13 15:00,0.686
2022-03-13 16:00,0.617
2022-03-13 17:00,0.562
2022-03-13 18:00,0.466
2022-03-13 19:00,0.413
2022-03-13 20:00,0.367
2022-03-13 21:00,0.342
2022-03-13 22:00,0.329
2022-03-13 23:00,0.300
2022-03-14 00:00,0.264
2022-03-14 01:00,0.257
2022-03-14 02:00,0.260
2022-03-14 03:00,0.257
2022-03-14 04:00,0.258
2022-03-14 05:00,0.241
2022-03-14 06:00,0.241
2022-03-14 07:00,0.246
2022-03-14 08:00,0.277
2022-03-14 09:00,0.394
2022-03-14 10:00,0.486
2022-03-14 11:00,0.559
2022-03-14 12:00,0.612
2022-03-14 13:00,0.641
2022-03-14 14:00,0.646
2022-03-14 15:00,0.631
2022-03-14 16:00,0.572
2022-03-14 17:00,0.521
2022-03-14 18:00,0.463
2022-03-14 19:00,0.402
2022-03-14 20:00,0.368
2022-03-14 21:00,0.365
2022-03-14 22:00,0.333
2022-03-14 23:00,0.288
2022-03-15 00:00,0.265
2022-03-15 01:00,0.240
2022-03-15 02:00,0.208
2022-03-15 03:00,0.164
2022-03-15 04:00,0.133
2022-03-15 05:00,0.136
2022-03-15 06:00,0.189
2022-03-15 07:00,0.220
2022-03-15 08:00,0.157
2022-03-15 09:00,0.142
2022-03-15 10:00,0.297
2022-03-15 11:00,0.349
2022-03-15 12:00,0.400
2022-03-15 13:00,0.456
2022-03-15 14:00,0.483
2022-03-15 15:00,0.439
2022-03-15 16:00,0.382
2022-03-15 17:00,0.413
2022-03-15 18:00,0.483
2022-03-15 19:00,0.517
2022-03-15 20:00,0.516
2022-03-15 21:00,0.492
2022-03-15 22:00,0.449
2022-03-15 23:00,0.405
2022-03-16 00:00,0.370
2022-03-16 01:00,0.338
2022-03-16 02:00,0.291
2022-03-16 03:00,0.238
2022-03-16 04:00,0.178
2022-03-16 05:00,0.124
2022-03-16 06:00,0.093
2022-03-16 07:00,0.067
2022-03-16 08:00,0.051
2022-03-16 09:00,0.067
2022-03-16 10:00,0.078
2022-03-16 11:00,0.080
2022-03-16 12:00,0.061
2022-03-16 13:00,0.044
2022-03-16 14:00,0.060
2022-03-16 15:00,0.137
2022-03-16 16:00,0.253
2022-03-16 17:00,0.382
2022-03-16 18:00,0.497
2022-03-16 19:00,0.546
2022-03-16 20:00,0.587
2022-03-16 21:00,0.606
2022-03-16 22:00,0.616
2022-03-16 23:00,0.579
2022-03-17 00:00,0.533
2022-03-17 01:00,0.513
2022-03-17 02:00,0.463
2022-03-17 03:00,0.418
2022-03-17 04:00,0.405
2022-03-17 05:00,0.356
2022-03-17 06:00,0.338
2022-03-17 07:00,0.365
2022-03-17 08:00,0.438
2022-03-17 09:00,0.626
2022-03-17 10:00,0.732
2022-03-17 11:00,0.783
2022-03-17 12:00,0.823
2022-03-17 13:00,0.819
2022-03-17 14:00,0.793
2022-03-17 15:00,0.768
2022-03-17 16:00,0.742
2022-03-17 17:00,0.696
2022-03-17 18:00,0.616
2022-03-17 19:00,0.508
2022-03-17 20:00,0.377
2022-03-17 21:00,0.270
2022-03-17 22:00,0.238
2022-03-17 23:00,0.185
2022-03-18 00:00,0.130
2022-03-18 01:00,0.074
2022-03-18 02:00,0.035
2022-03-18 03:00,0.015
2022-03-18 04:00,0.010
2022-03-18 05:00,0.012
2022-03-18 06:00,0.021
2022-03-18 07:00,0.062
2022-03-18 08:00,0.099
2022-03-18 09:00,0.155
2022-03-18 10:00,0.162
2022-03-18 11:00,0.158
2022-03-18 12:00,0.169
2022-03-18 13:00,0.191
2022-03-18 14:00,0.214
2022-03-18 15:00,0.240
2022-03-18 16:00,0.285
2022-03-18 17:00,0.416
2022-03-18 18:00,0.559
2022-03-18 19:00,0.587
2022-03-18 20:00,0.545
2022-03-18 21:00,0.502
2022-03-18 22:00,0.479
2022-03-18 23:00,0.476
2022-03-19 00:00,0.470
2022-03-19 01:00,0.418
2022-03-19 02:00,0.362
2022-03-19 03:00,0.335
2022-03-19 04:00,0.330
2022-03-19 05:00,0.342
2022-03-19 06:00,0.358
2022-03-19 07:00,0.412
2022-03-19 08:00,0.452
2022-03-19 09:00,0.606
2022-03-19 10:00,0.709
2022-03-19 11:00,0.759
2022-03-19 12:00,0.785
2022-03-19 13:00,0.801
2022-03-19 14:00,0.815
2022-03-19 15:00,0.815
2022-03-19 16:00,0.795
2022-03-19 17:00,0.781
2022-03-19 18:00,0.765
2022-03-19 19:00,0.758
2022-03-19 20:00,0.762
2022-03-19 21:00,0.768
2022-03-19 22:00,0.758
2022-03-19 23:00,0.719
2022-03-20 00:00,0.663
2022-03-20 01:00,0.645
2022-03-20 02:00,0.574
2022-03-20 03:00,0.492
2022-03-20 04:00,0.417
2022-03-20 05:00,0.350
2022-03-20 06:00,0.279
2022-03-20 07:00,0.235
2022-03-20 08:00,0.358
2022-03-20 09:00,0.439
2022-03-20 10:00,0.482
2022-03-20 11:00,0.460
2022-03-20 12:00,0.400
2022-03-20 13:00,0.331
2022-03-20 14:00,0.263
2022-03-20 15:00,0.204
2022-03-20 16:00,0.169
2022-03-20 17:00,0.209
2022-03-20 18:00,0.269
2022-03-20 19:00,0.254
2022-03-20 20:00,0.197
2022-03-20 21:00,0.140
2022-03-20 22:00,0.085
2022-03-20 23:00,0.042
2022-03-21 00:00,0.025
2022-03-21 01:00,0.032
2022-03-21 02:00,0.055
2022-03-21 03:00,0.084
2022-03-21 04:00,0.113
2022-03-21 05:00,0.128
2022-03-21 06:00,0.115
2022-03-21 07:00,0.075
2022-03-21 08:00,0.050
2022-03-21 09:00,0.080
2022-03-21 10:00,0.133
2022-03-21 11:00,0.122
2022-03-21 12:00,0.114
2022-03-21 13:00,0.113
2022-03-21 14:00,0.121
2022-03-21 15:00,0.129
2022-03-21 16:00,0.124
2022-03-21 17:00,0.159
2022-03-21 18:00,0.227
2022-03-21 19:00,0.322
2022-03-21 20:00,0.410
2022-03-21 21:00,0.447
2022-03-21 22:00,0.448
2022-03-21 23:00,0.436
2022-03-22 00:00,0.397
2022-03-22 01:00,0.387
2022-03-22 02:00,0.352
2022-03-22 03:00,0.292
2022-03-22 04:00,0.270
2022-03-22 05:00,0.274
2022-03-22 06:00,0.279
2022-03-22 07:00,0.205
2022-03-22 08:00,0.140
2022-03-22 09:00,0.177
2022-03-22 10:00,0.363
2022-03-22 11:00,0.450
2022-03-22 12:00,0.451
2022-03-22 13:00,0.433
2022-03-22 14:00,0.412
2022-03-22 15:00,0.377
2022-03-22 16:00,0.360
2022-03-22 17:00,0.436
2022-03-22 18:00,0.497
2022-03-22 19:00,0.462
2022-03-22 20:00,0.410
2022-03-22 21:00,0.361
2022-03-22 22:00,0.295
2022-03-22 23:00,0.232
2022-03-23 00:00,0.177
2022-03-23 01:00,0.123
2022-03-23 02:00,0.082
2022-03-23 03:00,0.058
2022-03-23 04:00,0.051
2022-03-23 05:00,0.059
2022-03-23 06:00,0.072
2022-03-23 07:00,0.072
2022-03-23 08:00,0.055
2022-03-23 09:00,0.055
2022-03-23 10:00,0.072
2022-03-23 11:00,0.112
2022-03-23 12:00,0.143
2022-03-23 13:00,0.137
2022-03-23 14:00,0.122
2022-03-23 15:00,0.102
2022-03-23 16:00,0.087
2022-03-23 17:00,0.084
2022-03-23 18:00,0.091
2022-03-23 19:00,0.108
2022-03-23 20:00,0.120
2022-03-23 21:00,0.119
2022-03-23 22:00,0.105
2022-03-23 23:00,0.085
2022-03-24 00:00,0.063
2022-03-24 01:00,0.043
2022-03-24 02:00,0.027
2022-03-24 03:00,0.018
2022-03-24 04:00,0.012
2022-03-24 05:00,0.008
2022-03-24 06:00,0.006
2022-03-24 07:00,0.005
2022-03-24 08:00,0.005
2022-03-24 09:00,0.004
2022-03-24 10:00,0.008
2022-03-24 11:00,0.010
2022-03-24 12:00,0.011
2022-03-24 13:00,0.011
2022-03-24 14:00,0.011
2022-03-24 15:00,0.010
2022-03-24 16:00,0.010
2022-03-24 17:00,0.015
2022-03-24 18:00,0.025
2022-03-24 19:00,0.035
2022-03-24 20:00,0.046
2022-03-24 21:00,0.059
2022-03-24 22:00,0.077
2022-03-24 23:00,0.095
2022-03-25 00:00,0.094
2022-03-25 01:00,0.079
2022-03-25 02:00,0.065
2022-03-25 03:00,0.055
2022-03-25 04:00,0.047
2022-03-25 05:00,0.040
2022-03-25 06:00,0.029
2022-03-25 07:00,0.020
2022-03-25 08:00,0.011
2022-03-25 09:00,0.010
2022-03-25 10:00,0.025
2022-03-25 11:00,0.031
2022-03-25 12:00,0.029
2022-03-25 13:00,0.027
2022-03-25 14:00,0.027
2022-03-25 15:00,0.028
2022-03-25 16:00,0.030
2022-03-25 17:00,0.036
2022-03-25 18:00,0.046
2022-03-25 19:00,0.058
2022-03-25 20:00,0.062
2022-03-25 21:00,0.055
2022-03-25 22:00,0.040
2022-03-25 23:00,0.028
2022-03-26 00:00,0.022
2022-03-26 01:00,0.019
2022-03-26 02:00,0.017
2022-03-26 03:00,0.018
2022-03-26 04:00,0.027
2022-03-26 05:00,0.043
2022-03-26 06:00,0.062
2022-03-26 07:00,0.070
2022-03-26 08:00,0.046
2022-03-26 09:00,0.052
2022-03-26 10:00,0.075
2022-03-26 11:00,0.089
2022-03-26 12:00,0.109
2022-03-26 13:00,0.137
2022-03-26 14:00,0.174
2022-03-26 15:00,0.214
2022-03-26 16:00,0.254
2022-03-26 17:00,0.352
2022-03-26 18:00,0.452
2022-03-26 19:00,0.456
2022-03-26 20:00,0.408
2022-03-26 21:00,0.361
2022-03-26 22:00,0.321
2022-03-26 23:00,0.276
2022-03-27 00:00,0.229
2022-03-27 01:00,0.185
2022-03-27 02:00,0.164
2022-03-27 03:00,0.146
2022-03-27 04:00,0.132
2022-03-27 05:00,0.124
2022-03-27 06:00,0.116
2022-03-27 07:00,0.090
2022-03-27 08:00,0.122
2022-03-27 09:00,0.146
2022-03-27 10:00,0.160
2022-03-27 11:00,0.171
2022-03-27 12:00,0.178
2022-03-27 13:00,0.177
2022-03-27 14:00,0.167
2022-03-27 15:00,0.156
2022-03-27 16:00,0.153
2022-03-27 17:00,0.182
2022-03-27 18:00,0.245
2022-03-27 19:00,0.261
2022-03-27 20:00,0.237
2022-03-27 21:00,0.197
2022-03-27 22:00,0.155
2022-03-27 23:00,0.113
2022-03-28 00:00,0.081
2022-03-28 01:00,0.060
2022-03-28 02:00,0.047
2022-03-28 03:00,0.047
2022-03-28 04:00,0.050
2022-03-28 05:00,0.051
2022-03-28 06:00,0.046
2022-03-28 07:00,0.030
2022-03-28 08:00,0.021
2022-03-28 09:00,0.013
2022-03-28 10:00,0.010
2022-03-28 11:00,0.011
2022-03-28 12:00,0.013
2022-03-28 13:00,0.014
2022-03-28 14:00,0.013
2022-03-28 15:00,0.011
2022-03-28 16:00,0.008
2022-03-28 17:00,0.019
2022-03-28 18:00,0.069
2022-03-28 19:00,0.136
2022-03-28 20:00,0.196
2022-03-28 21:00,0.227
2022-03-28 22:00,0.230
2022-03-28 23:00,0.195
2022-03-29 00:00,0.134
2022-03-29 01:00,0.085
2022-03-29 02:00,0.063
2022-03-29 03:00,0.058
2022-03-29 04:00,0.059
2022-03-29 05:00,0.059
2022-03-29 06:00,0.057
2022-03-29 07:00,0.055
2022-03-29 08:00,0.060
2022-03-29 09:00,0.064
2022-03-29 10:00,0.073
2022-03-29 11:00,0.085
2022-03-29 12:00,0.091
2022-03-29 13:00,0.094
2022-03-29 14:00,0.095
2022-03-29 15:00,0.092
2022-03-29 16:00,0.086
2022-03-29 17:00,0.094
2022-03-29 18:00,0.109
2022-03-29 19:00,0.106
2022-03-29 20:00,0.088
2022-03-29 21:00,0.064
2022-03-29 22:00,0.040
2022-03-29 23:00,0.023
2022-03-30 00:00,0.020
2022-03-30 01:00,0.019
2022-03-30 02:00,0.046
2022-03-30 03:00,0.083
2022-03-30 04:00,0.114
2022-03-30 05:00,0.150
2022-03-30 06:00,0.187
2022-03-30 07:00,0.243
2022-03-30 08:00,0.317
2022-03-30 09:00,0.391
2022-03-30 10:00,0.431
2022-03-30 11:00,0.434
2022-03-30 12:00,0.422
2022-03-30 13:00,0.442
2022-03-30 14:00,0.502
2022-03-30 15:00,0.569
2022-03-30 16:00,0.615
2022-03-30 17:00,0.556
2022-03-30 18:00,0.443
2022-03-30 19:00,0.436
2022-03-30 20:00,0.426
2022-03-30 21:00,0.416
2022-03-30 22:00,0.396
2022-03-30 23:00,0.407
2022-03-31 00:00,0.410
2022-03-31 01:00,0.406
2022-03-31 02:00,0.414
2022-03-31 03:00,0.442
2022-03-31 04:00,0.477
2022-03-31 05:00,0.489
2022-03-31 06:00,0.492
2022-03-31 07:00,0.516
2022-03-31 08:00,0.700
2022-03-31 09:00,0.757
2022-03-31 10:00,0.738
2022-03-31 11:00,0.713
2022-03-31 12:00,0.696
2022-03-31 13:00,0.686
2022-03-31 14:00,0.672
2022-03-31 15:00,0.653
2022-03-31 16:00,0.539
2022-03-31 17:00,0.409
2022-03-31 18:00,0.416
2022-03-31 19:00,0.439
2022-03-31 20:00,0.416
2022-03-31 21:00,0.439
2022-03-31 22:00,0.442
2022-03-31 23:00,0.414
2022-04-01 00:00,0.403
2022-04-01 01:00,0.401
2022-04-01 02:00,0.382
2022-04-01 03:00,0.357
2022-04-01 04:00,0.345
2022-04-01 05:00,0.338
2022-04-01 06:00,0.338
2022-04-01 07:00,0.318
2022-04-01 08:00,0.418
2022-04-01 09:00,0.420
2022-04-01 10:00,0.395
2022-04-01 11:00,0.373
2022-04-01 12:00,0.351
2022-04-01 13:00,0.323
2022-04-01 14:00,0.291
2022-04-01 15:00,0.260
2022-04-01 16:00,0.226
2022-04-01 17:00,0.165
2022-04-01 18:00,0.144
2022-04-01 19:00,0.114
2022-04-01 20:00,0.083
2022-04-01 21:00,0.061
2022-04-01 22:00,0.046
2022-04-01 23:00,0.034
2022-04-02 00:00,0.027
2022-04-02 01:00,0.023
2022-04-02 02:00,0.021
2022-04-02 03:00,0.020
2022-04-02 04:00,0.020
2022-04-02 05:00,0.023
2022-04-02 06:00,0.030
2022-04-02 07:00,0.029
2022-04-02 08:00,0.044
2022-04-02 09:00,0.064
2022-04-02 10:00,0.083
2022-04-02 11:00,0.099
2022-04-02 12:00,0.115
2022-04-02 13:00,0.127
2022-04-02 14:00,0.131
2022-04-02 15:00,0.131
2022-04-02 16:00,0.131
2022-04-02 17:00,0.140
2022-04-02 18:00,0.160
2022-04-02 19:00,0.141
2022-04-02 20:00,0.101
2022-04-02 21:00,0.060
2022-04-02 22:00,0.026
2022-04-02 23:00,0.011
2022-04-03 00:00,0.018
2022-04-03 01:00,0.062
2022-04-03 02:00,0.138
2022-04-03 03:00,0.232
2022-04-03 04:00,0.321
2022-04-03 05:00,0.393
2022-04-03 06:00,0.379
2022-04-03 07:00,0.263
2022-04-03 08:00,0.297
2022-04-03 09:00,0.307
2022-04-03 10:00,0.297
2022-04-03 11:00,0.319
2022-04-03 12:00,0.370
2022-04-03 13:00,0.448
2022-04-03 14:00,0.533
2022-04-03 15:00,0.599
2022-04-03 16:00,0.616
2022-04-03 17:00,0.576
2022-04-03 18:00,0.528
2022-04-03 19:00,0.552
2022-04-03 20:00,0.604
2022-04-03 21:00,0.672
2022-04-03 22:00,0.739
2022-04-03 23:00,0.781
2022-04-04 00:00,0.807
2022-04-04 01:00,0.833
2022-04-04 02:00,0.814
2022-04-04 03:00,0.797
2022-04-04 04:00,0.800
2022-04-04 05:00,0.789
2022-04-04 06:00,0.806
2022-04-04 07:00,0.781
2022-04-04 08:00,0.813
2022-04-04 09:00,0.863
2022-04-04 10:00,0.894
2022-04-04 11:00,0.901
2022-04-04 12:00,0.900
2022-04-04 13:00,0.900
2022-04-04 14:00,0.889
2022-04-04 15:00,0.878
2022-04-04 16:00,0.875
2022-04-04 17:00,0.892
2022-04-04 18:00,0.889
2022-04-04 19:00,0.873
2022-04-04 20:00,0.853
2022-04-04 21:00,0.840
2022-04-04 22:00,0.843
2022-04-04 23:00,0.843
2022-04-05 00:00,0.833
2022-04-05 01:00,0.823
2022-04-05 02:00,0.817
2022-04-05 03:00,0.805
2022-04-05 04:00,0.795
2022-04-05 05:00,0.792
2022-04-05 06:00,0.789
2022-04-05 07:00,0.807
2022-04-05 08:00,0.872
2022-04-05 09:00,0.908
2022-04-05 10:00,0.914
2022-04-05 11:00,0.916
2022-04-05 12:00,0.922
2022-04-05 13:00,0.927
2022-04-05 14:00,0.926
2022-04-05 15:00,0.909
2022-04-05 16:00,0.865
2022-04-05 17:00,0.808
2022-04-05 18:00,0.824
2022-04-05 19:00,0.848
2022-04-05 20:00,0.860
2022-04-05 21:00,0.864
2022-04-05 22:00,0.874
2022-04-05 23:00,0.883
2022-04-06 00:00,0.907
2022-04-06 01:00,0.908
2022-04-06 02:00,0.903
2022-04-06 03:00,0.883
2022-04-06 04:00,0.863
2022-04-06 05:00,0.843
2022-04-06 06:00,0.825
2022-04-06 07:00,0.824
2022-04-06 08:00,0.822
2022-04-06 09:00,0.833
2022-04-06 10:00,0.850
2022-04-06 11:00,0.858
2022-04-06 12:00,0.859
2022-04-06 13:00,0.855
2022-04-06 14:00,0.856
2022-04-06 15:00,0.856
2022-04-06 16:00,0.813
2022-04-06 17:00,0.790
2022-04-06 18:00,0.829
2022-04-06 19:00,0.866
2022-04-06 20:00,0.894
2022-04-06 21:00,0.908
2022-04-06 22:00,0.918
2022-04-06 23:00,0.933
2022-04-07 00:00,0.955
2022-04-07 01:00,0.975
2022-04-07 02:00,0.983
2022-04-07 03:00,0.982
2022-04-07 04:00,0.979
2022-04-07 05:00,0.977
2022-04-07 06:00,0.974
2022-04-07 07:00,0.966
2022-04-07 08:00,0.953
2022-04-07 09:00,0.946
2022-04-07 10:00,0.948
2022-04-07 11:00,0.952
2022-04-07 12:00,0.946
2022-04-07 13:00,0.933
2022-04-07 14:00,0.921
2022-04-07 15:00,0.895
2022-04-07 16:00,0.785
2022-04-07 17:00,0.645
2022-04-07 18:00,0.572
2022-04-07 19:00,0.516
2022-04-07 20:00,0.528
2022-04-07 21:00,0.577
2022-04-07 22:00,0.581
2022-04-07 23:00,0.550
2022-04-08 00:00,0.500
2022-04-08 01:00,0.445
2022-04-08 02:00,0.361
2022-04-08 03:00,0.282
2022-04-08 04:00,0.214
2022-04-08 05:00,0.156
2022-04-08 06:00,0.104
2022-04-08 07:00,0.094
2022-04-08 08:00,0.123
2022-04-08 09:00,0.126
2022-04-08 10:00,0.121
2022-04-08 11:00,0.129
2022-04-08 12:00,0.150
2022-04-08 13:00,0.182
2022-04-08 14:00,0.222
2022-04-08 15:00,0.252
2022-04-08 16:00,0.251
2022-04-08 17:00,0.246
2022-04-08 18:00,0.308
2022-04-08 19:00,0.387
2022-04-08 20:00,0.449
2022-04-08 21:00,0.479
2022-04-08 22:00,0.490
2022-04-08 23:00,0.486
2022-04-09 00:00,0.480
2022-04-09 01:00,0.487
2022-04-09 02:00,0.489
2022-04-09 03:00,0.485
2022-04-09 04:00,0.473
2022-04-09 05:00,0.461
2022-04-09 06:00,0.370
2022-04-09 07:00,0.333
2022-04-09 08:00,0.499
2022-04-09 09:00,0.520
2022-04-09 10:00,0.523
2022-04-09 11:00,0.533
2022-04-09 12:00,0.520
2022-04-09 13:00,0.473
2022-04-09 14:00,0.412
2022-04-09 15:00,0.380
2022-04-09 16:00,0.374
2022-04-09 17:00,0.313
2022-04-09 18:00,0.292
2022-04-09 19:00,0.297
2022-04-09 20:00,0.274
2022-04-09 21:00,0.273
2022-04-09 22:00,0.270
2022-04-09 23:00,0.241
2022-04-10 00:00,0.215
2022-04-10 01:00,0.208
2022-04-10 02:00,0.185
2022-04-10 03:00,0.142
2022-04-10 04:00,0.091
2022-04-10 05:00,0.049
2022-04-10 06:00,0.033
2022-04-10 07:00,0.022
2022-04-10 08:00,0.059
2022-04-10 09:00,0.091
2022-04-10 10:00,0.100
2022-04-10 11:00,0.099
2022-04-10 12:00,0.100
2022-04-10 13:00,0.107
2022-04-10 14:00,0.118
2022-04-10 15:00,0.116
2022-04-10 16:00,0.096
2022-04-10 17:00,0.083
2022-04-10 18:00,0.118
2022-04-10 19:00,0.201
2022-04-10 20:00,0.290
2022-04-10 21:00,0.341
2022-04-10 22:00,0.348
2022-04-10 23:00,0.342
2022-04-11 00:00,0.338
2022-04-11 01:00,0.348
2022-04-11 02:00,0.357
2022-04-11 03:00,0.356
2022-04-11 04:00,0.370
2022-04-11 05:00,0.423
2022-04-11 06:00,0.409
2022-04-11 07:00,0.362
2022-04-11 08:00,0.539
2022-04-11 09:00,0.700
2022-04-11 10:00,0.786
2022-04-11 11:00,0.833
2022-04-11 12:00,0.853
2022-04-11 13:00,0.858
2022-04-11 14:00,0.855
2022-04-11 15:00,0.856
2022-04-11 16:00,0.840
2022-04-11 17:00,0.797
2022-04-11 18:00,0.725
2022-04-11 19:00,0.625
2022-04-11 20:00,0.566
2022-04-11 21:00,0.539
2022-04-11 22:00,0.442
2022-04-11 23:00,0.382
2022-04-12 00:00,0.318
2022-04-12 01:00,0.270
2022-04-12 02:00,0.240
2022-04-12 03:00,0.224
2022-04-12 04:00,0.240
2022-04-12 05:00,0.268
2022-04-12 06:00,0.251
2022-04-12 07:00,0.249
2022-04-12 08:00,0.245
2022-04-12 09:00,0.225
2022-04-12 10:00,0.227
2022-04-12 11:00,0.316
2022-04-12 12:00,0.399
2022-04-12 13:00,0.391
2022-04-12 14:00,0.374
2022-04-12 15:00,0.345
2022-04-12 16:00,0.279
2022-04-12 17:00,0.297
2022-04-12 18:00,0.374
2022-04-12 19:00,0.480
2022-04-12 20:00,0.493
2022-04-12 21:00,0.483
2022-04-12 22:00,0.499
2022-04-12 23:00,0.489
2022-04-13 00:00,0.479
2022-04-13 01:00,0.450
2022-04-13 02:00,0.423
2022-04-13 03:00,0.381
2022-04-13 04:00,0.380
2022-04-13 05:00,0.376
2022-04-13 06:00,0.284
2022-04-13 07:00,0.265
2022-04-13 08:00,0.361
2022-04-13 09:00,0.446
2022-04-13 10:00,0.497
2022-04-13 11:00,0.523
2022-04-13 12:00,0.505
2022-04-13 13:00,0.473
2022-04-13 14:00,0.453
2022-04-13 15:00,0.409
2022-04-13 16:00,0.306
2022-04-13 17:00,0.217
2022-04-13 18:00,0.235
2022-04-13 19:00,0.273
2022-04-13 20:00,0.263
2022-04-13 21:00,0.218
2022-04-13 22:00,0.186
2022-04-13 23:00,0.196
2022-04-14 00:00,0.232
2022-04-14 01:00,0.257
2022-04-14 02:00,0.261
2022-04-14 03:00,0.230
2022-04-14 04:00,0.178
2022-04-14 05:00,0.123
2022-04-14 06:00,0.064
2022-04-14 07:00,0.025
2022-04-14 08:00,0.017
2022-04-14 09:00,0.031
2022-04-14 10:00,0.050
2022-04-14 11:00,0.061
2022-04-14 12:00,0.069
2022-04-14 13:00,0.077
2022-04-14 14:00,0.086
2022-04-14 15:00,0.088
2022-04-14 16:00,0.082
2022-04-14 17:00,0.077
2022-04-14 18:00,0.074
2022-04-14 19:00,0.074
2022-04-14 20:00,0.077
2022-04-14 21:00,0.079
2022-04-14 22:00,0.083
2022-04-14 23:00,0.088
2022-04-15 00:00,0.102
2022-04-15 01:00,0.118
2022-04-15 02:00,0.132
2022-04-15 03:00,0.139
2022-04-15 04:00,0.151
2022-04-15 05:00,0.163
2022-04-15 06:00,0.134
2022-04-15 07:00,0.078
2022-04-15 08:00,0.106
2022-04-15 09:00,0.150
2022-04-15 10:00,0.176
2022-04-15 11:00,0.194
2022-04-15 12:00,0.204
2022-04-15 13:00,0.209
2022-04-15 14:00,0.203
2022-04-15 15:00,0.182
2022-04-15 16:00,0.154
2022-04-15 17:00,0.149
2022-04-15 18:00,0.185
2022-04-15 19:00,0.215
2022-04-15 20:00,0.234
2022-04-15 21:00,0.242
2022-04-15 22:00,0.261
2022-04-15 23:00,0.282
2022-04-16 00:00,0.323
2022-04-16 01:00,0.338
2022-04-16 02:00,0.324
2022-04-16 03:00,0.318
2022-04-16 04:00,0.281
2022-04-16 05:00,0.224
2022-04-16 06:00,0.199
2022-04-16 07:00,0.190
2022-04-16 08:00,0.184
2022-04-16 09:00,0.224
2022-04-16 10:00,0.287
2022-04-16 11:00,0.351
2022-04-16 12:00,0.403
2022-04-16 13:00,0.434
2022-04-16 14:00,0.448
2022-04-16 15:00,0.431
2022-04-16 16:00,0.355
2022-04-16 17:00,0.365
2022-04-16 18:00,0.501
2022-04-16 19:00,0.600
2022-04-16 20:00,0.604
2022-04-16 21:00,0.563
2022-04-16 22:00,0.524
2022-04-16 23:00,0.495
2022-04-17 00:00,0.445
2022-04-17 01:00,0.385
2022-04-17 02:00,0.333
2022-04-17 03:00,0.297
2022-04-17 04:00,0.254
2022-04-17 05:00,0.216
2022-04-17 06:00,0.140
2022-04-17 07:00,0.103
2022-04-17 08:00,0.145
2022-04-17 09:00,0.232
2022-04-17 10:00,0.349
2022-04-17 11:00,0.442
2022-04-17 12:00,0.514
2022-04-17 13:00,0.569
2022-04-17 14:00,0.604
2022-04-17 15:00,0.596
2022-04-17 16:00,0.548
2022-04-17 17:00,0.554
2022-04-17 18:00,0.609
2022-04-17 19:00,0.628
2022-04-17 20:00,0.551
2022-04-17 21:00,0.453
2022-04-17 22:00,0.367
2022-04-17 23:00,0.335
2022-04-18 00:00,0.330
2022-04-18 01:00,0.320
2022-04-18 02:00,0.319
2022-04-18 03:00,0.296
2022-04-18 04:00,0.261
2022-04-18 05:00,0.248
2022-04-18 06:00,0.218
2022-04-18 07:00,0.261
2022-04-18 08:00,0.291
2022-04-18 09:00,0.285
2022-04-18 10:00,0.258
2022-04-18 11:00,0.234
2022-04-18 12:00,0.214
2022-04-18 13:00,0.201
2022-04-18 14:00,0.185
2022-04-18 15:00,0.160
2022-04-18 16:00,0.128
2022-04-18 17:00,0.101
2022-04-18 18:00,0.095
2022-04-18 19:00,0.096
2022-04-18 20:00,0.094
2022-04-18 21:00,0.092
2022-04-18 22:00,0.094
2022-04-18 23:00,0.095
2022-04-19 00:00,0.102
2022-04-19 01:00,0.114
2022-04-19 02:00,0.131
2022-04-19 03:00,0.144
2022-04-19 04:00,0.153
2022-04-19 05:00,0.152
2022-04-19 06:00,0.101
2022-04-19 07:00,0.060
2022-04-19 08:00,0.042
2022-04-19 09:00,0.026
2022-04-19 10:00,0.018
2022-04-19 11:00,0.016
2022-04-19 12:00,0.017
2022-04-19 13:00,0.022
2022-04-19 14:00,0.036
2022-04-19 15:00,0.064
2022-04-19 16:00,0.109
2022-04-19 17:00,0.155
2022-04-19 18:00,0.219
2022-04-19 19:00,0.271
2022-04-19 20:00,0.274
2022-04-19 21:00,0.264
2022-04-19 22:00,0.275
2022-04-19 23:00,0.306
2022-04-20 00:00,0.331
2022-04-20 01:00,0.342
2022-04-20 02:00,0.308
2022-04-20 03:00,0.263
2022-04-20 04:00,0.226
2022-04-20 05:00,0.169
2022-04-20 06:00,0.128
2022-04-20 07:00,0.122
2022-04-20 08:00,0.187
2022-04-20 09:00,0.260
2022-04-20 10:00,0.309
2022-04-20 11:00,0.339
2022-04-20 12:00,0.357
2022-04-20 13:00,0.377
2022-04-20 14:00,0.403
2022-04-20 15:00,0.427
2022-04-20 16:00,0.438
2022-04-20 17:00,0.417
2022-04-20 18:00,0.421
2022-04-20 19:00,0.497
2022-04-20 20:00,0.486
2022-04-20 21:00,0.430
2022-04-20 22:00,0.390
2022-04-20 23:00,0.384
2022-04-21 00:00,0.393
2022-04-21 01:00,0.401
2022-04-21 02:00,0.406
2022-04-21 03:00,0.407
2022-04-21 04:00,0.417
2022-04-21 05:00,0.387
2022-04-21 06:00,0.278
2022-04-21 07:00,0.273
2022-04-21 08:00,0.374
2022-04-21 09:00,0.424
2022-04-21 10:00,0.460
2022-04-21 11:00,0.483
2022-04-21 12:00,0.503
2022-04-21 13:00,0.523
2022-04-21 14:00,0.550
2022-04-21 15:00,0.581
2022-04-21 16:00,0.607
2022-04-21 17:00,0.577
2022-04-21 18:00,0.520
2022-04-21 19:00,0.542
2022-04-21 20:00,0.516
2022-04-21 21:00,0.471
2022-04-21 22:00,0.432
2022-04-21 23:00,0.429
2022-04-22 00:00,0.403
2022-04-22 01:00,0.416
2022-04-22 02:00,0.490
2022-04-22 03:00,0.509
2022-04-22 04:00,0.498
2022-04-22 05:00,0.490
2022-04-22 06:00,0.490
2022-04-22 07:00,0.633
2022-04-22 08:00,0.697
2022-04-22 09:00,0.748
2022-04-22 10:00,0.807
2022-04-22 11:00,0.857
2022-04-22 12:00,0.885
2022-04-22 13:00,0.892
2022-04-22 14:00,0.883
2022-04-22 15:00,0.855
2022-04-22 16:00,0.817
2022-04-22 17:00,0.774
2022-04-22 18:00,0.712
2022-04-22 19:00,0.649
2022-04-22 20:00,0.588
2022-04-22 21:00,0.589
2022-04-22 22:00,0.583
2022-04-22 23:00,0.569
2022-04-23 00:00,0.594
2022-04-23 01:00,0.622
2022-04-23 02:00,0.637
2022-04-23 03:00,0.630
2022-04-23 04:00,0.637
2022-04-23 05:00,0.619
2022-04-23 06:00,0.646
2022-04-23 07:00,0.774
2022-04-23 08:00,0.833
2022-04-23 09:00,0.870
2022-04-23 10:00,0.888
2022-04-23 11:00,0.898
2022-04-23 12:00,0.903
2022-04-23 13:00,0.902
2022-04-23 14:00,0.900
2022-04-23 15:00,0.896
2022-04-23 16:00,0.886
2022-04-23 17:00,0.845
2022-04-23 18:00,0.768
2022-04-23 19:00,0.729
2022-04-23 20:00,0.686
2022-04-23 21:00,0.678
2022-04-23 22:00,0.665
2022-04-23 23:00,0.653
2022-04-24 00:00,0.658
2022-04-24 01:00,0.691
2022-04-24 02:00,0.640
2022-04-24 03:00,0.604
2022-04-24 04:00,0.592
2022-04-24 05:00,0.602
2022-04-24 06:00,0.625
2022-04-24 07:00,0.725
2022-04-24 08:00,0.784
2022-04-24 09:00,0.803
2022-04-24 10:00,0.784
2022-04-24 11:00,0.746
2022-04-24 12:00,0.702
2022-04-24 13:00,0.652
2022-04-24 14:00,0.599
2022-04-24 15:00,0.562
2022-04-24 16:00,0.542
2022-04-24 17:00,0.515
2022-04-24 18:00,0.473
2022-04-24 19:00,0.470
2022-04-24 20:00,0.494
2022-04-24 21:00,0.439
2022-04-24 22:00,0.385
2022-04-24 23:00,0.360
2022-04-25 00:00,0.343
2022-04-25 01:00,0.324
2022-04-25 02:00,0.316
2022-04-25 03:00,0.304
2022-04-25 04:00,0.292
2022-04-25 05:00,0.270
2022-04-25 06:00,0.232
2022-04-25 07:00,0.251
2022-04-25 08:00,0.204
2022-04-25 09:00,0.166
2022-04-25 10:00,0.148
2022-04-25 11:00,0.142
2022-04-25 12:00,0.144
2022-04-25 13:00,0.153
2022-04-25 14:00,0.169
2022-04-25 15:00,0.194
2022-04-25 16:00,0.222
2022-04-25 17:00,0.244
2022-04-25 18:00,0.289
2022-04-25 19:00,0.367
2022-04-25 20:00,0.369
2022-04-25 21:00,0.321
2022-04-25 22:00,0.277
2022-04-25 23:00,0.235
2022-04-26 00:00,0.180
2022-04-26 01:00,0.131
2022-04-26 02:00,0.088
2022-04-26 03:00,0.059
2022-04-26 04:00,0.052
2022-04-26 05:00,0.048
2022-04-26 06:00,0.046
2022-04-26 07:00,0.055
2022-04-26 08:00,0.056
2022-04-26 09:00,0.055
2022-04-26 10:00,0.060
2022-04-26 11:00,0.070
2022-04-26 12:00,0.082
2022-04-26 13:00,0.096
2022-04-26 14:00,0.118
2022-04-26 15:00,0.153
2022-04-26 16:00,0.205
2022-04-26 17:00,0.270
2022-04-26 18:00,0.311
2022-04-26 19:00,0.342
2022-04-26 20:00,0.303
2022-04-26 21:00,0.251
2022-04-26 22:00,0.222
2022-04-26 23:00,0.203
2022-04-27 00:00,0.190
2022-04-27 01:00,0.185
2022-04-27 02:00,0.189
2022-04-27 03:00,0.182
2022-04-27 04:00,0.173
2022-04-27 05:00,0.163
2022-04-27 06:00,0.131
2022-04-27 07:00,0.139
2022-04-27 08:00,0.118
2022-04-27 09:00,0.107
2022-04-27 10:00,0.105
2022-04-27 11:00,0.109
2022-04-27 12:00,0.120
2022-04-27 13:00,0.140
2022-04-27 14:00,0.165
2022-04-27 15:00,0.189
2022-04-27 16:00,0.214
2022-04-27 17:00,0.238
2022-04-27 18:00,0.268
2022-04-27 19:00,0.326
2022-04-27 20:00,0.313
2022-04-27 21:00,0.280
2022-04-27 22:00,0.248
2022-04-27 23:00,0.211
2022-04-28 00:00,0.184
2022-04-28 01:00,0.170
2022-04-28 02:00,0.156
2022-04-28 03:00,0.140
2022-04-28 04:00,0.126
2022-04-28 05:00,0.118
2022-04-28 06:00,0.085
2022-04-28 07:00,0.071
2022-04-28 08:00,0.068
2022-04-28 09:00,0.073
2022-04-28 10:00,0.079
2022-04-28 11:00,0.072
2022-04-28 12:00,0.057
2022-04-28 13:00,0.050
2022-04-28 14:00,0.052
2022-04-28 15:00,0.054
2022-04-28 16:00,0.059
2022-04-28 17:00,0.070
2022-04-28 18:00,0.100
2022-04-28 19:00,0.148
2022-04-28 20:00,0.175
2022-04-28 21:00,0.159
2022-04-28 22:00,0.132
2022-04-28 23:00,0.112
2022-04-29 00:00,0.102
2022-04-29 01:00,0.083
2022-04-29 02:00,0.058
2022-04-29 03:00,0.042
2022-04-29 04:00,0.033
2022-04-29 05:00,0.026
2022-04-29 06:00,0.016
2022-04-29 07:00,0.017
2022-04-29 08:00,0.029
2022-04-29 09:00,0.043
2022-04-29 10:00,0.051
2022-04-29 11:00,0.058
2022-04-29 12:00,0.069
2022-04-29 13:00,0.083
2022-04-29 14:00,0.100
2022-04-29 15:00,0.124
2022-04-29 16:00,0.141
2022-04-29 17:00,0.142
2022-04-29 18:00,0.159
2022-04-29 19:00,0.174
2022-04-29 20:00,0.156
2022-04-29 21:00,0.132
2022-04-29 22:00,0.112
2022-04-29 23:00,0.100
2022-04-30 00:00,0.101
2022-04-30 01:00,0.105
2022-04-30 02:00,0.115
2022-04-30 03:00,0.118
2022-04-30 04:00,0.114
2022-04-30 05:00,0.114
2022-04-30 06:00,0.073
2022-04-30 07:00,0.035
2022-04-30 08:00,0.043
2022-04-30 09:00,0.069
2022-04-30 10:00,0.102
2022-04-30 11:00,0.146
2022-04-30 12:00,0.197
2022-04-30 13:00,0.247
2022-04-30 14:00,0.288
2022-04-30 15:00,0.307
2022-04-30 16:00,0.281
2022-04-30 17:00,0.250
2022-04-30 18:00,0.212
2022-04-30 19:00,0.167
2022-04-30 20:00,0.129
2022-04-30 21:00,0.125
2022-04-30 22:00,0.167
2022-04-30 23:00,0.228
2022-05-01 00:00,0.278
2022-05-01 01:00,0.308
2022-05-01 02:00,0.304
2022-05-01 03:00,0.268
2022-05-01 04:00,0.236
2022-05-01 05:00,0.197
2022-05-01 06:00,0.145
2022-05-01 07:00,0.106
2022-05-01 08:00,0.091
2022-05-01 09:00,0.080
2022-05-01 10:00,0.073
2022-05-01 11:00,0.065
2022-05-01 12:00,0.055
2022-05-01 13:00,0.044
2022-05-01 14:00,0.035
2022-05-01 15:00,0.029
2022-05-01 16:00,0.026
2022-05-01 17:00,0.027
2022-05-01 18:00,0.033
2022-05-01 19:00,0.038
2022-05-01 20:00,0.038
2022-05-01 21:00,0.037
2022-05-01 22:00,0.033
2022-05-01 23:00,0.026
2022-05-02 00:00,0.019
2022-05-02 01:00,0.015
2022-05-02 02:00,0.016
2022-05-02 03:00,0.018
2022-05-02 04:00,0.019
2022-05-02 05:00,0.021
2022-05-02 06:00,0.015
2022-05-02 07:00,0.011
2022-05-02 08:00,0.016
2022-05-02 09:00,0.023
2022-05-02 10:00,0.027
2022-05-02 11:00,0.029
2022-05-02 12:00,0.030
2022-05-02 13:00,0.032
2022-05-02 14:00,0.038
2022-05-02 15:00,0.050
2022-05-02 16:00,0.072
2022-05-02 17:00,0.108
2022-05-02 18:00,0.158
2022-05-02 19:00,0.216
2022-05-02 20:00,0.239
2022-05-02 21:00,0.229
2022-05-02 22:00,0.207
2022-05-02 23:00,0.181
2022-05-03 00:00,0.155
2022-05-03 01:00,0.125
2022-05-03 02:00,0.104
2022-05-03 03:00,0.088
2022-05-03 04:00,0.079
2022-05-03 05:00,0.065
2022-05-03 06:00,0.055
2022-05-03 07:00,0.047
2022-05-03 08:00,0.039
2022-05-03 09:00,0.036
2022-05-03 10:00,0.035
2022-05-03 11:00,0.035
2022-05-03 12:00,0.036
2022-05-03 13:00,0.037
2022-05-03 14:00,0.038
2022-05-03 15:00,0.039
2022-05-03 16:00,0.039
2022-05-03 17:00,0.041
2022-05-03 18:00,0.059
2022-05-03 19:00,0.113
2022-05-03 20:00,0.200
2022-05-03 21:00,0.274
2022-05-03 22:00,0.321
2022-05-03 23:00,0.348
2022-05-04 00:00,0.361
2022-05-04 01:00,0.355
2022-05-04 02:00,0.329
2022-05-04 03:00,0.318
2022-05-04 04:00,0.309
2022-05-04 05:00,0.279
2022-05-04 06:00,0.232
2022-05-04 07:00,0.204
2022-05-04 08:00,0.204
2022-05-04 09:00,0.247
2022-05-04 10:00,0.287
2022-05-04 11:00,0.330
2022-05-04 12:00,0.373
2022-05-04 13:00,0.433
2022-05-04 14:00,0.494
2022-05-04 15:00,0.530
2022-05-04 16:00,0.536
2022-05-04 17:00,0.504
2022-05-04 18:00,0.462
2022-05-04 19:00,0.486
2022-05-04 20:00,0.497
2022-05-04 21:00,0.463
2022-05-04 22:00,0.447
2022-05-04 23:00,0.439
2022-05-05 00:00,0.414
2022-05-05 01:00,0.362
2022-05-05 02:00,0.299
2022-05-05 03:00,0.216
2022-05-05 04:00,0.158
2022-05-05 05:00,0.125
2022-05-05 06:00,0.108
2022-05-05 07:00,0.109
2022-05-05 08:00,0.118
2022-05-05 09:00,0.121
2022-05-05 10:00,0.128
2022-05-05 11:00,0.145
2022-05-05 12:00,0.163
2022-05-05 13:00,0.190
2022-05-05 14:00,0.225
2022-05-05 15:00,0.247
2022-05-05 16:00,0.238
2022-05-05 17:00,0.197
2022-05-05 18:00,0.162
2022-05-05 19:00,0.163
2022-05-05 20:00,0.150
2022-05-05 21:00,0.133
2022-05-05 22:00,0.143
2022-05-05 23:00,0.197
2022-05-06 00:00,0.268
2022-05-06 01:00,0.314
2022-05-06 02:00,0.343
2022-05-06 03:00,0.368
2022-05-06 04:00,0.364
2022-05-06 05:00,0.322
2022-05-06 06:00,0.201
2022-05-06 07:00,0.185
2022-05-06 08:00,0.246
2022-05-06 09:00,0.302
2022-05-06 10:00,0.370
2022-05-06 11:00,0.408
2022-05-06 12:00,0.430
2022-05-06 13:00,0.442
2022-05-06 14:00,0.414
2022-05-06 15:00,0.352
2022-05-06 16:00,0.281
2022-05-06 17:00,0.272
2022-05-06 18:00,0.299
2022-05-06 19:00,0.272
2022-05-06 20:00,0.251
2022-05-06 21:00,0.271
2022-05-06 22:00,0.321
2022-05-06 23:00,0.372
2022-05-07 00:00,0.395
2022-05-07 01:00,0.370
2022-05-07 02:00,0.330
2022-05-07 03:00,0.303
2022-05-07 04:00,0.270
2022-05-07 05:00,0.182
2022-05-07 06:00,0.125
2022-05-07 07:00,0.110
2022-05-07 08:00,0.102
2022-05-07 09:00,0.088
2022-05-07 10:00,0.075
2022-05-07 11:00,0.069
2022-05-07 12:00,0.073
2022-05-07 13:00,0.086
2022-05-07 14:00,0.108
2022-05-07 15:00,0.147
2022-05-07 16:00,0.203
2022-05-07 17:00,0.250
2022-05-07 18:00,0.281
2022-05-07 19:00,0.321
2022-05-07 20:00,0.347
2022-05-07 21:00,0.305
2022-05-07 22:00,0.264
2022-05-07 23:00,0.234
2022-05-08 00:00,0.186
2022-05-08 01:00,0.143
2022-05-08 02:00,0.102
2022-05-08 03:00,0.075
2022-05-08 04:00,0.065
2022-05-08 05:00,0.062
2022-05-08 06:00,0.077
2022-05-08 07:00,0.109
2022-05-08 08:00,0.112
2022-05-08 09:00,0.118
2022-05-08 10:00,0.123
2022-05-08 11:00,0.121
2022-05-08 12:00,0.116
2022-05-08 13:00,0.109
2022-05-08 14:00,0.104
2022-05-08 15:00,0.106
2022-05-08 16:00,0.116
2022-05-08 17:00,0.143
2022-05-08 18:00,0.227
2022-05-08 19:00,0.399
2022-05-08 20:00,0.510
2022-05-08 21:00,0.502
2022-05-08 22:00,0.468
2022-05-08 23:00,0.440
2022-05-09 00:00,0.424
2022-05-09 01:00,0.382
2022-05-09 02:00,0.366
2022-05-09 03:00,0.346
2022-05-09 04:00,0.321
2022-05-09 05:00,0.272
2022-05-09 06:00,0.196
2022-05-09 07:00,0.241
2022-05-09 08:00,0.301
2022-05-09 09:00,0.393
2022-05-09 10:00,0.518
2022-05-09 11:00,0.597
2022-05-09 12:00,0.656
2022-05-09 13:00,0.694
2022-05-09 14:00,0.702
2022-05-09 15:00,0.710
2022-05-09 16:00,0.738
2022-05-09 17:00,0.778
2022-05-09 18:00,0.785
2022-05-09 19:00,0.773
2022-05-09 20:00,0.767
2022-05-09 21:00,0.742
2022-05-09 22:00,0.735
2022-05-09 23:00,0.739
2022-05-10 00:00,0.728
2022-05-10 01:00,0.740
2022-05-10 02:00,0.703
2022-05-10 03:00,0.679
2022-05-10 04:00,0.616
2022-05-10 05:00,0.520
2022-05-10 06:00,0.537
2022-05-10 07:00,0.643
2022-05-10 08:00,0.711
2022-05-10 09:00,0.767
2022-05-10 10:00,0.804
2022-05-10 11:00,0.820
2022-05-10 12:00,0.828
2022-05-10 13:00,0.837
2022-05-10 14:00,0.845
2022-05-10 15:00,0.826
2022-05-10 16:00,0.772
2022-05-10 17:00,0.700
2022-05-10 18:00,0.637
2022-05-10 19:00,0.637
2022-05-10 20:00,0.621
2022-05-10 21:00,0.597
2022-05-10 22:00,0.600
2022-05-10 23:00,0.597
2022-05-11 00:00,0.590
2022-05-11 01:00,0.585
2022-05-11 02:00,0.594
2022-05-11 03:00,0.577
2022-05-11 04:00,0.557
2022-05-11 05:00,0.513
2022-05-11 06:00,0.465
2022-05-11 07:00,0.600
2022-05-11 08:00,0.620
2022-05-11 09:00,0.580
2022-05-11 10:00,0.530
2022-05-11 11:00,0.479
2022-05-11 12:00,0.456
2022-05-11 13:00,0.506
2022-05-11 14:00,0.595
2022-05-11 15:00,0.659
2022-05-11 16:00,0.677
2022-05-11 17:00,0.653
2022-05-11 18:00,0.520
2022-05-11 19:00,0.442
2022-05-11 20:00,0.491
2022-05-11 21:00,0.516
2022-05-11 22:00,0.526
2022-05-11 23:00,0.516
2022-05-12 00:00,0.489
2022-05-12 01:00,0.454
2022-05-12 02:00,0.410
2022-05-12 03:00,0.357
2022-05-12 04:00,0.303
2022-05-12 05:00,0.264
2022-05-12 06:00,0.290
2022-05-12 07:00,0.382
2022-05-12 08:00,0.451
2022-05-12 09:00,0.484
2022-05-12 10:00,0.498
2022-05-12 11:00,0.520
2022-05-12 12:00,0.559
2022-05-12 13:00,0.601
2022-05-12 14:00,0.629
2022-05-12 15:00,0.640
2022-05-12 16:00,0.645
2022-05-12 17:00,0.609
2022-05-12 18:00,0.572
2022-05-12 19:00,0.586
2022-05-12 20:00,0.600
2022-05-12 21:00,0.658
2022-05-12 22:00,0.693
2022-05-12 23:00,0.688
2022-05-13 00:00,0.694
2022-05-13 01:00,0.696
2022-05-13 02:00,0.682
2022-05-13 03:00,0.672
2022-05-13 04:00,0.661
2022-05-13 05:00,0.610
2022-05-13 06:00,0.620
2022-05-13 07:00,0.766
2022-05-13 08:00,0.842
2022-05-13 09:00,0.858
2022-05-13 10:00,0.861
2022-05-13 11:00,0.862
2022-05-13 12:00,0.862
2022-05-13 13:00,0.862
2022-05-13 14:00,0.860
2022-05-13 15:00,0.850
2022-05-13 16:00,0.828
2022-05-13 17:00,0.746
2022-05-13 18:00,0.600
2022-05-13 19:00,0.526
2022-05-13 20:00,0.527
2022-05-13 21:00,0.520
2022-05-13 22:00,0.473
2022-05-13 23:00,0.406
2022-05-14 00:00,0.352
2022-05-14 01:00,0.314
2022-05-14 02:00,0.283
2022-05-14 03:00,0.274
2022-05-14 04:00,0.273
2022-05-14 05:00,0.195
2022-05-14 06:00,0.104
2022-05-14 07:00,0.093
2022-05-14 08:00,0.090
2022-05-14 09:00,0.086
2022-05-14 10:00,0.077
2022-05-14 11:00,0.069
2022-05-14 12:00,0.060
2022-05-14 13:00,0.050
2022-05-14 14:00,0.035
2022-05-14 15:00,0.021
2022-05-14 16:00,0.011
2022-05-14 17:00,0.009
2022-05-14 18:00,0.030
2022-05-14 19:00,0.125
2022-05-14 20:00,0.297
2022-05-14 21:00,0.406
2022-05-14 22:00,0.409
2022-05-14 23:00,0.374
2022-05-15 00:00,0.311
2022-05-15 01:00,0.292
2022-05-15 02:00,0.297
2022-05-15 03:00,0.285
2022-05-15 04:00,0.230
2022-05-15 05:00,0.154
2022-05-15 06:00,0.102
2022-05-15 07:00,0.127
2022-05-15 08:00,0.268
2022-05-15 09:00,0.439
2022-05-15 10:00,0.549
2022-05-15 11:00,0.619
2022-05-15 12:00,0.682
2022-05-15 13:00,0.714
2022-05-15 14:00,0.734
2022-05-15 15:00,0.735
2022-05-15 16:00,0.675
2022-05-15 17:00,0.597
2022-05-15 18:00,0.527
2022-05-15 19:00,0.510
2022-05-15 20:00,0.530
2022-05-15 21:00,0.553
2022-05-15 22:00,0.604
2022-05-15 23:00,0.596
2022-05-16 00:00,0.613
2022-05-16 01:00,0.616
2022-05-16 02:00,0.527
2022-05-16 03:00,0.460
2022-05-16 04:00,0.432
2022-05-16 05:00,0.398
2022-05-16 06:00,0.314
2022-05-16 07:00,0.247
2022-05-16 08:00,0.147
2022-05-16 09:00,0.093
2022-05-16 10:00,0.092
2022-05-16 11:00,0.138
2022-05-16 12:00,0.181
2022-05-16 13:00,0.195
2022-05-16 14:00,0.202
2022-05-16 15:00,0.204
2022-05-16 16:00,0.200
2022-05-16 17:00,0.179
2022-05-16 18:00,0.188
2022-05-16 19:00,0.293
2022-05-16 20:00,0.393
2022-05-16 21:00,0.413
2022-05-16 22:00,0.363
2022-05-16 23:00,0.314
2022-05-17 00:00,0.293
2022-05-17 01:00,0.287
2022-05-17 02:00,0.284
2022-05-17 03:00,0.273
2022-05-17 04:00,0.276
2022-05-17 05:00,0.224
2022-05-17 06:00,0.143
2022-05-17 07:00,0.228
2022-05-17 08:00,0.273
2022-05-17 09:00,0.292
2022-05-17 10:00,0.333
2022-05-17 11:00,0.374
2022-05-17 12:00,0.395
2022-05-17 13:00,0.403
2022-05-17 14:00,0.439
2022-05-17 15:00,0.532
2022-05-17 16:00,0.614
2022-05-17 17:00,0.736
2022-05-17 18:00,0.847
2022-05-17 19:00,0.864
2022-05-17 20:00,0.752
2022-05-17 21:00,0.604
2022-05-17 22:00,0.526
2022-05-17 23:00,0.440
2022-05-18 00:00,0.382
2022-05-18 01:00,0.374
2022-05-18 02:00,0.394
2022-05-18 03:00,0.426
2022-05-18 04:00,0.426
2022-05-18 05:00,0.352
2022-05-18 06:00,0.339
2022-05-18 07:00,0.394
2022-05-18 08:00,0.359
2022-05-18 09:00,0.333
2022-05-18 10:00,0.342
2022-05-18 11:00,0.387
2022-05-18 12:00,0.450
2022-05-18 13:00,0.513
2022-05-18 14:00,0.544
2022-05-18 15:00,0.516
2022-05-18 16:00,0.480
2022-05-18 17:00,0.516
2022-05-18 18:00,0.532
2022-05-18 19:00,0.520
2022-05-18 20:00,0.473
2022-05-18 21:00,0.433
2022-05-18 22:00,0.411
2022-05-18 23:00,0.381
2022-05-19 00:00,0.327
2022-05-19 01:00,0.273
2022-05-19 02:00,0.250
2022-05-19 03:00,0.252
2022-05-19 04:00,0.249
2022-05-19 05:00,0.218
2022-05-19 06:00,0.178
2022-05-19 07:00,0.155
2022-05-19 08:00,0.111
2022-05-19 09:00,0.096
2022-05-19 10:00,0.101
2022-05-19 11:00,0.132
2022-05-19 12:00,0.160
2022-05-19 13:00,0.143
2022-05-19 14:00,0.117
2022-05-19 15:00,0.120
2022-05-19 16:00,0.145
2022-05-19 17:00,0.144
2022-05-19 18:00,0.119
2022-05-19 19:00,0.106
2022-05-19 20:00,0.104
2022-05-19 21:00,0.125
2022-05-19 22:00,0.111
2022-05-19 23:00,0.077
2022-05-20 00:00,0.080
2022-05-20 01:00,0.096
2022-05-20 02:00,0.111
2022-05-20 03:00,0.120
2022-05-20 04:00,0.162
2022-05-20 05:00,0.214
2022-05-20 06:00,0.209
2022-05-20 07:00,0.160
2022-05-20 08:00,0.170
2022-05-20 09:00,0.282
2022-05-20 10:00,0.344
2022-05-20 11:00,0.367
2022-05-20 12:00,0.383
2022-05-20 13:00,0.422
2022-05-20 14:00,0.460
2022-05-20 15:00,0.450
2022-05-20 16:00,0.403
2022-05-20 17:00,0.391
2022-05-20 18:00,0.447
2022-05-20 19:00,0.561
2022-05-20 20:00,0.574
2022-05-20 21:00,0.591
2022-05-20 22:00,0.667
2022-05-20 23:00,0.657
2022-05-21 00:00,0.614
2022-05-21 01:00,0.551
2022-05-21 02:00,0.517
2022-05-21 03:00,0.476
2022-05-21 04:00,0.413
2022-05-21 05:00,0.305
2022-05-21 06:00,0.246
2022-05-21 07:00,0.257
2022-05-21 08:00,0.254
2022-05-21 09:00,0.309
2022-05-21 10:00,0.355
2022-05-21 11:00,0.374
2022-05-21 12:00,0.382
2022-05-21 13:00,0.348
2022-05-21 14:00,0.325
2022-05-21 15:00,0.291
2022-05-21 16:00,0.250
2022-05-21 17:00,0.216
2022-05-21 18:00,0.172
2022-05-21 19:00,0.142
2022-05-21 20:00,0.106
2022-05-21 21:00,0.106
2022-05-21 22:00,0.153
2022-05-21 23:00,0.223
2022-05-22 00:00,0.289
2022-05-22 01:00,0.352
2022-05-22 02:00,0.336
2022-05-22 03:00,0.330
2022-05-22 04:00,0.335
2022-05-22 05:00,0.261
2022-05-22 06:00,0.243
2022-05-22 07:00,0.273
2022-05-22 08:00,0.279
2022-05-22 09:00,0.311
2022-05-22 10:00,0.365
2022-05-22 11:00,0.410
2022-05-22 12:00,0.420
2022-05-22 13:00,0.417
2022-05-22 14:00,0.340
2022-05-22 15:00,0.251
2022-05-22 16:00,0.241
2022-05-22 17:00,0.251
2022-05-22 18:00,0.271
2022-05-22 19:00,0.316
2022-05-22 20:00,0.359
2022-05-22 21:00,0.371
2022-05-22 22:00,0.351
2022-05-22 23:00,0.321
2022-05-23 00:00,0.287
2022-05-23 01:00,0.282
2022-05-23 02:00,0.265
2022-05-23 03:00,0.231
2022-05-23 04:00,0.197
2022-05-23 05:00,0.125
2022-05-23 06:00,0.091
2022-05-23 07:00,0.073
2022-05-23 08:00,0.071
2022-05-23 09:00,0.084
2022-05-23 10:00,0.099
2022-05-23 11:00,0.125
2022-05-23 12:00,0.160
2022-05-23 13:00,0.190
2022-05-23 14:00,0.196
2022-05-23 15:00,0.203
2022-05-23 16:00,0.233
2022-05-23 17:00,0.254
2022-05-23 18:00,0.224
2022-05-23 19:00,0.249
2022-05-23 20:00,0.319
2022-05-23 21:00,0.342
2022-05-23 22:00,0.348
2022-05-23 23:00,0.358
2022-05-24 00:00,0.363
2022-05-24 01:00,0.366
2022-05-24 02:00,0.370
2022-05-24 03:00,0.369
2022-05-24 04:00,0.356
2022-05-24 05:00,0.327
2022-05-24 06:00,0.367
2022-05-24 07:00,0.434
2022-05-24 08:00,0.476
2022-05-24 09:00,0.500
2022-05-24 10:00,0.508
2022-05-24 11:00,0.505
2022-05-24 12:00,0.508
2022-05-24 13:00,0.524
2022-05-24 14:00,0.542
2022-05-24 15:00,0.552
2022-05-24 16:00,0.562
2022-05-24 17:00,0.548
2022-05-24 18:00,0.410
2022-05-24 19:00,0.325
2022-05-24 20:00,0.403
2022-05-24 21:00,0.467
2022-05-24 22:00,0.487
2022-05-24 23:00,0.487
2022-05-25 00:00,0.505
2022-05-25 01:00,0.476
2022-05-25 02:00,0.441
2022-05-25 03:00,0.427
2022-05-25 04:00,0.403
2022-05-25 05:00,0.426
2022-05-25 06:00,0.533
2022-05-25 07:00,0.724
2022-05-25 08:00,0.802
2022-05-25 09:00,0.826
2022-05-25 10:00,0.826
2022-05-25 11:00,0.832
2022-05-25 12:00,0.868
2022-05-25 13:00,0.893
2022-05-25 14:00,0.897
2022-05-25 15:00,0.893
2022-05-25 16:00,0.880
2022-05-25 17:00,0.820
2022-05-25 18:00,0.711
2022-05-25 19:00,0.645
2022-05-25 20:00,0.600
2022-05-25 21:00,0.552
2022-05-25 22:00,0.524
2022-05-25 23:00,0.535
2022-05-26 00:00,0.541
2022-05-26 01:00,0.544
2022-05-26 02:00,0.520
2022-05-26 03:00,0.499
2022-05-26 04:00,0.460
2022-05-26 05:00,0.416
2022-05-26 06:00,0.477
2022-05-26 07:00,0.600
2022-05-26 08:00,0.646
2022-05-26 09:00,0.711
2022-05-26 10:00,0.822
2022-05-26 11:00,0.894
2022-05-26 12:00,0.933
2022-05-26 13:00,0.943
2022-05-26 14:00,0.940
2022-05-26 15:00,0.931
2022-05-26 16:00,0.906
2022-05-26 17:00,0.853
2022-05-26 18:00,0.754
2022-05-26 19:00,0.648
2022-05-26 20:00,0.597
2022-05-26 21:00,0.531
2022-05-26 22:00,0.516
2022-05-26 23:00,0.546
2022-05-27 00:00,0.580
2022-05-27 01:00,0.595
2022-05-27 02:00,0.606
2022-05-27 03:00,0.606
2022-05-27 04:00,0.593
2022-05-27 05:00,0.490
2022-05-27 06:00,0.638
2022-05-27 07:00,0.764
2022-05-27 08:00,0.760
2022-05-27 09:00,0.755
2022-05-27 10:00,0.765
2022-05-27 11:00,0.789
2022-05-27 12:00,0.819
2022-05-27 13:00,0.845
2022-05-27 14:00,0.856
2022-05-27 15:00,0.856
2022-05-27 16:00,0.850
2022-05-27 17:00,0.816
2022-05-27 18:00,0.738
2022-05-27 19:00,0.663
2022-05-27 20:00,0.628
2022-05-27 21:00,0.578
2022-05-27 22:00,0.505
2022-05-27 23:00,0.505
2022-05-28 00:00,0.502
2022-05-28 01:00,0.482
2022-05-28 02:00,0.450
2022-05-28 03:00,0.403
2022-05-28 04:00,0.319
2022-05-28 05:00,0.202
2022-05-28 06:00,0.169
2022-05-28 07:00,0.137
2022-05-28 08:00,0.118
2022-05-28 09:00,0.109
2022-05-28 10:00,0.107
2022-05-28 11:00,0.114
2022-05-28 12:00,0.131
2022-05-28 13:00,0.149
2022-05-28 14:00,0.162
2022-05-28 15:00,0.173
2022-05-28 16:00,0.175
2022-05-28 17:00,0.164
2022-05-28 18:00,0.146
2022-05-28 19:00,0.146
2022-05-28 20:00,0.167
2022-05-28 21:00,0.169
2022-05-28 22:00,0.153
2022-05-28 23:00,0.140
2022-05-29 00:00,0.141
2022-05-29 01:00,0.159
2022-05-29 02:00,0.191
2022-05-29 03:00,0.213
2022-05-29 04:00,0.217
2022-05-29 05:00,0.212
2022-05-29 06:00,0.275
2022-05-29 07:00,0.299
2022-05-29 08:00,0.294
2022-05-29 09:00,0.270
2022-05-29 10:00,0.238
2022-05-29 11:00,0.213
2022-05-29 12:00,0.192
2022-05-29 13:00,0.165
2022-05-29 14:00,0.134
2022-05-29 15:00,0.108
2022-05-29 16:00,0.085
2022-05-29 17:00,0.059
2022-05-29 18:00,0.035
2022-05-29 19:00,0.021
2022-05-29 20:00,0.022
2022-05-29 21:00,0.056
2022-05-29 22:00,0.123
2022-05-29 23:00,0.199
2022-05-30 00:00,0.252
2022-05-30 01:00,0.281
2022-05-30 02:00,0.291
2022-05-30 03:00,0.289
2022-05-30 04:00,0.271
2022-05-30 05:00,0.185
2022-05-30 06:00,0.187
2022-05-30 07:00,0.188
2022-05-30 08:00,0.175
2022-05-30 09:00,0.179
2022-05-30 10:00,0.190
2022-05-30 11:00,0.205
2022-05-30 12:00,0.211
2022-05-30 13:00,0.213
2022-05-30 14:00,0.210
2022-05-30 15:00,0.189
2022-05-30 16:00,0.154
2022-05-30 17:00,0.118
2022-05-30 18:00,0.085
2022-05-30 19:00,0.073
2022-05-30 20:00,0.074
2022-05-30 21:00,0.077
2022-05-30 22:00,0.078
2022-05-30 23:00,0.070
2022-05-31 00:00,0.058
2022-05-31 01:00,0.043
2022-05-31 02:00,0.027
2022-05-31 03:00,0.015
2022-05-31 04:00,0.011
2022-05-31 05:00,0.009
2022-05-31 06:00,0.007
2022-05-31 07:00,0.012
2022-05-31 08:00,0.017
2022-05-31 09:00,0.020
2022-05-31 10:00,0.023
2022-05-31 11:00,0.030
2022-05-31 12:00,0.043
2022-05-31 13:00,0.067
2022-05-31 14:00,0.102
2022-05-31 15:00,0.139
2022-05-31 16:00,0.162
2022-05-31 17:00,0.162
2022-05-31 18:00,0.155
2022-05-31 19:00,0.161
2022-05-31 20:00,0.187
2022-05-31 21:00,0.216
2022-05-31 22:00,0.238
2022-05-31 23:00,0.242
2022-06-01 00:00,0.229
2022-06-01 01:00,0.206
2022-06-01 02:00,0.183
2022-06-01 03:00,0.161
2022-06-01 04:00,0.135
2022-06-01 05:00,0.086
2022-06-01 06:00,0.063
2022-06-01 07:00,0.074
2022-06-01 08:00,0.083
2022-06-01 09:00,0.085
2022-06-01 10:00,0.079
2022-06-01 11:00,0.072
2022-06-01 12:00,0.067
2022-06-01 13:00,0.063
2022-06-01 14:00,0.059
2022-06-01 15:00,0.055
2022-06-01 16:00,0.048
2022-06-01 17:00,0.043
2022-06-01 18:00,0.043
2022-06-01 19:00,0.053
2022-06-01 20:00,0.071
2022-06-01 21:00,0.089
2022-06-01 22:00,0.103
2022-06-01 23:00,0.119
2022-06-02 00:00,0.133
2022-06-02 01:00,0.136
2022-06-02 02:00,0.128
2022-06-02 03:00,0.114
2022-06-02 04:00,0.103
2022-06-02 05:00,0.074
2022-06-02 06:00,0.060
2022-06-02 07:00,0.083
2022-06-02 08:00,0.095
2022-06-02 09:00,0.103
2022-06-02 10:00,0.114
2022-06-02 11:00,0.121
2022-06-02 12:00,0.120
2022-06-02 13:00,0.114
2022-06-02 14:00,0.109
2022-06-02 15:00,0.114
2022-06-02 16:00,0.123
2022-06-02 17:00,0.134
2022-06-02 18:00,0.173
2022-06-02 19:00,0.265
2022-06-02 20:00,0.365
2022-06-02 21:00,0.399
2022-06-02 22:00,0.384
2022-06-02 23:00,0.342
2022-06-03 00:00,0.302
2022-06-03 01:00,0.254
2022-06-03 02:00,0.204
2022-06-03 03:00,0.170
2022-06-03 04:00,0.149
2022-06-03 05:00,0.122
2022-06-03 06:00,0.117
2022-06-03 07:00,0.155
2022-06-03 08:00,0.186
2022-06-03 09:00,0.196
2022-06-03 10:00,0.210
2022-06-03 11:00,0.245
2022-06-03 12:00,0.306
2022-06-03 13:00,0.377
2022-06-03 14:00,0.432
2022-06-03 15:00,0.476
2022-06-03 16:00,0.502
2022-06-03 17:00,0.519
2022-06-03 18:00,0.527
2022-06-03 19:00,0.532
2022-06-03 20:00,0.539
2022-06-03 21:00,0.520
2022-06-03 22:00,0.512
2022-06-03 23:00,0.513
2022-06-04 00:00,0.502
2022-06-04 01:00,0.489
2022-06-04 02:00,0.480
2022-06-04 03:00,0.452
2022-06-04 04:00,0.430
2022-06-04 05:00,0.469
2022-06-04 06:00,0.487
2022-06-04 07:00,0.479
2022-06-04 08:00,0.497
2022-06-04 09:00,0.513
2022-06-04 10:00,0.520
2022-06-04 11:00,0.520
2022-06-04 12:00,0.514
2022-06-04 13:00,0.513
2022-06-04 14:00,0.513
2022-06-04 15:00,0.508
2022-06-04 16:00,0.496
2022-06-04 17:00,0.476
2022-06-04 18:00,0.437
2022-06-04 19:00,0.392
2022-06-04 20:00,0.400
2022-06-04 21:00,0.413
2022-06-04 22:00,0.361
2022-06-04 23:00,0.342
2022-06-05 00:00,0.352
2022-06-05 01:00,0.381
2022-06-05 02:00,0.385
2022-06-05 03:00,0.402
2022-06-05 04:00,0.426
2022-06-05 05:00,0.450
2022-06-05 06:00,0.505
2022-06-05 07:00,0.502
2022-06-05 08:00,0.486
2022-06-05 09:00,0.466
2022-06-05 10:00,0.422
2022-06-05 11:00,0.400
2022-06-05 12:00,0.402
2022-06-05 13:00,0.410
2022-06-05 14:00,0.432
2022-06-05 15:00,0.436
2022-06-05 16:00,0.426
2022-06-05 17:00,0.365
2022-06-05 18:00,0.320
2022-06-05 19:00,0.344
2022-06-05 20:00,0.370
2022-06-05 21:00,0.339
2022-06-05 22:00,0.311
2022-06-05 23:00,0.292
2022-06-06 00:00,0.311
2022-06-06 01:00,0.335
2022-06-06 02:00,0.338
2022-06-06 03:00,0.333
2022-06-06 04:00,0.321
2022-06-06 05:00,0.268
2022-06-06 06:00,0.232
2022-06-06 07:00,0.214
2022-06-06 08:00,0.186
2022-06-06 09:00,0.131
2022-06-06 10:00,0.070
2022-06-06 11:00,0.037
2022-06-06 12:00,0.031
2022-06-06 13:00,0.037
2022-06-06 14:00,0.047
2022-06-06 15:00,0.058
2022-06-06 16:00,0.063
2022-06-06 17:00,0.061
2022-06-06 18:00,0.054
2022-06-06 19:00,0.050
2022-06-06 20:00,0.050
2022-06-06 21:00,0.062
2022-06-06 22:00,0.091
2022-06-06 23:00,0.121
2022-06-07 00:00,0.141
2022-06-07 01:00,0.157
2022-06-07 02:00,0.169
2022-06-07 03:00,0.160
2022-06-07 04:00,0.135
2022-06-07 05:00,0.079
2022-06-07 06:00,0.044
2022-06-07 07:00,0.024
2022-06-07 08:00,0.009
2022-06-07 09:00,0.007
2022-06-07 10:00,0.007
2022-06-07 11:00,0.008
2022-06-07 12:00,0.010
2022-06-07 13:00,0.015
2022-06-07 14:00,0.022
2022-06-07 15:00,0.039
2022-06-07 16:00,0.059
2022-06-07 17:00,0.080
2022-06-07 18:00,0.133
2022-06-07 19:00,0.282
2022-06-07 20:00,0.456
2022-06-07 21:00,0.466
2022-06-07 22:00,0.416
2022-06-07 23:00,0.356
2022-06-08 00:00,0.348
2022-06-08 01:00,0.335
2022-06-08 02:00,0.325
2022-06-08 03:00,0.311
2022-06-08 04:00,0.298
2022-06-08 05:00,0.254
2022-06-08 06:00,0.202
2022-06-08 07:00,0.206
2022-06-08 08:00,0.276
2022-06-08 09:00,0.356
2022-06-08 10:00,0.422
2022-06-08 11:00,0.480
2022-06-08 12:00,0.542
2022-06-08 13:00,0.572
2022-06-08 14:00,0.569
2022-06-08 15:00,0.573
2022-06-08 16:00,0.562
2022-06-08 17:00,0.532
2022-06-08 18:00,0.441
2022-06-08 19:00,0.423
2022-06-08 20:00,0.466
2022-06-08 21:00,0.454
2022-06-08 22:00,0.496
2022-06-08 23:00,0.525
2022-06-09 00:00,0.513
2022-06-09 01:00,0.497
2022-06-09 02:00,0.497
2022-06-09 03:00,0.471
2022-06-09 04:00,0.420
2022-06-09 05:00,0.281
2022-06-09 06:00,0.342
2022-06-09 07:00,0.352
2022-06-09 08:00,0.357
2022-06-09 09:00,0.370
2022-06-09 10:00,0.382
2022-06-09 11:00,0.387
2022-06-09 12:00,0.413
2022-06-09 13:00,0.453
2022-06-09 14:00,0.502
2022-06-09 15:00,0.535
2022-06-09 16:00,0.546
2022-06-09 17:00,0.519
2022-06-09 18:00,0.493
2022-06-09 19:00,0.551
2022-06-09 20:00,0.602
2022-06-09 21:00,0.542
2022-06-09 22:00,0.528
2022-06-09 23:00,0.502
2022-06-10 00:00,0.480
2022-06-10 01:00,0.470
2022-06-10 02:00,0.465
2022-06-10 03:00,0.466
2022-06-10 04:00,0.442
2022-06-10 05:00,0.357
2022-06-10 06:00,0.443
2022-06-10 07:00,0.581
2022-06-10 08:00,0.615
2022-06-10 09:00,0.633
2022-06-10 10:00,0.659
2022-06-10 11:00,0.689
2022-06-10 12:00,0.722
2022-06-10 13:00,0.760
2022-06-10 14:00,0.792
2022-06-10 15:00,0.808
2022-06-10 16:00,0.801
2022-06-10 17:00,0.755
2022-06-10 18:00,0.682
2022-06-10 19:00,0.643
2022-06-10 20:00,0.655
2022-06-10 21:00,0.646
2022-06-10 22:00,0.604
2022-06-10 23:00,0.584
2022-06-11 00:00,0.577
2022-06-11 01:00,0.578
2022-06-11 02:00,0.593
2022-06-11 03:00,0.606
2022-06-11 04:00,0.577
2022-06-11 05:00,0.516
2022-06-11 06:00,0.665
2022-06-11 07:00,0.752
2022-06-11 08:00,0.796
2022-06-11 09:00,0.814
2022-06-11 10:00,0.826
2022-06-11 11:00,0.840
2022-06-11 12:00,0.845
2022-06-11 13:00,0.838
2022-06-11 14:00,0.837
2022-06-11 15:00,0.839
2022-06-11 16:00,0.837
2022-06-11 17:00,0.811
2022-06-11 18:00,0.736
2022-06-11 19:00,0.678
2022-06-11 20:00,0.663
2022-06-11 21:00,0.612
2022-06-11 22:00,0.628
2022-06-11 23:00,0.569
2022-06-12 00:00,0.528
2022-06-12 01:00,0.527
2022-06-12 02:00,0.529
2022-06-12 03:00,0.523
2022-06-12 04:00,0.466
2022-06-12 05:00,0.391
2022-06-12 06:00,0.543
2022-06-12 07:00,0.621
2022-06-12 08:00,0.696
2022-06-12 09:00,0.729
2022-06-12 10:00,0.731
2022-06-12 11:00,0.741
2022-06-12 12:00,0.765
2022-06-12 13:00,0.797
2022-06-12 14:00,0.808
2022-06-12 15:00,0.805
2022-06-12 16:00,0.787
2022-06-12 17:00,0.740
2022-06-12 18:00,0.661
2022-06-12 19:00,0.606
2022-06-12 20:00,0.591
2022-06-12 21:00,0.556
2022-06-12 22:00,0.510
2022-06-12 23:00,0.474
2022-06-13 00:00,0.476
2022-06-13 01:00,0.476
2022-06-13 02:00,0.467
2022-06-13 03:00,0.456
2022-06-13 04:00,0.390
2022-06-13 05:00,0.246
2022-06-13 06:00,0.304
2022-06-13 07:00,0.299
2022-06-13 08:00,0.327
2022-06-13 09:00,0.334
2022-06-13 10:00,0.311
2022-06-13 11:00,0.279
2022-06-13 12:00,0.254
2022-06-13 13:00,0.257
2022-06-13 14:00,0.270
2022-06-13 15:00,0.268
2022-06-13 16:00,0.251
2022-06-13 17:00,0.221
2022-06-13 18:00,0.187
2022-06-13 19:00,0.176
2022-06-13 20:00,0.195
2022-06-13 21:00,0.189
2022-06-13 22:00,0.164
2022-06-13 23:00,0.146
2022-06-14 00:00,0.136
2022-06-14 01:00,0.119
2022-06-14 02:00,0.113
2022-06-14 03:00,0.109
2022-06-14 04:00,0.101
2022-06-14 05:00,0.063
2022-06-14 06:00,0.039
2022-06-14 07:00,0.037
2022-06-14 08:00,0.037
2022-06-14 09:00,0.040
2022-06-14 10:00,0.043
2022-06-14 11:00,0.043
2022-06-14 12:00,0.041
2022-06-14 13:00,0.036
2022-06-14 14:00,0.027
2022-06-14 15:00,0.021
2022-06-14 16:00,0.018
2022-06-14 17:00,0.015
2022-06-14 18:00,0.023
2022-06-14 19:00,0.059
2022-06-14 20:00,0.124
2022-06-14 21:00,0.158
2022-06-14 22:00,0.162
2022-06-14 23:00,0.156
2022-06-15 00:00,0.143
2022-06-15 01:00,0.129
2022-06-15 02:00,0.103
2022-06-15 03:00,0.064
2022-06-15 04:00,0.035
2022-06-15 05:00,0.017
2022-06-15 06:00,0.007
2022-06-15 07:00,0.014
2022-06-15 08:00,0.019
2022-06-15 09:00,0.020
2022-06-15 10:00,0.025
2022-06-15 11:00,0.033
2022-06-15 12:00,0.042
2022-06-15 13:00,0.044
2022-06-15 14:00,0.046
2022-06-15 15:00,0.054
2022-06-15 16:00,0.077
2022-06-15 17:00,0.099
2022-06-15 18:00,0.114
2022-06-15 19:00,0.155
2022-06-15 20:00,0.213
2022-06-15 21:00,0.259
2022-06-15 22:00,0.302
2022-06-15 23:00,0.355
2022-06-16 00:00,0.408
2022-06-16 01:00,0.383
2022-06-16 02:00,0.290
2022-06-16 03:00,0.200
2022-06-16 04:00,0.195
2022-06-16 05:00,0.128
2022-06-16 06:00,0.039
2022-06-16 07:00,0.012
2022-06-16 08:00,0.012
2022-06-16 09:00,0.022
2022-06-16 10:00,0.028
2022-06-16 11:00,0.051
2022-06-16 12:00,0.066
2022-06-16 13:00,0.071
2022-06-16 14:00,0.076
2022-06-16 15:00,0.090
2022-06-16 16:00,0.118
2022-06-16 17:00,0.138
2022-06-16 18:00,0.147
2022-06-16 19:00,0.156
2022-06-16 20:00,0.179
2022-06-16 21:00,0.242
2022-06-16 22:00,0.335
2022-06-16 23:00,0.416
2022-06-17 00:00,0.383
2022-06-17 01:00,0.227
2022-06-17 02:00,0.111
2022-06-17 03:00,0.203
2022-06-17 04:00,0.390
2022-06-17 05:00,0.425
2022-06-17 06:00,0.354
2022-06-17 07:00,0.335
2022-06-17 08:00,0.350
2022-06-17 09:00,0.514
2022-06-17 10:00,0.663
2022-06-17 11:00,0.741
2022-06-17 12:00,0.732
2022-06-17 13:00,0.682
2022-06-17 14:00,0.658
2022-06-17 15:00,0.642
2022-06-17 16:00,0.629
2022-06-17 17:00,0.577
2022-06-17 18:00,0.473
2022-06-17 19:00,0.336
2022-06-17 20:00,0.288
2022-06-17 21:00,0.322
2022-06-17 22:00,0.296
2022-06-17 23:00,0.232
2022-06-18 00:00,0.202
2022-06-18 01:00,0.201
2022-06-18 02:00,0.204
2022-06-18 03:00,0.199
2022-06-18 04:00,0.170
2022-06-18 05:00,0.138
2022-06-18 06:00,0.175
2022-06-18 07:00,0.168
2022-06-18 08:00,0.141
2022-06-18 09:00,0.140
2022-06-18 10:00,0.156
2022-06-18 11:00,0.214
2022-06-18 12:00,0.307
2022-06-18 13:00,0.347
2022-06-18 14:00,0.263
2022-06-18 15:00,0.239
2022-06-18 16:00,0.348
2022-06-18 17:00,0.335
2022-06-18 18:00,0.168
2022-06-18 19:00,0.234
2022-06-18 20:00,0.314
2022-06-18 21:00,0.323
2022-06-18 22:00,0.391
2022-06-18 23:00,0.406
2022-06-19 00:00,0.383
2022-06-19 01:00,0.366
2022-06-19 02:00,0.382
2022-06-19 03:00,0.377
2022-06-19 04:00,0.347
2022-06-19 05:00,0.267
2022-06-19 06:00,0.323
2022-06-19 07:00,0.355
2022-06-19 08:00,0.385
2022-06-19 09:00,0.410
2022-06-19 10:00,0.380
2022-06-19 11:00,0.309
2022-06-19 12:00,0.210
2022-06-19 13:00,0.136
2022-06-19 14:00,0.117
2022-06-19 15:00,0.131
2022-06-19 16:00,0.156
2022-06-19 17:00,0.178
2022-06-19 18:00,0.205
2022-06-19 19:00,0.246
2022-06-19 20:00,0.288
2022-06-19 21:00,0.283
2022-06-19 22:00,0.224
2022-06-19 23:00,0.168
2022-06-20 00:00,0.149
2022-06-20 01:00,0.211
2022-06-20 02:00,0.315
2022-06-20 03:00,0.377
2022-06-20 04:00,0.258
2022-06-20 05:00,0.133
2022-06-20 06:00,0.117
2022-06-20 07:00,0.055
2022-06-20 08:00,0.033
2022-06-20 09:00,0.046
2022-06-20 10:00,0.069
2022-06-20 11:00,0.090
2022-06-20 12:00,0.101
2022-06-20 13:00,0.098
2022-06-20 14:00,0.088
2022-06-20 15:00,0.078
2022-06-20 16:00,0.068
2022-06-20 17:00,0.059
2022-06-20 18:00,0.056
2022-06-20 19:00,0.074
2022-06-20 20:00,0.104
2022-06-20 21:00,0.147
2022-06-20 22:00,0.191
2022-06-20 23:00,0.217
2022-06-21 00:00,0.221
2022-06-21 01:00,0.203
2022-06-21 02:00,0.174
2022-06-21 03:00,0.138
2022-06-21 04:00,0.106
2022-06-21 05:00,0.074
2022-06-21 06:00,0.049
2022-06-21 07:00,0.046
2022-06-21 08:00,0.039
2022-06-21 09:00,0.033
2022-06-21 10:00,0.032
2022-06-21 11:00,0.032
2022-06-21 12:00,0.033
2022-06-21 13:00,0.034
2022-06-21 14:00,0.037
2022-06-21 15:00,0.044
2022-06-21 16:00,0.052
2022-06-21 17:00,0.064
2022-06-21 18:00,0.089
2022-06-21 19:00,0.125
2022-06-21 20:00,0.139
2022-06-21 21:00,0.119
2022-06-21 22:00,0.107
2022-06-21 23:00,0.093
2022-06-22 00:00,0.075
2022-06-22 01:00,0.061
2022-06-22 02:00,0.043
2022-06-22 03:00,0.027
2022-06-22 04:00,0.017
2022-06-22 05:00,0.013
2022-06-22 06:00,0.016
2022-06-22 07:00,0.028
2022-06-22 08:00,0.037
2022-06-22 09:00,0.042
2022-06-22 10:00,0.049
2022-06-22 11:00,0.060
2022-06-22 12:00,0.073
2022-06-22 13:00,0.089
2022-06-22 14:00,0.106
2022-06-22 15:00,0.115
2022-06-22 16:00,0.113
2022-06-22 17:00,0.110
2022-06-22 18:00,0.120
2022-06-22 19:00,0.160
2022-06-22 20:00,0.204
2022-06-22 21:00,0.198
2022-06-22 22:00,0.156
2022-06-22 23:00,0.103
2022-06-23 00:00,0.064
2022-06-23 01:00,0.043
2022-06-23 02:00,0.032
2022-06-23 03:00,0.022
2022-06-23 04:00,0.019
2022-06-23 05:00,0.019
2022-06-23 06:00,0.022
2022-06-23 07:00,0.043
2022-06-23 08:00,0.052
2022-06-23 09:00,0.060
2022-06-23 10:00,0.062
2022-06-23 11:00,0.073
2022-06-23 12:00,0.102
2022-06-23 13:00,0.155
2022-06-23 14:00,0.221
2022-06-23 15:00,0.291
2022-06-23 16:00,0.312
2022-06-23 17:00,0.279
2022-06-23 18:00,0.242
2022-06-23 19:00,0.226
2022-06-23 20:00,0.208
2022-06-23 21:00,0.188
2022-06-23 22:00,0.185
2022-06-23 23:00,0.180
2022-06-24 00:00,0.159
2022-06-24 01:00,0.133
2022-06-24 02:00,0.120
2022-06-24 03:00,0.140
2022-06-24 04:00,0.169
2022-06-24 05:00,0.132
2022-06-24 06:00,0.056
2022-06-24 07:00,0.053
2022-06-24 08:00,0.052
2022-06-24 09:00,0.070
2022-06-24 10:00,0.096
2022-06-24 11:00,0.130
2022-06-24 12:00,0.172
2022-06-24 13:00,0.234
2022-06-24 14:00,0.314
2022-06-24 15:00,0.393
2022-06-24 16:00,0.463
2022-06-24 17:00,0.483
2022-06-24 18:00,0.498
2022-06-24 19:00,0.572
2022-06-24 20:00,0.597
2022-06-24 21:00,0.588
2022-06-24 22:00,0.583
2022-06-24 23:00,0.546
2022-06-25 00:00,0.552
2022-06-25 01:00,0.603
2022-06-25 02:00,0.620
2022-06-25 03:00,0.562
2022-06-25 04:00,0.497
2022-06-25 05:00,0.502
2022-06-25 06:00,0.625
2022-06-25 07:00,0.686
2022-06-25 08:00,0.725
2022-06-25 09:00,0.735
2022-06-25 10:00,0.739
2022-06-25 11:00,0.754
2022-06-25 12:00,0.769
2022-06-25 13:00,0.773
2022-06-25 14:00,0.765
2022-06-25 15:00,0.754
2022-06-25 16:00,0.729
2022-06-25 17:00,0.667
2022-06-25 18:00,0.578
2022-06-25 19:00,0.533
2022-06-25 20:00,0.522
2022-06-25 21:00,0.510
2022-06-25 22:00,0.556
2022-06-25 23:00,0.564
2022-06-26 00:00,0.542
2022-06-26 01:00,0.516
2022-06-26 02:00,0.510
2022-06-26 03:00,0.523
2022-06-26 04:00,0.499
2022-06-26 05:00,0.546
2022-06-26 06:00,0.678
2022-06-26 07:00,0.777
2022-06-26 08:00,0.827
2022-06-26 09:00,0.851
2022-06-26 10:00,0.869
2022-06-26 11:00,0.884
2022-06-26 12:00,0.894
2022-06-26 13:00,0.895
2022-06-26 14:00,0.882
2022-06-26 15:00,0.861
2022-06-26 16:00,0.830
2022-06-26 17:00,0.772
2022-06-26 18:00,0.709
2022-06-26 19:00,0.669
2022-06-26 20:00,0.634
2022-06-26 21:00,0.556
2022-06-26 22:00,0.517
2022-06-26 23:00,0.506
2022-06-27 00:00,0.480
2022-06-27 01:00,0.452
2022-06-27 02:00,0.439
2022-06-27 03:00,0.446
2022-06-27 04:00,0.398
2022-06-27 05:00,0.331
2022-06-27 06:00,0.439
2022-06-27 07:00,0.450
2022-06-27 08:00,0.438
2022-06-27 09:00,0.410
2022-06-27 10:00,0.376
2022-06-27 11:00,0.373
2022-06-27 12:00,0.415
2022-06-27 13:00,0.448
2022-06-27 14:00,0.448
2022-06-27 15:00,0.413
2022-06-27 16:00,0.356
2022-06-27 17:00,0.302
2022-06-27 18:00,0.239
2022-06-27 19:00,0.194
2022-06-27 20:00,0.183
2022-06-27 21:00,0.211
2022-06-27 22:00,0.281
2022-06-27 23:00,0.383
2022-06-28 00:00,0.450
2022-06-28 01:00,0.474
2022-06-28 02:00,0.436
2022-06-28 03:00,0.448
2022-06-28 04:00,0.382
2022-06-28 05:00,0.321
2022-06-28 06:00,0.318
2022-06-28 07:00,0.536
2022-06-28 08:00,0.703
2022-06-28 09:00,0.765
2022-06-28 10:00,0.794
2022-06-28 11:00,0.813
2022-06-28 12:00,0.821
2022-06-28 13:00,0.829
2022-06-28 14:00,0.840
2022-06-28 15:00,0.837
2022-06-28 16:00,0.805
2022-06-28 17:00,0.737
2022-06-28 18:00,0.684
2022-06-28 19:00,0.651
2022-06-28 20:00,0.636
2022-06-28 21:00,0.575
2022-06-28 22:00,0.546
2022-06-28 23:00,0.535
2022-06-29 00:00,0.505
2022-06-29 01:00,0.452
2022-06-29 02:00,0.407
2022-06-29 03:00,0.386
2022-06-29 04:00,0.382
2022-06-29 05:00,0.362
2022-06-29 06:00,0.355
2022-06-29 07:00,0.391
2022-06-29 08:00,0.421
2022-06-29 09:00,0.440
2022-06-29 10:00,0.450
2022-06-29 11:00,0.448
2022-06-29 12:00,0.426
2022-06-29 13:00,0.395
2022-06-29 14:00,0.351
2022-06-29 15:00,0.305
2022-06-29 16:00,0.258
2022-06-29 17:00,0.188
2022-06-29 18:00,0.129
2022-06-29 19:00,0.101
2022-06-29 20:00,0.088
2022-06-29 21:00,0.086
2022-06-29 22:00,0.080
2022-06-29 23:00,0.070
2022-06-30 00:00,0.061
2022-06-30 01:00,0.051
2022-06-30 02:00,0.039
2022-06-30 03:00,0.033
2022-06-30 04:00,0.039
2022-06-30 05:00,0.036
2022-06-30 06:00,0.052
2022-06-30 07:00,0.084
2022-06-30 08:00,0.107
2022-06-30 09:00,0.106
2022-06-30 10:00,0.087
2022-06-30 11:00,0.070
2022-06-30 12:00,0.056
2022-06-30 13:00,0.052
2022-06-30 14:00,0.048
2022-06-30 15:00,0.047
2022-06-30 16:00,0.044
2022-06-30 17:00,0.043
2022-06-30 18:00,0.044
2022-06-30 19:00,0.057
2022-06-30 20:00,0.086
2022-06-30 21:00,0.131
2022-06-30 22:00,0.184
2022-06-30 23:00,0.229
2022-07-01 00:00,0.274
2022-07-01 01:00,0.292
2022-07-01 02:00,0.279
2022-07-01 03:00,0.251
2022-07-01 04:00,0.196
2022-07-01 05:00,0.127
2022-07-01 06:00,0.111
2022-07-01 07:00,0.130
2022-07-01 08:00,0.182
2022-07-01 09:00,0.246
2022-07-01 10:00,0.289
2022-07-01 11:00,0.321
2022-07-01 12:00,0.335
2022-07-01 13:00,0.321
2022-07-01 14:00,0.304
2022-07-01 15:00,0.309
2022-07-01 16:00,0.289
2022-07-01 17:00,0.258
2022-07-01 18:00,0.243
2022-07-01 19:00,0.277
2022-07-01 20:00,0.348
2022-07-01 21:00,0.419
2022-07-01 22:00,0.526
2022-07-01 23:00,0.590
2022-07-02 00:00,0.617
2022-07-02 01:00,0.602
2022-07-02 02:00,0.597
2022-07-02 03:00,0.581
2022-07-02 04:00,0.562
2022-07-02 05:00,0.516
2022-07-02 06:00,0.522
2022-07-02 07:00,0.556
2022-07-02 08:00,0.566
2022-07-02 09:00,0.566
2022-07-02 10:00,0.562
2022-07-02 11:00,0.536
2022-07-02 12:00,0.502
2022-07-02 13:00,0.460
2022-07-02 14:00,0.410
2022-07-02 15:00,0.365
2022-07-02 16:00,0.325
2022-07-02 17:00,0.292
2022-07-02 18:00,0.238
2022-07-02 19:00,0.201
2022-07-02 20:00,0.199
2022-07-02 21:00,0.224
2022-07-02 22:00,0.265
2022-07-02 23:00,0.308
2022-07-03 00:00,0.335
2022-07-03 01:00,0.330
2022-07-03 02:00,0.314
2022-07-03 03:00,0.312
2022-07-03 04:00,0.299
2022-07-03 05:00,0.189
2022-07-03 06:00,0.152
2022-07-03 07:00,0.161
2022-07-03 08:00,0.192
2022-07-03 09:00,0.239
2022-07-03 10:00,0.284
2022-07-03 11:00,0.329
2022-07-03 12:00,0.380
2022-07-03 13:00,0.429
2022-07-03 14:00,0.463
2022-07-03 15:00,0.500
2022-07-03 16:00,0.516
2022-07-03 17:00,0.490
2022-07-03 18:00,0.430
2022-07-03 19:00,0.372
2022-07-03 20:00,0.373
2022-07-03 21:00,0.396
2022-07-03 22:00,0.423
2022-07-03 23:00,0.437
2022-07-04 00:00,0.429
2022-07-04 01:00,0.413
2022-07-04 02:00,0.453
2022-07-04 03:00,0.476
2022-07-04 04:00,0.443
2022-07-04 05:00,0.399
2022-07-04 06:00,0.618
2022-07-04 07:00,0.678
2022-07-04 08:00,0.696
2022-07-04 09:00,0.704
2022-07-04 10:00,0.714
2022-07-04 11:00,0.726
2022-07-04 12:00,0.736
2022-07-04 13:00,0.744
2022-07-04 14:00,0.743
2022-07-04 15:00,0.723
2022-07-04 16:00,0.680
2022-07-04 17:00,0.611
2022-07-04 18:00,0.506
2022-07-04 19:00,0.469
2022-07-04 20:00,0.483
2022-07-04 21:00,0.480
2022-07-04 22:00,0.455
2022-07-04 23:00,0.430
2022-07-05 00:00,0.454
2022-07-05 01:00,0.463
2022-07-05 02:00,0.462
2022-07-05 03:00,0.440
2022-07-05 04:00,0.393
2022-07-05 05:00,0.292
2022-07-05 06:00,0.390
2022-07-05 07:00,0.411
2022-07-05 08:00,0.405
2022-07-05 09:00,0.389
2022-07-05 10:00,0.371
2022-07-05 11:00,0.355
2022-07-05 12:00,0.356
2022-07-05 13:00,0.380
2022-07-05 14:00,0.406
2022-07-05 15:00,0.420
2022-07-05 16:00,0.400
2022-07-05 17:00,0.361
2022-07-05 18:00,0.321
2022-07-05 19:00,0.305
2022-07-05 20:00,0.376
2022-07-05 21:00,0.433
2022-07-05 22:00,0.429
2022-07-05 23:00,0.409
2022-07-06 00:00,0.412
2022-07-06 01:00,0.382
2022-07-06 02:00,0.393
2022-07-06 03:00,0.426
2022-07-06 04:00,0.473
2022-07-06 05:00,0.429
2022-07-06 06:00,0.527
2022-07-06 07:00,0.585
2022-07-06 08:00,0.616
2022-07-06 09:00,0.651
2022-07-06 10:00,0.669
2022-07-06 11:00,0.710
2022-07-06 12:00,0.771
2022-07-06 13:00,0.826
2022-07-06 14:00,0.858
2022-07-06 15:00,0.875
2022-07-06 16:00,0.879
2022-07-06 17:00,0.868
2022-07-06 18:00,0.847
2022-07-06 19:00,0.851
2022-07-06 20:00,0.841
2022-07-06 21:00,0.822
2022-07-06 22:00,0.789
2022-07-06 23:00,0.725
2022-07-07 00:00,0.655
2022-07-07 01:00,0.594
2022-07-07 02:00,0.507
2022-07-07 03:00,0.453
2022-07-07 04:00,0.377
2022-07-07 05:00,0.273
2022-07-07 06:00,0.300
2022-07-07 07:00,0.265
2022-07-07 08:00,0.232
2022-07-07 09:00,0.210
2022-07-07 10:00,0.182
2022-07-07 11:00,0.152
2022-07-07 12:00,0.134
2022-07-07 13:00,0.134
2022-07-07 14:00,0.145
2022-07-07 15:00,0.165
2022-07-07 16:00,0.204
2022-07-07 17:00,0.251
2022-07-07 18:00,0.297
2022-07-07 19:00,0.345
2022-07-07 20:00,0.386
2022-07-07 21:00,0.396
2022-07-07 22:00,0.387
2022-07-07 23:00,0.374
2022-07-08 00:00,0.376
2022-07-08 01:00,0.402
2022-07-08 02:00,0.424
2022-07-08 03:00,0.419
2022-07-08 04:00,0.358
2022-07-08 05:00,0.209
2022-07-08 06:00,0.173
2022-07-08 07:00,0.153
2022-07-08 08:00,0.141
2022-07-08 09:00,0.163
2022-07-08 10:00,0.206
2022-07-08 11:00,0.259
2022-07-08 12:00,0.319
2022-07-08 13:00,0.386
2022-07-08 14:00,0.456
2022-07-08 15:00,0.501
2022-07-08 16:00,0.495
2022-07-08 17:00,0.446
2022-07-08 18:00,0.390
2022-07-08 19:00,0.333
2022-07-08 20:00,0.360
2022-07-08 21:00,0.393
2022-07-08 22:00,0.423
2022-07-08 23:00,0.456
2022-07-09 00:00,0.465
2022-07-09 01:00,0.470
2022-07-09 02:00,0.487
2022-07-09 03:00,0.460
2022-07-09 04:00,0.401
2022-07-09 05:00,0.309
2022-07-09 06:00,0.363
2022-07-09 07:00,0.306
2022-07-09 08:00,0.230
2022-07-09 09:00,0.177
2022-07-09 10:00,0.148
2022-07-09 11:00,0.142
2022-07-09 12:00,0.147
2022-07-09 13:00,0.157
2022-07-09 14:00,0.165
2022-07-09 15:00,0.172
2022-07-09 16:00,0.184
2022-07-09 17:00,0.197
2022-07-09 18:00,0.199
2022-07-09 19:00,0.220
2022-07-09 20:00,0.276
2022-07-09 21:00,0.324
2022-07-09 22:00,0.344
2022-07-09 23:00,0.356
2022-07-10 00:00,0.365
2022-07-10 01:00,0.361
2022-07-10 02:00,0.355
2022-07-10 03:00,0.333
2022-07-10 04:00,0.271
2022-07-10 05:00,0.134
2022-07-10 06:00,0.064
2022-07-10 07:00,0.040
2022-07-10 08:00,0.018
2022-07-10 09:00,0.010
2022-07-10 10:00,0.007
2022-07-10 11:00,0.006
2022-07-10 12:00,0.010
2022-07-10 13:00,0.016
2022-07-10 14:00,0.021
2022-07-10 15:00,0.025
2022-07-10 16:00,0.027
2022-07-10 17:00,0.027
2022-07-10 18:00,0.025
2022-07-10 19:00,0.035
2022-07-10 20:00,0.047
2022-07-10 21:00,0.051
2022-07-10 22:00,0.047
2022-07-10 23:00,0.039
2022-07-11 00:00,0.031
2022-07-11 01:00,0.022
2022-07-11 02:00,0.015
2022-07-11 03:00,0.013
2022-07-11 04:00,0.010
2022-07-11 05:00,0.006
2022-07-11 06:00,0.005
2022-07-11 07:00,0.009
2022-07-11 08:00,0.032
2022-07-11 09:00,0.058
2022-07-11 10:00,0.085
2022-07-11 11:00,0.113
2022-07-11 12:00,0.135
2022-07-11 13:00,0.161
2022-07-11 14:00,0.184
2022-07-11 15:00,0.208
2022-07-11 16:00,0.227
2022-07-11 17:00,0.224
2022-07-11 18:00,0.203
2022-07-11 19:00,0.215
2022-07-11 20:00,0.250
2022-07-11 21:00,0.324
2022-07-11 22:00,0.408
2022-07-11 23:00,0.470
2022-07-12 00:00,0.491
2022-07-12 01:00,0.480
2022-07-12 02:00,0.462
2022-07-12 03:00,0.447
2022-07-12 04:00,0.410
2022-07-12 05:00,0.333
2022-07-12 06:00,0.231
2022-07-12 07:00,0.169
2022-07-12 08:00,0.184
2022-07-12 09:00,0.228
2022-07-12 10:00,0.245
2022-07-12 11:00,0.254
2022-07-12 12:00,0.287
2022-07-12 13:00,0.348
2022-07-12 14:00,0.393
2022-07-12 15:00,0.424
2022-07-12 16:00,0.432
2022-07-12 17:00,0.384
2022-07-12 18:00,0.311
2022-07-12 19:00,0.294
2022-07-12 20:00,0.323
2022-07-12 21:00,0.387
2022-07-12 22:00,0.442
2022-07-12 23:00,0.462
2022-07-13 00:00,0.450
2022-07-13 01:00,0.423
2022-07-13 02:00,0.432
2022-07-13 03:00,0.413
2022-07-13 04:00,0.335
2022-07-13 05:00,0.232
2022-07-13 06:00,0.304
2022-07-13 07:00,0.288
2022-07-13 08:00,0.246
2022-07-13 09:00,0.216
2022-07-13 10:00,0.233
2022-07-13 11:00,0.238
2022-07-13 12:00,0.245
2022-07-13 13:00,0.276
2022-07-13 14:00,0.311
2022-07-13 15:00,0.298
2022-07-13 16:00,0.297
2022-07-13 17:00,0.288
2022-07-13 18:00,0.268
2022-07-13 19:00,0.248
2022-07-13 20:00,0.269
2022-07-13 21:00,0.268
2022-07-13 22:00,0.263
2022-07-13 23:00,0.246
2022-07-14 00:00,0.231
2022-07-14 01:00,0.220
2022-07-14 02:00,0.235
2022-07-14 03:00,0.248
2022-07-14 04:00,0.239
2022-07-14 05:00,0.194
2022-07-14 06:00,0.194
2022-07-14 07:00,0.232
2022-07-14 08:00,0.279
2022-07-14 09:00,0.314
2022-07-14 10:00,0.333
2022-07-14 11:00,0.368
2022-07-14 12:00,0.400
2022-07-14 13:00,0.429
2022-07-14 14:00,0.446
2022-07-14 15:00,0.446
2022-07-14 16:00,0.444
2022-07-14 17:00,0.436
2022-07-14 18:00,0.394
2022-07-14 19:00,0.355
2022-07-14 20:00,0.382
2022-07-14 21:00,0.393
2022-07-14 22:00,0.377
2022-07-14 23:00,0.348
2022-07-15 00:00,0.320
2022-07-15 01:00,0.306
2022-07-15 02:00,0.306
2022-07-15 03:00,0.333
2022-07-15 04:00,0.351
2022-07-15 05:00,0.248
2022-07-15 06:00,0.238
2022-07-15 07:00,0.359
2022-07-15 08:00,0.480
2022-07-15 09:00,0.569
2022-07-15 10:00,0.616
2022-07-15 11:00,0.656
2022-07-15 12:00,0.693
2022-07-15 13:00,0.719
2022-07-15 14:00,0.730
2022-07-15 15:00,0.722
2022-07-15 16:00,0.680
2022-07-15 17:00,0.606
2022-07-15 18:00,0.486
2022-07-15 19:00,0.406
2022-07-15 20:00,0.383
2022-07-15 21:00,0.355
2022-07-15 22:00,0.311
2022-07-15 23:00,0.285
2022-07-16 00:00,0.270
2022-07-16 01:00,0.254
2022-07-16 02:00,0.231
2022-07-16 03:00,0.215
2022-07-16 04:00,0.191
2022-07-16 05:00,0.108
2022-07-16 06:00,0.059
2022-07-16 07:00,0.041
2022-07-16 08:00,0.028
2022-07-16 09:00,0.022
2022-07-16 10:00,0.021
2022-07-16 11:00,0.028
2022-07-16 12:00,0.041
2022-07-16 13:00,0.049
2022-07-16 14:00,0.056
2022-07-16 15:00,0.062
2022-07-16 16:00,0.079
2022-07-16 17:00,0.156
2022-07-16 18:00,0.307
2022-07-16 19:00,0.319
2022-07-16 20:00,0.143
2022-07-16 21:00,0.070
2022-07-16 22:00,0.057
2022-07-16 23:00,0.038
2022-07-17 00:00,0.020
2022-07-17 01:00,0.018
2022-07-17 02:00,0.023
2022-07-17 03:00,0.053
2022-07-17 04:00,0.100
2022-07-17 05:00,0.141
2022-07-17 06:00,0.142
2022-07-17 07:00,0.097
2022-07-17 08:00,0.108
2022-07-17 09:00,0.129
2022-07-17 10:00,0.156
2022-07-17 11:00,0.199
2022-07-17 12:00,0.255
2022-07-17 13:00,0.314
2022-07-17 14:00,0.350
2022-07-17 15:00,0.335
2022-07-17 16:00,0.273
2022-07-17 17:00,0.270
2022-07-17 18:00,0.320
2022-07-17 19:00,0.376
2022-07-17 20:00,0.423
2022-07-17 21:00,0.470
2022-07-17 22:00,0.499
2022-07-17 23:00,0.529
2022-07-18 00:00,0.564
2022-07-18 01:00,0.574
2022-07-18 02:00,0.548
2022-07-18 03:00,0.497
2022-07-18 04:00,0.429
2022-07-18 05:00,0.326
2022-07-18 06:00,0.175
2022-07-18 07:00,0.071
2022-07-18 08:00,0.046
2022-07-18 09:00,0.047
2022-07-18 10:00,0.054
2022-07-18 11:00,0.077
2022-07-18 12:00,0.103
2022-07-18 13:00,0.126
2022-07-18 14:00,0.142
2022-07-18 15:00,0.166
2022-07-18 16:00,0.203
2022-07-18 17:00,0.187
2022-07-18 18:00,0.174
2022-07-18 19:00,0.238
2022-07-18 20:00,0.334
2022-07-18 21:00,0.400
2022-07-18 22:00,0.406
2022-07-18 23:00,0.404
2022-07-19 00:00,0.403
2022-07-19 01:00,0.390
2022-07-19 02:00,0.387
2022-07-19 03:00,0.344
2022-07-19 04:00,0.286
2022-07-19 05:00,0.241
2022-07-19 06:00,0.171
2022-07-19 07:00,0.118
2022-07-19 08:00,0.112
2022-07-19 09:00,0.122
2022-07-19 10:00,0.217
2022-07-19 11:00,0.299
2022-07-19 12:00,0.370
2022-07-19 13:00,0.431
2022-07-19 14:00,0.479
2022-07-19 15:00,0.444
2022-07-19 16:00,0.333
2022-07-19 17:00,0.271
2022-07-19 18:00,0.223
2022-07-19 19:00,0.159
2022-07-19 20:00,0.124
2022-07-19 21:00,0.102
2022-07-19 22:00,0.162
2022-07-19 23:00,0.379
2022-07-20 00:00,0.516
2022-07-20 01:00,0.460
2022-07-20 02:00,0.347
2022-07-20 03:00,0.319
2022-07-20 04:00,0.326
2022-07-20 05:00,0.260
2022-07-20 06:00,0.206
2022-07-20 07:00,0.220
2022-07-20 08:00,0.281
2022-07-20 09:00,0.328
2022-07-20 10:00,0.325
2022-07-20 11:00,0.311
2022-07-20 12:00,0.292
2022-07-20 13:00,0.273
2022-07-20 14:00,0.276
2022-07-20 15:00,0.277
2022-07-20 16:00,0.283
2022-07-20 17:00,0.272
2022-07-20 18:00,0.237
2022-07-20 19:00,0.204
2022-07-20 20:00,0.205
2022-07-20 21:00,0.198
2022-07-20 22:00,0.174
2022-07-20 23:00,0.172
2022-07-21 00:00,0.184
2022-07-21 01:00,0.182
2022-07-21 02:00,0.166
2022-07-21 03:00,0.143
2022-07-21 04:00,0.119
2022-07-21 05:00,0.073
2022-07-21 06:00,0.050
2022-07-21 07:00,0.037
2022-07-21 08:00,0.023
2022-07-21 09:00,0.014
2022-07-21 10:00,0.010
2022-07-21 11:00,0.010
2022-07-21 12:00,0.011
2022-07-21 13:00,0.014
2022-07-21 14:00,0.017
2022-07-21 15:00,0.026
2022-07-21 16:00,0.042
2022-07-21 17:00,0.067
2022-07-21 18:00,0.099
2022-07-21 19:00,0.145
2022-07-21 20:00,0.198
2022-07-21 21:00,0.222
2022-07-21 22:00,0.217
2022-07-21 23:00,0.211
2022-07-22 00:00,0.202
2022-07-22 01:00,0.196
2022-07-22 02:00,0.189
2022-07-22 03:00,0.180
2022-07-22 04:00,0.183
2022-07-22 05:00,0.160
2022-07-22 06:00,0.155
2022-07-22 07:00,0.179
2022-07-22 08:00,0.209
2022-07-22 09:00,0.212
2022-07-22 10:00,0.210
2022-07-22 11:00,0.203
2022-07-22 12:00,0.188
2022-07-22 13:00,0.177
2022-07-22 14:00,0.180
2022-07-22 15:00,0.194
2022-07-22 16:00,0.195
2022-07-22 17:00,0.181
2022-07-22 18:00,0.189
2022-07-22 19:00,0.248
2022-07-22 20:00,0.287
2022-07-22 21:00,0.259
2022-07-22 22:00,0.226
2022-07-22 23:00,0.183
2022-07-23 00:00,0.157
2022-07-23 01:00,0.129
2022-07-23 02:00,0.109
2022-07-23 03:00,0.093
2022-07-23 04:00,0.075
2022-07-23 05:00,0.047
2022-07-23 06:00,0.032
2022-07-23 07:00,0.042
2022-07-23 08:00,0.073
2022-07-23 09:00,0.131
2022-07-23 10:00,0.207
2022-07-23 11:00,0.293
2022-07-23 12:00,0.371
2022-07-23 13:00,0.445
2022-07-23 14:00,0.528
2022-07-23 15:00,0.581
2022-07-23 16:00,0.600
2022-07-23 17:00,0.584
2022-07-23 18:00,0.623
2022-07-23 19:00,0.696
2022-07-23 20:00,0.737
2022-07-23 21:00,0.771
2022-07-23 22:00,0.797
2022-07-23 23:00,0.804
2022-07-24 00:00,0.792
2022-07-24 01:00,0.777
2022-07-24 02:00,0.756
2022-07-24 03:00,0.715
2022-07-24 04:00,0.686
2022-07-24 05:00,0.648
2022-07-24 06:00,0.577
2022-07-24 07:00,0.699
2022-07-24 08:00,0.750
2022-07-24 09:00,0.762
2022-07-24 10:00,0.762
2022-07-24 11:00,0.768
2022-07-24 12:00,0.796
2022-07-24 13:00,0.833
2022-07-24 14:00,0.855
2022-07-24 15:00,0.863
2022-07-24 16:00,0.827
2022-07-24 17:00,0.799
2022-07-24 18:00,0.799
2022-07-24 19:00,0.791
2022-07-24 20:00,0.751
2022-07-24 21:00,0.692
2022-07-24 22:00,0.666
2022-07-24 23:00,0.625
2022-07-25 00:00,0.577
2022-07-25 01:00,0.536
2022-07-25 02:00,0.491
2022-07-25 03:00,0.497
2022-07-25 04:00,0.491
2022-07-25 05:00,0.450
2022-07-25 06:00,0.502
2022-07-25 07:00,0.558
2022-07-25 08:00,0.606
2022-07-25 09:00,0.628
2022-07-25 10:00,0.650
2022-07-25 11:00,0.678
2022-07-25 12:00,0.707
2022-07-25 13:00,0.741
2022-07-25 14:00,0.765
2022-07-25 15:00,0.757
2022-07-25 16:00,0.705
2022-07-25 17:00,0.600
2022-07-25 18:00,0.428
2022-07-25 19:00,0.304
2022-07-25 20:00,0.248
2022-07-25 21:00,0.206
2022-07-25 22:00,0.181
2022-07-25 23:00,0.158
2022-07-26 00:00,0.125
2022-07-26 01:00,0.097
2022-07-26 02:00,0.070
2022-07-26 03:00,0.048
2022-07-26 04:00,0.032
2022-07-26 05:00,0.019
2022-07-26 06:00,0.015
2022-07-26 07:00,0.014
2022-07-26 08:00,0.017
2022-07-26 09:00,0.025
2022-07-26 10:00,0.036
2022-07-26 11:00,0.049
2022-07-26 12:00,0.059
2022-07-26 13:00,0.070
2022-07-26 14:00,0.078
2022-07-26 15:00,0.078
2022-07-26 16:00,0.073
2022-07-26 17:00,0.064
2022-07-26 18:00,0.054
2022-07-26 19:00,0.051
2022-07-26 20:00,0.051
2022-07-26 21:00,0.049
2022-07-26 22:00,0.047
2022-07-26 23:00,0.042
2022-07-27 00:00,0.037
2022-07-27 01:00,0.036
2022-07-27 02:00,0.035
2022-07-27 03:00,0.030
2022-07-27 04:00,0.028
2022-07-27 05:00,0.027
2022-07-27 06:00,0.029
2022-07-27 07:00,0.056
2022-07-27 08:00,0.075
2022-07-27 09:00,0.087
2022-07-27 10:00,0.094
2022-07-27 11:00,0.090
2022-07-27 12:00,0.082
2022-07-27 13:00,0.071
2022-07-27 14:00,0.065
2022-07-27 15:00,0.065
2022-07-27 16:00,0.065
2022-07-27 17:00,0.071
2022-07-27 18:00,0.090
2022-07-27 19:00,0.134
2022-07-27 20:00,0.195
2022-07-27 21:00,0.239
2022-07-27 22:00,0.263
2022-07-27 23:00,0.258
2022-07-28 00:00,0.237
2022-07-28 01:00,0.229
2022-07-28 02:00,0.220
2022-07-28 03:00,0.216
2022-07-28 04:00,0.223
2022-07-28 05:00,0.199
2022-07-28 06:00,0.145
2022-07-28 07:00,0.198
2022-07-28 08:00,0.258
2022-07-28 09:00,0.268
2022-07-28 10:00,0.268
2022-07-28 11:00,0.275
2022-07-28 12:00,0.279
2022-07-28 13:00,0.270
2022-07-28 14:00,0.255
2022-07-28 15:00,0.235
2022-07-28 16:00,0.229
2022-07-28 17:00,0.247
2022-07-28 18:00,0.281
2022-07-28 19:00,0.365
2022-07-28 20:00,0.429
2022-07-28 21:00,0.409
2022-07-28 22:00,0.384
2022-07-28 23:00,0.371
2022-07-29 00:00,0.330
2022-07-29 01:00,0.321
2022-07-29 02:00,0.304
2022-07-29 03:00,0.279
2022-07-29 04:00,0.236
2022-07-29 05:00,0.180
2022-07-29 06:00,0.114
2022-07-29 07:00,0.114
2022-07-29 08:00,0.108
2022-07-29 09:00,0.098
2022-07-29 10:00,0.091
2022-07-29 11:00,0.086
2022-07-29 12:00,0.081
2022-07-29 13:00,0.075
2022-07-29 14:00,0.069
2022-07-29 15:00,0.062
2022-07-29 16:00,0.056
2022-07-29 17:00,0.062
2022-07-29 18:00,0.100
2022-07-29 19:00,0.180
2022-07-29 20:00,0.289
2022-07-29 21:00,0.331
2022-07-29 22:00,0.337
2022-07-29 23:00,0.331
2022-07-30 00:00,0.318
2022-07-30 01:00,0.287
2022-07-30 02:00,0.256
2022-07-30 03:00,0.254
2022-07-30 04:00,0.276
2022-07-30 05:00,0.257
2022-07-30 06:00,0.185
2022-07-30 07:00,0.198
2022-07-30 08:00,0.311
2022-07-30 09:00,0.378
2022-07-30 10:00,0.396
2022-07-30 11:00,0.425
2022-07-30 12:00,0.454
2022-07-30 13:00,0.459
2022-07-30 14:00,0.447
2022-07-30 15:00,0.416
2022-07-30 16:00,0.377
2022-07-30 17:00,0.320
2022-07-30 18:00,0.267
2022-07-30 19:00,0.267
2022-07-30 20:00,0.272
2022-07-30 21:00,0.246
2022-07-30 22:00,0.216
2022-07-30 23:00,0.206
2022-07-31 00:00,0.199
2022-07-31 01:00,0.185
2022-07-31 02:00,0.172
2022-07-31 03:00,0.163
2022-07-31 04:00,0.160
2022-07-31 05:00,0.156
2022-07-31 06:00,0.134
2022-07-31 07:00,0.143
2022-07-31 08:00,0.163
2022-07-31 09:00,0.213
2022-07-31 10:00,0.265
2022-07-31 11:00,0.319
2022-07-31 12:00,0.413
2022-07-31 13:00,0.470
2022-07-31 14:00,0.460
2022-07-31 15:00,0.377
2022-07-31 16:00,0.270
2022-07-31 17:00,0.190
2022-07-31 18:00,0.132
2022-07-31 19:00,0.112
2022-07-31 20:00,0.107
2022-07-31 21:00,0.090
2022-07-31 22:00,0.062
2022-07-31 23:00,0.050
2022-08-01 00:00,0.054
2022-08-01 01:00,0.073
2022-08-01 02:00,0.106
2022-08-01 03:00,0.123
2022-08-01 04:00,0.134
2022-08-01 05:00,0.118
2022-08-01 06:00,0.073
2022-08-01 07:00,0.071
2022-08-01 08:00,0.074
2022-08-01 09:00,0.063
2022-08-01 10:00,0.074
2022-08-01 11:00,0.111
2022-08-01 12:00,0.152
2022-08-01 13:00,0.193
2022-08-01 14:00,0.236
2022-08-01 15:00,0.265
2022-08-01 16:00,0.288
2022-08-01 17:00,0.306
2022-08-01 18:00,0.384
2022-08-01 19:00,0.467
2022-08-01 20:00,0.489
2022-08-01 21:00,0.491
2022-08-01 22:00,0.501
2022-08-01 23:00,0.548
2022-08-02 00:00,0.628
2022-08-02 01:00,0.669
2022-08-02 02:00,0.720
2022-08-02 03:00,0.700
2022-08-02 04:00,0.674
2022-08-02 05:00,0.682
2022-08-02 06:00,0.619
2022-08-02 07:00,0.612
2022-08-02 08:00,0.728
2022-08-02 09:00,0.792
2022-08-02 10:00,0.829
2022-08-02 11:00,0.833
2022-08-02 12:00,0.833
2022-08-02 13:00,0.838
2022-08-02 14:00,0.837
2022-08-02 15:00,0.829
2022-08-02 16:00,0.809
2022-08-02 17:00,0.766
2022-08-02 18:00,0.725
2022-08-02 19:00,0.712
2022-08-02 20:00,0.713
2022-08-02 21:00,0.731
2022-08-02 22:00,0.752
2022-08-02 23:00,0.749
2022-08-03 00:00,0.740
2022-08-03 01:00,0.737
2022-08-03 02:00,0.689
2022-08-03 03:00,0.671
2022-08-03 04:00,0.632
2022-08-03 05:00,0.523
2022-08-03 06:00,0.549
2022-08-03 07:00,0.628
2022-08-03 08:00,0.654
2022-08-03 09:00,0.676
2022-08-03 10:00,0.696
2022-08-03 11:00,0.713
2022-08-03 12:00,0.719
2022-08-03 13:00,0.707
2022-08-03 14:00,0.678
2022-08-03 15:00,0.626
2022-08-03 16:00,0.562
2022-08-03 17:00,0.472
2022-08-03 18:00,0.361
2022-08-03 19:00,0.327
2022-08-03 20:00,0.316
2022-08-03 21:00,0.330
2022-08-03 22:00,0.355
2022-08-03 23:00,0.355
2022-08-04 00:00,0.321
2022-08-04 01:00,0.305
2022-08-04 02:00,0.311
2022-08-04 03:00,0.317
2022-08-04 04:00,0.319
2022-08-04 05:00,0.248
2022-08-04 06:00,0.251
2022-08-04 07:00,0.289
2022-08-04 08:00,0.338
2022-08-04 09:00,0.428
2022-08-04 10:00,0.485
2022-08-04 11:00,0.497
2022-08-04 12:00,0.487
2022-08-04 13:00,0.463
2022-08-04 14:00,0.436
2022-08-04 15:00,0.420
2022-08-04 16:00,0.413
2022-08-04 17:00,0.415
2022-08-04 18:00,0.387
2022-08-04 19:00,0.383
2022-08-04 20:00,0.419
2022-08-04 21:00,0.410
2022-08-04 22:00,0.390
2022-08-04 23:00,0.363
2022-08-05 00:00,0.344
2022-08-05 01:00,0.352
2022-08-05 02:00,0.374
2022-08-05 03:00,0.381
2022-08-05 04:00,0.374
2022-08-05 05:00,0.279
2022-08-05 06:00,0.274
2022-08-05 07:00,0.319
2022-08-05 08:00,0.313
2022-08-05 09:00,0.333
2022-08-05 10:00,0.360
2022-08-05 11:00,0.391
2022-08-05 12:00,0.424
2022-08-05 13:00,0.457
2022-08-05 14:00,0.483
2022-08-05 15:00,0.483
2022-08-05 16:00,0.454
2022-08-05 17:00,0.412
2022-08-05 18:00,0.333
2022-08-05 19:00,0.338
2022-08-05 20:00,0.398
2022-08-05 21:00,0.439
2022-08-05 22:00,0.449
2022-08-05 23:00,0.432
2022-08-06 00:00,0.416
2022-08-06 01:00,0.393
2022-08-06 02:00,0.356
2022-08-06 03:00,0.303
2022-08-06 04:00,0.246
2022-08-06 05:00,0.184
2022-08-06 06:00,0.111
2022-08-06 07:00,0.134
2022-08-06 08:00,0.152
2022-08-06 09:00,0.178
2022-08-06 10:00,0.201
2022-08-06 11:00,0.219
2022-08-06 12:00,0.231
2022-08-06 13:00,0.244
2022-08-06 14:00,0.257
2022-08-06 15:00,0.272
2022-08-06 16:00,0.285
2022-08-06 17:00,0.288
2022-08-06 18:00,0.258
2022-08-06 19:00,0.257
2022-08-06 20:00,0.251
2022-08-06 21:00,0.237
2022-08-06 22:00,0.250
2022-08-06 23:00,0.297
2022-08-07 00:00,0.354
2022-08-07 01:00,0.397
2022-08-07 02:00,0.423
2022-08-07 03:00,0.415
2022-08-07 04:00,0.387
2022-08-07 05:00,0.317
2022-08-07 06:00,0.199
2022-08-07 07:00,0.287
2022-08-07 08:00,0.339
2022-08-07 09:00,0.367
2022-08-07 10:00,0.365
2022-08-07 11:00,0.362
2022-08-07 12:00,0.363
2022-08-07 13:00,0.359
2022-08-07 14:00,0.351
2022-08-07 15:00,0.342
2022-08-07 16:00,0.331
2022-08-07 17:00,0.314
2022-08-07 18:00,0.274
2022-08-07 19:00,0.273
2022-08-07 20:00,0.310
2022-08-07 21:00,0.303
2022-08-07 22:00,0.278
2022-08-07 23:00,0.241
2022-08-08 00:00,0.204
2022-08-08 01:00,0.176
2022-08-08 02:00,0.164
2022-08-08 03:00,0.172
2022-08-08 04:00,0.188
2022-08-08 05:00,0.165
2022-08-08 06:00,0.083
2022-08-08 07:00,0.058
2022-08-08 08:00,0.031
2022-08-08 09:00,0.022
2022-08-08 10:00,0.024
2022-08-08 11:00,0.032
2022-08-08 12:00,0.042
2022-08-08 13:00,0.049
2022-08-08 14:00,0.050
2022-08-08 15:00,0.055
2022-08-08 16:00,0.069
2022-08-08 17:00,0.103
2022-08-08 18:00,0.172
2022-08-08 19:00,0.251
2022-08-08 20:00,0.258
2022-08-08 21:00,0.224
2022-08-08 22:00,0.180
2022-08-08 23:00,0.146
2022-08-09 00:00,0.131
2022-08-09 01:00,0.118
2022-08-09 02:00,0.109
2022-08-09 03:00,0.112
2022-08-09 04:00,0.118
2022-08-09 05:00,0.107
2022-08-09 06:00,0.054
2022-08-09 07:00,0.027
2022-08-09 08:00,0.019
2022-08-09 09:00,0.011
2022-08-09 10:00,0.005
2022-08-09 11:00,0.004
2022-08-09 12:00,0.008
2022-08-09 13:00,0.011
2022-08-09 14:00,0.014
2022-08-09 15:00,0.016
2022-08-09 16:00,0.015
2022-08-09 17:00,0.013
2022-08-09 18:00,0.015
2022-08-09 19:00,0.030
2022-08-09 20:00,0.043
2022-08-09 21:00,0.047
2022-08-09 22:00,0.043
2022-08-09 23:00,0.040
2022-08-10 00:00,0.045
2022-08-10 01:00,0.058
2022-08-10 02:00,0.074
2022-08-10 03:00,0.094
2022-08-10 04:00,0.111
2022-08-10 05:00,0.111
2022-08-10 06:00,0.065
2022-08-10 07:00,0.050
2022-08-10 08:00,0.067
2022-08-10 09:00,0.069
2022-08-10 10:00,0.060
2022-08-10 11:00,0.048
2022-08-10 12:00,0.039
2022-08-10 13:00,0.030
2022-08-10 14:00,0.023
2022-08-10 15:00,0.018
2022-08-10 16:00,0.018
2022-08-10 17:00,0.022
2022-08-10 18:00,0.038
2022-08-10 19:00,0.068
2022-08-10 20:00,0.095
2022-08-10 21:00,0.125
2022-08-10 22:00,0.138
2022-08-10 23:00,0.139
2022-08-11 00:00,0.133
2022-08-11 01:00,0.122
2022-08-11 02:00,0.109
2022-08-11 03:00,0.093
2022-08-11 04:00,0.075
2022-08-11 05:00,0.059
2022-08-11 06:00,0.027
2022-08-11 07:00,0.013
2022-08-11 08:00,0.015
2022-08-11 09:00,0.013
2022-08-11 10:00,0.012
2022-08-11 11:00,0.014
2022-08-11 12:00,0.018
2022-08-11 13:00,0.023
2022-08-11 14:00,0.029
2022-08-11 15:00,0.036
2022-08-11 16:00,0.048
2022-08-11 17:00,0.066
2022-08-11 18:00,0.124
2022-08-11 19:00,0.224
2022-08-11 20:00,0.310
2022-08-11 21:00,0.345
2022-08-11 22:00,0.331
2022-08-11 23:00,0.290
2022-08-12 00:00,0.230
2022-08-12 01:00,0.163
2022-08-12 02:00,0.107
2022-08-12 03:00,0.074
2022-08-12 04:00,0.074
2022-08-12 05:00,0.108
2022-08-12 06:00,0.100
2022-08-12 07:00,0.079
2022-08-12 08:00,0.125
2022-08-12 09:00,0.146
2022-08-12 10:00,0.147
2022-08-12 11:00,0.142
2022-08-12 12:00,0.139
2022-08-12 13:00,0.142
2022-08-12 14:00,0.149
2022-08-12 15:00,0.171
2022-08-12 16:00,0.221
2022-08-12 17:00,0.274
2022-08-12 18:00,0.367
2022-08-12 19:00,0.459
2022-08-12 20:00,0.453
2022-08-12 21:00,0.400
2022-08-12 22:00,0.359
2022-08-12 23:00,0.330
2022-08-13 00:00,0.320
2022-08-13 01:00,0.317
2022-08-13 02:00,0.317
2022-08-13 03:00,0.306
2022-08-13 04:00,0.292
2022-08-13 05:00,0.266
2022-08-13 06:00,0.149
2022-08-13 07:00,0.090
2022-08-13 08:00,0.107
2022-08-13 09:00,0.149
2022-08-13 10:00,0.174
2022-08-13 11:00,0.180
2022-08-13 12:00,0.180
2022-08-13 13:00,0.179
2022-08-13 14:00,0.182
2022-08-13 15:00,0.194
2022-08-13 16:00,0.226
2022-08-13 17:00,0.260
2022-08-13 18:00,0.367
2022-08-13 19:00,0.468
2022-08-13 20:00,0.458
2022-08-13 21:00,0.400
2022-08-13 22:00,0.345
2022-08-13 23:00,0.301
2022-08-14 00:00,0.254
2022-08-14 01:00,0.201
2022-08-14 02:00,0.160
2022-08-14 03:00,0.134
2022-08-14 04:00,0.096
2022-08-14 05:00,0.059
2022-08-14 06:00,0.028
2022-08-14 07:00,0.015
2022-08-14 08:00,0.017
2022-08-14 09:00,0.024
2022-08-14 10:00,0.038
2022-08-14 11:00,0.049
2022-08-14 12:00,0.059
2022-08-14 13:00,0.067
2022-08-14 14:00,0.077
2022-08-14 15:00,0.085
2022-08-14 16:00,0.079
2022-08-14 17:00,0.083
2022-08-14 18:00,0.152
2022-08-14 19:00,0.286
2022-08-14 20:00,0.403
2022-08-14 21:00,0.411
2022-08-14 22:00,0.350
2022-08-14 23:00,0.277
2022-08-15 00:00,0.213
2022-08-15 01:00,0.162
2022-08-15 02:00,0.118
2022-08-15 03:00,0.066
2022-08-15 04:00,0.018
2022-08-15 05:00,0.004
2022-08-15 06:00,0.016
2022-08-15 07:00,0.027
2022-08-15 08:00,0.031
2022-08-15 09:00,0.027
2022-08-15 10:00,0.019
2022-08-15 11:00,0.010
2022-08-15 12:00,0.026
2022-08-15 13:00,0.081
2022-08-15 14:00,0.165
2022-08-15 15:00,0.219
2022-08-15 16:00,0.223
2022-08-15 17:00,0.195
2022-08-15 18:00,0.174
2022-08-15 19:00,0.159
2022-08-15 20:00,0.136
2022-08-15 21:00,0.128
2022-08-15 22:00,0.138
2022-08-15 23:00,0.146
2022-08-16 00:00,0.141
2022-08-16 01:00,0.132
2022-08-16 02:00,0.126
2022-08-16 03:00,0.134
2022-08-16 04:00,0.150
2022-08-16 05:00,0.157
2022-08-16 06:00,0.106
2022-08-16 07:00,0.074
2022-08-16 08:00,0.081
2022-08-16 09:00,0.085
2022-08-16 10:00,0.091
2022-08-16 11:00,0.093
2022-08-16 12:00,0.088
2022-08-16 13:00,0.077
2022-08-16 14:00,0.063
2022-08-16 15:00,0.059
2022-08-16 16:00,0.077
2022-08-16 17:00,0.118
2022-08-16 18:00,0.196
2022-08-16 19:00,0.309
2022-08-16 20:00,0.384
2022-08-16 21:00,0.453
2022-08-16 22:00,0.481
2022-08-16 23:00,0.502
2022-08-17 00:00,0.533
2022-08-17 01:00,0.546
2022-08-17 02:00,0.535
2022-08-17 03:00,0.533
2022-08-17 04:00,0.499
2022-08-17 05:00,0.463
2022-08-17 06:00,0.461
2022-08-17 07:00,0.612
2022-08-17 08:00,0.616
2022-08-17 09:00,0.577
2022-08-17 10:00,0.523
2022-08-17 11:00,0.453
2022-08-17 12:00,0.386
2022-08-17 13:00,0.321
2022-08-17 14:00,0.266
2022-08-17 15:00,0.240
2022-08-17 16:00,0.222
2022-08-17 17:00,0.192
2022-08-17 18:00,0.194
2022-08-17 19:00,0.268
2022-08-17 20:00,0.304
2022-08-17 21:00,0.259
2022-08-17 22:00,0.195
2022-08-17 23:00,0.157
2022-08-18 00:00,0.138
2022-08-18 01:00,0.131
2022-08-18 02:00,0.134
2022-08-18 03:00,0.130
2022-08-18 04:00,0.152
2022-08-18 05:00,0.185
2022-08-18 06:00,0.163
2022-08-18 07:00,0.224
2022-08-18 08:00,0.303
2022-08-18 09:00,0.360
2022-08-18 10:00,0.424
2022-08-18 11:00,0.475
2022-08-18 12:00,0.491
2022-08-18 13:00,0.497
2022-08-18 14:00,0.502
2022-08-18 15:00,0.514
2022-08-18 16:00,0.502
2022-08-18 17:00,0.475
2022-08-18 18:00,0.520
2022-08-18 19:00,0.596
2022-08-18 20:00,0.594
2022-08-18 21:00,0.572
2022-08-18 22:00,0.575
2022-08-18 23:00,0.505
2022-08-19 00:00,0.434
2022-08-19 01:00,0.384
2022-08-19 02:00,0.347
2022-08-19 03:00,0.309
2022-08-19 04:00,0.287
2022-08-19 05:00,0.296
2022-08-19 06:00,0.213
2022-08-19 07:00,0.270
2022-08-19 08:00,0.334
2022-08-19 09:00,0.355
2022-08-19 10:00,0.373
2022-08-19 11:00,0.403
2022-08-19 12:00,0.434
2022-08-19 13:00,0.453
2022-08-19 14:00,0.463
2022-08-19 15:00,0.475
2022-08-19 16:00,0.469
2022-08-19 17:00,0.409
2022-08-19 18:00,0.335
2022-08-19 19:00,0.332
2022-08-19 20:00,0.348
2022-08-19 21:00,0.390
2022-08-19 22:00,0.430
2022-08-19 23:00,0.438
2022-08-20 00:00,0.413
2022-08-20 01:00,0.416
2022-08-20 02:00,0.442
2022-08-20 03:00,0.466
2022-08-20 04:00,0.486
2022-08-20 05:00,0.461
2022-08-20 06:00,0.360
2022-08-20 07:00,0.517
2022-08-20 08:00,0.736
2022-08-20 09:00,0.780
2022-08-20 10:00,0.775
2022-08-20 11:00,0.757
2022-08-20 12:00,0.754
2022-08-20 13:00,0.766
2022-08-20 14:00,0.777
2022-08-20 15:00,0.777
2022-08-20 16:00,0.753
2022-08-20 17:00,0.714
2022-08-20 18:00,0.684
2022-08-20 19:00,0.677
2022-08-20 20:00,0.626
2022-08-20 21:00,0.636
2022-08-20 22:00,0.649
2022-08-20 23:00,0.623
2022-08-21 00:00,0.550
2022-08-21 01:00,0.452
2022-08-21 02:00,0.403
2022-08-21 03:00,0.384
2022-08-21 04:00,0.380
2022-08-21 05:00,0.334
2022-08-21 06:00,0.204
2022-08-21 07:00,0.209
2022-08-21 08:00,0.241
2022-08-21 09:00,0.247
2022-08-21 10:00,0.238
2022-08-21 11:00,0.238
2022-08-21 12:00,0.224
2022-08-21 13:00,0.204
2022-08-21 14:00,0.184
2022-08-21 15:00,0.158
2022-08-21 16:00,0.115
2022-08-21 17:00,0.076
2022-08-21 18:00,0.054
2022-08-21 19:00,0.039
2022-08-21 20:00,0.037
2022-08-21 21:00,0.047
2022-08-21 22:00,0.063
2022-08-21 23:00,0.085
2022-08-22 00:00,0.099
2022-08-22 01:00,0.109
2022-08-22 02:00,0.122
2022-08-22 03:00,0.145
2022-08-22 04:00,0.181
2022-08-22 05:00,0.205
2022-08-22 06:00,0.190
2022-08-22 07:00,0.163
2022-08-22 08:00,0.147
2022-08-22 09:00,0.184
2022-08-22 10:00,0.235
2022-08-22 11:00,0.286
2022-08-22 12:00,0.309
2022-08-22 13:00,0.309
2022-08-22 14:00,0.305
2022-08-22 15:00,0.290
2022-08-22 16:00,0.248
2022-08-22 17:00,0.186
2022-08-22 18:00,0.207
2022-08-22 19:00,0.268
2022-08-22 20:00,0.280
2022-08-22 21:00,0.248
2022-08-22 22:00,0.200
2022-08-22 23:00,0.150
2022-08-23 00:00,0.106
2022-08-23 01:00,0.072
2022-08-23 02:00,0.046
2022-08-23 03:00,0.028
2022-08-23 04:00,0.027
2022-08-23 05:00,0.041
2022-08-23 06:00,0.054
2022-08-23 07:00,0.065
2022-08-23 08:00,0.105
2022-08-23 09:00,0.132
2022-08-23 10:00,0.149
2022-08-23 11:00,0.166
2022-08-23 12:00,0.181
2022-08-23 13:00,0.189
2022-08-23 14:00,0.204
2022-08-23 15:00,0.226
2022-08-23 16:00,0.210
2022-08-23 17:00,0.150
2022-08-23 18:00,0.119
2022-08-23 19:00,0.101
2022-08-23 20:00,0.096
2022-08-23 21:00,0.104
2022-08-23 22:00,0.105
2022-08-23 23:00,0.120
2022-08-24 00:00,0.170
2022-08-24 01:00,0.248
2022-08-24 02:00,0.341
2022-08-24 03:00,0.448
2022-08-24 04:00,0.562
2022-08-24 05:00,0.513
2022-08-24 06:00,0.491
2022-08-24 07:00,0.460
2022-08-24 08:00,0.503
2022-08-24 09:00,0.462
2022-08-24 10:00,0.406
2022-08-24 11:00,0.346
2022-08-24 12:00,0.311
2022-08-24 13:00,0.281
2022-08-24 14:00,0.224
2022-08-24 15:00,0.156
2022-08-24 16:00,0.098
2022-08-24 17:00,0.066
2022-08-24 18:00,0.079
2022-08-24 19:00,0.115
2022-08-24 20:00,0.137
2022-08-24 21:00,0.162
2022-08-24 22:00,0.190
2022-08-24 23:00,0.209
2022-08-25 00:00,0.224
2022-08-25 01:00,0.238
2022-08-25 02:00,0.230
2022-08-25 03:00,0.228
2022-08-25 04:00,0.236
2022-08-25 05:00,0.229
2022-08-25 06:00,0.184
2022-08-25 07:00,0.173
2022-08-25 08:00,0.194
2022-08-25 09:00,0.169
2022-08-25 10:00,0.134
2022-08-25 11:00,0.133
2022-08-25 12:00,0.143
2022-08-25 13:00,0.153
2022-08-25 14:00,0.171
2022-08-25 15:00,0.189
2022-08-25 16:00,0.215
2022-08-25 17:00,0.232
2022-08-25 18:00,0.272
2022-08-25 19:00,0.325
2022-08-25 20:00,0.322
2022-08-25 21:00,0.287
2022-08-25 22:00,0.251
2022-08-25 23:00,0.206
2022-08-26 00:00,0.164
2022-08-26 01:00,0.130
2022-08-26 02:00,0.107
2022-08-26 03:00,0.091
2022-08-26 04:00,0.076
2022-08-26 05:00,0.058
2022-08-26 06:00,0.030
2022-08-26 07:00,0.010
2022-08-26 08:00,0.005
2022-08-26 09:00,0.005
2022-08-26 10:00,0.006
2022-08-26 11:00,0.006
2022-08-26 12:00,0.006
2022-08-26 13:00,0.006
2022-08-26 14:00,0.006
2022-08-26 15:00,0.006
2022-08-26 16:00,0.007
2022-08-26 17:00,0.013
2022-08-26 18:00,0.033
2022-08-26 19:00,0.073
2022-08-26 20:00,0.099
2022-08-26 21:00,0.101
2022-08-26 22:00,0.087
2022-08-26 23:00,0.074
2022-08-27 00:00,0.062
2022-08-27 01:00,0.050
2022-08-27 02:00,0.040
2022-08-27 03:00,0.029
2022-08-27 04:00,0.021
2022-08-27 05:00,0.019
2022-08-27 06:00,0.017
2022-08-27 07:00,0.024
2022-08-27 08:00,0.033
2022-08-27 09:00,0.037
2022-08-27 10:00,0.034
2022-08-27 11:00,0.030
2022-08-27 12:00,0.025
2022-08-27 13:00,0.021
2022-08-27 14:00,0.020
2022-08-27 15:00,0.024
2022-08-27 16:00,0.035
2022-08-27 17:00,0.067
2022-08-27 18:00,0.135
2022-08-27 19:00,0.229
2022-08-27 20:00,0.300
2022-08-27 21:00,0.330
2022-08-27 22:00,0.321
2022-08-27 23:00,0.285
2022-08-28 00:00,0.239
2022-08-28 01:00,0.192
2022-08-28 02:00,0.150
2022-08-28 03:00,0.118
2022-08-28 04:00,0.091
2022-08-28 05:00,0.067
2022-08-28 06:00,0.036
2022-08-28 07:00,0.019
2022-08-28 08:00,0.021
2022-08-28 09:00,0.019
2022-08-28 10:00,0.016
2022-08-28 11:00,0.014
2022-08-28 12:00,0.012
2022-08-28 13:00,0.010
2022-08-28 14:00,0.015
2022-08-28 15:00,0.033
2022-08-28 16:00,0.069
2022-08-28 17:00,0.127
2022-08-28 18:00,0.204
2022-08-28 19:00,0.264
2022-08-28 20:00,0.277
2022-08-28 21:00,0.265
2022-08-28 22:00,0.247
2022-08-28 23:00,0.238
2022-08-29 00:00,0.234
2022-08-29 01:00,0.236
2022-08-29 02:00,0.249
2022-08-29 03:00,0.257
2022-08-29 04:00,0.261
2022-08-29 05:00,0.261
2022-08-29 06:00,0.218
2022-08-29 07:00,0.160
2022-08-29 08:00,0.190
2022-08-29 09:00,0.208
2022-08-29 10:00,0.227
2022-08-29 11:00,0.251
2022-08-29 12:00,0.274
2022-08-29 13:00,0.297
2022-08-29 14:00,0.317
2022-08-29 15:00,0.330
2022-08-29 16:00,0.340
2022-08-29 17:00,0.329
2022-08-29 18:00,0.308
2022-08-29 19:00,0.335
2022-08-29 20:00,0.343
2022-08-29 21:00,0.348
2022-08-29 22:00,0.349
2022-08-29 23:00,0.352
2022-08-30 00:00,0.365
2022-08-30 01:00,0.377
2022-08-30 02:00,0.387
2022-08-30 03:00,0.400
2022-08-30 04:00,0.420
2022-08-30 05:00,0.433
2022-08-30 06:00,0.319
2022-08-30 07:00,0.309
2022-08-30 08:00,0.352
2022-08-30 09:00,0.309
2022-08-30 10:00,0.273
2022-08-30 11:00,0.248
2022-08-30 12:00,0.232
2022-08-30 13:00,0.229
2022-08-30 14:00,0.235
2022-08-30 15:00,0.253
2022-08-30 16:00,0.284
2022-08-30 17:00,0.314
2022-08-30 18:00,0.389
2022-08-30 19:00,0.446
2022-08-30 20:00,0.439
2022-08-30 21:00,0.406
2022-08-30 22:00,0.403
2022-08-30 23:00,0.395
2022-08-31 00:00,0.397
2022-08-31 01:00,0.393
2022-08-31 02:00,0.387
2022-08-31 03:00,0.389
2022-08-31 04:00,0.390
2022-08-31 05:00,0.392
2022-08-31 06:00,0.299
2022-08-31 07:00,0.257
2022-08-31 08:00,0.305
2022-08-31 09:00,0.345
2022-08-31 10:00,0.381
2022-08-31 11:00,0.408
2022-08-31 12:00,0.423
2022-08-31 13:00,0.428
2022-08-31 14:00,0.429
2022-08-31 15:00,0.440
2022-08-31 16:00,0.464
2022-08-31 17:00,0.466
2022-08-31 18:00,0.483
2022-08-31 19:00,0.529
2022-08-31 20:00,0.505
2022-08-31 21:00,0.463
2022-08-31 22:00,0.433
2022-08-31 23:00,0.410
2022-09-01 00:00,0.406
2022-09-01 01:00,0.416
2022-09-01 02:00,0.419
2022-09-01 03:00,0.423
2022-09-01 04:00,0.436
2022-09-01 05:00,0.449
2022-09-01 06:00,0.387
2022-09-01 07:00,0.396
2022-09-01 08:00,0.511
2022-09-01 09:00,0.486
2022-09-01 10:00,0.446
2022-09-01 11:00,0.415
2022-09-01 12:00,0.396
2022-09-01 13:00,0.393
2022-09-01 14:00,0.395
2022-09-01 15:00,0.390
2022-09-01 16:00,0.387
2022-09-01 17:00,0.406
2022-09-01 18:00,0.474
2022-09-01 19:00,0.498
2022-09-01 20:00,0.454
2022-09-01 21:00,0.406
2022-09-01 22:00,0.374
2022-09-01 23:00,0.373
2022-09-02 00:00,0.385
2022-09-02 01:00,0.396
2022-09-02 02:00,0.406
2022-09-02 03:00,0.417
2022-09-02 04:00,0.429
2022-09-02 05:00,0.426
2022-09-02 06:00,0.301
2022-09-02 07:00,0.208
2022-09-02 08:00,0.217
2022-09-02 09:00,0.183
2022-09-02 10:00,0.159
2022-09-02 11:00,0.147
2022-09-02 12:00,0.135
2022-09-02 13:00,0.122
2022-09-02 14:00,0.115
2022-09-02 15:00,0.123
2022-09-02 16:00,0.145
2022-09-02 17:00,0.202
2022-09-02 18:00,0.335
2022-09-02 19:00,0.448
2022-09-02 20:00,0.458
2022-09-02 21:00,0.431
2022-09-02 22:00,0.415
2022-09-02 23:00,0.414
2022-09-03 00:00,0.415
2022-09-03 01:00,0.403
2022-09-03 02:00,0.357
2022-09-03 03:00,0.336
2022-09-03 04:00,0.326
2022-09-03 05:00,0.320
2022-09-03 06:00,0.254
2022-09-03 07:00,0.163
2022-09-03 08:00,0.157
2022-09-03 09:00,0.186
2022-09-03 10:00,0.215
2022-09-03 11:00,0.233
2022-09-03 12:00,0.233
2022-09-03 13:00,0.221
2022-09-03 14:00,0.211
2022-09-03 15:00,0.195
2022-09-03 16:00,0.171
2022-09-03 17:00,0.200
2022-09-03 18:00,0.252
2022-09-03 19:00,0.297
2022-09-03 20:00,0.299
2022-09-03 21:00,0.300
2022-09-03 22:00,0.286
2022-09-03 23:00,0.261
2022-09-04 00:00,0.240
2022-09-04 01:00,0.251
2022-09-04 02:00,0.311
2022-09-04 03:00,0.390
2022-09-04 04:00,0.449
2022-09-04 05:00,0.488
2022-09-04 06:00,0.479
2022-09-04 07:00,0.429
2022-09-04 08:00,0.413
2022-09-04 09:00,0.469
2022-09-04 10:00,0.511
2022-09-04 11:00,0.516
2022-09-04 12:00,0.505
2022-09-04 13:00,0.479
2022-09-04 14:00,0.438
2022-09-04 15:00,0.396
2022-09-04 16:00,0.349
2022-09-04 17:00,0.355
2022-09-04 18:00,0.454
2022-09-04 19:00,0.533
2022-09-04 20:00,0.536
2022-09-04 21:00,0.510
2022-09-04 22:00,0.470
2022-09-04 23:00,0.449
2022-09-05 00:00,0.444
2022-09-05 01:00,0.423
2022-09-05 02:00,0.430
2022-09-05 03:00,0.479
2022-09-05 04:00,0.406
2022-09-05 05:00,0.327
2022-09-05 06:00,0.180
2022-09-05 07:00,0.093
2022-09-05 08:00,0.078
2022-09-05 09:00,0.105
2022-09-05 10:00,0.181
2022-09-05 11:00,0.260
2022-09-05 12:00,0.329
2022-09-05 13:00,0.368
2022-09-05 14:00,0.342
2022-09-05 15:00,0.251
2022-09-05 16:00,0.240
2022-09-05 17:00,0.362
2022-09-05 18:00,0.441
2022-09-05 19:00,0.429
2022-09-05 20:00,0.384
2022-09-05 21:00,0.332
2022-09-05 22:00,0.306
2022-09-05 23:00,0.302
2022-09-06 00:00,0.314
2022-09-06 01:00,0.317
2022-09-06 02:00,0.305
2022-09-06 03:00,0.317
2022-09-06 04:00,0.345
2022-09-06 05:00,0.333
2022-09-06 06:00,0.232
2022-09-06 07:00,0.159
2022-09-06 08:00,0.132
2022-09-06 09:00,0.133
2022-09-06 10:00,0.157
2022-09-06 11:00,0.210
2022-09-06 12:00,0.275
2022-09-06 13:00,0.307
2022-09-06 14:00,0.277
2022-09-06 15:00,0.282
2022-09-06 16:00,0.247
2022-09-06 17:00,0.218
2022-09-06 18:00,0.330
2022-09-06 19:00,0.479
2022-09-06 20:00,0.559
2022-09-06 21:00,0.497
2022-09-06 22:00,0.403
2022-09-06 23:00,0.406
2022-09-07 00:00,0.424
2022-09-07 01:00,0.423
2022-09-07 02:00,0.409
2022-09-07 03:00,0.402
2022-09-07 04:00,0.404
2022-09-07 05:00,0.406
2022-09-07 06:00,0.348
2022-09-07 07:00,0.314
2022-09-07 08:00,0.354
2022-09-07 09:00,0.323
2022-09-07 10:00,0.316
2022-09-07 11:00,0.315
2022-09-07 12:00,0.309
2022-09-07 13:00,0.306
2022-09-07 14:00,0.311
2022-09-07 15:00,0.287
2022-09-07 16:00,0.224
2022-09-07 17:00,0.238
2022-09-07 18:00,0.304
2022-09-07 19:00,0.346
2022-09-07 20:00,0.345
2022-09-07 21:00,0.333
2022-09-07 22:00,0.297
2022-09-07 23:00,0.258
2022-09-08 00:00,0.211
2022-09-08 01:00,0.169
2022-09-08 02:00,0.171
2022-09-08 03:00,0.242
2022-09-08 04:00,0.288
2022-09-08 05:00,0.289
2022-09-08 06:00,0.234
2022-09-08 07:00,0.132
2022-09-08 08:00,0.126
2022-09-08 09:00,0.141
2022-09-08 10:00,0.146
2022-09-08 11:00,0.146
2022-09-08 12:00,0.141
2022-09-08 13:00,0.127
2022-09-08 14:00,0.107
2022-09-08 15:00,0.089
2022-09-08 16:00,0.077
2022-09-08 17:00,0.078
2022-09-08 18:00,0.112
2022-09-08 19:00,0.160
2022-09-08 20:00,0.200
2022-09-08 21:00,0.195
2022-09-08 22:00,0.165
2022-09-08 23:00,0.144
2022-09-09 00:00,0.134
2022-09-09 01:00,0.137
2022-09-09 02:00,0.174
2022-09-09 03:00,0.234
2022-09-09 04:00,0.278
2022-09-09 05:00,0.292
2022-09-09 06:00,0.245
2022-09-09 07:00,0.137
2022-09-09 08:00,0.125
2022-09-09 09:00,0.149
2022-09-09 10:00,0.180
2022-09-09 11:00,0.215
2022-09-09 12:00,0.262
2022-09-09 13:00,0.313
2022-09-09 14:00,0.361
2022-09-09 15:00,0.406
2022-09-09 16:00,0.399
2022-09-09 17:00,0.355
2022-09-09 18:00,0.361
2022-09-09 19:00,0.392
2022-09-09 20:00,0.423
2022-09-09 21:00,0.486
2022-09-09 22:00,0.514
2022-09-09 23:00,0.492
2022-09-10 00:00,0.496
2022-09-10 01:00,0.495
2022-09-10 02:00,0.490
2022-09-10 03:00,0.489
2022-09-10 04:00,0.480
2022-09-10 05:00,0.485
2022-09-10 06:00,0.417
2022-09-10 07:00,0.327
2022-09-10 08:00,0.359
2022-09-10 09:00,0.322
2022-09-10 10:00,0.259
2022-09-10 11:00,0.205
2022-09-10 12:00,0.162
2022-09-10 13:00,0.134
2022-09-10 14:00,0.114
2022-09-10 15:00,0.106
2022-09-10 16:00,0.110
2022-09-10 17:00,0.123
2022-09-10 18:00,0.161
2022-09-10 19:00,0.194
2022-09-10 20:00,0.195
2022-09-10 21:00,0.176
2022-09-10 22:00,0.150
2022-09-10 23:00,0.114
2022-09-11 00:00,0.077
2022-09-11 01:00,0.059
2022-09-11 02:00,0.054
2022-09-11 03:00,0.053
2022-09-11 04:00,0.060
2022-09-11 05:00,0.078
2022-09-11 06:00,0.102
2022-09-11 07:00,0.089
2022-09-11 08:00,0.115
2022-09-11 09:00,0.146
2022-09-11 10:00,0.183
2022-09-11 11:00,0.218
2022-09-11 12:00,0.246
2022-09-11 13:00,0.254
2022-09-11 14:00,0.211
2022-09-11 15:00,0.162
2022-09-11 16:00,0.187
2022-09-11 17:00,0.263
2022-09-11 18:00,0.353
2022-09-11 19:00,0.416
2022-09-11 20:00,0.431
2022-09-11 21:00,0.473
2022-09-11 22:00,0.528
2022-09-11 23:00,0.527
2022-09-12 00:00,0.523
2022-09-12 01:00,0.546
2022-09-12 02:00,0.545
2022-09-12 03:00,0.511
2022-09-12 04:00,0.529
2022-09-12 05:00,0.510
2022-09-12 06:00,0.419
2022-09-12 07:00,0.344
2022-09-12 08:00,0.321
2022-09-12 09:00,0.321
2022-09-12 10:00,0.326
2022-09-12 11:00,0.352
2022-09-12 12:00,0.375
2022-09-12 13:00,0.403
2022-09-12 14:00,0.393
2022-09-12 15:00,0.311
2022-09-12 16:00,0.268
2022-09-12 17:00,0.284
2022-09-12 18:00,0.302
2022-09-12 19:00,0.338
2022-09-12 20:00,0.365
2022-09-12 21:00,0.403
2022-09-12 22:00,0.403
2022-09-12 23:00,0.384
2022-09-13 00:00,0.362
2022-09-13 01:00,0.351
2022-09-13 02:00,0.351
2022-09-13 03:00,0.348
2022-09-13 04:00,0.335
2022-09-13 05:00,0.321
2022-09-13 06:00,0.257
2022-09-13 07:00,0.124
2022-09-13 08:00,0.118
2022-09-13 09:00,0.091
2022-09-13 10:00,0.063
2022-09-13 11:00,0.042
2022-09-13 12:00,0.027
2022-09-13 13:00,0.017
2022-09-13 14:00,0.011
2022-09-13 15:00,0.008
2022-09-13 16:00,0.007
2022-09-13 17:00,0.013
2022-09-13 18:00,0.025
2022-09-13 19:00,0.035
2022-09-13 20:00,0.036
2022-09-13 21:00,0.034
2022-09-13 22:00,0.035
2022-09-13 23:00,0.042
2022-09-14 00:00,0.050
2022-09-14 01:00,0.058
2022-09-14 02:00,0.072
2022-09-14 03:00,0.092
2022-09-14 04:00,0.113
2022-09-14 05:00,0.134
2022-09-14 06:00,0.147
2022-09-14 07:00,0.102
2022-09-14 08:00,0.102
2022-09-14 09:00,0.102
2022-09-14 10:00,0.108
2022-09-14 11:00,0.125
2022-09-14 12:00,0.154
2022-09-14 13:00,0.181
2022-09-14 14:00,0.208
2022-09-14 15:00,0.225
2022-09-14 16:00,0.215
2022-09-14 17:00,0.183
2022-09-14 18:00,0.171
2022-09-14 19:00,0.135
2022-09-14 20:00,0.097
2022-09-14 21:00,0.076
2022-09-14 22:00,0.071
2022-09-14 23:00,0.072
2022-09-15 00:00,0.087
2022-09-15 01:00,0.128
2022-09-15 02:00,0.182
2022-09-15 03:00,0.214
2022-09-15 04:00,0.252
2022-09-15 05:00,0.272
2022-09-15 06:00,0.230
2022-09-15 07:00,0.148
2022-09-15 08:00,0.161
2022-09-15 09:00,0.173
2022-09-15 10:00,0.196
2022-09-15 11:00,0.233
2022-09-15 12:00,0.270
2022-09-15 13:00,0.305
2022-09-15 14:00,0.333
2022-09-15 15:00,0.353
2022-09-15 16:00,0.335
2022-09-15 17:00,0.303
2022-09-15 18:00,0.344
2022-09-15 19:00,0.355
2022-09-15 20:00,0.347
2022-09-15 21:00,0.343
2022-09-15 22:00,0.322
2022-09-15 23:00,0.309
2022-09-16 00:00,0.298
2022-09-16 01:00,0.291
2022-09-16 02:00,0.310
2022-09-16 03:00,0.315
2022-09-16 04:00,0.321
2022-09-16 05:00,0.321
2022-09-16 06:00,0.304
2022-09-16 07:00,0.299
2022-09-16 08:00,0.452
2022-09-16 09:00,0.547
2022-09-16 10:00,0.581
2022-09-16 11:00,0.597
2022-09-16 12:00,0.606
2022-09-16 13:00,0.611
2022-09-16 14:00,0.619
2022-09-16 15:00,0.624
2022-09-16 16:00,0.581
2022-09-16 17:00,0.466
2022-09-16 18:00,0.393
2022-09-16 19:00,0.330
2022-09-16 20:00,0.303
2022-09-16 21:00,0.302
2022-09-16 22:00,0.283
2022-09-16 23:00,0.260
2022-09-17 00:00,0.265
2022-09-17 01:00,0.297
2022-09-17 02:00,0.329
2022-09-17 03:00,0.342
2022-09-17 04:00,0.343
2022-09-17 05:00,0.339
2022-09-17 06:00,0.310
2022-09-17 07:00,0.206
2022-09-17 08:00,0.302
2022-09-17 09:00,0.370
2022-09-17 10:00,0.374
2022-09-17 11:00,0.372
2022-09-17 12:00,0.379
2022-09-17 13:00,0.396
2022-09-17 14:00,0.421
2022-09-17 15:00,0.442
2022-09-17 16:00,0.432
2022-09-17 17:00,0.435
2022-09-17 18:00,0.502
2022-09-17 19:00,0.516
2022-09-17 20:00,0.516
2022-09-17 21:00,0.513
2022-09-17 22:00,0.521
2022-09-17 23:00,0.525
2022-09-18 00:00,0.527
2022-09-18 01:00,0.515
2022-09-18 02:00,0.503
2022-09-18 03:00,0.478
2022-09-18 04:00,0.463
2022-09-18 05:00,0.460
2022-09-18 06:00,0.433
2022-09-18 07:00,0.355
2022-09-18 08:00,0.339
2022-09-18 09:00,0.520
2022-09-18 10:00,0.546
2022-09-18 11:00,0.552
2022-09-18 12:00,0.541
2022-09-18 13:00,0.523
2022-09-18 14:00,0.486
2022-09-18 15:00,0.409
2022-09-18 16:00,0.263
2022-09-18 17:00,0.178
2022-09-18 18:00,0.150
2022-09-18 19:00,0.108
2022-09-18 20:00,0.070
2022-09-18 21:00,0.048
2022-09-18 22:00,0.036
2022-09-18 23:00,0.029
2022-09-19 00:00,0.027
2022-09-19 01:00,0.023
2022-09-19 02:00,0.019
2022-09-19 03:00,0.013
2022-09-19 04:00,0.011
2022-09-19 05:00,0.012
2022-09-19 06:00,0.014
2022-09-19 07:00,0.012
2022-09-19 08:00,0.013
2022-09-19 09:00,0.025
2022-09-19 10:00,0.041
2022-09-19 11:00,0.059
2022-09-19 12:00,0.071
2022-09-19 13:00,0.077
2022-09-19 14:00,0.078
2022-09-19 15:00,0.079
2022-09-19 16:00,0.071
2022-09-19 17:00,0.059
2022-09-19 18:00,0.042
2022-09-19 19:00,0.024
2022-09-19 20:00,0.013
2022-09-19 21:00,0.010
2022-09-19 22:00,0.019
2022-09-19 23:00,0.042
2022-09-20 00:00,0.090
2022-09-20 01:00,0.158
2022-09-20 02:00,0.217
2022-09-20 03:00,0.239
2022-09-20 04:00,0.233
2022-09-20 05:00,0.213
2022-09-20 06:00,0.194
2022-09-20 07:00,0.148
2022-09-20 08:00,0.090
2022-09-20 09:00,0.084
2022-09-20 10:00,0.075
2022-09-20 11:00,0.056
2022-09-20 12:00,0.040
2022-09-20 13:00,0.032
2022-09-20 14:00,0.030
2022-09-20 15:00,0.028
2022-09-20 16:00,0.023
2022-09-20 17:00,0.014
2022-09-20 18:00,0.008
2022-09-20 19:00,0.015
2022-09-20 20:00,0.033
2022-09-20 21:00,0.063
2022-09-20 22:00,0.104
2022-09-20 23:00,0.150
2022-09-21 00:00,0.196
2022-09-21 01:00,0.234
2022-09-21 02:00,0.254
2022-09-21 03:00,0.249
2022-09-21 04:00,0.232
2022-09-21 05:00,0.214
2022-09-21 06:00,0.191
2022-09-21 07:00,0.126
2022-09-21 08:00,0.080
2022-09-21 09:00,0.150
2022-09-21 10:00,0.207
2022-09-21 11:00,0.254
2022-09-21 12:00,0.294
2022-09-21 13:00,0.330
2022-09-21 14:00,0.345
2022-09-21 15:00,0.348
2022-09-21 16:00,0.314
2022-09-21 17:00,0.323
2022-09-21 18:00,0.370
2022-09-21 19:00,0.418
2022-09-21 20:00,0.467
2022-09-21 21:00,0.499
2022-09-21 22:00,0.502
2022-09-21 23:00,0.505
2022-09-22 00:00,0.528
2022-09-22 01:00,0.551
2022-09-22 02:00,0.562
2022-09-22 03:00,0.513
2022-09-22 04:00,0.498
2022-09-22 05:00,0.507
2022-09-22 06:00,0.499
2022-09-22 07:00,0.453
2022-09-22 08:00,0.450
2022-09-22 09:00,0.572
2022-09-22 10:00,0.606
2022-09-22 11:00,0.586
2022-09-22 12:00,0.533
2022-09-22 13:00,0.464
2022-09-22 14:00,0.377
2022-09-22 15:00,0.306
2022-09-22 16:00,0.270
2022-09-22 17:00,0.277
2022-09-22 18:00,0.268
2022-09-22 19:00,0.257
2022-09-22 20:00,0.197
2022-09-22 21:00,0.130
2022-09-22 22:00,0.079
2022-09-22 23:00,0.071
2022-09-23 00:00,0.112
2022-09-23 01:00,0.189
2022-09-23 02:00,0.274
2022-09-23 03:00,0.309
2022-09-23 04:00,0.307
2022-09-23 05:00,0.302
2022-09-23 06:00,0.266
2022-09-23 07:00,0.163
2022-09-23 08:00,0.121
2022-09-23 09:00,0.149
2022-09-23 10:00,0.144
2022-09-23 11:00,0.140
2022-09-23 12:00,0.144
2022-09-23 13:00,0.152
2022-09-23 14:00,0.159
2022-09-23 15:00,0.158
2022-09-23 16:00,0.151
2022-09-23 17:00,0.167
2022-09-23 18:00,0.202
2022-09-23 19:00,0.215
2022-09-23 20:00,0.229
2022-09-23 21:00,0.242
2022-09-23 22:00,0.257
2022-09-23 23:00,0.275
2022-09-24 00:00,0.292
2022-09-24 01:00,0.309
2022-09-24 02:00,0.314
2022-09-24 03:00,0.309
2022-09-24 04:00,0.282
2022-09-24 05:00,0.248
2022-09-24 06:00,0.226
2022-09-24 07:00,0.179
2022-09-24 08:00,0.181
2022-09-24 09:00,0.240
2022-09-24 10:00,0.267
2022-09-24 11:00,0.298
2022-09-24 12:00,0.339
2022-09-24 13:00,0.381
2022-09-24 14:00,0.416
2022-09-24 15:00,0.434
2022-09-24 16:00,0.406
2022-09-24 17:00,0.377
2022-09-24 18:00,0.387
2022-09-24 19:00,0.348
2022-09-24 20:00,0.285
2022-09-24 21:00,0.250
2022-09-24 22:00,0.196
2022-09-24 23:00,0.176
2022-09-25 00:00,0.180
2022-09-25 01:00,0.161
2022-09-25 02:00,0.146
2022-09-25 03:00,0.142
2022-09-25 04:00,0.171
2022-09-25 05:00,0.204
2022-09-25 06:00,0.256
2022-09-25 07:00,0.223
2022-09-25 08:00,0.166
2022-09-25 09:00,0.232
2022-09-25 10:00,0.285
2022-09-25 11:00,0.348
2022-09-25 12:00,0.426
2022-09-25 13:00,0.532
2022-09-25 14:00,0.613
2022-09-25 15:00,0.613
2022-09-25 16:00,0.612
2022-09-25 17:00,0.651
2022-09-25 18:00,0.686
2022-09-25 19:00,0.731
2022-09-25 20:00,0.798
2022-09-25 21:00,0.817
2022-09-25 22:00,0.855
2022-09-25 23:00,0.871
2022-09-26 00:00,0.882
2022-09-26 01:00,0.855
2022-09-26 02:00,0.847
2022-09-26 03:00,0.826
2022-09-26 04:00,0.716
2022-09-26 05:00,0.643
2022-09-26 06:00,0.614
2022-09-26 07:00,0.523
2022-09-26 08:00,0.636
2022-09-26 09:00,0.723
2022-09-26 10:00,0.703
2022-09-26 11:00,0.669
2022-09-26 12:00,0.649
2022-09-26 13:00,0.640
2022-09-26 14:00,0.619
2022-09-26 15:00,0.581
2022-09-26 16:00,0.462
2022-09-26 17:00,0.400
2022-09-26 18:00,0.418
2022-09-26 19:00,0.413
2022-09-26 20:00,0.412
2022-09-26 21:00,0.427
2022-09-26 22:00,0.456
2022-09-26 23:00,0.471
2022-09-27 00:00,0.474
2022-09-27 01:00,0.476
2022-09-27 02:00,0.473
2022-09-27 03:00,0.479
2022-09-27 04:00,0.513
2022-09-27 05:00,0.515
2022-09-27 06:00,0.497
2022-09-27 07:00,0.380
2022-09-27 08:00,0.417
2022-09-27 09:00,0.602
2022-09-27 10:00,0.643
2022-09-27 11:00,0.627
2022-09-27 12:00,0.616
2022-09-27 13:00,0.616
2022-09-27 14:00,0.612
2022-09-27 15:00,0.595
2022-09-27 16:00,0.516
2022-09-27 17:00,0.466
2022-09-27 18:00,0.471
2022-09-27 19:00,0.453
2022-09-27 20:00,0.486
2022-09-27 21:00,0.473
2022-09-27 22:00,0.450
2022-09-27 23:00,0.430
2022-09-28 00:00,0.390
2022-09-28 01:00,0.339
2022-09-28 02:00,0.279
2022-09-28 03:00,0.241
2022-09-28 04:00,0.206
2022-09-28 05:00,0.178
2022-09-28 06:00,0.172
2022-09-28 07:00,0.157
2022-09-28 08:00,0.169
2022-09-28 09:00,0.238
2022-09-28 10:00,0.265
2022-09-28 11:00,0.267
2022-09-28 12:00,0.281
2022-09-28 13:00,0.309
2022-09-28 14:00,0.341
2022-09-28 15:00,0.390
2022-09-28 16:00,0.413
2022-09-28 17:00,0.475
2022-09-28 18:00,0.548
2022-09-28 19:00,0.568
2022-09-28 20:00,0.542
2022-09-28 21:00,0.511
2022-09-28 22:00,0.450
2022-09-28 23:00,0.450
2022-09-29 00:00,0.466
2022-09-29 01:00,0.460
2022-09-29 02:00,0.457
2022-09-29 03:00,0.450
2022-09-29 04:00,0.431
2022-09-29 05:00,0.416
2022-09-29 06:00,0.401
2022-09-29 07:00,0.323
2022-09-29 08:00,0.313
2022-09-29 09:00,0.377
2022-09-29 10:00,0.375
2022-09-29 11:00,0.374
2022-09-29 12:00,0.376
2022-09-29 13:00,0.374
2022-09-29 14:00,0.374
2022-09-29 15:00,0.377
2022-09-29 16:00,0.318
2022-09-29 17:00,0.281
2022-09-29 18:00,0.310
2022-09-29 19:00,0.342
2022-09-29 20:00,0.323
2022-09-29 21:00,0.211
2022-09-29 22:00,0.113
2022-09-29 23:00,0.075
2022-09-30 00:00,0.054
2022-09-30 01:00,0.068
2022-09-30 02:00,0.118
2022-09-30 03:00,0.199
2022-09-30 04:00,0.281
2022-09-30 05:00,0.352
2022-09-30 06:00,0.403
2022-09-30 07:00,0.450
2022-09-30 08:00,0.480
2022-09-30 09:00,0.547
2022-09-30 10:00,0.646
2022-09-30 11:00,0.814
2022-09-30 12:00,0.925
2022-09-30 13:00,0.974
2022-09-30 14:00,0.984
2022-09-30 15:00,0.972
2022-09-30 16:00,0.914
2022-09-30 17:00,0.799
2022-09-30 18:00,0.643
2022-09-30 19:00,0.559
2022-09-30 20:00,0.551
2022-09-30 21:00,0.576
2022-09-30 22:00,0.628
2022-09-30 23:00,0.653
2022-10-01 00:00,0.658
2022-10-01 01:00,0.661
2022-10-01 02:00,0.694
2022-10-01 03:00,0.729
2022-10-01 04:00,0.712
2022-10-01 05:00,0.697
2022-10-01 06:00,0.672
2022-10-01 07:00,0.612
2022-10-01 08:00,0.597
2022-10-01 09:00,0.776
2022-10-01 10:00,0.827
2022-10-01 11:00,0.845
2022-10-01 12:00,0.849
2022-10-01 13:00,0.847
2022-10-01 14:00,0.836
2022-10-01 15:00,0.803
2022-10-01 16:00,0.739
2022-10-01 17:00,0.720
2022-10-01 18:00,0.671
2022-10-01 19:00,0.603
2022-10-01 20:00,0.625
2022-10-01 21:00,0.640
2022-10-01 22:00,0.653
2022-10-01 23:00,0.625
2022-10-02 00:00,0.554
2022-10-02 01:00,0.529
2022-10-02 02:00,0.533
2022-10-02 03:00,0.545
2022-10-02 04:00,0.542
2022-10-02 05:00,0.549
2022-10-02 06:00,0.550
2022-10-02 07:00,0.429
2022-10-02 08:00,0.293
2022-10-02 09:00,0.410
2022-10-02 10:00,0.385
2022-10-02 11:00,0.360
2022-10-02 12:00,0.365
2022-10-02 13:00,0.383
2022-10-02 14:00,0.360
2022-10-02 15:00,0.317
2022-10-02 16:00,0.298
2022-10-02 17:00,0.335
2022-10-02 18:00,0.395
2022-10-02 19:00,0.406
2022-10-02 20:00,0.374
2022-10-02 21:00,0.318
2022-10-02 22:00,0.254
2022-10-02 23:00,0.200
2022-10-03 00:00,0.148
2022-10-03 01:00,0.097
2022-10-03 02:00,0.074
2022-10-03 03:00,0.078
2022-10-03 04:00,0.091
2022-10-03 05:00,0.113
2022-10-03 06:00,0.135
2022-10-03 07:00,0.150
2022-10-03 08:00,0.134
2022-10-03 09:00,0.102
2022-10-03 10:00,0.109
2022-10-03 11:00,0.186
2022-10-03 12:00,0.305
2022-10-03 13:00,0.399
2022-10-03 14:00,0.434
2022-10-03 15:00,0.396
2022-10-03 16:00,0.373
2022-10-03 17:00,0.444
2022-10-03 18:00,0.523
2022-10-03 19:00,0.539
2022-10-03 20:00,0.526
2022-10-03 21:00,0.528
2022-10-03 22:00,0.530
2022-10-03 23:00,0.521
2022-10-04 00:00,0.549
2022-10-04 01:00,0.563
2022-10-04 02:00,0.609
2022-10-04 03:00,0.616
2022-10-04 04:00,0.634
2022-10-04 05:00,0.645
2022-10-04 06:00,0.629
2022-10-04 07:00,0.576
2022-10-04 08:00,0.539
2022-10-04 09:00,0.606
2022-10-04 10:00,0.822
2022-10-04 11:00,0.867
2022-10-04 12:00,0.829
2022-10-04 13:00,0.797
2022-10-04 14:00,0.799
2022-10-04 15:00,0.794
2022-10-04 16:00,0.790
2022-10-04 17:00,0.778
2022-10-04 18:00,0.742
2022-10-04 19:00,0.707
2022-10-04 20:00,0.702
2022-10-04 21:00,0.748
2022-10-04 22:00,0.795
2022-10-04 23:00,0.837
2022-10-05 00:00,0.867
2022-10-05 01:00,0.892
2022-10-05 02:00,0.895
2022-10-05 03:00,0.886
2022-10-05 04:00,0.883
2022-10-05 05:00,0.881
2022-10-05 06:00,0.873
2022-10-05 07:00,0.847
2022-10-05 08:00,0.795
2022-10-05 09:00,0.776
2022-10-05 10:00,0.812
2022-10-05 11:00,0.807
2022-10-05 12:00,0.762
2022-10-05 13:00,0.772
2022-10-05 14:00,0.825
2022-10-05 15:00,0.797
2022-10-05 16:00,0.779
2022-10-05 17:00,0.819
2022-10-05 18:00,0.827
2022-10-05 19:00,0.831
2022-10-05 20:00,0.842
2022-10-05 21:00,0.857
2022-10-05 22:00,0.863
2022-10-05 23:00,0.852
2022-10-06 00:00,0.835
2022-10-06 01:00,0.827
2022-10-06 02:00,0.801
2022-10-06 03:00,0.736
2022-10-06 04:00,0.715
2022-10-06 05:00,0.719
2022-10-06 06:00,0.723
2022-10-06 07:00,0.740
2022-10-06 08:00,0.704
2022-10-06 09:00,0.801
2022-10-06 10:00,0.852
2022-10-06 11:00,0.845
2022-10-06 12:00,0.866
2022-10-06 13:00,0.886
2022-10-06 14:00,0.873
2022-10-06 15:00,0.816
2022-10-06 16:00,0.789
2022-10-06 17:00,0.823
2022-10-06 18:00,0.844
2022-10-06 19:00,0.844
2022-10-06 20:00,0.847
2022-10-06 21:00,0.853
2022-10-06 22:00,0.859
2022-10-06 23:00,0.863
2022-10-07 00:00,0.863
2022-10-07 01:00,0.861
2022-10-07 02:00,0.860
2022-10-07 03:00,0.859
2022-10-07 04:00,0.865
2022-10-07 05:00,0.868
2022-10-07 06:00,0.873
2022-10-07 07:00,0.871
2022-10-07 08:00,0.882
2022-10-07 09:00,0.908
2022-10-07 10:00,0.893
2022-10-07 11:00,0.835
2022-10-07 12:00,0.813
2022-10-07 13:00,0.726
2022-10-07 14:00,0.694
2022-10-07 15:00,0.706
2022-10-07 16:00,0.660
2022-10-07 17:00,0.667
2022-10-07 18:00,0.653
2022-10-07 19:00,0.637
2022-10-07 20:00,0.609
2022-10-07 21:00,0.612
2022-10-07 22:00,0.621
2022-10-07 23:00,0.630
2022-10-08 00:00,0.647
2022-10-08 01:00,0.637
2022-10-08 02:00,0.640
2022-10-08 03:00,0.642
2022-10-08 04:00,0.632
2022-10-08 05:00,0.618
2022-10-08 06:00,0.574
2022-10-08 07:00,0.460
2022-10-08 08:00,0.333
2022-10-08 09:00,0.322
2022-10-08 10:00,0.400
2022-10-08 11:00,0.377
2022-10-08 12:00,0.363
2022-10-08 13:00,0.367
2022-10-08 14:00,0.370
2022-10-08 15:00,0.338
2022-10-08 16:00,0.265
2022-10-08 17:00,0.215
2022-10-08 18:00,0.170
2022-10-08 19:00,0.170
2022-10-08 20:00,0.209
2022-10-08 21:00,0.258
2022-10-08 22:00,0.319
2022-10-08 23:00,0.397
2022-10-09 00:00,0.470
2022-10-09 01:00,0.510
2022-10-09 02:00,0.515
2022-10-09 03:00,0.498
2022-10-09 04:00,0.479
2022-10-09 05:00,0.502
2022-10-09 06:00,0.467
2022-10-09 07:00,0.467
2022-10-09 08:00,0.464
2022-10-09 09:00,0.660
2022-10-09 10:00,0.777
2022-10-09 11:00,0.855
2022-10-09 12:00,0.878
2022-10-09 13:00,0.858
2022-10-09 14:00,0.806
2022-10-09 15:00,0.767
2022-10-09 16:00,0.775
2022-10-09 17:00,0.782
2022-10-09 18:00,0.782
2022-10-09 19:00,0.714
2022-10-09 20:00,0.654
2022-10-09 21:00,0.692
2022-10-09 22:00,0.679
2022-10-09 23:00,0.609
2022-10-10 00:00,0.469
2022-10-10 01:00,0.407
2022-10-10 02:00,0.447
2022-10-10 03:00,0.453
2022-10-10 04:00,0.482
2022-10-10 05:00,0.524
2022-10-10 06:00,0.560
2022-10-10 07:00,0.510
2022-10-10 08:00,0.370
2022-10-10 09:00,0.612
2022-10-10 10:00,0.692
2022-10-10 11:00,0.669
2022-10-10 12:00,0.654
2022-10-10 13:00,0.651
2022-10-10 14:00,0.648
2022-10-10 15:00,0.625
2022-10-10 16:00,0.543
2022-10-10 17:00,0.493
2022-10-10 18:00,0.516
2022-10-10 19:00,0.510
2022-10-10 20:00,0.483
2022-10-10 21:00,0.450
2022-10-10 22:00,0.426
2022-10-10 23:00,0.419
2022-10-11 00:00,0.429
2022-10-11 01:00,0.427
2022-10-11 02:00,0.400
2022-10-11 03:00,0.357
2022-10-11 04:00,0.314
2022-10-11 05:00,0.286
2022-10-11 06:00,0.287
2022-10-11 07:00,0.272
2022-10-11 08:00,0.150
2022-10-11 09:00,0.127
2022-10-11 10:00,0.148
2022-10-11 11:00,0.178
2022-10-11 12:00,0.206
2022-10-11 13:00,0.222
2022-10-11 14:00,0.224
2022-10-11 15:00,0.204
2022-10-11 16:00,0.185
2022-10-11 17:00,0.202
2022-10-11 18:00,0.233
2022-10-11 19:00,0.294
2022-10-11 20:00,0.380
2022-10-11 21:00,0.442
2022-10-11 22:00,0.469
2022-10-11 23:00,0.487
2022-10-12 00:00,0.489
2022-10-12 01:00,0.482
2022-10-12 02:00,0.472
2022-10-12 03:00,0.479
2022-10-12 04:00,0.513
2022-10-12 05:00,0.526
2022-10-12 06:00,0.521
2022-10-12 07:00,0.478
2022-10-12 08:00,0.534
2022-10-12 09:00,0.574
2022-10-12 10:00,0.564
2022-10-12 11:00,0.564
2022-10-12 12:00,0.523
2022-10-12 13:00,0.520
2022-10-12 14:00,0.448
2022-10-12 15:00,0.429
2022-10-12 16:00,0.463
2022-10-12 17:00,0.426
2022-10-12 18:00,0.369
2022-10-12 19:00,0.326
2022-10-12 20:00,0.311
2022-10-12 21:00,0.311
2022-10-12 22:00,0.261
2022-10-12 23:00,0.185
2022-10-13 00:00,0.143
2022-10-13 01:00,0.132
2022-10-13 02:00,0.134
2022-10-13 03:00,0.137
2022-10-13 04:00,0.119
2022-10-13 05:00,0.080
2022-10-13 06:00,0.059
2022-10-13 07:00,0.042
2022-10-13 08:00,0.023
2022-10-13 09:00,0.011
2022-10-13 10:00,0.008
2022-10-13 11:00,0.023
2022-10-13 12:00,0.041
2022-10-13 13:00,0.069
2022-10-13 14:00,0.105
2022-10-13 15:00,0.126
2022-10-13 16:00,0.134
2022-10-13 17:00,0.161
2022-10-13 18:00,0.224
2022-10-13 19:00,0.325
2022-10-13 20:00,0.429
2022-10-13 21:00,0.499
2022-10-13 22:00,0.527
2022-10-13 23:00,0.537
2022-10-14 00:00,0.536
2022-10-14 01:00,0.527
2022-10-14 02:00,0.529
2022-10-14 03:00,0.527
2022-10-14 04:00,0.506
2022-10-14 05:00,0.494
2022-10-14 06:00,0.486
2022-10-14 07:00,0.413
2022-10-14 08:00,0.281
2022-10-14 09:00,0.299
2022-10-14 10:00,0.336
2022-10-14 11:00,0.371
2022-10-14 12:00,0.431
2022-10-14 13:00,0.443
2022-10-14 14:00,0.390
2022-10-14 15:00,0.288
2022-10-14 16:00,0.234
2022-10-14 17:00,0.207
2022-10-14 18:00,0.161
2022-10-14 19:00,0.103
2022-10-14 20:00,0.053
2022-10-14 21:00,0.040
2022-10-14 22:00,0.100
2022-10-14 23:00,0.248
2022-10-15 00:00,0.391
2022-10-15 01:00,0.446
2022-10-15 02:00,0.476
2022-10-15 03:00,0.533
2022-10-15 04:00,0.632
2022-10-15 05:00,0.675
2022-10-15 06:00,0.666
2022-10-15 07:00,0.619
2022-10-15 08:00,0.554
2022-10-15 09:00,0.621
2022-10-15 10:00,0.735
2022-10-15 11:00,0.755
2022-10-15 12:00,0.765
2022-10-15 13:00,0.784
2022-10-15 14:00,0.790
2022-10-15 15:00,0.765
2022-10-15 16:00,0.774
2022-10-15 17:00,0.797
2022-10-15 18:00,0.804
2022-10-15 19:00,0.822
2022-10-15 20:00,0.767
2022-10-15 21:00,0.752
2022-10-15 22:00,0.762
2022-10-15 23:00,0.827
2022-10-16 00:00,0.833
2022-10-16 01:00,0.835
2022-10-16 02:00,0.858
2022-10-16 03:00,0.841
2022-10-16 04:00,0.777
2022-10-16 05:00,0.710
2022-10-16 06:00,0.685
2022-10-16 07:00,0.612
2022-10-16 08:00,0.510
2022-10-16 09:00,0.512
2022-10-16 10:00,0.600
2022-10-16 11:00,0.486
2022-10-16 12:00,0.328
2022-10-16 13:00,0.208
2022-10-16 14:00,0.162
2022-10-16 15:00,0.154
2022-10-16 16:00,0.201
2022-10-16 17:00,0.425
2022-10-16 18:00,0.633
2022-10-16 19:00,0.685
2022-10-16 20:00,0.681
2022-10-16 21:00,0.606
2022-10-16 22:00,0.600
2022-10-16 23:00,0.712
2022-10-17 00:00,0.768
2022-10-17 01:00,0.705
2022-10-17 02:00,0.694
2022-10-17 03:00,0.633
2022-10-17 04:00,0.633
2022-10-17 05:00,0.661
2022-10-17 06:00,0.663
2022-10-17 07:00,0.646
2022-10-17 08:00,0.578
2022-10-17 09:00,0.670
2022-10-17 10:00,0.840
2022-10-17 11:00,0.876
2022-10-17 12:00,0.885
2022-10-17 13:00,0.883
2022-10-17 14:00,0.878
2022-10-17 15:00,0.867
2022-10-17 16:00,0.830
2022-10-17 17:00,0.806
2022-10-17 18:00,0.757
2022-10-17 19:00,0.698
2022-10-17 20:00,0.643
2022-10-17 21:00,0.596
2022-10-17 22:00,0.568
2022-10-17 23:00,0.542
2022-10-18 00:00,0.502
2022-10-18 01:00,0.462
2022-10-18 02:00,0.402
2022-10-18 03:00,0.348
2022-10-18 04:00,0.303
2022-10-18 05:00,0.254
2022-10-18 06:00,0.197
2022-10-18 07:00,0.142
2022-10-18 08:00,0.073
2022-10-18 09:00,0.036
2022-10-18 10:00,0.028
2022-10-18 11:00,0.023
2022-10-18 12:00,0.029
2022-10-18 13:00,0.053
2022-10-18 14:00,0.108
2022-10-18 15:00,0.183
2022-10-18 16:00,0.312
2022-10-18 17:00,0.473
2022-10-18 18:00,0.526
2022-10-18 19:00,0.517
2022-10-18 20:00,0.510
2022-10-18 21:00,0.504
2022-10-18 22:00,0.492
2022-10-18 23:00,0.502
2022-10-19 00:00,0.505
2022-10-19 01:00,0.499
2022-10-19 02:00,0.465
2022-10-19 03:00,0.416
2022-10-19 04:00,0.420
2022-10-19 05:00,0.455
2022-10-19 06:00,0.516
2022-10-19 07:00,0.556
2022-10-19 08:00,0.574
2022-10-19 09:00,0.615
2022-10-19 10:00,0.697
2022-10-19 11:00,0.738
2022-10-19 12:00,0.767
2022-10-19 13:00,0.794
2022-10-19 14:00,0.800
2022-10-19 15:00,0.792
2022-10-19 16:00,0.805
2022-10-19 17:00,0.824
2022-10-19 18:00,0.827
2022-10-19 19:00,0.818
2022-10-19 20:00,0.797
2022-10-19 21:00,0.744
2022-10-19 22:00,0.696
2022-10-19 23:00,0.675
2022-10-20 00:00,0.626
2022-10-20 01:00,0.591
2022-10-20 02:00,0.574
2022-10-20 03:00,0.565
2022-10-20 04:00,0.509
2022-10-20 05:00,0.456
2022-10-20 06:00,0.381
2022-10-20 07:00,0.299
2022-10-20 08:00,0.195
2022-10-20 09:00,0.127
2022-10-20 10:00,0.087
2022-10-20 11:00,0.056
2022-10-20 12:00,0.055
2022-10-20 13:00,0.085
2022-10-20 14:00,0.118
2022-10-20 15:00,0.156
2022-10-20 16:00,0.187
2022-10-20 17:00,0.246
2022-10-20 18:00,0.296
2022-10-20 19:00,0.345
2022-10-20 20:00,0.366
2022-10-20 21:00,0.356
2022-10-20 22:00,0.325
2022-10-20 23:00,0.294
2022-10-21 00:00,0.273
2022-10-21 01:00,0.239
2022-10-21 02:00,0.210
2022-10-21 03:00,0.227
2022-10-21 04:00,0.312
2022-10-21 05:00,0.429
2022-10-21 06:00,0.476
2022-10-21 07:00,0.422
2022-10-21 08:00,0.367
2022-10-21 09:00,0.376
2022-10-21 10:00,0.394
2022-10-21 11:00,0.537
2022-10-21 12:00,0.609
2022-10-21 13:00,0.637
2022-10-21 14:00,0.649
2022-10-21 15:00,0.676
2022-10-21 16:00,0.683
2022-10-21 17:00,0.702
2022-10-21 18:00,0.719
2022-10-21 19:00,0.700
2022-10-21 20:00,0.628
2022-10-21 21:00,0.591
2022-10-21 22:00,0.497
2022-10-21 23:00,0.463
2022-10-22 00:00,0.505
2022-10-22 01:00,0.516
2022-10-22 02:00,0.550
2022-10-22 03:00,0.560
2022-10-22 04:00,0.563
2022-10-22 05:00,0.577
2022-10-22 06:00,0.586
2022-10-22 07:00,0.554
2022-10-22 08:00,0.497
2022-10-22 09:00,0.476
2022-10-22 10:00,0.564
2022-10-22 11:00,0.609
2022-10-22 12:00,0.612
2022-10-22 13:00,0.581
2022-10-22 14:00,0.497
2022-10-22 15:00,0.403
2022-10-22 16:00,0.406
2022-10-22 17:00,0.510
2022-10-22 18:00,0.525
2022-10-22 19:00,0.510
2022-10-22 20:00,0.474
2022-10-22 21:00,0.452
2022-10-22 22:00,0.446
2022-10-22 23:00,0.437
2022-10-23 00:00,0.390
2022-10-23 01:00,0.350
2022-10-23 02:00,0.327
2022-10-23 03:00,0.382
2022-10-23 04:00,0.439
2022-10-23 05:00,0.439
2022-10-23 06:00,0.491
2022-10-23 07:00,0.588
2022-10-23 08:00,0.625
2022-10-23 09:00,0.650
2022-10-23 10:00,0.658
2022-10-23 11:00,0.551
2022-10-23 12:00,0.423
2022-10-23 13:00,0.299
2022-10-23 14:00,0.254
2022-10-23 15:00,0.244
2022-10-23 16:00,0.249
2022-10-23 17:00,0.262
2022-10-23 18:00,0.253
2022-10-23 19:00,0.223
2022-10-23 20:00,0.182
2022-10-23 21:00,0.151
2022-10-23 22:00,0.116
2022-10-23 23:00,0.074
2022-10-24 00:00,0.046
2022-10-24 01:00,0.065
2022-10-24 02:00,0.161
2022-10-24 03:00,0.270
2022-10-24 04:00,0.321
2022-10-24 05:00,0.358
2022-10-24 06:00,0.413
2022-10-24 07:00,0.442
2022-10-24 08:00,0.439
2022-10-24 09:00,0.439
2022-10-24 10:00,0.502
2022-10-24 11:00,0.582
2022-10-24 12:00,0.646
2022-10-24 13:00,0.690
2022-10-24 14:00,0.654
2022-10-24 15:00,0.564
2022-10-24 16:00,0.581
2022-10-24 17:00,0.566
2022-10-24 18:00,0.542
2022-10-24 19:00,0.523
2022-10-24 20:00,0.527
2022-10-24 21:00,0.564
2022-10-24 22:00,0.580
2022-10-24 23:00,0.584
2022-10-25 00:00,0.572
2022-10-25 01:00,0.581
2022-10-25 02:00,0.577
2022-10-25 03:00,0.546
2022-10-25 04:00,0.510
2022-10-25 05:00,0.487
2022-10-25 06:00,0.448
2022-10-25 07:00,0.393
2022-10-25 08:00,0.291
2022-10-25 09:00,0.251
2022-10-25 10:00,0.306
2022-10-25 11:00,0.298
2022-10-25 12:00,0.302
2022-10-25 13:00,0.297
2022-10-25 14:00,0.288
2022-10-25 15:00,0.279
2022-10-25 16:00,0.348
2022-10-25 17:00,0.490
2022-10-25 18:00,0.559
2022-10-25 19:00,0.565
2022-10-25 20:00,0.520
2022-10-25 21:00,0.555
2022-10-25 22:00,0.608
2022-10-25 23:00,0.748
2022-10-26 00:00,0.762
2022-10-26 01:00,0.755
2022-10-26 02:00,0.721
2022-10-26 03:00,0.730
2022-10-26 04:00,0.747
2022-10-26 05:00,0.741
2022-10-26 06:00,0.750
2022-10-26 07:00,0.784
2022-10-26 08:00,0.803
2022-10-26 09:00,0.819
2022-10-26 10:00,0.843
2022-10-26 11:00,0.861
2022-10-26 12:00,0.879
2022-10-26 13:00,0.900
2022-10-26 14:00,0.896
2022-10-26 15:00,0.862
2022-10-26 16:00,0.828
2022-10-26 17:00,0.797
2022-10-26 18:00,0.731
2022-10-26 19:00,0.632
2022-10-26 20:00,0.609
2022-10-26 21:00,0.597
2022-10-26 22:00,0.577
2022-10-26 23:00,0.552
2022-10-27 00:00,0.524
2022-10-27 01:00,0.505
2022-10-27 02:00,0.492
2022-10-27 03:00,0.485
2022-10-27 04:00,0.446
2022-10-27 05:00,0.421
2022-10-27 06:00,0.416
2022-10-27 07:00,0.434
2022-10-27 08:00,0.349
2022-10-27 09:00,0.273
2022-10-27 10:00,0.331
2022-10-27 11:00,0.361
2022-10-27 12:00,0.345
2022-10-27 13:00,0.368
2022-10-27 14:00,0.348
2022-10-27 15:00,0.381
2022-10-27 16:00,0.491
2022-10-27 17:00,0.550
2022-10-27 18:00,0.555
2022-10-27 19:00,0.562
2022-10-27 20:00,0.612
2022-10-27 21:00,0.651
2022-10-27 22:00,0.600
2022-10-27 23:00,0.518
2022-10-28 00:00,0.502
2022-10-28 01:00,0.498
2022-10-28 02:00,0.516
2022-10-28 03:00,0.551
2022-10-28 04:00,0.567
2022-10-28 05:00,0.650
2022-10-28 06:00,0.707
2022-10-28 07:00,0.792
2022-10-28 08:00,0.857
2022-10-28 09:00,0.875
2022-10-28 10:00,0.815
2022-10-28 11:00,0.752
2022-10-28 12:00,0.678
2022-10-28 13:00,0.612
2022-10-28 14:00,0.569
2022-10-28 15:00,0.574
2022-10-28 16:00,0.632
2022-10-28 17:00,0.660
2022-10-28 18:00,0.609
2022-10-28 19:00,0.570
2022-10-28 20:00,0.555
2022-10-28 21:00,0.510
2022-10-28 22:00,0.481
2022-10-28 23:00,0.466
2022-10-29 00:00,0.400
2022-10-29 01:00,0.365
2022-10-29 02:00,0.358
2022-10-29 03:00,0.327
2022-10-29 04:00,0.333
2022-10-29 05:00,0.314
2022-10-29 06:00,0.306
2022-10-29 07:00,0.352
2022-10-29 08:00,0.410
2022-10-29 09:00,0.467
2022-10-29 10:00,0.510
2022-10-29 11:00,0.449
2022-10-29 12:00,0.345
2022-10-29 13:00,0.342
2022-10-29 14:00,0.401
2022-10-29 15:00,0.475
2022-10-29 16:00,0.618
2022-10-29 17:00,0.686
2022-10-29 18:00,0.673
2022-10-29 19:00,0.654
2022-10-29 20:00,0.594
2022-10-29 21:00,0.566
2022-10-29 22:00,0.564
2022-10-29 23:00,0.559
2022-10-30 00:00,0.550
2022-10-30 01:00,0.536
2022-10-30 02:00,0.530
2022-10-30 03:00,0.516
2022-10-30 04:00,0.504
2022-10-30 05:00,0.499
2022-10-30 06:00,0.520
2022-10-30 07:00,0.546
2022-10-30 08:00,0.517
2022-10-30 09:00,0.465
2022-10-30 10:00,0.485
2022-10-30 11:00,0.680
2022-10-30 12:00,0.739
2022-10-30 13:00,0.768
2022-10-30 14:00,0.779
2022-10-30 15:00,0.794
2022-10-30 16:00,0.818
2022-10-30 17:00,0.817
2022-10-30 18:00,0.782
2022-10-30 19:00,0.679
2022-10-30 20:00,0.597
2022-10-30 21:00,0.550
2022-10-30 22:00,0.529
2022-10-30 23:00,0.515
2022-10-31 00:00,0.523
2022-10-31 01:00,0.543
2022-10-31 02:00,0.568
2022-10-31 03:00,0.583
2022-10-31 04:00,0.594
2022-10-31 05:00,0.609
2022-10-31 06:00,0.631
2022-10-31 07:00,0.624
2022-10-31 08:00,0.557
2022-10-31 09:00,0.549
2022-10-31 10:00,0.572
2022-10-31 11:00,0.645
2022-10-31 12:00,0.628
2022-10-31 13:00,0.566
2022-10-31 14:00,0.489
2022-10-31 15:00,0.448
2022-10-31 16:00,0.468
2022-10-31 17:00,0.514
2022-10-31 18:00,0.510
2022-10-31 19:00,0.466
2022-10-31 20:00,0.478
2022-10-31 21:00,0.612
2022-10-31 22:00,0.747
2022-10-31 23:00,0.734
2022-11-01 00:00,0.616
2022-11-01 01:00,0.528
2022-11-01 02:00,0.484
2022-11-01 03:00,0.529
2022-11-01 04:00,0.763
2022-11-01 05:00,0.872
2022-11-01 06:00,0.856
2022-11-01 07:00,0.769
2022-11-01 08:00,0.652
2022-11-01 09:00,0.635
2022-11-01 10:00,0.673
2022-11-01 11:00,0.783
2022-11-01 12:00,0.761
2022-11-01 13:00,0.689
2022-11-01 14:00,0.603
2022-11-01 15:00,0.488
2022-11-01 16:00,0.413
2022-11-01 17:00,0.416
2022-11-01 18:00,0.360
2022-11-01 19:00,0.285
2022-11-01 20:00,0.226
2022-11-01 21:00,0.215
2022-11-01 22:00,0.309
2022-11-01 23:00,0.483
2022-11-02 00:00,0.683
2022-11-02 01:00,0.740
2022-11-02 02:00,0.756
2022-11-02 03:00,0.725
2022-11-02 04:00,0.637
2022-11-02 05:00,0.565
2022-11-02 06:00,0.525
2022-11-02 07:00,0.504
2022-11-02 08:00,0.581
2022-11-02 09:00,0.624
2022-11-02 10:00,0.768
2022-11-02 11:00,0.890
2022-11-02 12:00,0.946
2022-11-02 13:00,0.979
2022-11-02 14:00,0.990
2022-11-02 15:00,0.992
2022-11-02 16:00,0.992
2022-11-02 17:00,0.990
2022-11-02 18:00,0.984
2022-11-02 19:00,0.972
2022-11-02 20:00,0.953
2022-11-02 21:00,0.938
2022-11-02 22:00,0.924
2022-11-02 23:00,0.883
2022-11-03 00:00,0.815
2022-11-03 01:00,0.654
2022-11-03 02:00,0.483
2022-11-03 03:00,0.397
2022-11-03 04:00,0.362
2022-11-03 05:00,0.291
2022-11-03 06:00,0.233
2022-11-03 07:00,0.211
2022-11-03 08:00,0.168
2022-11-03 09:00,0.120
2022-11-03 10:00,0.094
2022-11-03 11:00,0.077
2022-11-03 12:00,0.058
2022-11-03 13:00,0.040
2022-11-03 14:00,0.023
2022-11-03 15:00,0.014
2022-11-03 16:00,0.009
2022-11-03 17:00,0.012
2022-11-03 18:00,0.020
2022-11-03 19:00,0.032
2022-11-03 20:00,0.069
2022-11-03 21:00,0.157
2022-11-03 22:00,0.265
2022-11-03 23:00,0.336
2022-11-04 00:00,0.383
2022-11-04 01:00,0.414
2022-11-04 02:00,0.405
2022-11-04 03:00,0.369
2022-11-04 04:00,0.306
2022-11-04 05:00,0.301
2022-11-04 06:00,0.330
2022-11-04 07:00,0.318
2022-11-04 08:00,0.272
2022-11-04 09:00,0.249
2022-11-04 10:00,0.284
2022-11-04 11:00,0.345
2022-11-04 12:00,0.485
2022-11-04 13:00,0.542
2022-11-04 14:00,0.536
2022-11-04 15:00,0.528
2022-11-04 16:00,0.559
2022-11-04 17:00,0.580
2022-11-04 18:00,0.533
2022-11-04 19:00,0.523
2022-11-04 20:00,0.523
2022-11-04 21:00,0.503
2022-11-04 22:00,0.476
2022-11-04 23:00,0.452
2022-11-05 00:00,0.436
2022-11-05 01:00,0.400
2022-11-05 02:00,0.373
2022-11-05 03:00,0.340
2022-11-05 04:00,0.321
2022-11-05 05:00,0.309
2022-11-05 06:00,0.331
2022-11-05 07:00,0.365
2022-11-05 08:00,0.360
2022-11-05 09:00,0.400
2022-11-05 10:00,0.486
2022-11-05 11:00,0.576
2022-11-05 12:00,0.721
2022-11-05 13:00,0.769
2022-11-05 14:00,0.765
2022-11-05 15:00,0.706
2022-11-05 16:00,0.594
2022-11-05 17:00,0.516
2022-11-05 18:00,0.489
2022-11-05 19:00,0.420
2022-11-05 20:00,0.342
2022-11-05 21:00,0.285
2022-11-05 22:00,0.267
2022-11-05 23:00,0.254
2022-11-06 00:00,0.256
2022-11-06 01:00,0.276
2022-11-06 02:00,0.309
2022-11-06 03:00,0.359
2022-11-06 04:00,0.342
2022-11-06 05:00,0.284
2022-11-06 06:00,0.267
2022-11-06 07:00,0.254
2022-11-06 08:00,0.228
2022-11-06 09:00,0.272
2022-11-06 10:00,0.335
2022-11-06 11:00,0.374
2022-11-06 12:00,0.380
2022-11-06 13:00,0.385
2022-11-06 14:00,0.363
2022-11-06 15:00,0.439
2022-11-06 16:00,0.520
2022-11-06 17:00,0.542
2022-11-06 18:00,0.546
2022-11-06 19:00,0.549
2022-11-06 20:00,0.551
2022-11-06 21:00,0.566
2022-11-06 22:00,0.570
2022-11-06 23:00,0.557
2022-11-07 00:00,0.536
2022-11-07 01:00,0.536
2022-11-07 02:00,0.474
2022-11-07 03:00,0.436
2022-11-07 04:00,0.433
2022-11-07 05:00,0.458
2022-11-07 06:00,0.516
2022-11-07 07:00,0.581
2022-11-07 08:00,0.625
2022-11-07 09:00,0.626
2022-11-07 10:00,0.637
2022-11-07 11:00,0.629
2022-11-07 12:00,0.694
2022-11-07 13:00,0.727
2022-11-07 14:00,0.722
2022-11-07 15:00,0.748
2022-11-07 16:00,0.780
2022-11-07 17:00,0.836
2022-11-07 18:00,0.869
2022-11-07 19:00,0.891
2022-11-07 20:00,0.915
2022-11-07 21:00,0.933
2022-11-07 22:00,0.945
2022-11-07 23:00,0.958
2022-11-08 00:00,0.956
2022-11-08 01:00,0.944
2022-11-08 02:00,0.895
2022-11-08 03:00,0.820
2022-11-08 04:00,0.752
2022-11-08 05:00,0.675
2022-11-08 06:00,0.560
2022-11-08 07:00,0.528
2022-11-08 08:00,0.574
2022-11-08 09:00,0.689
2022-11-08 10:00,0.831
2022-11-08 11:00,0.861
2022-11-08 12:00,0.877
2022-11-08 13:00,0.873
2022-11-08 14:00,0.883
2022-11-08 15:00,0.883
2022-11-08 16:00,0.887
2022-11-08 17:00,0.891
2022-11-08 18:00,0.883
2022-11-08 19:00,0.871
2022-11-08 20:00,0.837
2022-11-08 21:00,0.779
2022-11-08 22:00,0.653
2022-11-08 23:00,0.613
2022-11-09 00:00,0.609
2022-11-09 01:00,0.581
2022-11-09 02:00,0.577
2022-11-09 03:00,0.530
2022-11-09 04:00,0.476
2022-11-09 05:00,0.441
2022-11-09 06:00,0.476
2022-11-09 07:00,0.468
2022-11-09 08:00,0.436
2022-11-09 09:00,0.433
2022-11-09 10:00,0.469
2022-11-09 11:00,0.602
2022-11-09 12:00,0.674
2022-11-09 13:00,0.711
2022-11-09 14:00,0.721
2022-11-09 15:00,0.685
2022-11-09 16:00,0.650
2022-11-09 17:00,0.629
2022-11-09 18:00,0.616
2022-11-09 19:00,0.604
2022-11-09 20:00,0.582
2022-11-09 21:00,0.631
2022-11-09 22:00,0.656
2022-11-09 23:00,0.678
2022-11-10 00:00,0.702
2022-11-10 01:00,0.698
2022-11-10 02:00,0.719
2022-11-10 03:00,0.771
2022-11-10 04:00,0.775
2022-11-10 05:00,0.763
2022-11-10 06:00,0.754
2022-11-10 07:00,0.776
2022-11-10 08:00,0.788
2022-11-10 09:00,0.777
2022-11-10 10:00,0.802
2022-11-10 11:00,0.876
2022-11-10 12:00,0.899
2022-11-10 13:00,0.905
2022-11-10 14:00,0.905
2022-11-10 15:00,0.918
2022-11-10 16:00,0.930
2022-11-10 17:00,0.935
2022-11-10 18:00,0.941
2022-11-10 19:00,0.945
2022-11-10 20:00,0.943
2022-11-10 21:00,0.940
2022-11-10 22:00,0.935
2022-11-10 23:00,0.931
2022-11-11 00:00,0.921
2022-11-11 01:00,0.908
2022-11-11 02:00,0.897
2022-11-11 03:00,0.891
2022-11-11 04:00,0.886
2022-11-11 05:00,0.884
2022-11-11 06:00,0.884
2022-11-11 07:00,0.864
2022-11-11 08:00,0.853
2022-11-11 09:00,0.842
2022-11-11 10:00,0.881
2022-11-11 11:00,0.917
2022-11-11 12:00,0.924
2022-11-11 13:00,0.919
2022-11-11 14:00,0.899
2022-11-11 15:00,0.872
2022-11-11 16:00,0.854
2022-11-11 17:00,0.820
2022-11-11 18:00,0.753
2022-11-11 19:00,0.706
2022-11-11 20:00,0.645
2022-11-11 21:00,0.588
2022-11-11 22:00,0.533
2022-11-11 23:00,0.509
2022-11-12 00:00,0.483
2022-11-12 01:00,0.436
2022-11-12 02:00,0.413
2022-11-12 03:00,0.389
2022-11-12 04:00,0.350
2022-11-12 05:00,0.299
2022-11-12 06:00,0.251
2022-11-12 07:00,0.211
2022-11-12 08:00,0.173
2022-11-12 09:00,0.143
2022-11-12 10:00,0.178
2022-11-12 11:00,0.239
2022-11-12 12:00,0.240
2022-11-12 13:00,0.234
2022-11-12 14:00,0.224
2022-11-12 15:00,0.273
2022-11-12 16:00,0.457
2022-11-12 17:00,0.581
2022-11-12 18:00,0.597
2022-11-12 19:00,0.580
2022-11-12 20:00,0.553
2022-11-12 21:00,0.528
2022-11-12 22:00,0.506
2022-11-12 23:00,0.484
2022-11-13 00:00,0.473
2022-11-13 01:00,0.466
2022-11-13 02:00,0.450
2022-11-13 03:00,0.416
2022-11-13 04:00,0.369
2022-11-13 05:00,0.320
2022-11-13 06:00,0.268
2022-11-13 07:00,0.230
2022-11-13 08:00,0.209
2022-11-13 09:00,0.223
2022-11-13 10:00,0.245
2022-11-13 11:00,0.291
2022-11-13 12:00,0.325
2022-11-13 13:00,0.328
2022-11-13 14:00,0.301
2022-11-13 15:00,0.336
2022-11-13 16:00,0.484
2022-11-13 17:00,0.545
2022-11-13 18:00,0.541
2022-11-13 19:00,0.523
2022-11-13 20:00,0.506
2022-11-13 21:00,0.481
2022-11-13 22:00,0.452
2022-11-13 23:00,0.424
2022-11-14 00:00,0.399
2022-11-14 01:00,0.374
2022-11-14 02:00,0.339
2022-11-14 03:00,0.296
2022-11-14 04:00,0.257
2022-11-14 05:00,0.227
2022-11-14 06:00,0.202
2022-11-14 07:00,0.173
2022-11-14 08:00,0.139
2022-11-14 09:00,0.106
2022-11-14 10:00,0.078
2022-11-14 11:00,0.072
2022-11-14 12:00,0.088
2022-11-14 13:00,0.092
2022-11-14 14:00,0.083
2022-11-14 15:00,0.104
2022-11-14 16:00,0.167
2022-11-14 17:00,0.232
2022-11-14 18:00,0.279
2022-11-14 19:00,0.296
2022-11-14 20:00,0.299
2022-11-14 21:00,0.301
2022-11-14 22:00,0.302
2022-11-14 23:00,0.304
2022-11-15 00:00,0.311
2022-11-15 01:00,0.339
2022-11-15 02:00,0.416
2022-11-15 03:00,0.476
2022-11-15 04:00,0.497
2022-11-15 05:00,0.546
2022-11-15 06:00,0.621
2022-11-15 07:00,0.719
2022-11-15 08:00,0.829
2022-11-15 09:00,0.809
2022-11-15 10:00,0.800
2022-11-15 11:00,0.810
2022-11-15 12:00,0.688
2022-11-15 13:00,0.451
2022-11-15 14:00,0.319
2022-11-15 15:00,0.374
2022-11-15 16:00,0.463
2022-11-15 17:00,0.396
2022-11-15 18:00,0.321
2022-11-15 19:00,0.326
2022-11-15 20:00,0.361
2022-11-15 21:00,0.365
2022-11-15 22:00,0.331
2022-11-15 23:00,0.293
2022-11-16 00:00,0.261
2022-11-16 01:00,0.257
2022-11-16 02:00,0.265
2022-11-16 03:00,0.286
2022-11-16 04:00,0.300
2022-11-16 05:00,0.272
2022-11-16 06:00,0.269
2022-11-16 07:00,0.273
2022-11-16 08:00,0.222
2022-11-16 09:00,0.199
2022-11-16 10:00,0.190
2022-11-16 11:00,0.182
2022-11-16 12:00,0.189
2022-11-16 13:00,0.204
2022-11-16 14:00,0.188
2022-11-16 15:00,0.232
2022-11-16 16:00,0.311
2022-11-16 17:00,0.327
2022-11-16 18:00,0.319
2022-11-16 19:00,0.319
2022-11-16 20:00,0.318
2022-11-16 21:00,0.304
2022-11-16 22:00,0.319
2022-11-16 23:00,0.393
2022-11-17 00:00,0.486
2022-11-17 01:00,0.617
2022-11-17 02:00,0.699
2022-11-17 03:00,0.723
2022-11-17 04:00,0.713
2022-11-17 05:00,0.689
2022-11-17 06:00,0.653
2022-11-17 07:00,0.579
2022-11-17 08:00,0.481
2022-11-17 09:00,0.403
2022-11-17 10:00,0.323
2022-11-17 11:00,0.265
2022-11-17 12:00,0.232
2022-11-17 13:00,0.213
2022-11-17 14:00,0.215
2022-11-17 15:00,0.228
2022-11-17 16:00,0.254
2022-11-17 17:00,0.299
2022-11-17 18:00,0.356
2022-11-17 19:00,0.430
2022-11-17 20:00,0.506
2022-11-17 21:00,0.574
2022-11-17 22:00,0.637
2022-11-17 23:00,0.673
2022-11-18 00:00,0.681
2022-11-18 01:00,0.701
2022-11-18 02:00,0.723
2022-11-18 03:00,0.723
2022-11-18 04:00,0.746
2022-11-18 05:00,0.747
2022-11-18 06:00,0.753
2022-11-18 07:00,0.746
2022-11-18 08:00,0.720
2022-11-18 09:00,0.677
2022-11-18 10:00,0.648
2022-11-18 11:00,0.674
2022-11-18 12:00,0.675
2022-11-18 13:00,0.625
2022-11-18 14:00,0.581
2022-11-18 15:00,0.535
2022-11-18 16:00,0.513
2022-11-18 17:00,0.506
2022-11-18 18:00,0.499
2022-11-18 19:00,0.486
2022-11-18 20:00,0.497
2022-11-18 21:00,0.499
2022-11-18 22:00,0.497
2022-11-18 23:00,0.494
2022-11-19 00:00,0.476
2022-11-19 01:00,0.441
2022-11-19 02:00,0.411
2022-11-19 03:00,0.395
2022-11-19 04:00,0.358
2022-11-19 05:00,0.290
2022-11-19 06:00,0.239
2022-11-19 07:00,0.196
2022-11-19 08:00,0.173
2022-11-19 09:00,0.164
2022-11-19 10:00,0.170
2022-11-19 11:00,0.200
2022-11-19 12:00,0.204
2022-11-19 13:00,0.179
2022-11-19 14:00,0.164
2022-11-19 15:00,0.213
2022-11-19 16:00,0.302
2022-11-19 17:00,0.351
2022-11-19 18:00,0.378
2022-11-19 19:00,0.395
2022-11-19 20:00,0.400
2022-11-19 21:00,0.390
2022-11-19 22:00,0.373
2022-11-19 23:00,0.362
2022-11-20 00:00,0.348
2022-11-20 01:00,0.345
2022-11-20 02:00,0.340
2022-11-20 03:00,0.332
2022-11-20 04:00,0.312
2022-11-20 05:00,0.281
2022-11-20 06:00,0.254
2022-11-20 07:00,0.272
2022-11-20 08:00,0.351
2022-11-20 09:00,0.425
2022-11-20 10:00,0.426
2022-11-20 11:00,0.340
2022-11-20 12:00,0.325
2022-11-20 13:00,0.333
2022-11-20 14:00,0.357
2022-11-20 15:00,0.396
2022-11-20 16:00,0.390
2022-11-20 17:00,0.356
2022-11-20 18:00,0.382
2022-11-20 19:00,0.410
2022-11-20 20:00,0.403
2022-11-20 21:00,0.417
2022-11-20 22:00,0.406
2022-11-20 23:00,0.334
2022-11-21 00:00,0.231
2022-11-21 01:00,0.145
2022-11-21 02:00,0.103
2022-11-21 03:00,0.102
2022-11-21 04:00,0.115
2022-11-21 05:00,0.143
2022-11-21 06:00,0.209
2022-11-21 07:00,0.257
2022-11-21 08:00,0.279
2022-11-21 09:00,0.311
2022-11-21 10:00,0.429
2022-11-21 11:00,0.468
2022-11-21 12:00,0.467
2022-11-21 13:00,0.497
2022-11-21 14:00,0.533
2022-11-21 15:00,0.499
2022-11-21 16:00,0.536
2022-11-21 17:00,0.502
2022-11-21 18:00,0.499
2022-11-21 19:00,0.471
2022-11-21 20:00,0.420
2022-11-21 21:00,0.383
2022-11-21 22:00,0.356
2022-11-21 23:00,0.382
2022-11-22 00:00,0.426
2022-11-22 01:00,0.447
2022-11-22 02:00,0.473
2022-11-22 03:00,0.523
2022-11-22 04:00,0.531
2022-11-22 05:00,0.581
2022-11-22 06:00,0.538
2022-11-22 07:00,0.556
2022-11-22 08:00,0.542
2022-11-22 09:00,0.510
2022-11-22 10:00,0.390
2022-11-22 11:00,0.332
2022-11-22 12:00,0.285
2022-11-22 13:00,0.223
2022-11-22 14:00,0.189
2022-11-22 15:00,0.216
2022-11-22 16:00,0.208
2022-11-22 17:00,0.137
2022-11-22 18:00,0.071
2022-11-22 19:00,0.046
2022-11-22 20:00,0.062
2022-11-22 21:00,0.112
2022-11-22 22:00,0.174
2022-11-22 23:00,0.232
2022-11-23 00:00,0.265
2022-11-23 01:00,0.270
2022-11-23 02:00,0.238
2022-11-23 03:00,0.246
2022-11-23 04:00,0.355
2022-11-23 05:00,0.457
2022-11-23 06:00,0.545
2022-11-23 07:00,0.648
2022-11-23 08:00,0.714
2022-11-23 09:00,0.672
2022-11-23 10:00,0.563
2022-11-23 11:00,0.523
2022-11-23 12:00,0.529
2022-11-23 13:00,0.554
2022-11-23 14:00,0.602
2022-11-23 15:00,0.645
2022-11-23 16:00,0.611
2022-11-23 17:00,0.597
2022-11-23 18:00,0.617
2022-11-23 19:00,0.630
2022-11-23 20:00,0.592
2022-11-23 21:00,0.584
2022-11-23 22:00,0.559
2022-11-23 23:00,0.564
2022-11-24 00:00,0.542
2022-11-24 01:00,0.522
2022-11-24 02:00,0.538
2022-11-24 03:00,0.552
2022-11-24 04:00,0.487
2022-11-24 05:00,0.460
2022-11-24 06:00,0.453
2022-11-24 07:00,0.479
2022-11-24 08:00,0.497
2022-11-24 09:00,0.613
2022-11-24 10:00,0.721
2022-11-24 11:00,0.779
2022-11-24 12:00,0.865
2022-11-24 13:00,0.908
2022-11-24 14:00,0.926
2022-11-24 15:00,0.907
2022-11-24 16:00,0.862
2022-11-24 17:00,0.767
2022-11-24 18:00,0.624
2022-11-24 19:00,0.563
2022-11-24 20:00,0.556
2022-11-24 21:00,0.609
2022-11-24 22:00,0.724
2022-11-24 23:00,0.820
2022-11-25 00:00,0.815
2022-11-25 01:00,0.795
2022-11-25 02:00,0.813
2022-11-25 03:00,0.795
2022-11-25 04:00,0.733
2022-11-25 05:00,0.669
2022-11-25 06:00,0.592
2022-11-25 07:00,0.595
2022-11-25 08:00,0.572
2022-11-25 09:00,0.497
2022-11-25 10:00,0.460
2022-11-25 11:00,0.466
2022-11-25 12:00,0.530
2022-11-25 13:00,0.598
2022-11-25 14:00,0.625
2022-11-25 15:00,0.658
2022-11-25 16:00,0.686
2022-11-25 17:00,0.627
2022-11-25 18:00,0.569
2022-11-25 19:00,0.504
2022-11-25 20:00,0.428
2022-11-25 21:00,0.370
2022-11-25 22:00,0.342
2022-11-25 23:00,0.302
2022-11-26 00:00,0.288
2022-11-26 01:00,0.318
2022-11-26 02:00,0.337
2022-11-26 03:00,0.341
2022-11-26 04:00,0.352
2022-11-26 05:00,0.342
2022-11-26 06:00,0.367
2022-11-26 07:00,0.395
2022-11-26 08:00,0.436
2022-11-26 09:00,0.531
2022-11-26 10:00,0.611
2022-11-26 11:00,0.688
2022-11-26 12:00,0.782
2022-11-26 13:00,0.816
2022-11-26 14:00,0.826
2022-11-26 15:00,0.849
2022-11-26 16:00,0.871
2022-11-26 17:00,0.911
2022-11-26 18:00,0.936
2022-11-26 19:00,0.948
2022-11-26 20:00,0.948
2022-11-26 21:00,0.948
2022-11-26 22:00,0.944
2022-11-26 23:00,0.917
2022-11-27 00:00,0.879
2022-11-27 01:00,0.768
2022-11-27 02:00,0.616
2022-11-27 03:00,0.572
2022-11-27 04:00,0.539
2022-11-27 05:00,0.486
2022-11-27 06:00,0.428
2022-11-27 07:00,0.408
2022-11-27 08:00,0.417
2022-11-27 09:00,0.373
2022-11-27 10:00,0.311
2022-11-27 11:00,0.271
2022-11-27 12:00,0.232
2022-11-27 13:00,0.207
2022-11-27 14:00,0.238
2022-11-27 15:00,0.320
2022-11-27 16:00,0.393
2022-11-27 17:00,0.376
2022-11-27 18:00,0.338
2022-11-27 19:00,0.288
2022-11-27 20:00,0.243
2022-11-27 21:00,0.202
2022-11-27 22:00,0.187
2022-11-27 23:00,0.194
2022-11-28 00:00,0.181
2022-11-28 01:00,0.171
2022-11-28 02:00,0.151
2022-11-28 03:00,0.143
2022-11-28 04:00,0.136
2022-11-28 05:00,0.135
2022-11-28 06:00,0.142
2022-11-28 07:00,0.142
2022-11-28 08:00,0.137
2022-11-28 09:00,0.113
2022-11-28 10:00,0.085
2022-11-28 11:00,0.069
2022-11-28 12:00,0.043
2022-11-28 13:00,0.025
2022-11-28 14:00,0.016
2022-11-28 15:00,0.012
2022-11-28 16:00,0.010
2022-11-28 17:00,0.007
2022-11-28 18:00,0.006
2022-11-28 19:00,0.007
2022-11-28 20:00,0.011
2022-11-28 21:00,0.015
2022-11-28 22:00,0.020
2022-11-28 23:00,0.028
2022-11-29 00:00,0.037
2022-11-29 01:00,0.040
2022-11-29 02:00,0.043
2022-11-29 03:00,0.042
2022-11-29 04:00,0.034
2022-11-29 05:00,0.026
2022-11-29 06:00,0.019
2022-11-29 07:00,0.013
2022-11-29 08:00,0.008
2022-11-29 09:00,0.006
2022-11-29 10:00,0.007
2022-11-29 11:00,0.006
2022-11-29 12:00,0.005
2022-11-29 13:00,0.011
2022-11-29 14:00,0.017
2022-11-29 15:00,0.020
2022-11-29 16:00,0.023
2022-11-29 17:00,0.031
2022-11-29 18:00,0.043
2022-11-29 19:00,0.055
2022-11-29 20:00,0.066
2022-11-29 21:00,0.073
2022-11-29 22:00,0.075
2022-11-29 23:00,0.073
2022-11-30 00:00,0.072
2022-11-30 01:00,0.073
2022-11-30 02:00,0.071
2022-11-30 03:00,0.068
2022-11-30 04:00,0.068
2022-11-30 05:00,0.078
2022-11-30 06:00,0.094
2022-11-30 07:00,0.113
2022-11-30 08:00,0.127
2022-11-30 09:00,0.109
2022-11-30 10:00,0.089
2022-11-30 11:00,0.077
2022-11-30 12:00,0.066
2022-11-30 13:00,0.056
2022-11-30 14:00,0.046
2022-11-30 15:00,0.043
2022-11-30 16:00,0.047
2022-11-30 17:00,0.055
2022-11-30 18:00,0.066
2022-11-30 19:00,0.077
2022-11-30 20:00,0.090
2022-11-30 21:00,0.104
2022-11-30 22:00,0.114
2022-11-30 23:00,0.112
2022-12-01 00:00,0.104
2022-12-01 01:00,0.095
2022-12-01 02:00,0.078
2022-12-01 03:00,0.057
2022-12-01 04:00,0.043
2022-12-01 05:00,0.038
2022-12-01 06:00,0.041
2022-12-01 07:00,0.045
2022-12-01 08:00,0.048
2022-12-01 09:00,0.043
2022-12-01 10:00,0.040
2022-12-01 11:00,0.044
2022-12-01 12:00,0.043
2022-12-01 13:00,0.039
2022-12-01 14:00,0.037
2022-12-01 15:00,0.038
2022-12-01 16:00,0.042
2022-12-01 17:00,0.050
2022-12-01 18:00,0.061
2022-12-01 19:00,0.067
2022-12-01 20:00,0.065
2022-12-01 21:00,0.059
2022-12-01 22:00,0.049
2022-12-01 23:00,0.035
2022-12-02 00:00,0.022
2022-12-02 01:00,0.012
2022-12-02 02:00,0.009
2022-12-02 03:00,0.012
2022-12-02 04:00,0.017
2022-12-02 05:00,0.023
2022-12-02 06:00,0.029
2022-12-02 07:00,0.037
2022-12-02 08:00,0.043
2022-12-02 09:00,0.045
2022-12-02 10:00,0.048
2022-12-02 11:00,0.055
2022-12-02 12:00,0.069
2022-12-02 13:00,0.087
2022-12-02 14:00,0.118
2022-12-02 15:00,0.191
2022-12-02 16:00,0.287
2022-12-02 17:00,0.348
2022-12-02 18:00,0.360
2022-12-02 19:00,0.360
2022-12-02 20:00,0.365
2022-12-02 21:00,0.381
2022-12-02 22:00,0.396
2022-12-02 23:00,0.406
2022-12-03 00:00,0.419
2022-12-03 01:00,0.393
2022-12-03 02:00,0.406
2022-12-03 03:00,0.415
2022-12-03 04:00,0.430
2022-12-03 05:00,0.439
2022-12-03 06:00,0.470
2022-12-03 07:00,0.439
2022-12-03 08:00,0.436
2022-12-03 09:00,0.411
2022-12-03 10:00,0.342
2022-12-03 11:00,0.296
2022-12-03 12:00,0.368
2022-12-03 13:00,0.423
2022-12-03 14:00,0.463
2022-12-03 15:00,0.499
2022-12-03 16:00,0.527
2022-12-03 17:00,0.508
2022-12-03 18:00,0.483
2022-12-03 19:00,0.486
2022-12-03 20:00,0.479
2022-12-03 21:00,0.483
2022-12-03 22:00,0.476
2022-12-03 23:00,0.473
2022-12-04 00:00,0.459
2022-12-04 01:00,0.436
2022-12-04 02:00,0.447
2022-12-04 03:00,0.428
2022-12-04 04:00,0.479
2022-12-04 05:00,0.444
2022-12-04 06:00,0.417
2022-12-04 07:00,0.385
2022-12-04 08:00,0.360
2022-12-04 09:00,0.355
2022-12-04 10:00,0.338
2022-12-04 11:00,0.400
2022-12-04 12:00,0.436
2022-12-04 13:00,0.446
2022-12-04 14:00,0.451
2022-12-04 15:00,0.472
2022-12-04 16:00,0.469
2022-12-04 17:00,0.466
2022-12-04 18:00,0.455
2022-12-04 19:00,0.456
2022-12-04 20:00,0.479
2022-12-04 21:00,0.537
2022-12-04 22:00,0.546
2022-12-04 23:00,0.545
2022-12-05 00:00,0.544
2022-12-05 01:00,0.539
2022-12-05 02:00,0.556
2022-12-05 03:00,0.566
2022-12-05 04:00,0.538
2022-12-05 05:00,0.524
2022-12-05 06:00,0.543
2022-12-05 07:00,0.521
2022-12-05 08:00,0.477
2022-12-05 09:00,0.401
2022-12-05 10:00,0.371
2022-12-05 11:00,0.367
2022-12-05 12:00,0.426
2022-12-05 13:00,0.416
2022-12-05 14:00,0.427
2022-12-05 15:00,0.456
2022-12-05 16:00,0.500
2022-12-05 17:00,0.511
2022-12-05 18:00,0.533
2022-12-05 19:00,0.552
2022-12-05 20:00,0.516
2022-12-05 21:00,0.504
2022-12-05 22:00,0.463
2022-12-05 23:00,0.396
2022-12-06 00:00,0.345
2022-12-06 01:00,0.314
2022-12-06 02:00,0.326
2022-12-06 03:00,0.355
2022-12-06 04:00,0.367
2022-12-06 05:00,0.398
2022-12-06 06:00,0.393
2022-12-06 07:00,0.389
2022-12-06 08:00,0.350
2022-12-06 09:00,0.281
2022-12-06 10:00,0.251
2022-12-06 11:00,0.239
2022-12-06 12:00,0.238
2022-12-06 13:00,0.242
2022-12-06 14:00,0.264
2022-12-06 15:00,0.342
2022-12-06 16:00,0.423
2022-12-06 17:00,0.462
2022-12-06 18:00,0.467
2022-12-06 19:00,0.442
2022-12-06 20:00,0.406
2022-12-06 21:00,0.382
2022-12-06 22:00,0.354
2022-12-06 23:00,0.330
2022-12-07 00:00,0.305
2022-12-07 01:00,0.283
2022-12-07 02:00,0.283
2022-12-07 03:00,0.246
2022-12-07 04:00,0.239
2022-12-07 05:00,0.224
2022-12-07 06:00,0.206
2022-12-07 07:00,0.195
2022-12-07 08:00,0.193
2022-12-07 09:00,0.204
2022-12-07 10:00,0.198
2022-12-07 11:00,0.216
2022-12-07 12:00,0.221
2022-12-07 13:00,0.225
2022-12-07 14:00,0.215
2022-12-07 15:00,0.292
2022-12-07 16:00,0.380
2022-12-07 17:00,0.409
2022-12-07 18:00,0.410
2022-12-07 19:00,0.400
2022-12-07 20:00,0.387
2022-12-07 21:00,0.372
2022-12-07 22:00,0.354
2022-12-07 23:00,0.339
2022-12-08 00:00,0.324
2022-12-08 01:00,0.271
2022-12-08 02:00,0.241
2022-12-08 03:00,0.230
2022-12-08 04:00,0.226
2022-12-08 05:00,0.229
2022-12-08 06:00,0.212
2022-12-08 07:00,0.197
2022-12-08 08:00,0.187
2022-12-08 09:00,0.182
2022-12-08 10:00,0.146
2022-12-08 11:00,0.147
2022-12-08 12:00,0.180
2022-12-08 13:00,0.191
2022-12-08 14:00,0.232
2022-12-08 15:00,0.309
2022-12-08 16:00,0.338
2022-12-08 17:00,0.326
2022-12-08 18:00,0.327
2022-12-08 19:00,0.318
2022-12-08 20:00,0.288
2022-12-08 21:00,0.248
2022-12-08 22:00,0.216
2022-12-08 23:00,0.195
2022-12-09 00:00,0.169
2022-12-09 01:00,0.156
2022-12-09 02:00,0.143
2022-12-09 03:00,0.142
2022-12-09 04:00,0.150
2022-12-09 05:00,0.167
2022-12-09 06:00,0.192
2022-12-09 07:00,0.229
2022-12-09 08:00,0.251
2022-12-09 09:00,0.238
2022-12-09 10:00,0.200
2022-12-09 11:00,0.177
2022-12-09 12:00,0.188
2022-12-09 13:00,0.191
2022-12-09 14:00,0.270
2022-12-09 15:00,0.383
2022-12-09 16:00,0.426
2022-12-09 17:00,0.406
2022-12-09 18:00,0.342
2022-12-09 19:00,0.251
2022-12-09 20:00,0.183
2022-12-09 21:00,0.162
2022-12-09 22:00,0.159
2022-12-09 23:00,0.160
2022-12-10 00:00,0.163
2022-12-10 01:00,0.164
2022-12-10 02:00,0.166
2022-12-10 03:00,0.177
2022-12-10 04:00,0.181
2022-12-10 05:00,0.178
2022-12-10 06:00,0.172
2022-12-10 07:00,0.168
2022-12-10 08:00,0.165
2022-12-10 09:00,0.139
2022-12-10 10:00,0.107
2022-12-10 11:00,0.090
2022-12-10 12:00,0.085
2022-12-10 13:00,0.079
2022-12-10 14:00,0.072
2022-12-10 15:00,0.070
2022-12-10 16:00,0.063
2022-12-10 17:00,0.049
2022-12-10 18:00,0.037
2022-12-10 19:00,0.030
2022-12-10 20:00,0.028
2022-12-10 21:00,0.027
2022-12-10 22:00,0.027
2022-12-10 23:00,0.029
2022-12-11 00:00,0.033
2022-12-11 01:00,0.038
2022-12-11 02:00,0.046
2022-12-11 03:00,0.048
2022-12-11 04:00,0.050
2022-12-11 05:00,0.056
2022-12-11 06:00,0.062
2022-12-11 07:00,0.063
2022-12-11 08:00,0.061
2022-12-11 09:00,0.048
2022-12-11 10:00,0.030
2022-12-11 11:00,0.022
2022-12-11 12:00,0.018
2022-12-11 13:00,0.018
2022-12-11 14:00,0.023
2022-12-11 15:00,0.027
2022-12-11 16:00,0.032
2022-12-11 17:00,0.033
2022-12-11 18:00,0.030
2022-12-11 19:00,0.026
2022-12-11 20:00,0.024
2022-12-11 21:00,0.025
2022-12-11 22:00,0.030
2022-12-11 23:00,0.035
2022-12-12 00:00,0.037
2022-12-12 01:00,0.035
2022-12-12 02:00,0.028
2022-12-12 03:00,0.019
2022-12-12 04:00,0.010
2022-12-12 05:00,0.006
2022-12-12 06:00,0.006
2022-12-12 07:00,0.006
2022-12-12 08:00,0.007
2022-12-12 09:00,0.008
2022-12-12 10:00,0.010
2022-12-12 11:00,0.013
2022-12-12 12:00,0.016
2022-12-12 13:00,0.017
2022-12-12 14:00,0.021
2022-12-12 15:00,0.040
2022-12-12 16:00,0.069
2022-12-12 17:00,0.086
2022-12-12 18:00,0.088
2022-12-12 19:00,0.088
2022-12-12 20:00,0.090
2022-12-12 21:00,0.080
2022-12-12 22:00,0.062
2022-12-12 23:00,0.048
2022-12-13 00:00,0.041
2022-12-13 01:00,0.037
2022-12-13 02:00,0.033
2022-12-13 03:00,0.032
2022-12-13 04:00,0.034
2022-12-13 05:00,0.036
2022-12-13 06:00,0.035
2022-12-13 07:00,0.032
2022-12-13 08:00,0.028
2022-12-13 09:00,0.021
2022-12-13 10:00,0.019
2022-12-13 11:00,0.018
2022-12-13 12:00,0.016
2022-12-13 13:00,0.011
2022-12-13 14:00,0.009
2022-12-13 15:00,0.021
2022-12-13 16:00,0.047
2022-12-13 17:00,0.083
2022-12-13 18:00,0.118
2022-12-13 19:00,0.137
2022-12-13 20:00,0.150
2022-12-13 21:00,0.152
2022-12-13 22:00,0.152
2022-12-13 23:00,0.156
2022-12-14 00:00,0.156
2022-12-14 01:00,0.163
2022-12-14 02:00,0.184
2022-12-14 03:00,0.211
2022-12-14 04:00,0.242
2022-12-14 05:00,0.284
2022-12-14 06:00,0.334
2022-12-14 07:00,0.334
2022-12-14 08:00,0.328
2022-12-14 09:00,0.313
2022-12-14 10:00,0.276
2022-12-14 11:00,0.295
2022-12-14 12:00,0.333
2022-12-14 13:00,0.335
2022-12-14 14:00,0.322
2022-12-14 15:00,0.403
2022-12-14 16:00,0.450
2022-12-14 17:00,0.432
2022-12-14 18:00,0.394
2022-12-14 19:00,0.359
2022-12-14 20:00,0.321
2022-12-14 21:00,0.289
2022-12-14 22:00,0.277
2022-12-14 23:00,0.273
2022-12-15 00:00,0.279
2022-12-15 01:00,0.299
2022-12-15 02:00,0.359
2022-12-15 03:00,0.395
2022-12-15 04:00,0.405
2022-12-15 05:00,0.401
2022-12-15 06:00,0.387
2022-12-15 07:00,0.350
2022-12-15 08:00,0.314
2022-12-15 09:00,0.291
2022-12-15 10:00,0.242
2022-12-15 11:00,0.195
2022-12-15 12:00,0.202
2022-12-15 13:00,0.207
2022-12-15 14:00,0.236
2022-12-15 15:00,0.321
2022-12-15 16:00,0.357
2022-12-15 17:00,0.322
2022-12-15 18:00,0.269
2022-12-15 19:00,0.207
2022-12-15 20:00,0.149
2022-12-15 21:00,0.118
2022-12-15 22:00,0.096
2022-12-15 23:00,0.080
2022-12-16 00:00,0.070
2022-12-16 01:00,0.077
2022-12-16 02:00,0.085
2022-12-16 03:00,0.094
2022-12-16 04:00,0.104
2022-12-16 05:00,0.121
2022-12-16 06:00,0.142
2022-12-16 07:00,0.157
2022-12-16 08:00,0.163
2022-12-16 09:00,0.161
2022-12-16 10:00,0.156
2022-12-16 11:00,0.172
2022-12-16 12:00,0.190
2022-12-16 13:00,0.203
2022-12-16 14:00,0.226
2022-12-16 15:00,0.270
2022-12-16 16:00,0.325
2022-12-16 17:00,0.339
2022-12-16 18:00,0.326
2022-12-16 19:00,0.327
2022-12-16 20:00,0.333
2022-12-16 21:00,0.344
2022-12-16 22:00,0.359
2022-12-16 23:00,0.382
2022-12-17 00:00,0.400
2022-12-17 01:00,0.404
2022-12-17 02:00,0.400
2022-12-17 03:00,0.406
2022-12-17 04:00,0.417
2022-12-17 05:00,0.453
2022-12-17 06:00,0.486
2022-12-17 07:00,0.536
2022-12-17 08:00,0.516
2022-12-17 09:00,0.489
2022-12-17 10:00,0.455
2022-12-17 11:00,0.413
2022-12-17 12:00,0.403
2022-12-17 13:00,0.393
2022-12-17 14:00,0.403
2022-12-17 15:00,0.436
2022-12-17 16:00,0.457
2022-12-17 17:00,0.483
2022-12-17 18:00,0.468
2022-12-17 19:00,0.460
2022-12-17 20:00,0.417
2022-12-17 21:00,0.377
2022-12-17 22:00,0.353
2022-12-17 23:00,0.324
2022-12-18 00:00,0.288
2022-12-18 01:00,0.251
2022-12-18 02:00,0.282
2022-12-18 03:00,0.273
2022-12-18 04:00,0.268
2022-12-18 05:00,0.289
2022-12-18 06:00,0.336
2022-12-18 07:00,0.367
2022-12-18 08:00,0.419
2022-12-18 09:00,0.438
2022-12-18 10:00,0.545
2022-12-18 11:00,0.635
2022-12-18 12:00,0.646
2022-12-18 13:00,0.685
2022-12-18 14:00,0.724
2022-12-18 15:00,0.754
2022-12-18 16:00,0.778
2022-12-18 17:00,0.805
2022-12-18 18:00,0.802
2022-12-18 19:00,0.831
2022-12-18 20:00,0.840
2022-12-18 21:00,0.833
2022-12-18 22:00,0.817
2022-12-18 23:00,0.814
2022-12-19 00:00,0.794
2022-12-19 01:00,0.826
2022-12-19 02:00,0.868
2022-12-19 03:00,0.871
2022-12-19 04:00,0.840
2022-12-19 05:00,0.856
2022-12-19 06:00,0.887
2022-12-19 07:00,0.913
2022-12-19 08:00,0.928
2022-12-19 09:00,0.931
2022-12-19 10:00,0.926
2022-12-19 11:00,0.954
2022-12-19 12:00,0.961
2022-12-19 13:00,0.964
2022-12-19 14:00,0.958
2022-12-19 15:00,0.953
2022-12-19 16:00,0.944
2022-12-19 17:00,0.938
2022-12-19 18:00,0.893
2022-12-19 19:00,0.833
2022-12-19 20:00,0.776
2022-12-19 21:00,0.689
2022-12-19 22:00,0.577
2022-12-19 23:00,0.460
2022-12-20 00:00,0.318
2022-12-20 01:00,0.187
2022-12-20 02:00,0.171
2022-12-20 03:00,0.248
2022-12-20 04:00,0.286
2022-12-20 05:00,0.357
2022-12-20 06:00,0.471
2022-12-20 07:00,0.585
2022-12-20 08:00,0.636
2022-12-20 09:00,0.583
2022-12-20 10:00,0.536
2022-12-20 11:00,0.536
2022-12-20 12:00,0.560
2022-12-20 13:00,0.565
2022-12-20 14:00,0.586
2022-12-20 15:00,0.613
2022-12-20 16:00,0.617
2022-12-20 17:00,0.579
2022-12-20 18:00,0.559
2022-12-20 19:00,0.562
2022-12-20 20:00,0.526
2022-12-20 21:00,0.497
2022-12-20 22:00,0.476
2022-12-20 23:00,0.479
2022-12-21 00:00,0.506
2022-12-21 01:00,0.533
2022-12-21 02:00,0.541
2022-12-21 03:00,0.532
2022-12-21 04:00,0.551
2022-12-21 05:00,0.640
2022-12-21 06:00,0.643
2022-12-21 07:00,0.655
2022-12-21 08:00,0.665
2022-12-21 09:00,0.637
2022-12-21 10:00,0.668
2022-12-21 11:00,0.708
2022-12-21 12:00,0.729
2022-12-21 13:00,0.707
2022-12-21 14:00,0.709
2022-12-21 15:00,0.721
2022-12-21 16:00,0.706
2022-12-21 17:00,0.637
2022-12-21 18:00,0.592
2022-12-21 19:00,0.543
2022-12-21 20:00,0.479
2022-12-21 21:00,0.448
2022-12-21 22:00,0.400
2022-12-21 23:00,0.372
2022-12-22 00:00,0.347
2022-12-22 01:00,0.334
2022-12-22 02:00,0.327
2022-12-22 03:00,0.340
2022-12-22 04:00,0.338
2022-12-22 05:00,0.321
2022-12-22 06:00,0.297
2022-12-22 07:00,0.248
2022-12-22 08:00,0.204
2022-12-22 09:00,0.175
2022-12-22 10:00,0.121
2022-12-22 11:00,0.074
2022-12-22 12:00,0.036
2022-12-22 13:00,0.016
2022-12-22 14:00,0.007
2022-12-22 15:00,0.009
2022-12-22 16:00,0.028
2022-12-22 17:00,0.057
2022-12-22 18:00,0.078
2022-12-22 19:00,0.085
2022-12-22 20:00,0.097
2022-12-22 21:00,0.135
2022-12-22 22:00,0.158
2022-12-22 23:00,0.149
2022-12-23 00:00,0.109
2022-12-23 01:00,0.074
2022-12-23 02:00,0.046
2022-12-23 03:00,0.029
2022-12-23 04:00,0.044
2022-12-23 05:00,0.100
2022-12-23 06:00,0.137
2022-12-23 07:00,0.207
2022-12-23 08:00,0.251
2022-12-23 09:00,0.262
2022-12-23 10:00,0.288
2022-12-23 11:00,0.307
2022-12-23 12:00,0.331
2022-12-23 13:00,0.361
2022-12-23 14:00,0.380
2022-12-23 15:00,0.387
2022-12-23 16:00,0.278
2022-12-23 17:00,0.224
2022-12-23 18:00,0.272
2022-12-23 19:00,0.389
2022-12-23 20:00,0.539
2022-12-23 21:00,0.581
2022-12-23 22:00,0.590
2022-12-23 23:00,0.551
2022-12-24 00:00,0.479
2022-12-24 01:00,0.417
2022-12-24 02:00,0.377
2022-12-24 03:00,0.352
2022-12-24 04:00,0.383
2022-12-24 05:00,0.457
2022-12-24 06:00,0.466
2022-12-24 07:00,0.443
2022-12-24 08:00,0.450
2022-12-24 09:00,0.436
2022-12-24 10:00,0.436
2022-12-24 11:00,0.374
2022-12-24 12:00,0.403
2022-12-24 13:00,0.431
2022-12-24 14:00,0.470
2022-12-24 15:00,0.539
2022-12-24 16:00,0.520
2022-12-24 17:00,0.533
2022-12-24 18:00,0.562
2022-12-24 19:00,0.591
2022-12-24 20:00,0.606
2022-12-24 21:00,0.621
2022-12-24 22:00,0.679
2022-12-24 23:00,0.746
2022-12-25 00:00,0.752
2022-12-25 01:00,0.716
2022-12-25 02:00,0.661
2022-12-25 03:00,0.601
2022-12-25 04:00,0.554
2022-12-25 05:00,0.538
2022-12-25 06:00,0.527
2022-12-25 07:00,0.511
2022-12-25 08:00,0.521
2022-12-25 09:00,0.499
2022-12-25 10:00,0.466
2022-12-25 11:00,0.440
2022-12-25 12:00,0.483
2022-12-25 13:00,0.569
2022-12-25 14:00,0.578
2022-12-25 15:00,0.596
2022-12-25 16:00,0.597
2022-12-25 17:00,0.588
2022-12-25 18:00,0.572
2022-12-25 19:00,0.551
2022-12-25 20:00,0.552
2022-12-25 21:00,0.564
2022-12-25 22:00,0.576
2022-12-25 23:00,0.596
2022-12-26 00:00,0.585
2022-12-26 01:00,0.552
2022-12-26 02:00,0.677
2022-12-26 03:00,0.813
2022-12-26 04:00,0.743
2022-12-26 05:00,0.566
2022-12-26 06:00,0.542
2022-12-26 07:00,0.594
2022-12-26 08:00,0.625
2022-12-26 09:00,0.617
2022-12-26 10:00,0.597
2022-12-26 11:00,0.612
2022-12-26 12:00,0.673
2022-12-26 13:00,0.700
2022-12-26 14:00,0.713
2022-12-26 15:00,0.745
2022-12-26 16:00,0.755
2022-12-26 17:00,0.746
2022-12-26 18:00,0.725
2022-12-26 19:00,0.704
2022-12-26 20:00,0.679
2022-12-26 21:00,0.669
2022-12-26 22:00,0.677
2022-12-26 23:00,0.624
2022-12-27 00:00,0.581
2022-12-27 01:00,0.569
2022-12-27 02:00,0.539
2022-12-27 03:00,0.486
2022-12-27 04:00,0.410
2022-12-27 05:00,0.346
2022-12-27 06:00,0.303
2022-12-27 07:00,0.299
2022-12-27 08:00,0.352
2022-12-27 09:00,0.390
2022-12-27 10:00,0.469
2022-12-27 11:00,0.577
2022-12-27 12:00,0.685
2022-12-27 13:00,0.813
2022-12-27 14:00,0.890
2022-12-27 15:00,0.926
2022-12-27 16:00,0.937
2022-12-27 17:00,0.932
2022-12-27 18:00,0.920
2022-12-27 19:00,0.898
2022-12-27 20:00,0.853
2022-12-27 21:00,0.788
2022-12-27 22:00,0.739
2022-12-27 23:00,0.743
2022-12-28 00:00,0.729
2022-12-28 01:00,0.645
2022-12-28 02:00,0.572
2022-12-28 03:00,0.566
2022-12-28 04:00,0.545
2022-12-28 05:00,0.492
2022-12-28 06:00,0.419
2022-12-28 07:00,0.370
2022-12-28 08:00,0.359
2022-12-28 09:00,0.400
2022-12-28 10:00,0.506
2022-12-28 11:00,0.612
2022-12-28 12:00,0.723
2022-12-28 13:00,0.868
2022-12-28 14:00,0.866
2022-12-28 15:00,0.882
2022-12-28 16:00,0.897
2022-12-28 17:00,0.909
2022-12-28 18:00,0.927
2022-12-28 19:00,0.922
2022-12-28 20:00,0.929
2022-12-28 21:00,0.944
2022-12-28 22:00,0.955
2022-12-28 23:00,0.956
2022-12-29 00:00,0.944
2022-12-29 01:00,0.914
2022-12-29 02:00,0.864
2022-12-29 03:00,0.826
2022-12-29 04:00,0.825
2022-12-29 05:00,0.839
2022-12-29 06:00,0.857
2022-12-29 07:00,0.872
2022-12-29 08:00,0.893
2022-12-29 09:00,0.901
2022-12-29 10:00,0.902
2022-12-29 11:00,0.922
2022-12-29 12:00,0.933
2022-12-29 13:00,0.941
2022-12-29 14:00,0.950
2022-12-29 15:00,0.958
2022-12-29 16:00,0.955
2022-12-29 17:00,0.930
2022-12-29 18:00,0.867
2022-12-29 19:00,0.732
2022-12-29 20:00,0.609
2022-12-29 21:00,0.546
2022-12-29 22:00,0.549
2022-12-29 23:00,0.545
2022-12-30 00:00,0.563
2022-12-30 01:00,0.661
2022-12-30 02:00,0.765
2022-12-30 03:00,0.868
2022-12-30 04:00,0.913
2022-12-30 05:00,0.926
2022-12-30 06:00,0.935
2022-12-30 07:00,0.948
2022-12-30 08:00,0.948
2022-12-30 09:00,0.957
2022-12-30 10:00,0.963
2022-12-30 11:00,0.936
2022-12-30 12:00,0.899
2022-12-30 13:00,0.887
2022-12-30 14:00,0.929
2022-12-30 15:00,0.923
2022-12-30 16:00,0.927
2022-12-30 17:00,0.939
2022-12-30 18:00,0.942
2022-12-30 19:00,0.935
2022-12-30 20:00,0.914
2022-12-30 21:00,0.879
2022-12-30 22:00,0.802
2022-12-30 23:00,0.661
2022-12-31 00:00,0.539
2022-12-31 01:00,0.447
2022-12-31 02:00,0.380
2022-12-31 03:00,0.327
2022-12-31 04:00,0.375
2022-12-31 05:00,0.463
2022-12-31 06:00,0.473
2022-12-31 07:00,0.416
2022-12-31 08:00,0.299
2022-12-31 09:00,0.273
2022-12-31 10:00,0.312
2022-12-31 11:00,0.323
2022-12-31 12:00,0.367
2022-12-31 13:00,0.345
2022-12-31 14:00,0.337
2022-12-31 15:00,0.348
2022-12-31 16:00,0.361
2022-12-31 17:00,0.410
2022-12-31 18:00,0.516
2022-12-31 19:00,0.694
2022-12-31 20:00,0.730
2022-12-31 21:00,0.731
2022-12-31 22:00,0.753
2022-12-31 23:00,0.805
2023-01-01 00:00,0.839
2023-01-01 01:00,0.851
2023-01-01 02:00,0.838
2023-01-01 03:00,0.830
2023-01-01 04:00,0.774
2023-01-01 05:00,0.746
2023-01-01 06:00,0.729
2023-01-01 07:00,0.707
2023-01-01 08:00,0.729
2023-01-01 09:00,0.673
2023-01-01 10:00,0.584
2023-01-01 11:00,0.556
2023-01-01 12:00,0.647
2023-01-01 13:00,0.689
2023-01-01 14:00,0.719
2023-01-01 15:00,0.725
2023-01-01 16:00,0.623
2023-01-01 17:00,0.528
2023-01-01 18:00,0.465
2023-01-01 19:00,0.413
2023-01-01 20:00,0.352
2023-01-01 21:00,0.313
2023-01-01 22:00,0.283
2023-01-01 23:00,0.251
2023-01-02 00:00,0.240
2023-01-02 01:00,0.229
2023-01-02 02:00,0.276
2023-01-02 03:00,0.304
2023-01-02 04:00,0.327
2023-01-02 05:00,0.338
2023-01-02 06:00,0.364
2023-01-02 07:00,0.365
2023-01-02 08:00,0.351
2023-01-02 09:00,0.285
2023-01-02 10:00,0.190
2023-01-02 11:00,0.149
2023-01-02 12:00,0.160
2023-01-02 13:00,0.164
2023-01-02 14:00,0.194
2023-01-02 15:00,0.240
2023-01-02 16:00,0.239
2023-01-02 17:00,0.227
2023-01-02 18:00,0.249
2023-01-02 19:00,0.330
2023-01-02 20:00,0.431
2023-01-02 21:00,0.487
2023-01-02 22:00,0.491
2023-01-02 23:00,0.483
2023-01-03 00:00,0.460
2023-01-03 01:00,0.390
2023-01-03 02:00,0.335
2023-01-03 03:00,0.345
2023-01-03 04:00,0.369
2023-01-03 05:00,0.452
2023-01-03 06:00,0.536
2023-01-03 07:00,0.581
2023-01-03 08:00,0.705
2023-01-03 09:00,0.769
2023-01-03 10:00,0.742
2023-01-03 11:00,0.757
2023-01-03 12:00,0.708
2023-01-03 13:00,0.743
2023-01-03 14:00,0.797
2023-01-03 15:00,0.845
2023-01-03 16:00,0.888
2023-01-03 17:00,0.892
2023-01-03 18:00,0.868
2023-01-03 19:00,0.887
2023-01-03 20:00,0.867
2023-01-03 21:00,0.850
2023-01-03 22:00,0.918
2023-01-03 23:00,0.954
2023-01-04 00:00,0.969
2023-01-04 01:00,0.961
2023-01-04 02:00,0.943
2023-01-04 03:00,0.941
2023-01-04 04:00,0.956
2023-01-04 05:00,0.961
2023-01-04 06:00,0.962
2023-01-04 07:00,0.962
2023-01-04 08:00,0.961
2023-01-04 09:00,0.957
2023-01-04 10:00,0.957
2023-01-04 11:00,0.959
2023-01-04 12:00,0.957
2023-01-04 13:00,0.959
2023-01-04 14:00,0.956
2023-01-04 15:00,0.953
2023-01-04 16:00,0.949
2023-01-04 17:00,0.948
2023-01-04 18:00,0.943
2023-01-04 19:00,0.936
2023-01-04 20:00,0.923
2023-01-04 21:00,0.917
2023-01-04 22:00,0.903
2023-01-04 23:00,0.880
2023-01-05 00:00,0.841
2023-01-05 01:00,0.789
2023-01-05 02:00,0.741
2023-01-05 03:00,0.677
2023-01-05 04:00,0.600
2023-01-05 05:00,0.480
2023-01-05 06:00,0.421
2023-01-05 07:00,0.412
2023-01-05 08:00,0.387
2023-01-05 09:00,0.325
2023-01-05 10:00,0.359
2023-01-05 11:00,0.460
2023-01-05 12:00,0.581
2023-01-05 13:00,0.677
2023-01-05 14:00,0.751
2023-01-05 15:00,0.791
2023-01-05 16:00,0.808
2023-01-05 17:00,0.840
2023-01-05 18:00,0.875
2023-01-05 19:00,0.872
2023-01-05 20:00,0.863
2023-01-05 21:00,0.847
2023-01-05 22:00,0.829
2023-01-05 23:00,0.799
2023-01-06 00:00,0.755
2023-01-06 01:00,0.769
2023-01-06 02:00,0.780
2023-01-06 03:00,0.786
2023-01-06 04:00,0.814
2023-01-06 05:00,0.843
2023-01-06 06:00,0.834
2023-01-06 07:00,0.841
2023-01-06 08:00,0.817
2023-01-06 09:00,0.749
2023-01-06 10:00,0.655
2023-01-06 11:00,0.640
2023-01-06 12:00,0.594
2023-01-06 13:00,0.621
2023-01-06 14:00,0.620
2023-01-06 15:00,0.618
2023-01-06 16:00,0.616
2023-01-06 17:00,0.536
2023-01-06 18:00,0.486
2023-01-06 19:00,0.533
2023-01-06 20:00,0.726
2023-01-06 21:00,0.840
2023-01-06 22:00,0.844
2023-01-06 23:00,0.839
2023-01-07 00:00,0.855
2023-01-07 01:00,0.867
2023-01-07 02:00,0.901
2023-01-07 03:00,0.926
2023-01-07 04:00,0.945
2023-01-07 05:00,0.964
2023-01-07 06:00,0.969
2023-01-07 07:00,0.967
2023-01-07 08:00,0.953
2023-01-07 09:00,0.935
2023-01-07 10:00,0.904
2023-01-07 11:00,0.818
2023-01-07 12:00,0.729
2023-01-07 13:00,0.672
2023-01-07 14:00,0.705
2023-01-07 15:00,0.767
2023-01-07 16:00,0.828
2023-01-07 17:00,0.853
2023-01-07 18:00,0.859
2023-01-07 19:00,0.856
2023-01-07 20:00,0.862
2023-01-07 21:00,0.846
2023-01-07 22:00,0.846
2023-01-07 23:00,0.863
2023-01-08 00:00,0.878
2023-01-08 01:00,0.869
2023-01-08 02:00,0.852
2023-01-08 03:00,0.782
2023-01-08 04:00,0.700
2023-01-08 05:00,0.626
2023-01-08 06:00,0.572
2023-01-08 07:00,0.554
2023-01-08 08:00,0.565
2023-01-08 09:00,0.598
2023-01-08 10:00,0.661
2023-01-08 11:00,0.643
2023-01-08 12:00,0.637
2023-01-08 13:00,0.528
2023-01-08 14:00,0.468
2023-01-08 15:00,0.421
2023-01-08 16:00,0.405
2023-01-08 17:00,0.426
2023-01-08 18:00,0.449
2023-01-08 19:00,0.493
2023-01-08 20:00,0.466
2023-01-08 21:00,0.450
2023-01-08 22:00,0.482
2023-01-08 23:00,0.515
2023-01-09 00:00,0.502
2023-01-09 01:00,0.505
2023-01-09 02:00,0.528
2023-01-09 03:00,0.533
2023-01-09 04:00,0.555
2023-01-09 05:00,0.600
2023-01-09 06:00,0.645
2023-01-09 07:00,0.669
2023-01-09 08:00,0.697
2023-01-09 09:00,0.738
2023-01-09 10:00,0.780
2023-01-09 11:00,0.813
2023-01-09 12:00,0.837
2023-01-09 13:00,0.851
2023-01-09 14:00,0.845
2023-01-09 15:00,0.878
2023-01-09 16:00,0.911
2023-01-09 17:00,0.922
2023-01-09 18:00,0.916
2023-01-09 19:00,0.895
2023-01-09 20:00,0.855
2023-01-09 21:00,0.786
2023-01-09 22:00,0.691
2023-01-09 23:00,0.636
2023-01-10 00:00,0.640
2023-01-10 01:00,0.542
2023-01-10 02:00,0.471
2023-01-10 03:00,0.425
2023-01-10 04:00,0.370
2023-01-10 05:00,0.382
2023-01-10 06:00,0.460
2023-01-10 07:00,0.544
2023-01-10 08:00,0.670
2023-01-10 09:00,0.837
2023-01-10 10:00,0.875
2023-01-10 11:00,0.860
2023-01-10 12:00,0.864
2023-01-10 13:00,0.901
2023-01-10 14:00,0.934
2023-01-10 15:00,0.959
2023-01-10 16:00,0.968
2023-01-10 17:00,0.977
2023-01-10 18:00,0.975
2023-01-10 19:00,0.970
2023-01-10 20:00,0.961
2023-01-10 21:00,0.933
2023-01-10 22:00,0.926
2023-01-10 23:00,0.921
2023-01-11 00:00,0.908
2023-01-11 01:00,0.895
2023-01-11 02:00,0.892
2023-01-11 03:00,0.889
2023-01-11 04:00,0.883
2023-01-11 05:00,0.879
2023-01-11 06:00,0.887
2023-01-11 07:00,0.893
2023-01-11 08:00,0.897
2023-01-11 09:00,0.898
2023-01-11 10:00,0.895
2023-01-11 11:00,0.909
2023-01-11 12:00,0.932
2023-01-11 13:00,0.951
2023-01-11 14:00,0.943
2023-01-11 15:00,0.909
2023-01-11 16:00,0.893
2023-01-11 17:00,0.903
2023-01-11 18:00,0.897
2023-01-11 19:00,0.880
2023-01-11 20:00,0.858
2023-01-11 21:00,0.813
2023-01-11 22:00,0.657
2023-01-11 23:00,0.597
2023-01-12 00:00,0.613
2023-01-12 01:00,0.801
2023-01-12 02:00,0.883
2023-01-12 03:00,0.888
2023-01-12 04:00,0.874
2023-01-12 05:00,0.824
2023-01-12 06:00,0.772
2023-01-12 07:00,0.748
2023-01-12 08:00,0.741
2023-01-12 09:00,0.721
2023-01-12 10:00,0.773
2023-01-12 11:00,0.863
2023-01-12 12:00,0.929
2023-01-12 13:00,0.967
2023-01-12 14:00,0.955
2023-01-12 15:00,0.953
2023-01-12 16:00,0.962
2023-01-12 17:00,0.973
2023-01-12 18:00,0.980
2023-01-12 19:00,0.986
2023-01-12 20:00,0.989
2023-01-12 21:00,0.992
2023-01-12 22:00,0.993
2023-01-12 23:00,0.993
2023-01-13 00:00,0.993
2023-01-13 01:00,0.993
2023-01-13 02:00,0.993
2023-01-13 03:00,0.993
2023-01-13 04:00,0.992
2023-01-13 05:00,0.990
2023-01-13 06:00,0.987
2023-01-13 07:00,0.982
2023-01-13 08:00,0.974
2023-01-13 09:00,0.964
2023-01-13 10:00,0.958
2023-01-13 11:00,0.951
2023-01-13 12:00,0.946
2023-01-13 13:00,0.944
2023-01-13 14:00,0.941
2023-01-13 15:00,0.932
2023-01-13 16:00,0.905
2023-01-13 17:00,0.837
2023-01-13 18:00,0.716
2023-01-13 19:00,0.590
2023-01-13 20:00,0.520
2023-01-13 21:00,0.467
2023-01-13 22:00,0.426
2023-01-13 23:00,0.433
2023-01-14 00:00,0.530
2023-01-14 01:00,0.741
2023-01-14 02:00,0.828
2023-01-14 03:00,0.832
2023-01-14 04:00,0.814
2023-01-14 05:00,0.785
2023-01-14 06:00,0.746
2023-01-14 07:00,0.694
2023-01-14 08:00,0.606
2023-01-14 09:00,0.641
2023-01-14 10:00,0.792
2023-01-14 11:00,0.886
2023-01-14 12:00,0.910
2023-01-14 13:00,0.905
2023-01-14 14:00,0.901
2023-01-14 15:00,0.906
2023-01-14 16:00,0.922
2023-01-14 17:00,0.931
2023-01-14 18:00,0.935
2023-01-14 19:00,0.950
2023-01-14 20:00,0.963
2023-01-14 21:00,0.972
2023-01-14 22:00,0.977
2023-01-14 23:00,0.980
2023-01-15 00:00,0.981
2023-01-15 01:00,0.980
2023-01-15 02:00,0.979
2023-01-15 03:00,0.978
2023-01-15 04:00,0.978
2023-01-15 05:00,0.973
2023-01-15 06:00,0.958
2023-01-15 07:00,0.922
2023-01-15 08:00,0.849
2023-01-15 09:00,0.741
2023-01-15 10:00,0.645
2023-01-15 11:00,0.614
2023-01-15 12:00,0.526
2023-01-15 13:00,0.409
2023-01-15 14:00,0.306
2023-01-15 15:00,0.349
2023-01-15 16:00,0.379
2023-01-15 17:00,0.331
2023-01-15 18:00,0.270
2023-01-15 19:00,0.214
2023-01-15 20:00,0.148
2023-01-15 21:00,0.089
2023-01-15 22:00,0.055
2023-01-15 23:00,0.029
2023-01-16 00:00,0.009
2023-01-16 01:00,0.007
2023-01-16 02:00,0.024
2023-01-16 03:00,0.067
2023-01-16 04:00,0.118
2023-01-16 05:00,0.159
2023-01-16 06:00,0.182
2023-01-16 07:00,0.251
2023-01-16 08:00,0.330
2023-01-16 09:00,0.436
2023-01-16 10:00,0.523
2023-01-16 11:00,0.540
2023-01-16 12:00,0.529
2023-01-16 13:00,0.517
2023-01-16 14:00,0.429
2023-01-16 15:00,0.393
2023-01-16 16:00,0.433
2023-01-16 17:00,0.438
2023-01-16 18:00,0.426
2023-01-16 19:00,0.416
2023-01-16 20:00,0.403
2023-01-16 21:00,0.377
2023-01-16 22:00,0.348
2023-01-16 23:00,0.324
2023-01-17 00:00,0.306
2023-01-17 01:00,0.288
2023-01-17 02:00,0.275
2023-01-17 03:00,0.260
2023-01-17 04:00,0.242
2023-01-17 05:00,0.223
2023-01-17 06:00,0.202
2023-01-17 07:00,0.191
2023-01-17 08:00,0.184
2023-01-17 09:00,0.169
2023-01-17 10:00,0.207
2023-01-17 11:00,0.257
2023-01-17 12:00,0.313
2023-01-17 13:00,0.323
2023-01-17 14:00,0.287
2023-01-17 15:00,0.356
2023-01-17 16:00,0.460
2023-01-17 17:00,0.498
2023-01-17 18:00,0.486
2023-01-17 19:00,0.469
2023-01-17 20:00,0.466
2023-01-17 21:00,0.479
2023-01-17 22:00,0.521
2023-01-17 23:00,0.544
2023-01-18 00:00,0.528
2023-01-18 01:00,0.536
2023-01-18 02:00,0.532
2023-01-18 03:00,0.564
2023-01-18 04:00,0.632
2023-01-18 05:00,0.646
2023-01-18 06:00,0.675
2023-01-18 07:00,0.681
2023-01-18 08:00,0.673
2023-01-18 09:00,0.628
2023-01-18 10:00,0.564
2023-01-18 11:00,0.541
2023-01-18 12:00,0.575
2023-01-18 13:00,0.571
2023-01-18 14:00,0.556
2023-01-18 15:00,0.577
2023-01-18 16:00,0.587
2023-01-18 17:00,0.562
2023-01-18 18:00,0.537
2023-01-18 19:00,0.510
2023-01-18 20:00,0.483
2023-01-18 21:00,0.485
2023-01-18 22:00,0.491
2023-01-18 23:00,0.491
2023-01-19 00:00,0.491
2023-01-19 01:00,0.488
2023-01-19 02:00,0.484
2023-01-19 03:00,0.467
2023-01-19 04:00,0.450
2023-01-19 05:00,0.424
2023-01-19 06:00,0.406
2023-01-19 07:00,0.394
2023-01-19 08:00,0.380
2023-01-19 09:00,0.306
2023-01-19 10:00,0.212
2023-01-19 11:00,0.232
2023-01-19 12:00,0.296
2023-01-19 13:00,0.314
2023-01-19 14:00,0.349
2023-01-19 15:00,0.467
2023-01-19 16:00,0.606
2023-01-19 17:00,0.658
2023-01-19 18:00,0.667
2023-01-19 19:00,0.681
2023-01-19 20:00,0.682
2023-01-19 21:00,0.685
2023-01-19 22:00,0.682
2023-01-19 23:00,0.665
2023-01-20 00:00,0.637
2023-01-20 01:00,0.596
2023-01-20 02:00,0.536
2023-01-20 03:00,0.466
2023-01-20 04:00,0.395
2023-01-20 05:00,0.352
2023-01-20 06:00,0.322
2023-01-20 07:00,0.314
2023-01-20 08:00,0.299
2023-01-20 09:00,0.253
2023-01-20 10:00,0.185
2023-01-20 11:00,0.157
2023-01-20 12:00,0.182
2023-01-20 13:00,0.214
2023-01-20 14:00,0.222
2023-01-20 15:00,0.282
2023-01-20 16:00,0.337
2023-01-20 17:00,0.348
2023-01-20 18:00,0.325
2023-01-20 19:00,0.275
2023-01-20 20:00,0.212
2023-01-20 21:00,0.146
2023-01-20 22:00,0.102
2023-01-20 23:00,0.087
2023-01-21 00:00,0.085
2023-01-21 01:00,0.086
2023-01-21 02:00,0.093
2023-01-21 03:00,0.105
2023-01-21 04:00,0.107
2023-01-21 05:00,0.113
2023-01-21 06:00,0.129
2023-01-21 07:00,0.140
2023-01-21 08:00,0.145
2023-01-21 09:00,0.137
2023-01-21 10:00,0.124
2023-01-21 11:00,0.157
2023-01-21 12:00,0.199
2023-01-21 13:00,0.216
2023-01-21 14:00,0.227
2023-01-21 15:00,0.304
2023-01-21 16:00,0.380
2023-01-21 17:00,0.409
2023-01-21 18:00,0.412
2023-01-21 19:00,0.385
2023-01-21 20:00,0.361
2023-01-21 21:00,0.294
2023-01-21 22:00,0.235
2023-01-21 23:00,0.237
2023-01-22 00:00,0.243
2023-01-22 01:00,0.254
2023-01-22 02:00,0.257
2023-01-22 03:00,0.261
2023-01-22 04:00,0.280
2023-01-22 05:00,0.302
2023-01-22 06:00,0.322
2023-01-22 07:00,0.326
2023-01-22 08:00,0.340
2023-01-22 09:00,0.302
2023-01-22 10:00,0.321
2023-01-22 11:00,0.345
2023-01-22 12:00,0.279
2023-01-22 13:00,0.240
2023-01-22 14:00,0.216
2023-01-22 15:00,0.307
2023-01-22 16:00,0.393
2023-01-22 17:00,0.399
2023-01-22 18:00,0.361
2023-01-22 19:00,0.302
2023-01-22 20:00,0.238
2023-01-22 21:00,0.181
2023-01-22 22:00,0.152
2023-01-22 23:00,0.139
2023-01-23 00:00,0.129
2023-01-23 01:00,0.133
2023-01-23 02:00,0.140
2023-01-23 03:00,0.155
2023-01-23 04:00,0.158
2023-01-23 05:00,0.160
2023-01-23 06:00,0.149
2023-01-23 07:00,0.156
2023-01-23 08:00,0.160
2023-01-23 09:00,0.157
2023-01-23 10:00,0.139
2023-01-23 11:00,0.119
2023-01-23 12:00,0.120
2023-01-23 13:00,0.122
2023-01-23 14:00,0.152
2023-01-23 15:00,0.212
2023-01-23 16:00,0.266
2023-01-23 17:00,0.292
2023-01-23 18:00,0.297
2023-01-23 19:00,0.284
2023-01-23 20:00,0.259
2023-01-23 21:00,0.240
2023-01-23 22:00,0.235
2023-01-23 23:00,0.232
2023-01-24 00:00,0.233
2023-01-24 01:00,0.240
2023-01-24 02:00,0.251
2023-01-24 03:00,0.246
2023-01-24 04:00,0.225
2023-01-24 05:00,0.207
2023-01-24 06:00,0.188
2023-01-24 07:00,0.169
2023-01-24 08:00,0.145
2023-01-24 09:00,0.120
2023-01-24 10:00,0.093
2023-01-24 11:00,0.080
2023-01-24 12:00,0.085
2023-01-24 13:00,0.100
2023-01-24 14:00,0.136
2023-01-24 15:00,0.181
2023-01-24 16:00,0.216
2023-01-24 17:00,0.239
2023-01-24 18:00,0.262
2023-01-24 19:00,0.278
2023-01-24 20:00,0.298
2023-01-24 21:00,0.333
2023-01-24 22:00,0.370
2023-01-24 23:00,0.381
2023-01-25 00:00,0.374
2023-01-25 01:00,0.351
2023-01-25 02:00,0.345
2023-01-25 03:00,0.363
2023-01-25 04:00,0.367
2023-01-25 05:00,0.400
2023-01-25 06:00,0.445
2023-01-25 07:00,0.427
2023-01-25 08:00,0.448
2023-01-25 09:00,0.418
2023-01-25 10:00,0.442
2023-01-25 11:00,0.511
2023-01-25 12:00,0.543
2023-01-25 13:00,0.552
2023-01-25 14:00,0.586
2023-01-25 15:00,0.632
2023-01-25 16:00,0.654
2023-01-25 17:00,0.604
2023-01-25 18:00,0.574
2023-01-25 19:00,0.572
2023-01-25 20:00,0.549
2023-01-25 21:00,0.512
2023-01-25 22:00,0.468
2023-01-25 23:00,0.443
2023-01-26 00:00,0.426
2023-01-26 01:00,0.420
2023-01-26 02:00,0.396
2023-01-26 03:00,0.389
2023-01-26 04:00,0.381
2023-01-26 05:00,0.395
2023-01-26 06:00,0.395
2023-01-26 07:00,0.387
2023-01-26 08:00,0.407
2023-01-26 09:00,0.335
2023-01-26 10:00,0.323
2023-01-26 11:00,0.356
2023-01-26 12:00,0.403
2023-01-26 13:00,0.400
2023-01-26 14:00,0.377
2023-01-26 15:00,0.411
2023-01-26 16:00,0.450
2023-01-26 17:00,0.452
2023-01-26 18:00,0.479
2023-01-26 19:00,0.510
2023-01-26 20:00,0.504
2023-01-26 21:00,0.475
2023-01-26 22:00,0.446
2023-01-26 23:00,0.417
2023-01-27 00:00,0.399
2023-01-27 01:00,0.377
2023-01-27 02:00,0.371
2023-01-27 03:00,0.355
2023-01-27 04:00,0.317
2023-01-27 05:00,0.265
2023-01-27 06:00,0.224
2023-01-27 07:00,0.188
2023-01-27 08:00,0.147
2023-01-27 09:00,0.089
2023-01-27 10:00,0.055
2023-01-27 11:00,0.040
2023-01-27 12:00,0.029
2023-01-27 13:00,0.029
2023-01-27 14:00,0.040
2023-01-27 15:00,0.066
2023-01-27 16:00,0.074
2023-01-27 17:00,0.059
2023-01-27 18:00,0.059
2023-01-27 19:00,0.092
2023-01-27 20:00,0.134
2023-01-27 21:00,0.168
2023-01-27 22:00,0.209
2023-01-27 23:00,0.270
2023-01-28 00:00,0.326
2023-01-28 01:00,0.352
2023-01-28 02:00,0.326
2023-01-28 03:00,0.296
2023-01-28 04:00,0.299
2023-01-28 05:00,0.302
2023-01-28 06:00,0.310
2023-01-28 07:00,0.311
2023-01-28 08:00,0.327
2023-01-28 09:00,0.297
2023-01-28 10:00,0.236
2023-01-28 11:00,0.193
2023-01-28 12:00,0.168
2023-01-28 13:00,0.146
2023-01-28 14:00,0.144
2023-01-28 15:00,0.188
2023-01-28 16:00,0.235
2023-01-28 17:00,0.253
2023-01-28 18:00,0.230
2023-01-28 19:00,0.204
2023-01-28 20:00,0.181
2023-01-28 21:00,0.215
2023-01-28 22:00,0.280
2023-01-28 23:00,0.304
2023-01-29 00:00,0.308
2023-01-29 01:00,0.324
2023-01-29 02:00,0.339
2023-01-29 03:00,0.325
2023-01-29 04:00,0.349
2023-01-29 05:00,0.403
2023-01-29 06:00,0.406
2023-01-29 07:00,0.430
2023-01-29 08:00,0.502
2023-01-29 09:00,0.543
2023-01-29 10:00,0.629
2023-01-29 11:00,0.731
2023-01-29 12:00,0.756
2023-01-29 13:00,0.749
2023-01-29 14:00,0.730
2023-01-29 15:00,0.752
2023-01-29 16:00,0.805
2023-01-29 17:00,0.849
2023-01-29 18:00,0.871
2023-01-29 19:00,0.871
2023-01-29 20:00,0.868
2023-01-29 21:00,0.868
2023-01-29 22:00,0.893
2023-01-29 23:00,0.907
2023-01-30 00:00,0.919
2023-01-30 01:00,0.927
2023-01-30 02:00,0.932
2023-01-30 03:00,0.938
2023-01-30 04:00,0.941
2023-01-30 05:00,0.929
2023-01-30 06:00,0.908
2023-01-30 07:00,0.870
2023-01-30 08:00,0.824
2023-01-30 09:00,0.762
2023-01-30 10:00,0.729
2023-01-30 11:00,0.772
2023-01-30 12:00,0.753
2023-01-30 13:00,0.697
2023-01-30 14:00,0.597
2023-01-30 15:00,0.533
2023-01-30 16:00,0.552
2023-01-30 17:00,0.559
2023-01-30 18:00,0.546
2023-01-30 19:00,0.497
2023-01-30 20:00,0.473
2023-01-30 21:00,0.487
2023-01-30 22:00,0.534
2023-01-30 23:00,0.612
2023-01-31 00:00,0.684
2023-01-31 01:00,0.726
2023-01-31 02:00,0.790
2023-01-31 03:00,0.845
2023-01-31 04:00,0.861
2023-01-31 05:00,0.901
2023-01-31 06:00,0.914
2023-01-31 07:00,0.919
2023-01-31 08:00,0.927
2023-01-31 09:00,0.931
2023-01-31 10:00,0.950
2023-01-31 11:00,0.973
2023-01-31 12:00,0.971
2023-01-31 13:00,0.961
2023-01-31 14:00,0.943
2023-01-31 15:00,0.916
2023-01-31 16:00,0.904
2023-01-31 17:00,0.894
2023-01-31 18:00,0.902
2023-01-31 19:00,0.913
2023-01-31 20:00,0.929
2023-01-31 21:00,0.942
2023-01-31 22:00,0.951
2023-01-31 23:00,0.958
2023-02-01 00:00,0.960
2023-02-01 01:00,0.953
2023-02-01 02:00,0.941
2023-02-01 03:00,0.940
2023-02-01 04:00,0.945
2023-02-01 05:00,0.950
2023-02-01 06:00,0.955
2023-02-01 07:00,0.963
2023-02-01 08:00,0.968
2023-02-01 09:00,0.964
2023-02-01 10:00,0.958
2023-02-01 11:00,0.957
2023-02-01 12:00,0.957
2023-02-01 13:00,0.942
2023-02-01 14:00,0.927
2023-02-01 15:00,0.916
2023-02-01 16:00,0.903
2023-02-01 17:00,0.890
2023-02-01 18:00,0.888
2023-02-01 19:00,0.891
2023-02-01 20:00,0.884
2023-02-01 21:00,0.875
2023-02-01 22:00,0.857
2023-02-01 23:00,0.831
2023-02-02 00:00,0.810
2023-02-02 01:00,0.785
2023-02-02 02:00,0.753
2023-02-02 03:00,0.736
2023-02-02 04:00,0.767
2023-02-02 05:00,0.769
2023-02-02 06:00,0.767
2023-02-02 07:00,0.749
2023-02-02 08:00,0.774
2023-02-02 09:00,0.781
2023-02-02 10:00,0.809
2023-02-02 11:00,0.826
2023-02-02 12:00,0.827
2023-02-02 13:00,0.826
2023-02-02 14:00,0.837
2023-02-02 15:00,0.857
2023-02-02 16:00,0.874
2023-02-02 17:00,0.880
2023-02-02 18:00,0.893
2023-02-02 19:00,0.909
2023-02-02 20:00,0.912
2023-02-02 21:00,0.920
2023-02-02 22:00,0.937
2023-02-02 23:00,0.944
2023-02-03 00:00,0.941
2023-02-03 01:00,0.927
2023-02-03 02:00,0.911
2023-02-03 03:00,0.889
2023-02-03 04:00,0.848
2023-02-03 05:00,0.806
2023-02-03 06:00,0.752
2023-02-03 07:00,0.697
2023-02-03 08:00,0.664
2023-02-03 09:00,0.683
2023-02-03 10:00,0.718
2023-02-03 11:00,0.779
2023-02-03 12:00,0.776
2023-02-03 13:00,0.743
2023-02-03 14:00,0.674
2023-02-03 15:00,0.625
2023-02-03 16:00,0.610
2023-02-03 17:00,0.539
2023-02-03 18:00,0.483
2023-02-03 19:00,0.425
2023-02-03 20:00,0.380
2023-02-03 21:00,0.362
2023-02-03 22:00,0.370
2023-02-03 23:00,0.387
2023-02-04 00:00,0.409
2023-02-04 01:00,0.403
2023-02-04 02:00,0.400
2023-02-04 03:00,0.388
2023-02-04 04:00,0.377
2023-02-04 05:00,0.370
2023-02-04 06:00,0.390
2023-02-04 07:00,0.413
2023-02-04 08:00,0.406
2023-02-04 09:00,0.342
2023-02-04 10:00,0.357
2023-02-04 11:00,0.457
2023-02-04 12:00,0.507
2023-02-04 13:00,0.525
2023-02-04 14:00,0.442
2023-02-04 15:00,0.436
2023-02-04 16:00,0.534
2023-02-04 17:00,0.616
2023-02-04 18:00,0.658
2023-02-04 19:00,0.661
2023-02-04 20:00,0.618
2023-02-04 21:00,0.594
2023-02-04 22:00,0.546
2023-02-04 23:00,0.497
2023-02-05 00:00,0.468
2023-02-05 01:00,0.463
2023-02-05 02:00,0.445
2023-02-05 03:00,0.451
2023-02-05 04:00,0.340
2023-02-05 05:00,0.228
2023-02-05 06:00,0.186
2023-02-05 07:00,0.182
2023-02-05 08:00,0.133
2023-02-05 09:00,0.041
2023-02-05 10:00,0.013
2023-02-05 11:00,0.010
2023-02-05 12:00,0.012
2023-02-05 13:00,0.016
2023-02-05 14:00,0.032
2023-02-05 15:00,0.064
2023-02-05 16:00,0.118
2023-02-05 17:00,0.156
2023-02-05 18:00,0.160
2023-02-05 19:00,0.174
2023-02-05 20:00,0.184
2023-02-05 21:00,0.204
2023-02-05 22:00,0.226
2023-02-05 23:00,0.240
2023-02-06 00:00,0.261
2023-02-06 01:00,0.296
2023-02-06 02:00,0.335
2023-02-06 03:00,0.361
2023-02-06 04:00,0.390
2023-02-06 05:00,0.429
2023-02-06 06:00,0.448
2023-02-06 07:00,0.420
2023-02-06 08:00,0.302
2023-02-06 09:00,0.147
2023-02-06 10:00,0.088
2023-02-06 11:00,0.126
2023-02-06 12:00,0.141
2023-02-06 13:00,0.145
2023-02-06 14:00,0.141
2023-02-06 15:00,0.178
2023-02-06 16:00,0.240
2023-02-06 17:00,0.279
2023-02-06 18:00,0.284
2023-02-06 19:00,0.254
2023-02-06 20:00,0.212
2023-02-06 21:00,0.197
2023-02-06 22:00,0.199
2023-02-06 23:00,0.201
2023-02-07 00:00,0.200
2023-02-07 01:00,0.202
2023-02-07 02:00,0.210
2023-02-07 03:00,0.220
2023-02-07 04:00,0.218
2023-02-07 05:00,0.196
2023-02-07 06:00,0.169
2023-02-07 07:00,0.140
2023-02-07 08:00,0.113
2023-02-07 09:00,0.097
2023-02-07 10:00,0.091
2023-02-07 11:00,0.100
2023-02-07 12:00,0.103
2023-02-07 13:00,0.099
2023-02-07 14:00,0.094
2023-02-07 15:00,0.109
2023-02-07 16:00,0.130
2023-02-07 17:00,0.128
2023-02-07 18:00,0.111
2023-02-07 19:00,0.096
2023-02-07 20:00,0.094
2023-02-07 21:00,0.106
2023-02-07 22:00,0.128
2023-02-07 23:00,0.150
2023-02-08 00:00,0.181
2023-02-08 01:00,0.203
2023-02-08 02:00,0.206
2023-02-08 03:00,0.182
2023-02-08 04:00,0.159
2023-02-08 05:00,0.167
2023-02-08 06:00,0.187
2023-02-08 07:00,0.206
2023-02-08 08:00,0.228
2023-02-08 09:00,0.268
2023-02-08 10:00,0.357
2023-02-08 11:00,0.377
2023-02-08 12:00,0.442
2023-02-08 13:00,0.507
2023-02-08 14:00,0.507
2023-02-08 15:00,0.565
2023-02-08 16:00,0.673
2023-02-08 17:00,0.694
2023-02-08 18:00,0.680
2023-02-08 19:00,0.663
2023-02-08 20:00,0.634
2023-02-08 21:00,0.635
2023-02-08 22:00,0.594
2023-02-08 23:00,0.517
2023-02-09 00:00,0.504
2023-02-09 01:00,0.505
2023-02-09 02:00,0.497
2023-02-09 03:00,0.455
2023-02-09 04:00,0.400
2023-02-09 05:00,0.417
2023-02-09 06:00,0.468
2023-02-09 07:00,0.505
2023-02-09 08:00,0.489
2023-02-09 09:00,0.348
2023-02-09 10:00,0.377
2023-02-09 11:00,0.542
2023-02-09 12:00,0.613
2023-02-09 13:00,0.654
2023-02-09 14:00,0.637
2023-02-09 15:00,0.556
2023-02-09 16:00,0.499
2023-02-09 17:00,0.499
2023-02-09 18:00,0.508
2023-02-09 19:00,0.524
2023-02-09 20:00,0.535
2023-02-09 21:00,0.541
2023-02-09 22:00,0.546
2023-02-09 23:00,0.527
2023-02-10 00:00,0.485
2023-02-10 01:00,0.467
2023-02-10 02:00,0.467
2023-02-10 03:00,0.456
2023-02-10 04:00,0.448
2023-02-10 05:00,0.447
2023-02-10 06:00,0.483
2023-02-10 07:00,0.513
2023-02-10 08:00,0.514
2023-02-10 09:00,0.506
2023-02-10 10:00,0.556
2023-02-10 11:00,0.555
2023-02-10 12:00,0.563
2023-02-10 13:00,0.586
2023-02-10 14:00,0.625
2023-02-10 15:00,0.705
2023-02-10 16:00,0.764
2023-02-10 17:00,0.777
2023-02-10 18:00,0.783
2023-02-10 19:00,0.783
2023-02-10 20:00,0.780
2023-02-10 21:00,0.781
2023-02-10 22:00,0.789
2023-02-10 23:00,0.783
2023-02-11 00:00,0.761
2023-02-11 01:00,0.716
2023-02-11 02:00,0.663
2023-02-11 03:00,0.628
2023-02-11 04:00,0.586
2023-02-11 05:00,0.516
2023-02-11 06:00,0.473
2023-02-11 07:00,0.436
2023-02-11 08:00,0.376
2023-02-11 09:00,0.345
2023-02-11 10:00,0.374
2023-02-11 11:00,0.355
2023-02-11 12:00,0.311
2023-02-11 13:00,0.268
2023-02-11 14:00,0.232
2023-02-11 15:00,0.195
2023-02-11 16:00,0.228
2023-02-11 17:00,0.262
2023-02-11 18:00,0.260
2023-02-11 19:00,0.248
2023-02-11 20:00,0.231
2023-02-11 21:00,0.208
2023-02-11 22:00,0.188
2023-02-11 23:00,0.172
2023-02-12 00:00,0.155
2023-02-12 01:00,0.139
2023-02-12 02:00,0.127
2023-02-12 03:00,0.108
2023-02-12 04:00,0.093
2023-02-12 05:00,0.088
2023-02-12 06:00,0.092
2023-02-12 07:00,0.101
2023-02-12 08:00,0.111
2023-02-12 09:00,0.084
2023-02-12 10:00,0.081
2023-02-12 11:00,0.089
2023-02-12 12:00,0.100
2023-02-12 13:00,0.109
2023-02-12 14:00,0.118
2023-02-12 15:00,0.129
2023-02-12 16:00,0.167
2023-02-12 17:00,0.212
2023-02-12 18:00,0.268
2023-02-12 19:00,0.325
2023-02-12 20:00,0.355
2023-02-12 21:00,0.358
2023-02-12 22:00,0.367
2023-02-12 23:00,0.373
2023-02-13 00:00,0.349
2023-02-13 01:00,0.302
2023-02-13 02:00,0.257
2023-02-13 03:00,0.224
2023-02-13 04:00,0.224
2023-02-13 05:00,0.242
2023-02-13 06:00,0.248
2023-02-13 07:00,0.240
2023-02-13 08:00,0.194
2023-02-13 09:00,0.206
2023-02-13 10:00,0.214
2023-02-13 11:00,0.208
2023-02-13 12:00,0.205
2023-02-13 13:00,0.203
2023-02-13 14:00,0.196
2023-02-13 15:00,0.193
2023-02-13 16:00,0.240
2023-02-13 17:00,0.301
2023-02-13 18:00,0.335
2023-02-13 19:00,0.349
2023-02-13 20:00,0.348
2023-02-13 21:00,0.356
2023-02-13 22:00,0.327
2023-02-13 23:00,0.268
2023-02-14 00:00,0.177
2023-02-14 01:00,0.145
2023-02-14 02:00,0.132
2023-02-14 03:00,0.115
2023-02-14 04:00,0.104
2023-02-14 05:00,0.102
2023-02-14 06:00,0.112
2023-02-14 07:00,0.130
2023-02-14 08:00,0.170
2023-02-14 09:00,0.194
2023-02-14 10:00,0.194
2023-02-14 11:00,0.189
2023-02-14 12:00,0.186
2023-02-14 13:00,0.185
2023-02-14 14:00,0.188
2023-02-14 15:00,0.206
2023-02-14 16:00,0.304
2023-02-14 17:00,0.409
2023-02-14 18:00,0.456
2023-02-14 19:00,0.467
2023-02-14 20:00,0.466
2023-02-14 21:00,0.473
2023-02-14 22:00,0.478
2023-02-14 23:00,0.455
2023-02-15 00:00,0.402
2023-02-15 01:00,0.330
2023-02-15 02:00,0.302
2023-02-15 03:00,0.309
2023-02-15 04:00,0.319
2023-02-15 05:00,0.323
2023-02-15 06:00,0.335
2023-02-15 07:00,0.377
2023-02-15 08:00,0.473
2023-02-15 09:00,0.505
2023-02-15 10:00,0.577
2023-02-15 11:00,0.591
2023-02-15 12:00,0.581
2023-02-15 13:00,0.550
2023-02-15 14:00,0.491
2023-02-15 15:00,0.417
2023-02-15 16:00,0.463
2023-02-15 17:00,0.479
2023-02-15 18:00,0.473
2023-02-15 19:00,0.483
2023-02-15 20:00,0.487
2023-02-15 21:00,0.499
2023-02-15 22:00,0.506
2023-02-15 23:00,0.495
2023-02-16 00:00,0.433
2023-02-16 01:00,0.388
2023-02-16 02:00,0.380
2023-02-16 03:00,0.371
2023-02-16 04:00,0.400
2023-02-16 05:00,0.476
2023-02-16 06:00,0.486
2023-02-16 07:00,0.468
2023-02-16 08:00,0.444
2023-02-16 09:00,0.363
2023-02-16 10:00,0.308
2023-02-16 11:00,0.302
2023-02-16 12:00,0.348
2023-02-16 13:00,0.420
2023-02-16 14:00,0.468
2023-02-16 15:00,0.577
2023-02-16 16:00,0.677
2023-02-16 17:00,0.689
2023-02-16 18:00,0.682
2023-02-16 19:00,0.692
2023-02-16 20:00,0.722
2023-02-16 21:00,0.767
2023-02-16 22:00,0.813
2023-02-16 23:00,0.811
2023-02-17 00:00,0.822
2023-02-17 01:00,0.861
2023-02-17 02:00,0.902
2023-02-17 03:00,0.938
2023-02-17 04:00,0.952
2023-02-17 05:00,0.961
2023-02-17 06:00,0.969
2023-02-17 07:00,0.977
2023-02-17 08:00,0.986
2023-02-17 09:00,0.988
2023-02-17 10:00,0.991
2023-02-17 11:00,0.988
2023-02-17 12:00,0.964
2023-02-17 13:00,0.923
2023-02-17 14:00,0.848
2023-02-17 15:00,0.689
2023-02-17 16:00,0.466
2023-02-17 17:00,0.302
2023-02-17 18:00,0.246
2023-02-17 19:00,0.247
2023-02-17 20:00,0.280
2023-02-17 21:00,0.387
2023-02-17 22:00,0.606
2023-02-17 23:00,0.761
2023-02-18 00:00,0.795
2023-02-18 01:00,0.868
2023-02-18 02:00,0.934
2023-02-18 03:00,0.939
2023-02-18 04:00,0.950
2023-02-18 05:00,0.960
2023-02-18 06:00,0.963
2023-02-18 07:00,0.949
2023-02-18 08:00,0.929
2023-02-18 09:00,0.899
2023-02-18 10:00,0.892
2023-02-18 11:00,0.873
2023-02-18 12:00,0.852
2023-02-18 13:00,0.773
2023-02-18 14:00,0.663
2023-02-18 15:00,0.647
2023-02-18 16:00,0.693
2023-02-18 17:00,0.700
2023-02-18 18:00,0.722
2023-02-18 19:00,0.784
2023-02-18 20:00,0.845
2023-02-18 21:00,0.878
2023-02-18 22:00,0.883
2023-02-18 23:00,0.853
2023-02-19 00:00,0.840
2023-02-19 01:00,0.797
2023-02-19 02:00,0.696
2023-02-19 03:00,0.599
2023-02-19 04:00,0.549
2023-02-19 05:00,0.469
2023-02-19 06:00,0.398
2023-02-19 07:00,0.302
2023-02-19 08:00,0.224
2023-02-19 09:00,0.222
2023-02-19 10:00,0.277
2023-02-19 11:00,0.365
2023-02-19 12:00,0.531
2023-02-19 13:00,0.644
2023-02-19 14:00,0.654
2023-02-19 15:00,0.647
2023-02-19 16:00,0.673
2023-02-19 17:00,0.700
2023-02-19 18:00,0.719
2023-02-19 19:00,0.727
2023-02-19 20:00,0.732
2023-02-19 21:00,0.767
2023-02-19 22:00,0.803
2023-02-19 23:00,0.831
2023-02-20 00:00,0.859
2023-02-20 01:00,0.879
2023-02-20 02:00,0.891
2023-02-20 03:00,0.892
2023-02-20 04:00,0.892
2023-02-20 05:00,0.905
2023-02-20 06:00,0.913
2023-02-20 07:00,0.901
2023-02-20 08:00,0.884
2023-02-20 09:00,0.879
2023-02-20 10:00,0.893
2023-02-20 11:00,0.896
2023-02-20 12:00,0.889
2023-02-20 13:00,0.876
2023-02-20 14:00,0.840
2023-02-20 15:00,0.779
2023-02-20 16:00,0.739
2023-02-20 17:00,0.702
2023-02-20 18:00,0.634
2023-02-20 19:00,0.556
2023-02-20 20:00,0.539
2023-02-20 21:00,0.527
2023-02-20 22:00,0.517
2023-02-20 23:00,0.501
2023-02-21 00:00,0.486
2023-02-21 01:00,0.456
2023-02-21 02:00,0.440
2023-02-21 03:00,0.416
2023-02-21 04:00,0.412
2023-02-21 05:00,0.358
2023-02-21 06:00,0.299
2023-02-21 07:00,0.251
2023-02-21 08:00,0.182
2023-02-21 09:00,0.177
2023-02-21 10:00,0.191
2023-02-21 11:00,0.206
2023-02-21 12:00,0.255
2023-02-21 13:00,0.293
2023-02-21 14:00,0.285
2023-02-21 15:00,0.223
2023-02-21 16:00,0.210
2023-02-21 17:00,0.262
2023-02-21 18:00,0.312
2023-02-21 19:00,0.361
2023-02-21 20:00,0.389
2023-02-21 21:00,0.374
2023-02-21 22:00,0.311
2023-02-21 23:00,0.243
2023-02-22 00:00,0.209
2023-02-22 01:00,0.214
2023-02-22 02:00,0.206
2023-02-22 03:00,0.218
2023-02-22 04:00,0.249
2023-02-22 05:00,0.280
2023-02-22 06:00,0.283
2023-02-22 07:00,0.264
2023-02-22 08:00,0.283
2023-02-22 09:00,0.372
2023-02-22 10:00,0.460
2023-02-22 11:00,0.476
2023-02-22 12:00,0.486
2023-02-22 13:00,0.497
2023-02-22 14:00,0.510
2023-02-22 15:00,0.463
2023-02-22 16:00,0.428
2023-02-22 17:00,0.467
2023-02-22 18:00,0.473
2023-02-22 19:00,0.511
2023-02-22 20:00,0.537
2023-02-22 21:00,0.524
2023-02-22 22:00,0.536
2023-02-22 23:00,0.643
2023-02-23 00:00,0.698
2023-02-23 01:00,0.764
2023-02-23 02:00,0.758
2023-02-23 03:00,0.726
2023-02-23 04:00,0.683
2023-02-23 05:00,0.621
2023-02-23 06:00,0.507
2023-02-23 07:00,0.410
2023-02-23 08:00,0.279
2023-02-23 09:00,0.241
2023-02-23 10:00,0.227
2023-02-23 11:00,0.185
2023-02-23 12:00,0.191
2023-02-23 13:00,0.194
2023-02-23 14:00,0.182
2023-02-23 15:00,0.164
2023-02-23 16:00,0.191
2023-02-23 17:00,0.293
2023-02-23 18:00,0.377
2023-02-23 19:00,0.413
2023-02-23 20:00,0.433
2023-02-23 21:00,0.446
2023-02-23 22:00,0.475
2023-02-23 23:00,0.510
2023-02-24 00:00,0.534
2023-02-24 01:00,0.550
2023-02-24 02:00,0.562
2023-02-24 03:00,0.576
2023-02-24 04:00,0.604
2023-02-24 05:00,0.597
2023-02-24 06:00,0.613
2023-02-24 07:00,0.563
2023-02-24 08:00,0.456
2023-02-24 09:00,0.436
2023-02-24 10:00,0.519
2023-02-24 11:00,0.559
2023-02-24 12:00,0.591
2023-02-24 13:00,0.628
2023-02-24 14:00,0.648
2023-02-24 15:00,0.615
2023-02-24 16:00,0.546
2023-02-24 17:00,0.550
2023-02-24 18:00,0.555
2023-02-24 19:00,0.523
2023-02-24 20:00,0.479
2023-02-24 21:00,0.452
2023-02-24 22:00,0.439
2023-02-24 23:00,0.425
2023-02-25 00:00,0.429
2023-02-25 01:00,0.441
2023-02-25 02:00,0.450
2023-02-25 03:00,0.516
2023-02-25 04:00,0.548
2023-02-25 05:00,0.600
2023-02-25 06:00,0.619
2023-02-25 07:00,0.612
2023-02-25 08:00,0.505
2023-02-25 09:00,0.562
2023-02-25 10:00,0.692
2023-02-25 11:00,0.697
2023-02-25 12:00,0.681
2023-02-25 13:00,0.678
2023-02-25 14:00,0.672
2023-02-25 15:00,0.625
2023-02-25 16:00,0.551
2023-02-25 17:00,0.571
2023-02-25 18:00,0.588
2023-02-25 19:00,0.557
2023-02-25 20:00,0.536
2023-02-25 21:00,0.525
2023-02-25 22:00,0.526
2023-02-25 23:00,0.525
2023-02-26 00:00,0.538
2023-02-26 01:00,0.549
2023-02-26 02:00,0.569
2023-02-26 03:00,0.569
2023-02-26 04:00,0.565
2023-02-26 05:00,0.559
2023-02-26 06:00,0.542
2023-02-26 07:00,0.486
2023-02-26 08:00,0.376
2023-02-26 09:00,0.463
2023-02-26 10:00,0.524
2023-02-26 11:00,0.476
2023-02-26 12:00,0.419
2023-02-26 13:00,0.370
2023-02-26 14:00,0.332
2023-02-26 15:00,0.314
2023-02-26 16:00,0.335
2023-02-26 17:00,0.405
2023-02-26 18:00,0.439
2023-02-26 19:00,0.452
2023-02-26 20:00,0.457
2023-02-26 21:00,0.449
2023-02-26 22:00,0.432
2023-02-26 23:00,0.408
2023-02-27 00:00,0.406
2023-02-27 01:00,0.403
2023-02-27 02:00,0.423
2023-02-27 03:00,0.432
2023-02-27 04:00,0.438
2023-02-27 05:00,0.429
2023-02-27 06:00,0.429
2023-02-27 07:00,0.403
2023-02-27 08:00,0.314
2023-02-27 09:00,0.405
2023-02-27 10:00,0.457
2023-02-27 11:00,0.446
2023-02-27 12:00,0.436
2023-02-27 13:00,0.437
2023-02-27 14:00,0.449
2023-02-27 15:00,0.426
2023-02-27 16:00,0.375
2023-02-27 17:00,0.416
2023-02-27 18:00,0.418
2023-02-27 19:00,0.406
2023-02-27 20:00,0.407
2023-02-27 21:00,0.377
2023-02-27 22:00,0.338
2023-02-27 23:00,0.304
2023-02-28 00:00,0.276
2023-02-28 01:00,0.251
2023-02-28 02:00,0.230
2023-02-28 03:00,0.229
2023-02-28 04:00,0.257
2023-02-28 05:00,0.283
2023-02-28 06:00,0.294
2023-02-28 07:00,0.303
2023-02-28 08:00,0.321
2023-02-28 09:00,0.462
2023-02-28 10:00,0.550
2023-02-28 11:00,0.581
2023-02-28 12:00,0.616
2023-02-28 13:00,0.643
2023-02-28 14:00,0.647
2023-02-28 15:00,0.608
2023-02-28 16:00,0.506
2023-02-28 17:00,0.521
2023-02-28 18:00,0.548
2023-02-28 19:00,0.577
2023-02-28 20:00,0.558
2023-02-28 21:00,0.549
2023-02-28 22:00,0.564
2023-02-28 23:00,0.564
2023-03-01 00:00,0.536
2023-03-01 01:00,0.476
2023-03-01 02:00,0.491
2023-03-01 03:00,0.469
2023-03-01 04:00,0.454
2023-03-01 05:00,0.461
2023-03-01 06:00,0.476
2023-03-01 07:00,0.446
2023-03-01 08:00,0.450
2023-03-01 09:00,0.651
2023-03-01 10:00,0.731
2023-03-01 11:00,0.740
2023-03-01 12:00,0.755
2023-03-01 13:00,0.754
2023-03-01 14:00,0.738
2023-03-01 15:00,0.673
2023-03-01 16:00,0.550
2023-03-01 17:00,0.514
2023-03-01 18:00,0.533
2023-03-01 19:00,0.516
2023-03-01 20:00,0.484
2023-03-01 21:00,0.460
2023-03-01 22:00,0.410
2023-03-01 23:00,0.352
2023-03-02 00:00,0.312
2023-03-02 01:00,0.285
2023-03-02 02:00,0.254
2023-03-02 03:00,0.212
2023-03-02 04:00,0.173
2023-03-02 05:00,0.146
2023-03-02 06:00,0.134
2023-03-02 07:00,0.118
2023-03-02 08:00,0.102
2023-03-02 09:00,0.112
2023-03-02 10:00,0.104
2023-03-02 11:00,0.092
2023-03-02 12:00,0.083
2023-03-02 13:00,0.084
2023-03-02 14:00,0.098
2023-03-02 15:00,0.118
2023-03-02 16:00,0.146
2023-03-02 17:00,0.202
2023-03-02 18:00,0.222
2023-03-02 19:00,0.204
2023-03-02 20:00,0.177
2023-03-02 21:00,0.154
2023-03-02 22:00,0.131
2023-03-02 23:00,0.109
2023-03-03 00:00,0.097
2023-03-03 01:00,0.095
2023-03-03 02:00,0.097
2023-03-03 03:00,0.099
2023-03-03 04:00,0.099
2023-03-03 05:00,0.104
2023-03-03 06:00,0.117
2023-03-03 07:00,0.122
2023-03-03 08:00,0.115
2023-03-03 09:00,0.157
2023-03-03 10:00,0.173
2023-03-03 11:00,0.178
2023-03-03 12:00,0.174
2023-03-03 13:00,0.166
2023-03-03 14:00,0.155
2023-03-03 15:00,0.145
2023-03-03 16:00,0.155
2023-03-03 17:00,0.203
2023-03-03 18:00,0.235
2023-03-03 19:00,0.247
2023-03-03 20:00,0.246
2023-03-03 21:00,0.232
2023-03-03 22:00,0.216
2023-03-03 23:00,0.204
2023-03-04 00:00,0.200
2023-03-04 01:00,0.203
2023-03-04 02:00,0.205
2023-03-04 03:00,0.206
2023-03-04 04:00,0.205
2023-03-04 05:00,0.213
2023-03-04 06:00,0.220
2023-03-04 07:00,0.179
2023-03-04 08:00,0.119
2023-03-04 09:00,0.152
2023-03-04 10:00,0.124
2023-03-04 11:00,0.102
2023-03-04 12:00,0.093
2023-03-04 13:00,0.090
2023-03-04 14:00,0.085
2023-03-04 15:00,0.078
2023-03-04 16:00,0.084
2023-03-04 17:00,0.102
2023-03-04 18:00,0.126
2023-03-04 19:00,0.143
2023-03-04 20:00,0.143
2023-03-04 21:00,0.134
2023-03-04 22:00,0.130
2023-03-04 23:00,0.133
2023-03-05 00:00,0.133
2023-03-05 01:00,0.141
2023-03-05 02:00,0.189
2023-03-05 03:00,0.242
2023-03-05 04:00,0.246
2023-03-05 05:00,0.223
2023-03-05 06:00,0.210
2023-03-05 07:00,0.188
2023-03-05 08:00,0.125
2023-03-05 09:00,0.118
2023-03-05 10:00,0.158
2023-03-05 11:00,0.163
2023-03-05 12:00,0.165
2023-03-05 13:00,0.167
2023-03-05 14:00,0.169
2023-03-05 15:00,0.160
2023-03-05 16:00,0.135
2023-03-05 17:00,0.137
2023-03-05 18:00,0.138
2023-03-05 19:00,0.141
2023-03-05 20:00,0.146
2023-03-05 21:00,0.145
2023-03-05 22:00,0.127
2023-03-05 23:00,0.108
2023-03-06 00:00,0.106
2023-03-06 01:00,0.116
2023-03-06 02:00,0.132
2023-03-06 03:00,0.158
2023-03-06 04:00,0.195
2023-03-06 05:00,0.237
2023-03-06 06:00,0.277
2023-03-06 07:00,0.329
2023-03-06 08:00,0.339
2023-03-06 09:00,0.476
2023-03-06 10:00,0.583
2023-03-06 11:00,0.644
2023-03-06 12:00,0.669
2023-03-06 13:00,0.637
2023-03-06 14:00,0.559
2023-03-06 15:00,0.464
2023-03-06 16:00,0.406
2023-03-06 17:00,0.395
2023-03-06 18:00,0.360
2023-03-06 19:00,0.338
2023-03-06 20:00,0.317
2023-03-06 21:00,0.270
2023-03-06 22:00,0.236
2023-03-06 23:00,0.209
2023-03-07 00:00,0.182
2023-03-07 01:00,0.166
2023-03-07 02:00,0.169
2023-03-07 03:00,0.181
2023-03-07 04:00,0.194
2023-03-07 05:00,0.205
2023-03-07 06:00,0.228
2023-03-07 07:00,0.221
2023-03-07 08:00,0.235
2023-03-07 09:00,0.342
2023-03-07 10:00,0.370
2023-03-07 11:00,0.338
2023-03-07 12:00,0.276
2023-03-07 13:00,0.208
2023-03-07 14:00,0.159
2023-03-07 15:00,0.127
2023-03-07 16:00,0.109
2023-03-07 17:00,0.113
2023-03-07 18:00,0.120
2023-03-07 19:00,0.120
2023-03-07 20:00,0.102
2023-03-07 21:00,0.063
2023-03-07 22:00,0.028
2023-03-07 23:00,0.010
2023-03-08 00:00,0.009
2023-03-08 01:00,0.019
2023-03-08 02:00,0.069
2023-03-08 03:00,0.134
2023-03-08 04:00,0.209
2023-03-08 05:00,0.243
2023-03-08 06:00,0.263
2023-03-08 07:00,0.257
2023-03-08 08:00,0.230
2023-03-08 09:00,0.369
2023-03-08 10:00,0.387
2023-03-08 11:00,0.402
2023-03-08 12:00,0.429
2023-03-08 13:00,0.438
2023-03-08 14:00,0.463
2023-03-08 15:00,0.470
2023-03-08 16:00,0.442
2023-03-08 17:00,0.423
2023-03-08 18:00,0.425
2023-03-08 19:00,0.400
2023-03-08 20:00,0.365
2023-03-08 21:00,0.344
2023-03-08 22:00,0.340
2023-03-08 23:00,0.342
2023-03-09 00:00,0.335
2023-03-09 01:00,0.338
2023-03-09 02:00,0.330
2023-03-09 03:00,0.319
2023-03-09 04:00,0.326
2023-03-09 05:00,0.338
2023-03-09 06:00,0.354
2023-03-09 07:00,0.345
2023-03-09 08:00,0.321
2023-03-09 09:00,0.436
2023-03-09 10:00,0.611
2023-03-09 11:00,0.691
2023-03-09 12:00,0.729
2023-03-09 13:00,0.738
2023-03-09 14:00,0.748
2023-03-09 15:00,0.748
2023-03-09 16:00,0.750
2023-03-09 17:00,0.781
2023-03-09 18:00,0.821
2023-03-09 19:00,0.830
2023-03-09 20:00,0.815
2023-03-09 21:00,0.812
2023-03-09 22:00,0.837
2023-03-09 23:00,0.850
2023-03-10 00:00,0.861
2023-03-10 01:00,0.865
2023-03-10 02:00,0.867
2023-03-10 03:00,0.868
2023-03-10 04:00,0.838
2023-03-10 05:00,0.820
2023-03-10 06:00,0.794
2023-03-10 07:00,0.766
2023-03-10 08:00,0.691
2023-03-10 09:00,0.613
2023-03-10 10:00,0.622
2023-03-10 11:00,0.625
2023-03-10 12:00,0.591
2023-03-10 13:00,0.538
2023-03-10 14:00,0.460
2023-03-10 15:00,0.330
2023-03-10 16:00,0.205
2023-03-10 17:00,0.121
2023-03-10 18:00,0.053
2023-03-10 19:00,0.063
2023-03-10 20:00,0.124
2023-03-10 21:00,0.159
2023-03-10 22:00,0.195
2023-03-10 23:00,0.201
2023-03-11 00:00,0.181
2023-03-11 01:00,0.164
2023-03-11 02:00,0.158
2023-03-11 03:00,0.145
2023-03-11 04:00,0.127
2023-03-11 05:00,0.105
2023-03-11 06:00,0.106
2023-03-11 07:00,0.097
2023-03-11 08:00,0.068
2023-03-11 09:00,0.069
2023-03-11 10:00,0.093
2023-03-11 11:00,0.107
2023-03-11 12:00,0.111
2023-03-11 13:00,0.107
2023-03-11 14:00,0.107
2023-03-11 15:00,0.156
2023-03-11 16:00,0.246
2023-03-11 17:00,0.364
2023-03-11 18:00,0.473
2023-03-11 19:00,0.566
2023-03-11 20:00,0.654
2023-03-11 21:00,0.609
2023-03-11 22:00,0.529
2023-03-11 23:00,0.505
2023-03-12 00:00,0.479
2023-03-12 01:00,0.622
2023-03-12 02:00,0.805
2023-03-12 03:00,0.815
2023-03-12 04:00,0.826
2023-03-12 05:00,0.883
2023-03-12 06:00,0.842
2023-03-12 07:00,0.807
2023-03-12 08:00,0.825
2023-03-12 09:00,0.803
2023-03-12 10:00,0.804
2023-03-12 11:00,0.801
2023-03-12 12:00,0.836
2023-03-12 13:00,0.821
2023-03-12 14:00,0.769
2023-03-12 15:00,0.731
2023-03-12 16:00,0.739
2023-03-12 17:00,0.727
2023-03-12 18:00,0.658
2023-03-12 19:00,0.650
2023-03-12 20:00,0.651
2023-03-12 21:00,0.732
2023-03-12 22:00,0.780
2023-03-12 23:00,0.816
2023-03-13 00:00,0.904
2023-03-13 01:00,0.924
2023-03-13 02:00,0.938
2023-03-13 03:00,0.952
2023-03-13 04:00,0.955
2023-03-13 05:00,0.952
2023-03-13 06:00,0.964
2023-03-13 07:00,0.983
2023-03-13 08:00,0.989
2023-03-13 09:00,0.990
2023-03-13 10:00,0.991
2023-03-13 11:00,0.990
2023-03-13 12:00,0.986
2023-03-13 13:00,0.979
2023-03-13 14:00,0.968
2023-03-13 15:00,0.956
2023-03-13 16:00,0.947
2023-03-13 17:00,0.927
2023-03-13 18:00,0.871
2023-03-13 19:00,0.733
2023-03-13 20:00,0.572
2023-03-13 21:00,0.497
2023-03-13 22:00,0.477
2023-03-13 23:00,0.546
2023-03-14 00:00,0.572
2023-03-14 01:00,0.600
2023-03-14 02:00,0.572
2023-03-14 03:00,0.466
2023-03-14 04:00,0.341
2023-03-14 05:00,0.339
2023-03-14 06:00,0.400
2023-03-14 07:00,0.299
2023-03-14 08:00,0.302
2023-03-14 09:00,0.478
2023-03-14 10:00,0.688
2023-03-14 11:00,0.811
2023-03-14 12:00,0.853
2023-03-14 13:00,0.833
2023-03-14 14:00,0.789
2023-03-14 15:00,0.702
2023-03-14 16:00,0.555
2023-03-14 17:00,0.460
2023-03-14 18:00,0.369
2023-03-14 19:00,0.299
2023-03-14 20:00,0.224
2023-03-14 21:00,0.162
2023-03-14 22:00,0.108
2023-03-14 23:00,0.044
2023-03-15 00:00,0.012
2023-03-15 01:00,0.025
2023-03-15 02:00,0.075
2023-03-15 03:00,0.125
2023-03-15 04:00,0.135
2023-03-15 05:00,0.113
2023-03-15 06:00,0.102
2023-03-15 07:00,0.103
2023-03-15 08:00,0.128
2023-03-15 09:00,0.179
2023-03-15 10:00,0.232
2023-03-15 11:00,0.285
2023-03-15 12:00,0.335
2023-03-15 13:00,0.345
2023-03-15 14:00,0.335
2023-03-15 15:00,0.303
2023-03-15 16:00,0.322
2023-03-15 17:00,0.436
2023-03-15 18:00,0.536
2023-03-15 19:00,0.577
2023-03-15 20:00,0.639
2023-03-15 21:00,0.706
2023-03-15 22:00,0.722
2023-03-15 23:00,0.572
2023-03-16 00:00,0.615
2023-03-16 01:00,0.678
2023-03-16 02:00,0.663
2023-03-16 03:00,0.694
2023-03-16 04:00,0.731
2023-03-16 05:00,0.746
2023-03-16 06:00,0.719
2023-03-16 07:00,0.680
2023-03-16 08:00,0.700
2023-03-16 09:00,0.774
2023-03-16 10:00,0.799
2023-03-16 11:00,0.787
2023-03-16 12:00,0.791
2023-03-16 13:00,0.807
2023-03-16 14:00,0.787
2023-03-16 15:00,0.725
2023-03-16 16:00,0.669
2023-03-16 17:00,0.643
2023-03-16 18:00,0.612
2023-03-16 19:00,0.562
2023-03-16 20:00,0.588
2023-03-16 21:00,0.581
2023-03-16 22:00,0.524
2023-03-16 23:00,0.479
2023-03-17 00:00,0.465
2023-03-17 01:00,0.479
2023-03-17 02:00,0.466
2023-03-17 03:00,0.423
2023-03-17 04:00,0.410
2023-03-17 05:00,0.408
2023-03-17 06:00,0.380
2023-03-17 07:00,0.298
2023-03-17 08:00,0.273
2023-03-17 09:00,0.390
2023-03-17 10:00,0.396
2023-03-17 11:00,0.395
2023-03-17 12:00,0.380
2023-03-17 13:00,0.359
2023-03-17 14:00,0.348
2023-03-17 15:00,0.279
2023-03-17 16:00,0.240
2023-03-17 17:00,0.290
2023-03-17 18:00,0.338
2023-03-17 19:00,0.374
2023-03-17 20:00,0.400
2023-03-17 21:00,0.400
2023-03-17 22:00,0.380
2023-03-17 23:00,0.338
2023-03-18 00:00,0.288
2023-03-18 01:00,0.262
2023-03-18 02:00,0.250
2023-03-18 03:00,0.251
2023-03-18 04:00,0.254
2023-03-18 05:00,0.263
2023-03-18 06:00,0.248
2023-03-18 07:00,0.183
2023-03-18 08:00,0.109
2023-03-18 09:00,0.092
2023-03-18 10:00,0.077
2023-03-18 11:00,0.069
2023-03-18 12:00,0.059
2023-03-18 13:00,0.054
2023-03-18 14:00,0.059
2023-03-18 15:00,0.069
2023-03-18 16:00,0.084
2023-03-18 17:00,0.134
2023-03-18 18:00,0.219
2023-03-18 19:00,0.306
2023-03-18 20:00,0.365
2023-03-18 21:00,0.424
2023-03-18 22:00,0.466
2023-03-18 23:00,0.525
2023-03-19 00:00,0.572
2023-03-19 01:00,0.583
2023-03-19 02:00,0.516
2023-03-19 03:00,0.473
2023-03-19 04:00,0.463
2023-03-19 05:00,0.480
2023-03-19 06:00,0.470
2023-03-19 07:00,0.372
2023-03-19 08:00,0.365
2023-03-19 09:00,0.342
2023-03-19 10:00,0.289
2023-03-19 11:00,0.268
2023-03-19 12:00,0.268
2023-03-19 13:00,0.280
2023-03-19 14:00,0.316
2023-03-19 15:00,0.349
2023-03-19 16:00,0.332
2023-03-19 17:00,0.218
2023-03-19 18:00,0.224
2023-03-19 19:00,0.261
2023-03-19 20:00,0.272
2023-03-19 21:00,0.272
2023-03-19 22:00,0.279
2023-03-19 23:00,0.299
2023-03-20 00:00,0.307
2023-03-20 01:00,0.318
2023-03-20 02:00,0.355
2023-03-20 03:00,0.410
2023-03-20 04:00,0.483
2023-03-20 05:00,0.445
2023-03-20 06:00,0.370
2023-03-20 07:00,0.335
2023-03-20 08:00,0.330
2023-03-20 09:00,0.315
2023-03-20 10:00,0.285
2023-03-20 11:00,0.272
2023-03-20 12:00,0.298
2023-03-20 13:00,0.290
2023-03-20 14:00,0.253
2023-03-20 15:00,0.190
2023-03-20 16:00,0.160
2023-03-20 17:00,0.213
2023-03-20 18:00,0.321
2023-03-20 19:00,0.391
2023-03-20 20:00,0.432
2023-03-20 21:00,0.463
2023-03-20 22:00,0.493
2023-03-20 23:00,0.529
2023-03-21 00:00,0.530
2023-03-21 01:00,0.536
2023-03-21 02:00,0.519
2023-03-21 03:00,0.513
2023-03-21 04:00,0.522
2023-03-21 05:00,0.510
2023-03-21 06:00,0.538
2023-03-21 07:00,0.569
2023-03-21 08:00,0.622
2023-03-21 09:00,0.702
2023-03-21 10:00,0.765
2023-03-21 11:00,0.792
2023-03-21 12:00,0.777
2023-03-21 13:00,0.789
2023-03-21 14:00,0.815
2023-03-21 15:00,0.803
2023-03-21 16:00,0.761
2023-03-21 17:00,0.729
2023-03-21 18:00,0.658
2023-03-21 19:00,0.616
2023-03-21 20:00,0.625
2023-03-21 21:00,0.733
2023-03-21 22:00,0.795
2023-03-21 23:00,0.853
2023-03-22 00:00,0.876
2023-03-22 01:00,0.894
2023-03-22 02:00,0.919
2023-03-22 03:00,0.942
2023-03-22 04:00,0.931
2023-03-22 05:00,0.908
2023-03-22 06:00,0.876
2023-03-22 07:00,0.831
2023-03-22 08:00,0.839
2023-03-22 09:00,0.859
2023-03-22 10:00,0.845
2023-03-22 11:00,0.838
2023-03-22 12:00,0.837
2023-03-22 13:00,0.840
2023-03-22 14:00,0.857
2023-03-22 15:00,0.860
2023-03-22 16:00,0.843
2023-03-22 17:00,0.831
2023-03-22 18:00,0.837
2023-03-22 19:00,0.829
2023-03-22 20:00,0.807
2023-03-22 21:00,0.839
2023-03-22 22:00,0.882
2023-03-22 23:00,0.925
2023-03-23 00:00,0.924
2023-03-23 01:00,0.915
2023-03-23 02:00,0.896
2023-03-23 03:00,0.833
2023-03-23 04:00,0.697
2023-03-23 05:00,0.572
2023-03-23 06:00,0.569
2023-03-23 07:00,0.591
2023-03-23 08:00,0.794
2023-03-23 09:00,0.893
2023-03-23 10:00,0.912
2023-03-23 11:00,0.912
2023-03-23 12:00,0.899
2023-03-23 13:00,0.887
2023-03-23 14:00,0.874
2023-03-23 15:00,0.815
2023-03-23 16:00,0.737
2023-03-23 17:00,0.689
2023-03-23 18:00,0.667
2023-03-23 19:00,0.581
2023-03-23 20:00,0.546
2023-03-23 21:00,0.525
2023-03-23 22:00,0.504
2023-03-23 23:00,0.532
2023-03-24 00:00,0.645
2023-03-24 01:00,0.743
2023-03-24 02:00,0.790
2023-03-24 03:00,0.789
2023-03-24 04:00,0.755
2023-03-24 05:00,0.732
2023-03-24 06:00,0.727
2023-03-24 07:00,0.752
2023-03-24 08:00,0.815
2023-03-24 09:00,0.879
2023-03-24 10:00,0.899
2023-03-24 11:00,0.898
2023-03-24 12:00,0.904
2023-03-24 13:00,0.908
2023-03-24 14:00,0.904
2023-03-24 15:00,0.895
2023-03-24 16:00,0.877
2023-03-24 17:00,0.861
2023-03-24 18:00,0.860
2023-03-24 19:00,0.861
2023-03-24 20:00,0.857
2023-03-24 21:00,0.866
2023-03-24 22:00,0.861
2023-03-24 23:00,0.865
2023-03-25 00:00,0.865
2023-03-25 01:00,0.878
2023-03-25 02:00,0.901
2023-03-25 03:00,0.911
2023-03-25 04:00,0.924
2023-03-25 05:00,0.934
2023-03-25 06:00,0.926
2023-03-25 07:00,0.915
2023-03-25 08:00,0.895
2023-03-25 09:00,0.896
2023-03-25 10:00,0.876
2023-03-25 11:00,0.820
2023-03-25 12:00,0.725
2023-03-25 13:00,0.624
2023-03-25 14:00,0.539
2023-03-25 15:00,0.436
2023-03-25 16:00,0.272
2023-03-25 17:00,0.123
2023-03-25 18:00,0.037
2023-03-25 19:00,0.015
2023-03-25 20:00,0.056
2023-03-25 21:00,0.118
2023-03-25 22:00,0.164
2023-03-25 23:00,0.219
2023-03-26 00:00,0.287
2023-03-26 01:00,0.338
2023-03-26 02:00,0.396
2023-03-26 03:00,0.430
2023-03-26 04:00,0.473
2023-03-26 05:00,0.513
2023-03-26 06:00,0.523
2023-03-26 07:00,0.533
2023-03-26 08:00,0.542
2023-03-26 09:00,0.499
2023-03-26 10:00,0.460
2023-03-26 11:00,0.423
2023-03-26 12:00,0.401
2023-03-26 13:00,0.377
2023-03-26 14:00,0.359
2023-03-26 15:00,0.350
2023-03-26 16:00,0.333
2023-03-26 17:00,0.288
2023-03-26 18:00,0.309
2023-03-26 19:00,0.333
2023-03-26 20:00,0.321
2023-03-26 21:00,0.297
2023-03-26 22:00,0.268
2023-03-26 23:00,0.244
2023-03-27 00:00,0.224
2023-03-27 01:00,0.204
2023-03-27 02:00,0.173
2023-03-27 03:00,0.160
2023-03-27 04:00,0.152
2023-03-27 05:00,0.147
2023-03-27 06:00,0.135
2023-03-27 07:00,0.073
2023-03-27 08:00,0.065
2023-03-27 09:00,0.046
2023-03-27 10:00,0.034
2023-03-27 11:00,0.027
2023-03-27 12:00,0.028
2023-03-27 13:00,0.032
2023-03-27 14:00,0.035
2023-03-27 15:00,0.036
2023-03-27 16:00,0.034
2023-03-27 17:00,0.035
2023-03-27 18:00,0.088
2023-03-27 19:00,0.248
2023-03-27 20:00,0.449
2023-03-27 21:00,0.549
2023-03-27 22:00,0.562
2023-03-27 23:00,0.562
2023-03-28 00:00,0.520
2023-03-28 01:00,0.477
2023-03-28 02:00,0.430
2023-03-28 03:00,0.400
2023-03-28 04:00,0.393
2023-03-28 05:00,0.383
2023-03-28 06:00,0.366
2023-03-28 07:00,0.324
2023-03-28 08:00,0.358
2023-03-28 09:00,0.442
2023-03-28 10:00,0.523
2023-03-28 11:00,0.637
2023-03-28 12:00,0.774
2023-03-28 13:00,0.812
2023-03-28 14:00,0.799
2023-03-28 15:00,0.783
2023-03-28 16:00,0.746
2023-03-28 17:00,0.672
2023-03-28 18:00,0.591
2023-03-28 19:00,0.542
2023-03-28 20:00,0.523
2023-03-28 21:00,0.528
2023-03-28 22:00,0.514
2023-03-28 23:00,0.513
2023-03-29 00:00,0.506
2023-03-29 01:00,0.450
2023-03-29 02:00,0.373
2023-03-29 03:00,0.339
2023-03-29 04:00,0.333
2023-03-29 05:00,0.351
2023-03-29 06:00,0.335
2023-03-29 07:00,0.285
2023-03-29 08:00,0.326
2023-03-29 09:00,0.513
2023-03-29 10:00,0.616
2023-03-29 11:00,0.623
2023-03-29 12:00,0.637
2023-03-29 13:00,0.647
2023-03-29 14:00,0.609
2023-03-29 15:00,0.665
2023-03-29 16:00,0.637
2023-03-29 17:00,0.630
2023-03-29 18:00,0.610
2023-03-29 19:00,0.580
2023-03-29 20:00,0.556
2023-03-29 21:00,0.512
2023-03-29 22:00,0.528
2023-03-29 23:00,0.577
2023-03-30 00:00,0.566
2023-03-30 01:00,0.551
2023-03-30 02:00,0.506
2023-03-30 03:00,0.489
2023-03-30 04:00,0.511
2023-03-30 05:00,0.517
2023-03-30 06:00,0.505
2023-03-30 07:00,0.527
2023-03-30 08:00,0.664
2023-03-30 09:00,0.744
2023-03-30 10:00,0.746
2023-03-30 11:00,0.745
2023-03-30 12:00,0.759
2023-03-30 13:00,0.772
2023-03-30 14:00,0.764
2023-03-30 15:00,0.704
2023-03-30 16:00,0.517
2023-03-30 17:00,0.410
2023-03-30 18:00,0.436
2023-03-30 19:00,0.410
2023-03-30 20:00,0.387
2023-03-30 21:00,0.448
2023-03-30 22:00,0.459
2023-03-30 23:00,0.456
2023-03-31 00:00,0.463
2023-03-31 01:00,0.473
2023-03-31 02:00,0.490
2023-03-31 03:00,0.505
2023-03-31 04:00,0.502
2023-03-31 05:00,0.451
2023-03-31 06:00,0.434
2023-03-31 07:00,0.400
2023-03-31 08:00,0.374
2023-03-31 09:00,0.382
2023-03-31 10:00,0.427
2023-03-31 11:00,0.456
2023-03-31 12:00,0.480
2023-03-31 13:00,0.499
2023-03-31 14:00,0.499
2023-03-31 15:00,0.486
2023-03-31 16:00,0.460
2023-03-31 17:00,0.406
2023-03-31 18:00,0.404
2023-03-31 19:00,0.449
2023-03-31 20:00,0.443
2023-03-31 21:00,0.442
2023-03-31 22:00,0.424
2023-03-31 23:00,0.426
2023-04-01 00:00,0.425
2023-04-01 01:00,0.367
2023-04-01 02:00,0.341
2023-04-01 03:00,0.344
2023-04-01 04:00,0.309
2023-04-01 05:00,0.289
2023-04-01 06:00,0.246
2023-04-01 07:00,0.279
2023-04-01 08:00,0.259
2023-04-01 09:00,0.239
2023-04-01 10:00,0.246
2023-04-01 11:00,0.265
2023-04-01 12:00,0.293
2023-04-01 13:00,0.328
2023-04-01 14:00,0.368
2023-04-01 15:00,0.403
2023-04-01 16:00,0.404
2023-04-01 17:00,0.342
2023-04-01 18:00,0.302
2023-04-01 19:00,0.299
2023-04-01 20:00,0.278
2023-04-01 21:00,0.259
2023-04-01 22:00,0.257
2023-04-01 23:00,0.251
2023-04-02 00:00,0.231
2023-04-02 01:00,0.229
2023-04-02 02:00,0.250
2023-04-02 03:00,0.265
2023-04-02 04:00,0.285
2023-04-02 05:00,0.291
2023-04-02 06:00,0.254
2023-04-02 07:00,0.181
2023-04-02 08:00,0.207
2023-04-02 09:00,0.180
2023-04-02 10:00,0.156
2023-04-02 11:00,0.134
2023-04-02 12:00,0.114
2023-04-02 13:00,0.101
2023-04-02 14:00,0.100
2023-04-02 15:00,0.113
2023-04-02 16:00,0.147
2023-04-02 17:00,0.223
2023-04-02 18:00,0.370
2023-04-02 19:00,0.442
2023-04-02 20:00,0.426
2023-04-02 21:00,0.400
2023-04-02 22:00,0.369
2023-04-02 23:00,0.329
2023-04-03 00:00,0.282
2023-04-03 01:00,0.232
2023-04-03 02:00,0.190
2023-04-03 03:00,0.167
2023-04-03 04:00,0.154
2023-04-03 05:00,0.140
2023-04-03 06:00,0.157
2023-04-03 07:00,0.190
2023-04-03 08:00,0.291
2023-04-03 09:00,0.326
2023-04-03 10:00,0.344
2023-04-03 11:00,0.334
2023-04-03 12:00,0.299
2023-04-03 13:00,0.254
2023-04-03 14:00,0.221
2023-04-03 15:00,0.206
2023-04-03 16:00,0.212
2023-04-03 17:00,0.272
2023-04-03 18:00,0.456
2023-04-03 19:00,0.586
2023-04-03 20:00,0.601
2023-04-03 21:00,0.540
2023-04-03 22:00,0.502
2023-04-03 23:00,0.468
2023-04-04 00:00,0.419
2023-04-04 01:00,0.361
2023-04-04 02:00,0.311
2023-04-04 03:00,0.285
2023-04-04 04:00,0.273
2023-04-04 05:00,0.265
2023-04-04 06:00,0.224
2023-04-04 07:00,0.105
2023-04-04 08:00,0.127
2023-04-04 09:00,0.172
2023-04-04 10:00,0.157
2023-04-04 11:00,0.157
2023-04-04 12:00,0.165
2023-04-04 13:00,0.181
2023-04-04 14:00,0.195
2023-04-04 15:00,0.215
2023-04-04 16:00,0.221
2023-04-04 17:00,0.236
2023-04-04 18:00,0.305
2023-04-04 19:00,0.365
2023-04-04 20:00,0.407
2023-04-04 21:00,0.425
2023-04-04 22:00,0.419
2023-04-04 23:00,0.407
2023-04-05 00:00,0.405
2023-04-05 01:00,0.419
2023-04-05 02:00,0.429
2023-04-05 03:00,0.410
2023-04-05 04:00,0.383
2023-04-05 05:00,0.345
2023-04-05 06:00,0.251
2023-04-05 07:00,0.161
2023-04-05 08:00,0.131
2023-04-05 09:00,0.189
2023-04-05 10:00,0.235
2023-04-05 11:00,0.287
2023-04-05 12:00,0.330
2023-04-05 13:00,0.353
2023-04-05 14:00,0.352
2023-04-05 15:00,0.321
2023-04-05 16:00,0.290
2023-04-05 17:00,0.297
2023-04-05 18:00,0.311
2023-04-05 19:00,0.315
2023-04-05 20:00,0.309
2023-04-05 21:00,0.293
2023-04-05 22:00,0.279
2023-04-05 23:00,0.268
2023-04-06 00:00,0.264
2023-04-06 01:00,0.270
2023-04-06 02:00,0.270
2023-04-06 03:00,0.285
2023-04-06 04:00,0.329
2023-04-06 05:00,0.394
2023-04-06 06:00,0.423
2023-04-06 07:00,0.427
2023-04-06 08:00,0.521
2023-04-06 09:00,0.558
2023-04-06 10:00,0.581
2023-04-06 11:00,0.648
2023-04-06 12:00,0.710
2023-04-06 13:00,0.752
2023-04-06 14:00,0.772
2023-04-06 15:00,0.761
2023-04-06 16:00,0.675
2023-04-06 17:00,0.569
2023-04-06 18:00,0.556
2023-04-06 19:00,0.542
2023-04-06 20:00,0.559
2023-04-06 21:00,0.559
2023-04-06 22:00,0.546
2023-04-06 23:00,0.521
2023-04-07 00:00,0.499
2023-04-07 01:00,0.466
2023-04-07 02:00,0.420
2023-04-07 03:00,0.365
2023-04-07 04:00,0.294
2023-04-07 05:00,0.218
2023-04-07 06:00,0.148
2023-04-07 07:00,0.112
2023-04-07 08:00,0.121
2023-04-07 09:00,0.132
2023-04-07 10:00,0.128
2023-04-07 11:00,0.118
2023-04-07 12:00,0.105
2023-04-07 13:00,0.089
2023-04-07 14:00,0.071
2023-04-07 15:00,0.059
2023-04-07 16:00,0.055
2023-04-07 17:00,0.065
2023-04-07 18:00,0.095
2023-04-07 19:00,0.118
2023-04-07 20:00,0.121
2023-04-07 21:00,0.114
2023-04-07 22:00,0.102
2023-04-07 23:00,0.088
2023-04-08 00:00,0.062
2023-04-08 01:00,0.045
2023-04-08 02:00,0.037
2023-04-08 03:00,0.028
2023-04-08 04:00,0.022
2023-04-08 05:00,0.017
2023-04-08 06:00,0.016
2023-04-08 07:00,0.019
2023-04-08 08:00,0.027
2023-04-08 09:00,0.042
2023-04-08 10:00,0.044
2023-04-08 11:00,0.044
2023-04-08 12:00,0.048
2023-04-08 13:00,0.055
2023-04-08 14:00,0.065
2023-04-08 15:00,0.080
2023-04-08 16:00,0.104
2023-04-08 17:00,0.170
2023-04-08 18:00,0.317
2023-04-08 19:00,0.435
2023-04-08 20:00,0.417
2023-04-08 21:00,0.352
2023-04-08 22:00,0.285
2023-04-08 23:00,0.232
2023-04-09 00:00,0.213
2023-04-09 01:00,0.182
2023-04-09 02:00,0.149
2023-04-09 03:00,0.132
2023-04-09 04:00,0.123
2023-04-09 05:00,0.112
2023-04-09 06:00,0.126
2023-04-09 07:00,0.185
2023-04-09 08:00,0.238
2023-04-09 09:00,0.269
2023-04-09 10:00,0.305
2023-04-09 11:00,0.357
2023-04-09 12:00,0.426
2023-04-09 13:00,0.497
2023-04-09 14:00,0.546
2023-04-09 15:00,0.572
2023-04-09 16:00,0.559
2023-04-09 17:00,0.564
2023-04-09 18:00,0.609
2023-04-09 19:00,0.600
2023-04-09 20:00,0.581
2023-04-09 21:00,0.591
2023-04-09 22:00,0.612
2023-04-09 23:00,0.662
2023-04-10 00:00,0.667
2023-04-10 01:00,0.699
2023-04-10 02:00,0.719
2023-04-10 03:00,0.712
2023-04-10 04:00,0.740
2023-04-10 05:00,0.647
2023-04-10 06:00,0.553
2023-04-10 07:00,0.482
2023-04-10 08:00,0.597
2023-04-10 09:00,0.667
2023-04-10 10:00,0.720
2023-04-10 11:00,0.777
2023-04-10 12:00,0.800
2023-04-10 13:00,0.810
2023-04-10 14:00,0.817
2023-04-10 15:00,0.816
2023-04-10 16:00,0.784
2023-04-10 17:00,0.706
2023-04-10 18:00,0.709
2023-04-10 19:00,0.757
2023-04-10 20:00,0.797
2023-04-10 21:00,0.817
2023-04-10 22:00,0.821
2023-04-10 23:00,0.838
2023-04-11 00:00,0.868
2023-04-11 01:00,0.876
2023-04-11 02:00,0.876
2023-04-11 03:00,0.863
2023-04-11 04:00,0.844
2023-04-11 05:00,0.813
2023-04-11 06:00,0.725
2023-04-11 07:00,0.672
2023-04-11 08:00,0.710
2023-04-11 09:00,0.642
2023-04-11 10:00,0.565
2023-04-11 11:00,0.516
2023-04-11 12:00,0.521
2023-04-11 13:00,0.586
2023-04-11 14:00,0.714
2023-04-11 15:00,0.801
2023-04-11 16:00,0.847
2023-04-11 17:00,0.890
2023-04-11 18:00,0.943
2023-04-11 19:00,0.955
2023-04-11 20:00,0.955
2023-04-11 21:00,0.932
2023-04-11 22:00,0.872
2023-04-11 23:00,0.919
2023-04-12 00:00,0.882
2023-04-12 01:00,0.827
2023-04-12 02:00,0.806
2023-04-12 03:00,0.783
2023-04-12 04:00,0.706
2023-04-12 05:00,0.606
2023-04-12 06:00,0.587
2023-04-12 07:00,0.710
2023-04-12 08:00,0.795
2023-04-12 09:00,0.831
2023-04-12 10:00,0.863
2023-04-12 11:00,0.905
2023-04-12 12:00,0.928
2023-04-12 13:00,0.910
2023-04-12 14:00,0.806
2023-04-12 15:00,0.572
2023-04-12 16:00,0.395
2023-04-12 17:00,0.356
2023-04-12 18:00,0.448
2023-04-12 19:00,0.505
2023-04-12 20:00,0.548
2023-04-12 21:00,0.622
2023-04-12 22:00,0.688
2023-04-12 23:00,0.687
2023-04-13 00:00,0.725
2023-04-13 01:00,0.813
2023-04-13 02:00,0.879
2023-04-13 03:00,0.905
2023-04-13 04:00,0.919
2023-04-13 05:00,0.911
2023-04-13 06:00,0.887
2023-04-13 07:00,0.874
2023-04-13 08:00,0.900
2023-04-13 09:00,0.899
2023-04-13 10:00,0.895
2023-04-13 11:00,0.887
2023-04-13 12:00,0.884
2023-04-13 13:00,0.889
2023-04-13 14:00,0.887
2023-04-13 15:00,0.855
2023-04-13 16:00,0.767
2023-04-13 17:00,0.651
2023-04-13 18:00,0.628
2023-04-13 19:00,0.563
2023-04-13 20:00,0.515
2023-04-13 21:00,0.510
2023-04-13 22:00,0.489
2023-04-13 23:00,0.469
2023-04-14 00:00,0.445
2023-04-14 01:00,0.403
2023-04-14 02:00,0.313
2023-04-14 03:00,0.195
2023-04-14 04:00,0.115
2023-04-14 05:00,0.082
2023-04-14 06:00,0.078
2023-04-14 07:00,0.101
2023-04-14 08:00,0.170
2023-04-14 09:00,0.241
2023-04-14 10:00,0.227
2023-04-14 11:00,0.193
2023-04-14 12:00,0.166
2023-04-14 13:00,0.135
2023-04-14 14:00,0.090
2023-04-14 15:00,0.055
2023-04-14 16:00,0.032
2023-04-14 17:00,0.025
2023-04-14 18:00,0.032
2023-04-14 19:00,0.041
2023-04-14 20:00,0.043
2023-04-14 21:00,0.048
2023-04-14 22:00,0.062
2023-04-14 23:00,0.080
2023-04-15 00:00,0.093
2023-04-15 01:00,0.096
2023-04-15 02:00,0.104
2023-04-15 03:00,0.114
2023-04-15 04:00,0.123
2023-04-15 05:00,0.123
2023-04-15 06:00,0.081
2023-04-15 07:00,0.062
2023-04-15 08:00,0.060
2023-04-15 09:00,0.063
2023-04-15 10:00,0.056
2023-04-15 11:00,0.045
2023-04-15 12:00,0.038
2023-04-15 13:00,0.037
2023-04-15 14:00,0.037
2023-04-15 15:00,0.043
2023-04-15 16:00,0.060
2023-04-15 17:00,0.097
2023-04-15 18:00,0.183
2023-04-15 19:00,0.309
2023-04-15 20:00,0.379
2023-04-15 21:00,0.363
2023-04-15 22:00,0.325
2023-04-15 23:00,0.285
2023-04-16 00:00,0.243
2023-04-16 01:00,0.210
2023-04-16 02:00,0.194
2023-04-16 03:00,0.183
2023-04-16 04:00,0.165
2023-04-16 05:00,0.140
2023-04-16 06:00,0.102
2023-04-16 07:00,0.084
2023-04-16 08:00,0.101
2023-04-16 09:00,0.109
2023-04-16 10:00,0.125
2023-04-16 11:00,0.136
2023-04-16 12:00,0.139
2023-04-16 13:00,0.135
2023-04-16 14:00,0.124
2023-04-16 15:00,0.105
2023-04-16 16:00,0.082
2023-04-16 17:00,0.061
2023-04-16 18:00,0.055
2023-04-16 19:00,0.052
2023-04-16 20:00,0.057
2023-04-16 21:00,0.060
2023-04-16 22:00,0.047
2023-04-16 23:00,0.031
2023-04-17 00:00,0.024
2023-04-17 01:00,0.031
2023-04-17 02:00,0.053
2023-04-17 03:00,0.082
2023-04-17 04:00,0.107
2023-04-17 05:00,0.121
2023-04-17 06:00,0.095
2023-04-17 07:00,0.079
2023-04-17 08:00,0.095
2023-04-17 09:00,0.107
2023-04-17 10:00,0.115
2023-04-17 11:00,0.125
2023-04-17 12:00,0.136
2023-04-17 13:00,0.145
2023-04-17 14:00,0.155
2023-04-17 15:00,0.169
2023-04-17 16:00,0.194
2023-04-17 17:00,0.233
2023-04-17 18:00,0.339
2023-04-17 19:00,0.436
2023-04-17 20:00,0.387
2023-04-17 21:00,0.321
2023-04-17 22:00,0.254
2023-04-17 23:00,0.175
2023-04-18 00:00,0.152
2023-04-18 01:00,0.153
2023-04-18 02:00,0.169
2023-04-18 03:00,0.189
2023-04-18 04:00,0.212
2023-04-18 05:00,0.257
2023-04-18 06:00,0.275
2023-04-18 07:00,0.320
2023-04-18 08:00,0.447
2023-04-18 09:00,0.536
2023-04-18 10:00,0.579
2023-04-18 11:00,0.597
2023-04-18 12:00,0.626
2023-04-18 13:00,0.671
2023-04-18 14:00,0.723
2023-04-18 15:00,0.762
2023-04-18 16:00,0.774
2023-04-18 17:00,0.729
2023-04-18 18:00,0.667
2023-04-18 19:00,0.609
2023-04-18 20:00,0.573
2023-04-18 21:00,0.562
2023-04-18 22:00,0.562
2023-04-18 23:00,0.548
2023-04-19 00:00,0.530
2023-04-19 01:00,0.536
2023-04-19 02:00,0.542
2023-04-19 03:00,0.539
2023-04-19 04:00,0.499
2023-04-19 05:00,0.453
2023-04-19 06:00,0.429
2023-04-19 07:00,0.567
2023-04-19 08:00,0.646
2023-04-19 09:00,0.697
2023-04-19 10:00,0.744
2023-04-19 11:00,0.793
2023-04-19 12:00,0.837
2023-04-19 13:00,0.864
2023-04-19 14:00,0.876
2023-04-19 15:00,0.868
2023-04-19 16:00,0.843
2023-04-19 17:00,0.784
2023-04-19 18:00,0.703
2023-04-19 19:00,0.626
2023-04-19 20:00,0.585
2023-04-19 21:00,0.585
2023-04-19 22:00,0.594
2023-04-19 23:00,0.565
2023-04-20 00:00,0.507
2023-04-20 01:00,0.502
2023-04-20 02:00,0.457
2023-04-20 03:00,0.430
2023-04-20 04:00,0.387
2023-04-20 05:00,0.349
2023-04-20 06:00,0.299
2023-04-20 07:00,0.392
2023-04-20 08:00,0.491
2023-04-20 09:00,0.575
2023-04-20 10:00,0.644
2023-04-20 11:00,0.694
2023-04-20 12:00,0.733
2023-04-20 13:00,0.762
2023-04-20 14:00,0.775
2023-04-20 15:00,0.775
2023-04-20 16:00,0.765
2023-04-20 17:00,0.724
2023-04-20 18:00,0.682
2023-04-20 19:00,0.647
2023-04-20 20:00,0.661
2023-04-20 21:00,0.563
2023-04-20 22:00,0.527
2023-04-20 23:00,0.476
2023-04-21 00:00,0.408
2023-04-21 01:00,0.380
2023-04-21 02:00,0.356
2023-04-21 03:00,0.386
2023-04-21 04:00,0.436
2023-04-21 05:00,0.497
2023-04-21 06:00,0.572
2023-04-21 07:00,0.759
2023-04-21 08:00,0.860
2023-04-21 09:00,0.868
2023-04-21 10:00,0.865
2023-04-21 11:00,0.844
2023-04-21 12:00,0.807
2023-04-21 13:00,0.750
2023-04-21 14:00,0.692
2023-04-21 15:00,0.625
2023-04-21 16:00,0.542
2023-04-21 17:00,0.431
2023-04-21 18:00,0.370
2023-04-21 19:00,0.370
2023-04-21 20:00,0.356
2023-04-21 21:00,0.299
2023-04-21 22:00,0.243
2023-04-21 23:00,0.191
2023-04-22 00:00,0.138
2023-04-22 01:00,0.093
2023-04-22 02:00,0.070
2023-04-22 03:00,0.050
2023-04-22 04:00,0.043
2023-04-22 05:00,0.043
2023-04-22 06:00,0.047
2023-04-22 07:00,0.078
2023-04-22 08:00,0.096
2023-04-22 09:00,0.108
2023-04-22 10:00,0.120
2023-04-22 11:00,0.142
2023-04-22 12:00,0.165
2023-04-22 13:00,0.187
2023-04-22 14:00,0.199
2023-04-22 15:00,0.184
2023-04-22 16:00,0.152
2023-04-22 17:00,0.114
2023-04-22 18:00,0.103
2023-04-22 19:00,0.081
2023-04-22 20:00,0.050
2023-04-22 21:00,0.025
2023-04-22 22:00,0.020
2023-04-22 23:00,0.032
2023-04-23 00:00,0.076
2023-04-23 01:00,0.145
2023-04-23 02:00,0.208
2023-04-23 03:00,0.223
2023-04-23 04:00,0.214
2023-04-23 05:00,0.204
2023-04-23 06:00,0.182
2023-04-23 07:00,0.202
2023-04-23 08:00,0.252
2023-04-23 09:00,0.258
2023-04-23 10:00,0.227
2023-04-23 11:00,0.190
2023-04-23 12:00,0.164
2023-04-23 13:00,0.160
2023-04-23 14:00,0.181
2023-04-23 15:00,0.212
2023-04-23 16:00,0.235
2023-04-23 17:00,0.224
2023-04-23 18:00,0.245
2023-04-23 19:00,0.305
2023-04-23 20:00,0.375
2023-04-23 21:00,0.429
2023-04-23 22:00,0.460
2023-04-23 23:00,0.432
2023-04-24 00:00,0.416
2023-04-24 01:00,0.379
2023-04-24 02:00,0.355
2023-04-24 03:00,0.347
2023-04-24 04:00,0.365
2023-04-24 05:00,0.358
2023-04-24 06:00,0.285
2023-04-24 07:00,0.383
2023-04-24 08:00,0.374
2023-04-24 09:00,0.342
2023-04-24 10:00,0.330
2023-04-24 11:00,0.335
2023-04-24 12:00,0.346
2023-04-24 13:00,0.367
2023-04-24 14:00,0.411
2023-04-24 15:00,0.460
2023-04-24 16:00,0.481
2023-04-24 17:00,0.447
2023-04-24 18:00,0.400
2023-04-24 19:00,0.364
2023-04-24 20:00,0.321
2023-04-24 21:00,0.280
2023-04-24 22:00,0.240
2023-04-24 23:00,0.228
2023-04-25 00:00,0.246
2023-04-25 01:00,0.285
2023-04-25 02:00,0.314
2023-04-25 03:00,0.314
2023-04-25 04:00,0.293
2023-04-25 05:00,0.232
2023-04-25 06:00,0.133
2023-04-25 07:00,0.134
2023-04-25 08:00,0.134
2023-04-25 09:00,0.139
2023-04-25 10:00,0.130
2023-04-25 11:00,0.113
2023-04-25 12:00,0.096
2023-04-25 13:00,0.083
2023-04-25 14:00,0.071
2023-04-25 15:00,0.058
2023-04-25 16:00,0.043
2023-04-25 17:00,0.033
2023-04-25 18:00,0.049
2023-04-25 19:00,0.101
2023-04-25 20:00,0.177
2023-04-25 21:00,0.227
2023-04-25 22:00,0.246
2023-04-25 23:00,0.248
2023-04-26 00:00,0.233
2023-04-26 01:00,0.218
2023-04-26 02:00,0.205
2023-04-26 03:00,0.190
2023-04-26 04:00,0.178
2023-04-26 05:00,0.149
2023-04-26 06:00,0.088
2023-04-26 07:00,0.063
2023-04-26 08:00,0.080
2023-04-26 09:00,0.073
2023-04-26 10:00,0.059
2023-04-26 11:00,0.050
2023-04-26 12:00,0.042
2023-04-26 13:00,0.032
2023-04-26 14:00,0.024
2023-04-26 15:00,0.017
2023-04-26 16:00,0.014
2023-04-26 17:00,0.018
2023-04-26 18:00,0.052
2023-04-26 19:00,0.135
2023-04-26 20:00,0.243
2023-04-26 21:00,0.318
2023-04-26 22:00,0.325
2023-04-26 23:00,0.309
2023-04-27 00:00,0.281
2023-04-27 01:00,0.234
2023-04-27 02:00,0.198
2023-04-27 03:00,0.166
2023-04-27 04:00,0.142
2023-04-27 05:00,0.134
2023-04-27 06:00,0.114
2023-04-27 07:00,0.134
2023-04-27 08:00,0.224
2023-04-27 09:00,0.308
2023-04-27 10:00,0.400
2023-04-27 11:00,0.494
2023-04-27 12:00,0.556
2023-04-27 13:00,0.561
2023-04-27 14:00,0.536
2023-04-27 15:00,0.473
2023-04-27 16:00,0.499
2023-04-27 17:00,0.579
2023-04-27 18:00,0.579
2023-04-27 19:00,0.637
2023-04-27 20:00,0.632
2023-04-27 21:00,0.547
2023-04-27 22:00,0.493
2023-04-27 23:00,0.463
2023-04-28 00:00,0.400
2023-04-28 01:00,0.360
2023-04-28 02:00,0.320
2023-04-28 03:00,0.246
2023-04-28 04:00,0.153
2023-04-28 05:00,0.080
2023-04-28 06:00,0.052
2023-04-28 07:00,0.048
2023-04-28 08:00,0.062
2023-04-28 09:00,0.104
2023-04-28 10:00,0.154
2023-04-28 11:00,0.179
2023-04-28 12:00,0.173
2023-04-28 13:00,0.162
2023-04-28 14:00,0.156
2023-04-28 15:00,0.134
2023-04-28 16:00,0.102
2023-04-28 17:00,0.069
2023-04-28 18:00,0.047
2023-04-28 19:00,0.041
2023-04-28 20:00,0.039
2023-04-28 21:00,0.037
2023-04-28 22:00,0.043
2023-04-28 23:00,0.051
2023-04-29 00:00,0.066
2023-04-29 01:00,0.087
2023-04-29 02:00,0.102
2023-04-29 03:00,0.096
2023-04-29 04:00,0.074
2023-04-29 05:00,0.047
2023-04-29 06:00,0.020
2023-04-29 07:00,0.011
2023-04-29 08:00,0.009
2023-04-29 09:00,0.010
2023-04-29 10:00,0.011
2023-04-29 11:00,0.011
2023-04-29 12:00,0.011
2023-04-29 13:00,0.012
2023-04-29 14:00,0.010
2023-04-29 15:00,0.008
2023-04-29 16:00,0.010
2023-04-29 17:00,0.028
2023-04-29 18:00,0.069
2023-04-29 19:00,0.139
2023-04-29 20:00,0.205
2023-04-29 21:00,0.242
2023-04-29 22:00,0.263
2023-04-29 23:00,0.270
2023-04-30 00:00,0.268
2023-04-30 01:00,0.248
2023-04-30 02:00,0.254
2023-04-30 03:00,0.295
2023-04-30 04:00,0.330
2023-04-30 05:00,0.339
2023-04-30 06:00,0.305
2023-04-30 07:00,0.307
2023-04-30 08:00,0.368
2023-04-30 09:00,0.409
2023-04-30 10:00,0.451
2023-04-30 11:00,0.488
2023-04-30 12:00,0.516
2023-04-30 13:00,0.497
2023-04-30 14:00,0.440
2023-04-30 15:00,0.377
2023-04-30 16:00,0.290
2023-04-30 17:00,0.239
2023-04-30 18:00,0.271
2023-04-30 19:00,0.328
2023-04-30 20:00,0.350
2023-04-30 21:00,0.355
2023-04-30 22:00,0.342
2023-04-30 23:00,0.318
2023-05-01 00:00,0.305
2023-05-01 01:00,0.303
2023-05-01 02:00,0.281
2023-05-01 03:00,0.266
2023-05-01 04:00,0.272
2023-05-01 05:00,0.275
2023-05-01 06:00,0.208
2023-05-01 07:00,0.214
2023-05-01 08:00,0.287
2023-05-01 09:00,0.314
2023-05-01 10:00,0.325
2023-05-01 11:00,0.313
2023-05-01 12:00,0.305
2023-05-01 13:00,0.329
2023-05-01 14:00,0.361
2023-05-01 15:00,0.380
2023-05-01 16:00,0.355
2023-05-01 17:00,0.262
2023-05-01 18:00,0.197
2023-05-01 19:00,0.187
2023-05-01 20:00,0.162
2023-05-01 21:00,0.158
2023-05-01 22:00,0.161
2023-05-01 23:00,0.166
2023-05-02 00:00,0.165
2023-05-02 01:00,0.149
2023-05-02 02:00,0.133
2023-05-02 03:00,0.116
2023-05-02 04:00,0.113
2023-05-02 05:00,0.117
2023-05-02 06:00,0.118
2023-05-02 07:00,0.114
2023-05-02 08:00,0.107
2023-05-02 09:00,0.104
2023-05-02 10:00,0.085
2023-05-02 11:00,0.066
2023-05-02 12:00,0.059
2023-05-02 13:00,0.061
2023-05-02 14:00,0.062
2023-05-02 15:00,0.059
2023-05-02 16:00,0.060
2023-05-02 17:00,0.102
2023-05-02 18:00,0.211
2023-05-02 19:00,0.350
2023-05-02 20:00,0.391
2023-05-02 21:00,0.355
2023-05-02 22:00,0.335
2023-05-02 23:00,0.327
2023-05-03 00:00,0.319
2023-05-03 01:00,0.299
2023-05-03 02:00,0.271
2023-05-03 03:00,0.238
2023-05-03 04:00,0.193
2023-05-03 05:00,0.161
2023-05-03 06:00,0.152
2023-05-03 07:00,0.178
2023-05-03 08:00,0.194
2023-05-03 09:00,0.204
2023-05-03 10:00,0.224
2023-05-03 11:00,0.262
2023-05-03 12:00,0.309
2023-05-03 13:00,0.356
2023-05-03 14:00,0.403
2023-05-03 15:00,0.444
2023-05-03 16:00,0.486
2023-05-03 17:00,0.522
2023-05-03 18:00,0.542
2023-05-03 19:00,0.549
2023-05-03 20:00,0.533
2023-05-03 21:00,0.517
2023-05-03 22:00,0.504
2023-05-03 23:00,0.497
2023-05-04 00:00,0.466
2023-05-04 01:00,0.466
2023-05-04 02:00,0.486
2023-05-04 03:00,0.511
2023-05-04 04:00,0.517
2023-05-04 05:00,0.516
2023-05-04 06:00,0.652
2023-05-04 07:00,0.727
2023-05-04 08:00,0.768
2023-05-04 09:00,0.807
2023-05-04 10:00,0.836
2023-05-04 11:00,0.854
2023-05-04 12:00,0.857
2023-05-04 13:00,0.856
2023-05-04 14:00,0.855
2023-05-04 15:00,0.854
2023-05-04 16:00,0.837
2023-05-04 17:00,0.799
2023-05-04 18:00,0.729
2023-05-04 19:00,0.683
2023-05-04 20:00,0.606
2023-05-04 21:00,0.520
2023-05-04 22:00,0.436
2023-05-04 23:00,0.393
2023-05-05 00:00,0.332
2023-05-05 01:00,0.313
2023-05-05 02:00,0.304
2023-05-05 03:00,0.311
2023-05-05 04:00,0.326
2023-05-05 05:00,0.294
2023-05-05 06:00,0.238
2023-05-05 07:00,0.196
2023-05-05 08:00,0.211
2023-05-05 09:00,0.230
2023-05-05 10:00,0.197
2023-05-05 11:00,0.163
2023-05-05 12:00,0.155
2023-05-05 13:00,0.161
2023-05-05 14:00,0.170
2023-05-05 15:00,0.161
2023-05-05 16:00,0.136
2023-05-05 17:00,0.116
2023-05-05 18:00,0.141
2023-05-05 19:00,0.194
2023-05-05 20:00,0.239
2023-05-05 21:00,0.263
2023-05-05 22:00,0.260
2023-05-05 23:00,0.235
2023-05-06 00:00,0.202
2023-05-06 01:00,0.172
2023-05-06 02:00,0.148
2023-05-06 03:00,0.123
2023-05-06 04:00,0.103
2023-05-06 05:00,0.096
2023-05-06 06:00,0.061
2023-05-06 07:00,0.070
2023-05-06 08:00,0.112
2023-05-06 09:00,0.137
2023-05-06 10:00,0.154
2023-05-06 11:00,0.166
2023-05-06 12:00,0.183
2023-05-06 13:00,0.209
2023-05-06 14:00,0.237
2023-05-06 15:00,0.248
2023-05-06 16:00,0.235
2023-05-06 17:00,0.187
2023-05-06 18:00,0.156
2023-05-06 19:00,0.180
2023-05-06 20:00,0.187
2023-05-06 21:00,0.159
2023-05-06 22:00,0.127
2023-05-06 23:00,0.097
2023-05-07 00:00,0.078
2023-05-07 01:00,0.073
2023-05-07 02:00,0.081
2023-05-07 03:00,0.093
2023-05-07 04:00,0.100
2023-05-07 05:00,0.093
2023-05-07 06:00,0.065
2023-05-07 07:00,0.064
2023-05-07 08:00,0.068
2023-05-07 09:00,0.079
2023-05-07 10:00,0.090
2023-05-07 11:00,0.090
2023-05-07 12:00,0.085
2023-05-07 13:00,0.068
2023-05-07 14:00,0.064
2023-05-07 15:00,0.073
2023-05-07 16:00,0.078
2023-05-07 17:00,0.085
2023-05-07 18:00,0.086
2023-05-07 19:00,0.071
2023-05-07 20:00,0.088
2023-05-07 21:00,0.142
2023-05-07 22:00,0.208
2023-05-07 23:00,0.264
2023-05-08 00:00,0.299
2023-05-08 01:00,0.311
2023-05-08 02:00,0.315
2023-05-08 03:00,0.311
2023-05-08 04:00,0.302
2023-05-08 05:00,0.316
2023-05-08 06:00,0.299
2023-05-08 07:00,0.313
2023-05-08 08:00,0.369
2023-05-08 09:00,0.458
2023-05-08 10:00,0.523
2023-05-08 11:00,0.552
2023-05-08 12:00,0.573
2023-05-08 13:00,0.587
2023-05-08 14:00,0.553
2023-05-08 15:00,0.487
2023-05-08 16:00,0.394
2023-05-08 17:00,0.335
2023-05-08 18:00,0.329
2023-05-08 19:00,0.341
2023-05-08 20:00,0.359
2023-05-08 21:00,0.358
2023-05-08 22:00,0.348
2023-05-08 23:00,0.358
2023-05-09 00:00,0.355
2023-05-09 01:00,0.331
2023-05-09 02:00,0.302
2023-05-09 03:00,0.274
2023-05-09 04:00,0.256
2023-05-09 05:00,0.206
2023-05-09 06:00,0.133
2023-05-09 07:00,0.118
2023-05-09 08:00,0.129
2023-05-09 09:00,0.152
2023-05-09 10:00,0.169
2023-05-09 11:00,0.170
2023-05-09 12:00,0.161
2023-05-09 13:00,0.159
2023-05-09 14:00,0.171
2023-05-09 15:00,0.190
2023-05-09 16:00,0.205
2023-05-09 17:00,0.214
2023-05-09 18:00,0.227
2023-05-09 19:00,0.280
2023-05-09 20:00,0.334
2023-05-09 21:00,0.365
2023-05-09 22:00,0.377
2023-05-09 23:00,0.374
2023-05-10 00:00,0.348
2023-05-10 01:00,0.311
2023-05-10 02:00,0.275
2023-05-10 03:00,0.230
2023-05-10 04:00,0.190
2023-05-10 05:00,0.139
2023-05-10 06:00,0.119
2023-05-10 07:00,0.148
2023-05-10 08:00,0.197
2023-05-10 09:00,0.260
2023-05-10 10:00,0.306
2023-05-10 11:00,0.330
2023-05-10 12:00,0.336
2023-05-10 13:00,0.349
2023-05-10 14:00,0.366
2023-05-10 15:00,0.371
2023-05-10 16:00,0.345
2023-05-10 17:00,0.279
2023-05-10 18:00,0.211
2023-05-10 19:00,0.211
2023-05-10 20:00,0.238
2023-05-10 21:00,0.257
2023-05-10 22:00,0.279
2023-05-10 23:00,0.285
2023-05-11 00:00,0.285
2023-05-11 01:00,0.276
2023-05-11 02:00,0.259
2023-05-11 03:00,0.235
2023-05-11 04:00,0.203
2023-05-11 05:00,0.150
2023-05-11 06:00,0.073
2023-05-11 07:00,0.042
2023-05-11 08:00,0.031
2023-05-11 09:00,0.016
2023-05-11 10:00,0.008
2023-05-11 11:00,0.006
2023-05-11 12:00,0.007
2023-05-11 13:00,0.011
2023-05-11 14:00,0.021
2023-05-11 15:00,0.038
2023-05-11 16:00,0.061
2023-05-11 17:00,0.091
2023-05-11 18:00,0.127
2023-05-11 19:00,0.199
2023-05-11 20:00,0.251
2023-05-11 21:00,0.257
2023-05-11 22:00,0.265
2023-05-11 23:00,0.291
2023-05-12 00:00,0.317
2023-05-12 01:00,0.330
2023-05-12 02:00,0.332
2023-05-12 03:00,0.330
2023-05-12 04:00,0.331
2023-05-12 05:00,0.272
2023-05-12 06:00,0.309
2023-05-12 07:00,0.406
2023-05-12 08:00,0.449
2023-05-12 09:00,0.476
2023-05-12 10:00,0.507
2023-05-12 11:00,0.538
2023-05-12 12:00,0.562
2023-05-12 13:00,0.574
2023-05-12 14:00,0.580
2023-05-12 15:00,0.574
2023-05-12 16:00,0.562
2023-05-12 17:00,0.542
2023-05-12 18:00,0.479
2023-05-12 19:00,0.400
2023-05-12 20:00,0.404
2023-05-12 21:00,0.400
2023-05-12 22:00,0.367
2023-05-12 23:00,0.348
2023-05-13 00:00,0.331
2023-05-13 01:00,0.304
2023-05-13 02:00,0.276
2023-05-13 03:00,0.257
2023-05-13 04:00,0.246
2023-05-13 05:00,0.199
2023-05-13 06:00,0.177
2023-05-13 07:00,0.148
2023-05-13 08:00,0.124
2023-05-13 09:00,0.103
2023-05-13 10:00,0.086
2023-05-13 11:00,0.075
2023-05-13 12:00,0.067
2023-05-13 13:00,0.058
2023-05-13 14:00,0.048
2023-05-13 15:00,0.039
2023-05-13 16:00,0.032
2023-05-13 17:00,0.030
2023-05-13 18:00,0.053
2023-05-13 19:00,0.116
2023-05-13 20:00,0.169
2023-05-13 21:00,0.183
2023-05-13 22:00,0.181
2023-05-13 23:00,0.180
2023-05-14 00:00,0.178
2023-05-14 01:00,0.172
2023-05-14 02:00,0.160
2023-05-14 03:00,0.149
2023-05-14 04:00,0.137
2023-05-14 05:00,0.100
2023-05-14 06:00,0.078
2023-05-14 07:00,0.078
2023-05-14 08:00,0.091
2023-05-14 09:00,0.106
2023-05-14 10:00,0.123
2023-05-14 11:00,0.149
2023-05-14 12:00,0.190
2023-05-14 13:00,0.215
2023-05-14 14:00,0.238
2023-05-14 15:00,0.304
2023-05-14 16:00,0.374
2023-05-14 17:00,0.390
2023-05-14 18:00,0.358
2023-05-14 19:00,0.326
2023-05-14 20:00,0.345
2023-05-14 21:00,0.406
2023-05-14 22:00,0.450
2023-05-14 23:00,0.469
2023-05-15 00:00,0.480
2023-05-15 01:00,0.502
2023-05-15 02:00,0.505
2023-05-15 03:00,0.486
2023-05-15 04:00,0.464
2023-05-15 05:00,0.365
2023-05-15 06:00,0.417
2023-05-15 07:00,0.492
2023-05-15 08:00,0.463
2023-05-15 09:00,0.417
2023-05-15 10:00,0.377
2023-05-15 11:00,0.352
2023-05-15 12:00,0.339
2023-05-15 13:00,0.338
2023-05-15 14:00,0.326
2023-05-15 15:00,0.311
2023-05-15 16:00,0.299
2023-05-15 17:00,0.271
2023-05-15 18:00,0.222
2023-05-15 19:00,0.232
2023-05-15 20:00,0.320
2023-05-15 21:00,0.410
2023-05-15 22:00,0.468
2023-05-15 23:00,0.490
2023-05-16 00:00,0.486
2023-05-16 01:00,0.466
2023-05-16 02:00,0.450
2023-05-16 03:00,0.439
2023-05-16 04:00,0.420
2023-05-16 05:00,0.323
2023-05-16 06:00,0.333
2023-05-16 07:00,0.442
2023-05-16 08:00,0.437
2023-05-16 09:00,0.420
2023-05-16 10:00,0.423
2023-05-16 11:00,0.442
2023-05-16 12:00,0.464
2023-05-16 13:00,0.467
2023-05-16 14:00,0.442
2023-05-16 15:00,0.424
2023-05-16 16:00,0.425
2023-05-16 17:00,0.410
2023-05-16 18:00,0.397
2023-05-16 19:00,0.447
2023-05-16 20:00,0.473
2023-05-16 21:00,0.426
2023-05-16 22:00,0.375
2023-05-16 23:00,0.333
2023-05-17 00:00,0.296
2023-05-17 01:00,0.276
2023-05-17 02:00,0.265
2023-05-17 03:00,0.260
2023-05-17 04:00,0.242
2023-05-17 05:00,0.140
2023-05-17 06:00,0.093
2023-05-17 07:00,0.062
2023-05-17 08:00,0.058
2023-05-17 09:00,0.063
2023-05-17 10:00,0.072
2023-05-17 11:00,0.078
2023-05-17 12:00,0.079
2023-05-17 13:00,0.078
2023-05-17 14:00,0.085
2023-05-17 15:00,0.081
2023-05-17 16:00,0.070
2023-05-17 17:00,0.062
2023-05-17 18:00,0.056
2023-05-17 19:00,0.069
2023-05-17 20:00,0.076
2023-05-17 21:00,0.077
2023-05-17 22:00,0.079
2023-05-17 23:00,0.084
2023-05-18 00:00,0.099
2023-05-18 01:00,0.119
2023-05-18 02:00,0.140
2023-05-18 03:00,0.136
2023-05-18 04:00,0.118
2023-05-18 05:00,0.096
2023-05-18 06:00,0.053
2023-05-18 07:00,0.051
2023-05-18 08:00,0.069
2023-05-18 09:00,0.098
2023-05-18 10:00,0.128
2023-05-18 11:00,0.147
2023-05-18 12:00,0.152
2023-05-18 13:00,0.145
2023-05-18 14:00,0.130
2023-05-18 15:00,0.111
2023-05-18 16:00,0.099
2023-05-18 17:00,0.097
2023-05-18 18:00,0.104
2023-05-18 19:00,0.126
2023-05-18 20:00,0.142
2023-05-18 21:00,0.139
2023-05-18 22:00,0.127
2023-05-18 23:00,0.114
2023-05-19 00:00,0.109
2023-05-19 01:00,0.121
2023-05-19 02:00,0.118
2023-05-19 03:00,0.101
2023-05-19 04:00,0.119
2023-05-19 05:00,0.113
2023-05-19 06:00,0.073
2023-05-19 07:00,0.056
2023-05-19 08:00,0.047
2023-05-19 09:00,0.050
2023-05-19 10:00,0.058
2023-05-19 11:00,0.058
2023-05-19 12:00,0.057
2023-05-19 13:00,0.060
2023-05-19 14:00,0.060
2023-05-19 15:00,0.069
2023-05-19 16:00,0.093
2023-05-19 17:00,0.116
2023-05-19 18:00,0.162
2023-05-19 19:00,0.223
2023-05-19 20:00,0.288
2023-05-19 21:00,0.280
2023-05-19 22:00,0.244
2023-05-19 23:00,0.191
2023-05-20 00:00,0.147
2023-05-20 01:00,0.121
2023-05-20 02:00,0.105
2023-05-20 03:00,0.102
2023-05-20 04:00,0.111
2023-05-20 05:00,0.094
2023-05-20 06:00,0.075
2023-05-20 07:00,0.124
2023-05-20 08:00,0.145
2023-05-20 09:00,0.152
2023-05-20 10:00,0.163
2023-05-20 11:00,0.172
2023-05-20 12:00,0.186
2023-05-20 13:00,0.205
2023-05-20 14:00,0.221
2023-05-20 15:00,0.224
2023-05-20 16:00,0.224
2023-05-20 17:00,0.230
2023-05-20 18:00,0.235
2023-05-20 19:00,0.281
2023-05-20 20:00,0.312
2023-05-20 21:00,0.284
2023-05-20 22:00,0.227
2023-05-20 23:00,0.161
2023-05-21 00:00,0.102
2023-05-21 01:00,0.066
2023-05-21 02:00,0.050
2023-05-21 03:00,0.047
2023-05-21 04:00,0.050
2023-05-21 05:00,0.048
2023-05-21 06:00,0.027
2023-05-21 07:00,0.037
2023-05-21 08:00,0.060
2023-05-21 09:00,0.088
2023-05-21 10:00,0.116
2023-05-21 11:00,0.144
2023-05-21 12:00,0.169
2023-05-21 13:00,0.194
2023-05-21 14:00,0.212
2023-05-21 15:00,0.224
2023-05-21 16:00,0.239
2023-05-21 17:00,0.254
2023-05-21 18:00,0.254
2023-05-21 19:00,0.292
2023-05-21 20:00,0.321
2023-05-21 21:00,0.317
2023-05-21 22:00,0.314
2023-05-21 23:00,0.321
2023-05-22 00:00,0.342
2023-05-22 01:00,0.352
2023-05-22 02:00,0.350
2023-05-22 03:00,0.352
2023-05-22 04:00,0.382
2023-05-22 05:00,0.333
2023-05-22 06:00,0.208
2023-05-22 07:00,0.204
2023-05-22 08:00,0.279
2023-05-22 09:00,0.302
2023-05-22 10:00,0.284
2023-05-22 11:00,0.241
2023-05-22 12:00,0.213
2023-05-22 13:00,0.209
2023-05-22 14:00,0.208
2023-05-22 15:00,0.215
2023-05-22 16:00,0.222
2023-05-22 17:00,0.216
2023-05-22 18:00,0.210
2023-05-22 19:00,0.214
2023-05-22 20:00,0.230
2023-05-22 21:00,0.225
2023-05-22 22:00,0.198
2023-05-22 23:00,0.152
2023-05-23 00:00,0.113
2023-05-23 01:00,0.095
2023-05-23 02:00,0.081
2023-05-23 03:00,0.062
2023-05-23 04:00,0.032
2023-05-23 05:00,0.016
2023-05-23 06:00,0.010
2023-05-23 07:00,0.015
2023-05-23 08:00,0.029
2023-05-23 09:00,0.044
2023-05-23 10:00,0.058
2023-05-23 11:00,0.068
2023-05-23 12:00,0.082
2023-05-23 13:00,0.110
2023-05-23 14:00,0.151
2023-05-23 15:00,0.197
2023-05-23 16:00,0.249
2023-05-23 17:00,0.320
2023-05-23 18:00,0.370
2023-05-23 19:00,0.406
2023-05-23 20:00,0.436
2023-05-23 21:00,0.410
2023-05-23 22:00,0.387
2023-05-23 23:00,0.384
2023-05-24 00:00,0.387
2023-05-24 01:00,0.387
2023-05-24 02:00,0.382
2023-05-24 03:00,0.366
2023-05-24 04:00,0.333
2023-05-24 05:00,0.209
2023-05-24 06:00,0.204
2023-05-24 07:00,0.212
2023-05-24 08:00,0.216
2023-05-24 09:00,0.210
2023-05-24 10:00,0.191
2023-05-24 11:00,0.178
2023-05-24 12:00,0.180
2023-05-24 13:00,0.196
2023-05-24 14:00,0.225
2023-05-24 15:00,0.238
2023-05-24 16:00,0.225
2023-05-24 17:00,0.196
2023-05-24 18:00,0.150
2023-05-24 19:00,0.126
2023-05-24 20:00,0.122
2023-05-24 21:00,0.114
2023-05-24 22:00,0.105
2023-05-24 23:00,0.103
2023-05-25 00:00,0.107
2023-05-25 01:00,0.113
2023-05-25 02:00,0.117
2023-05-25 03:00,0.114
2023-05-25 04:00,0.111
2023-05-25 05:00,0.078
2023-05-25 06:00,0.080
2023-05-25 07:00,0.073
2023-05-25 08:00,0.055
2023-05-25 09:00,0.046
2023-05-25 10:00,0.042
2023-05-25 11:00,0.034
2023-05-25 12:00,0.025
2023-05-25 13:00,0.017
2023-05-25 14:00,0.014
2023-05-25 15:00,0.020
2023-05-25 16:00,0.029
2023-05-25 17:00,0.042
2023-05-25 18:00,0.061
2023-05-25 19:00,0.090
2023-05-25 20:00,0.118
2023-05-25 21:00,0.123
2023-05-25 22:00,0.118
2023-05-25 23:00,0.113
2023-05-26 00:00,0.109
2023-05-26 01:00,0.111
2023-05-26 02:00,0.119
2023-05-26 03:00,0.131
2023-05-26 04:00,0.129
2023-05-26 05:00,0.087
2023-05-26 06:00,0.066
2023-05-26 07:00,0.052
2023-05-26 08:00,0.037
2023-05-26 09:00,0.026
2023-05-26 10:00,0.020
2023-05-26 11:00,0.016
2023-05-26 12:00,0.015
2023-05-26 13:00,0.015
2023-05-26 14:00,0.017
2023-05-26 15:00,0.020
2023-05-26 16:00,0.027
2023-05-26 17:00,0.048
2023-05-26 18:00,0.085
2023-05-26 19:00,0.139
2023-05-26 20:00,0.222
2023-05-26 21:00,0.303
2023-05-26 22:00,0.330
2023-05-26 23:00,0.295
2023-05-27 00:00,0.261
2023-05-27 01:00,0.243
2023-05-27 02:00,0.233
2023-05-27 03:00,0.224
2023-05-27 04:00,0.192
2023-05-27 05:00,0.116
2023-05-27 06:00,0.101
2023-05-27 07:00,0.101
2023-05-27 08:00,0.082
2023-05-27 09:00,0.059
2023-05-27 10:00,0.046
2023-05-27 11:00,0.043
2023-05-27 12:00,0.043
2023-05-27 13:00,0.048
2023-05-27 14:00,0.058
2023-05-27 15:00,0.075
2023-05-27 16:00,0.095
2023-05-27 17:00,0.114
2023-05-27 18:00,0.155
2023-05-27 19:00,0.230
2023-05-27 20:00,0.311
2023-05-27 21:00,0.345
2023-05-27 22:00,0.355
2023-05-27 23:00,0.349
2023-05-28 00:00,0.355
2023-05-28 01:00,0.368
2023-05-28 02:00,0.370
2023-05-28 03:00,0.352
2023-05-28 04:00,0.305
2023-05-28 05:00,0.207
2023-05-28 06:00,0.194
2023-05-28 07:00,0.183
2023-05-28 08:00,0.132
2023-05-28 09:00,0.102
2023-05-28 10:00,0.107
2023-05-28 11:00,0.119
2023-05-28 12:00,0.146
2023-05-28 13:00,0.192
2023-05-28 14:00,0.230
2023-05-28 15:00,0.249
2023-05-28 16:00,0.299
2023-05-28 17:00,0.393
2023-05-28 18:00,0.455
2023-05-28 19:00,0.443
2023-05-28 20:00,0.410
2023-05-28 21:00,0.364
2023-05-28 22:00,0.297
2023-05-28 23:00,0.249
2023-05-29 00:00,0.219
2023-05-29 01:00,0.200
2023-05-29 02:00,0.193
2023-05-29 03:00,0.196
2023-05-29 04:00,0.206
2023-05-29 05:00,0.153
2023-05-29 06:00,0.176
2023-05-29 07:00,0.217
2023-05-29 08:00,0.246
2023-05-29 09:00,0.254
2023-05-29 10:00,0.251
2023-05-29 11:00,0.240
2023-05-29 12:00,0.226
2023-05-29 13:00,0.210
2023-05-29 14:00,0.197
2023-05-29 15:00,0.197
2023-05-29 16:00,0.212
2023-05-29 17:00,0.237
2023-05-29 18:00,0.248
2023-05-29 19:00,0.291
2023-05-29 20:00,0.330
2023-05-29 21:00,0.297
2023-05-29 22:00,0.251
2023-05-29 23:00,0.224
2023-05-30 00:00,0.216
2023-05-30 01:00,0.222
2023-05-30 02:00,0.236
2023-05-30 03:00,0.243
2023-05-30 04:00,0.232
2023-05-30 05:00,0.182
2023-05-30 06:00,0.238
2023-05-30 07:00,0.258
2023-05-30 08:00,0.275
2023-05-30 09:00,0.286
2023-05-30 10:00,0.294
2023-05-30 11:00,0.301
2023-05-30 12:00,0.311
2023-05-30 13:00,0.333
2023-05-30 14:00,0.358
2023-05-30 15:00,0.387
2023-05-30 16:00,0.414
2023-05-30 17:00,0.432
2023-05-30 18:00,0.418
2023-05-30 19:00,0.358
2023-05-30 20:00,0.364
2023-05-30 21:00,0.352
2023-05-30 22:00,0.344
2023-05-30 23:00,0.343
2023-05-31 00:00,0.331
2023-05-31 01:00,0.314
2023-05-31 02:00,0.314
2023-05-31 03:00,0.299
2023-05-31 04:00,0.297
2023-05-31 05:00,0.329
2023-05-31 06:00,0.357
2023-05-31 07:00,0.345
2023-05-31 08:00,0.333
2023-05-31 09:00,0.314
2023-05-31 10:00,0.289
2023-05-31 11:00,0.262
2023-05-31 12:00,0.243
2023-05-31 13:00,0.234
2023-05-31 14:00,0.230
2023-05-31 15:00,0.233
2023-05-31 16:00,0.251
2023-05-31 17:00,0.280
2023-05-31 18:00,0.306
2023-05-31 19:00,0.311
2023-05-31 20:00,0.324
2023-05-31 21:00,0.327
2023-05-31 22:00,0.311
2023-05-31 23:00,0.290
2023-06-01 00:00,0.261
2023-06-01 01:00,0.242
2023-06-01 02:00,0.237
2023-06-01 03:00,0.234
2023-06-01 04:00,0.223
2023-06-01 05:00,0.214
2023-06-01 06:00,0.210
2023-06-01 07:00,0.224
2023-06-01 08:00,0.247
2023-06-01 09:00,0.268
2023-06-01 10:00,0.285
2023-06-01 11:00,0.298
2023-06-01 12:00,0.311
2023-06-01 13:00,0.325
2023-06-01 14:00,0.341
2023-06-01 15:00,0.355
2023-06-01 16:00,0.370
2023-06-01 17:00,0.378
2023-06-01 18:00,0.379
2023-06-01 19:00,0.345
2023-06-01 20:00,0.329
2023-06-01 21:00,0.342
2023-06-01 22:00,0.362
2023-06-01 23:00,0.367
2023-06-02 00:00,0.355
2023-06-02 01:00,0.339
2023-06-02 02:00,0.325
2023-06-02 03:00,0.309
2023-06-02 04:00,0.271
2023-06-02 05:00,0.198
2023-06-02 06:00,0.206
2023-06-02 07:00,0.190
2023-06-02 08:00,0.189
2023-06-02 09:00,0.203
2023-06-02 10:00,0.224
2023-06-02 11:00,0.251
2023-06-02 12:00,0.277
2023-06-02 13:00,0.297
2023-06-02 14:00,0.305
2023-06-02 15:00,0.305
2023-06-02 16:00,0.307
2023-06-02 17:00,0.305
2023-06-02 18:00,0.284
2023-06-02 19:00,0.299
2023-06-02 20:00,0.342
2023-06-02 21:00,0.325
2023-06-02 22:00,0.283
2023-06-02 23:00,0.240
2023-06-03 00:00,0.200
2023-06-03 01:00,0.166
2023-06-03 02:00,0.136
2023-06-03 03:00,0.104
2023-06-03 04:00,0.084
2023-06-03 05:00,0.074
2023-06-03 06:00,0.087
2023-06-03 07:00,0.093
2023-06-03 08:00,0.107
2023-06-03 09:00,0.118
2023-06-03 10:00,0.123
2023-06-03 11:00,0.130
2023-06-03 12:00,0.141
2023-06-03 13:00,0.160
2023-06-03 14:00,0.183
2023-06-03 15:00,0.207
2023-06-03 16:00,0.230
2023-06-03 17:00,0.248
2023-06-03 18:00,0.254
2023-06-03 19:00,0.302
2023-06-03 20:00,0.355
2023-06-03 21:00,0.328
2023-06-03 22:00,0.279
2023-06-03 23:00,0.236
2023-06-04 00:00,0.208
2023-06-04 01:00,0.189
2023-06-04 02:00,0.174
2023-06-04 03:00,0.146
2023-06-04 04:00,0.107
2023-06-04 05:00,0.074
2023-06-04 06:00,0.070
2023-06-04 07:00,0.072
2023-06-04 08:00,0.084
2023-06-04 09:00,0.094
2023-06-04 10:00,0.104
2023-06-04 11:00,0.113
2023-06-04 12:00,0.119
2023-06-04 13:00,0.123
2023-06-04 14:00,0.128
2023-06-04 15:00,0.136
2023-06-04 16:00,0.148
2023-06-04 17:00,0.165
2023-06-04 18:00,0.185
2023-06-04 19:00,0.241
2023-06-04 20:00,0.307
2023-06-04 21:00,0.294
2023-06-04 22:00,0.242
2023-06-04 23:00,0.194
2023-06-05 00:00,0.158
2023-06-05 01:00,0.141
2023-06-05 02:00,0.148
2023-06-05 03:00,0.156
2023-06-05 04:00,0.148
2023-06-05 05:00,0.142
2023-06-05 06:00,0.147
2023-06-05 07:00,0.155
2023-06-05 08:00,0.169
2023-06-05 09:00,0.187
2023-06-05 10:00,0.206
2023-06-05 11:00,0.230
2023-06-05 12:00,0.254
2023-06-05 13:00,0.273
2023-06-05 14:00,0.289
2023-06-05 15:00,0.302
2023-06-05 16:00,0.319
2023-06-05 17:00,0.333
2023-06-05 18:00,0.327
2023-06-05 19:00,0.309
2023-06-05 20:00,0.335
2023-06-05 21:00,0.319
2023-06-05 22:00,0.285
2023-06-05 23:00,0.257
2023-06-06 00:00,0.227
2023-06-06 01:00,0.201
2023-06-06 02:00,0.181
2023-06-06 03:00,0.161
2023-06-06 04:00,0.132
2023-06-06 05:00,0.132
2023-06-06 06:00,0.125
2023-06-06 07:00,0.120
2023-06-06 08:00,0.118
2023-06-06 09:00,0.119
2023-06-06 10:00,0.127
2023-06-06 11:00,0.141
2023-06-06 12:00,0.161
2023-06-06 13:00,0.185
2023-06-06 14:00,0.205
2023-06-06 15:00,0.218
2023-06-06 16:00,0.226
2023-06-06 17:00,0.230
2023-06-06 18:00,0.232
2023-06-06 19:00,0.241
2023-06-06 20:00,0.276
2023-06-06 21:00,0.261
2023-06-06 22:00,0.245
2023-06-06 23:00,0.240
2023-06-07 00:00,0.241
2023-06-07 01:00,0.232
2023-06-07 02:00,0.218
2023-06-07 03:00,0.204
2023-06-07 04:00,0.186
2023-06-07 05:00,0.170
2023-06-07 06:00,0.169
2023-06-07 07:00,0.175
2023-06-07 08:00,0.186
2023-06-07 09:00,0.193
2023-06-07 10:00,0.194
2023-06-07 11:00,0.196
2023-06-07 12:00,0.208
2023-06-07 13:00,0.230
2023-06-07 14:00,0.248
2023-06-07 15:00,0.260
2023-06-07 16:00,0.270
2023-06-07 17:00,0.281
2023-06-07 18:00,0.293
2023-06-07 19:00,0.315
2023-06-07 20:00,0.367
2023-06-07 21:00,0.360
2023-06-07 22:00,0.324
2023-06-07 23:00,0.297
2023-06-08 00:00,0.277
2023-06-08 01:00,0.269
2023-06-08 02:00,0.267
2023-06-08 03:00,0.257
2023-06-08 04:00,0.260
2023-06-08 05:00,0.255
2023-06-08 06:00,0.256
2023-06-08 07:00,0.251
2023-06-08 08:00,0.242
2023-06-08 09:00,0.246
2023-06-08 10:00,0.264
2023-06-08 11:00,0.287
2023-06-08 12:00,0.313
2023-06-08 13:00,0.330
2023-06-08 14:00,0.338
2023-06-08 15:00,0.349
2023-06-08 16:00,0.368
2023-06-08 17:00,0.397
2023-06-08 18:00,0.423
2023-06-08 19:00,0.423
2023-06-08 20:00,0.460
2023-06-08 21:00,0.487
2023-06-08 22:00,0.491
2023-06-08 23:00,0.486
2023-06-09 00:00,0.475
2023-06-09 01:00,0.463
2023-06-09 02:00,0.463
2023-06-09 03:00,0.453
2023-06-09 04:00,0.426
2023-06-09 05:00,0.429
2023-06-09 06:00,0.427
2023-06-09 07:00,0.430
2023-06-09 08:00,0.439
2023-06-09 09:00,0.454
2023-06-09 10:00,0.470
2023-06-09 11:00,0.484
2023-06-09 12:00,0.496
2023-06-09 13:00,0.509
2023-06-09 14:00,0.523
2023-06-09 15:00,0.533
2023-06-09 16:00,0.524
2023-06-09 17:00,0.498
2023-06-09 18:00,0.446
2023-06-09 19:00,0.413
2023-06-09 20:00,0.442
2023-06-09 21:00,0.440
2023-06-09 22:00,0.419
2023-06-09 23:00,0.417
2023-06-10 00:00,0.424
2023-06-10 01:00,0.439
2023-06-10 02:00,0.452
2023-06-10 03:00,0.454
2023-06-10 04:00,0.405
2023-06-10 05:00,0.339
2023-06-10 06:00,0.320
2023-06-10 07:00,0.303
2023-06-10 08:00,0.328
2023-06-10 09:00,0.370
2023-06-10 10:00,0.428
2023-06-10 11:00,0.494
2023-06-10 12:00,0.553
2023-06-10 13:00,0.597
2023-06-10 14:00,0.631
2023-06-10 15:00,0.633
2023-06-10 16:00,0.597
2023-06-10 17:00,0.527
2023-06-10 18:00,0.472
2023-06-10 19:00,0.451
2023-06-10 20:00,0.424
2023-06-10 21:00,0.387
2023-06-10 22:00,0.321
2023-06-10 23:00,0.246
2023-06-11 00:00,0.201
2023-06-11 01:00,0.170
2023-06-11 02:00,0.181
2023-06-11 03:00,0.187
2023-06-11 04:00,0.185
2023-06-11 05:00,0.133
2023-06-11 06:00,0.091
2023-06-11 07:00,0.086
2023-06-11 08:00,0.085
2023-06-11 09:00,0.081
2023-06-11 10:00,0.078
2023-06-11 11:00,0.074
2023-06-11 12:00,0.072
2023-06-11 13:00,0.069
2023-06-11 14:00,0.066
2023-06-11 15:00,0.066
2023-06-11 16:00,0.069
2023-06-11 17:00,0.073
2023-06-11 18:00,0.085
2023-06-11 19:00,0.110
2023-06-11 20:00,0.142
2023-06-11 21:00,0.139
2023-06-11 22:00,0.116
2023-06-11 23:00,0.102
2023-06-12 00:00,0.102
2023-06-12 01:00,0.112
2023-06-12 02:00,0.137
2023-06-12 03:00,0.185
2023-06-12 04:00,0.221
2023-06-12 05:00,0.159
2023-06-12 06:00,0.102
2023-06-12 07:00,0.080
2023-06-12 08:00,0.126
2023-06-12 09:00,0.163
2023-06-12 10:00,0.182
2023-06-12 11:00,0.197
2023-06-12 12:00,0.214
2023-06-12 13:00,0.225
2023-06-12 14:00,0.231
2023-06-12 15:00,0.227
2023-06-12 16:00,0.218
2023-06-12 17:00,0.211
2023-06-12 18:00,0.204
2023-06-12 19:00,0.236
2023-06-12 20:00,0.285
2023-06-12 21:00,0.297
2023-06-12 22:00,0.276
2023-06-12 23:00,0.246
2023-06-13 00:00,0.226
2023-06-13 01:00,0.197
2023-06-13 02:00,0.192
2023-06-13 03:00,0.223
2023-06-13 04:00,0.251
2023-06-13 05:00,0.223
2023-06-13 06:00,0.200
2023-06-13 07:00,0.241
2023-06-13 08:00,0.306
2023-06-13 09:00,0.377
2023-06-13 10:00,0.408
2023-06-13 11:00,0.426
2023-06-13 12:00,0.447
2023-06-13 13:00,0.472
2023-06-13 14:00,0.486
2023-06-13 15:00,0.486
2023-06-13 16:00,0.466
2023-06-13 17:00,0.403
2023-06-13 18:00,0.365
2023-06-13 19:00,0.437
2023-06-13 20:00,0.506
2023-06-13 21:00,0.508
2023-06-13 22:00,0.466
2023-06-13 23:00,0.430
2023-06-14 00:00,0.410
2023-06-14 01:00,0.413
2023-06-14 02:00,0.439
2023-06-14 03:00,0.459
2023-06-14 04:00,0.426
2023-06-14 05:00,0.276
2023-06-14 06:00,0.240
2023-06-14 07:00,0.353
2023-06-14 08:00,0.450
2023-06-14 09:00,0.502
2023-06-14 10:00,0.497
2023-06-14 11:00,0.460
2023-06-14 12:00,0.417
2023-06-14 13:00,0.380
2023-06-14 14:00,0.357
2023-06-14 15:00,0.356
2023-06-14 16:00,0.365
2023-06-14 17:00,0.357
2023-06-14 18:00,0.338
2023-06-14 19:00,0.377
2023-06-14 20:00,0.462
2023-06-14 21:00,0.456
2023-06-14 22:00,0.409
2023-06-14 23:00,0.390
2023-06-15 00:00,0.382
2023-06-15 01:00,0.370
2023-06-15 02:00,0.354
2023-06-15 03:00,0.325
2023-06-15 04:00,0.276
2023-06-15 05:00,0.147
2023-06-15 06:00,0.087
2023-06-15 07:00,0.136
2023-06-15 08:00,0.134
2023-06-15 09:00,0.130
2023-06-15 10:00,0.130
2023-06-15 11:00,0.129
2023-06-15 12:00,0.124
2023-06-15 13:00,0.119
2023-06-15 14:00,0.121
2023-06-15 15:00,0.124
2023-06-15 16:00,0.135
2023-06-15 17:00,0.169
2023-06-15 18:00,0.235
2023-06-15 19:00,0.350
2023-06-15 20:00,0.451
2023-06-15 21:00,0.439
2023-06-15 22:00,0.386
2023-06-15 23:00,0.338
2023-06-16 00:00,0.286
2023-06-16 01:00,0.240
2023-06-16 02:00,0.197
2023-06-16 03:00,0.161
2023-06-16 04:00,0.127
2023-06-16 05:00,0.078
2023-06-16 06:00,0.046
2023-06-16 07:00,0.072
2023-06-16 08:00,0.094
2023-06-16 09:00,0.077
2023-06-16 10:00,0.059
2023-06-16 11:00,0.050
2023-06-16 12:00,0.052
2023-06-16 13:00,0.065
2023-06-16 14:00,0.084
2023-06-16 15:00,0.100
2023-06-16 16:00,0.116
2023-06-16 17:00,0.174
2023-06-16 18:00,0.309
2023-06-16 19:00,0.451
2023-06-16 20:00,0.486
2023-06-16 21:00,0.449
2023-06-16 22:00,0.401
2023-06-16 23:00,0.352
2023-06-17 00:00,0.311
2023-06-17 01:00,0.285
2023-06-17 02:00,0.265
2023-06-17 03:00,0.242
2023-06-17 04:00,0.218
2023-06-17 05:00,0.172
2023-06-17 06:00,0.115
2023-06-17 07:00,0.089
2023-06-17 08:00,0.124
2023-06-17 09:00,0.166
2023-06-17 10:00,0.198
2023-06-17 11:00,0.222
2023-06-17 12:00,0.233
2023-06-17 13:00,0.233
2023-06-17 14:00,0.228
2023-06-17 15:00,0.219
2023-06-17 16:00,0.199
2023-06-17 17:00,0.179
2023-06-17 18:00,0.208
2023-06-17 19:00,0.302
2023-06-17 20:00,0.365
2023-06-17 21:00,0.370
2023-06-17 22:00,0.342
2023-06-17 23:00,0.333
2023-06-18 00:00,0.322
2023-06-18 01:00,0.299
2023-06-18 02:00,0.284
2023-06-18 03:00,0.270
2023-06-18 04:00,0.247
2023-06-18 05:00,0.172
2023-06-18 06:00,0.125
2023-06-18 07:00,0.156
2023-06-18 08:00,0.204
2023-06-18 09:00,0.240
2023-06-18 10:00,0.254
2023-06-18 11:00,0.247
2023-06-18 12:00,0.224
2023-06-18 13:00,0.199
2023-06-18 14:00,0.185
2023-06-18 15:00,0.188
2023-06-18 16:00,0.189
2023-06-18 17:00,0.121
2023-06-18 18:00,0.138
2023-06-18 19:00,0.159
2023-06-18 20:00,0.121
2023-06-18 21:00,0.054
2023-06-18 22:00,0.016
2023-06-18 23:00,0.011
2023-06-19 00:00,0.021
2023-06-19 01:00,0.068
2023-06-19 02:00,0.191
2023-06-19 03:00,0.323
2023-06-19 04:00,0.381
2023-06-19 05:00,0.304
2023-06-19 06:00,0.294
2023-06-19 07:00,0.379
2023-06-19 08:00,0.400
2023-06-19 09:00,0.397
2023-06-19 10:00,0.376
2023-06-19 11:00,0.359
2023-06-19 12:00,0.360
2023-06-19 13:00,0.365
2023-06-19 14:00,0.356
2023-06-19 15:00,0.335
2023-06-19 16:00,0.288
2023-06-19 17:00,0.220
2023-06-19 18:00,0.142
2023-06-19 19:00,0.087
2023-06-19 20:00,0.049
2023-06-19 21:00,0.032
2023-06-19 22:00,0.028
2023-06-19 23:00,0.029
2023-06-20 00:00,0.024
2023-06-20 01:00,0.013
2023-06-20 02:00,0.005
2023-06-20 03:00,0.005
2023-06-20 04:00,0.025
2023-06-20 05:00,0.079
2023-06-20 06:00,0.108
2023-06-20 07:00,0.086
2023-06-20 08:00,0.097
2023-06-20 09:00,0.087
2023-06-20 10:00,0.081
2023-06-20 11:00,0.084
2023-06-20 12:00,0.052
2023-06-20 13:00,0.027
2023-06-20 14:00,0.046
2023-06-20 15:00,0.120
2023-06-20 16:00,0.248
2023-06-20 17:00,0.335
2023-06-20 18:00,0.297
2023-06-20 19:00,0.279
2023-06-20 20:00,0.325
2023-06-20 21:00,0.361
2023-06-20 22:00,0.381
2023-06-20 23:00,0.394
2023-06-21 00:00,0.410
2023-06-21 01:00,0.413
2023-06-21 02:00,0.401
2023-06-21 03:00,0.396
2023-06-21 04:00,0.370
2023-06-21 05:00,0.264
2023-06-21 06:00,0.257
2023-06-21 07:00,0.333
2023-06-21 08:00,0.370
2023-06-21 09:00,0.389
2023-06-21 10:00,0.393
2023-06-21 11:00,0.394
2023-06-21 12:00,0.381
2023-06-21 13:00,0.355
2023-06-21 14:00,0.315
2023-06-21 15:00,0.272
2023-06-21 16:00,0.235
2023-06-21 17:00,0.191
2023-06-21 18:00,0.146
2023-06-21 19:00,0.119
2023-06-21 20:00,0.103
2023-06-21 21:00,0.091
2023-06-21 22:00,0.085
2023-06-21 23:00,0.078
2023-06-22 00:00,0.076
2023-06-22 01:00,0.087
2023-06-22 02:00,0.101
2023-06-22 03:00,0.095
2023-06-22 04:00,0.101
2023-06-22 05:00,0.091
2023-06-22 06:00,0.059
2023-06-22 07:00,0.049
2023-06-22 08:00,0.038
2023-06-22 09:00,0.030
2023-06-22 10:00,0.028
2023-06-22 11:00,0.027
2023-06-22 12:00,0.028
2023-06-22 13:00,0.031
2023-06-22 14:00,0.032
2023-06-22 15:00,0.031
2023-06-22 16:00,0.026
2023-06-22 17:00,0.026
2023-06-22 18:00,0.028
2023-06-22 19:00,0.041
2023-06-22 20:00,0.065
2023-06-22 21:00,0.073
2023-06-22 22:00,0.096
2023-06-22 23:00,0.134
2023-06-23 00:00,0.177
2023-06-23 01:00,0.211
2023-06-23 02:00,0.223
2023-06-23 03:00,0.208
2023-06-23 04:00,0.174
2023-06-23 05:00,0.127
2023-06-23 06:00,0.083
2023-06-23 07:00,0.072
2023-06-23 08:00,0.093
2023-06-23 09:00,0.112
2023-06-23 10:00,0.160
2023-06-23 11:00,0.230
2023-06-23 12:00,0.291
2023-06-23 13:00,0.319
2023-06-23 14:00,0.320
2023-06-23 15:00,0.296
2023-06-23 16:00,0.242
2023-06-23 17:00,0.223
2023-06-23 18:00,0.238
2023-06-23 19:00,0.316
2023-06-23 20:00,0.402
2023-06-23 21:00,0.468
2023-06-23 22:00,0.420
2023-06-23 23:00,0.416
2023-06-24 00:00,0.431
2023-06-24 01:00,0.429
2023-06-24 02:00,0.419
2023-06-24 03:00,0.424
2023-06-24 04:00,0.413
2023-06-24 05:00,0.340
2023-06-24 06:00,0.383
2023-06-24 07:00,0.437
2023-06-24 08:00,0.400
2023-06-24 09:00,0.352
2023-06-24 10:00,0.321
2023-06-24 11:00,0.309
2023-06-24 12:00,0.299
2023-06-24 13:00,0.279
2023-06-24 14:00,0.248
2023-06-24 15:00,0.202
2023-06-24 16:00,0.149
2023-06-24 17:00,0.102
2023-06-24 18:00,0.078
2023-06-24 19:00,0.071
2023-06-24 20:00,0.096
2023-06-24 21:00,0.197
2023-06-24 22:00,0.324
2023-06-24 23:00,0.416
2023-06-25 00:00,0.436
2023-06-25 01:00,0.426
2023-06-25 02:00,0.413
2023-06-25 03:00,0.403
2023-06-25 04:00,0.380
2023-06-25 05:00,0.288
2023-06-25 06:00,0.265
2023-06-25 07:00,0.483
2023-06-25 08:00,0.564
2023-06-25 09:00,0.557
2023-06-25 10:00,0.549
2023-06-25 11:00,0.547
2023-06-25 12:00,0.545
2023-06-25 13:00,0.542
2023-06-25 14:00,0.517
2023-06-25 15:00,0.465
2023-06-25 16:00,0.485
2023-06-25 17:00,0.569
2023-06-25 18:00,0.552
2023-06-25 19:00,0.466
2023-06-25 20:00,0.463
2023-06-25 21:00,0.487
2023-06-25 22:00,0.476
2023-06-25 23:00,0.441
2023-06-26 00:00,0.436
2023-06-26 01:00,0.436
2023-06-26 02:00,0.433
2023-06-26 03:00,0.445
2023-06-26 04:00,0.408
2023-06-26 05:00,0.302
2023-06-26 06:00,0.440
2023-06-26 07:00,0.516
2023-06-26 08:00,0.546
2023-06-26 09:00,0.571
2023-06-26 10:00,0.592
2023-06-26 11:00,0.621
2023-06-26 12:00,0.657
2023-06-26 13:00,0.675
2023-06-26 14:00,0.691
2023-06-26 15:00,0.692
2023-06-26 16:00,0.660
2023-06-26 17:00,0.581
2023-06-26 18:00,0.449
2023-06-26 19:00,0.356
2023-06-26 20:00,0.357
2023-06-26 21:00,0.392
2023-06-26 22:00,0.383
2023-06-26 23:00,0.361
2023-06-27 00:00,0.341
2023-06-27 01:00,0.321
2023-06-27 02:00,0.320
2023-06-27 03:00,0.325
2023-06-27 04:00,0.288
2023-06-27 05:00,0.164
2023-06-27 06:00,0.137
2023-06-27 07:00,0.182
2023-06-27 08:00,0.243
2023-06-27 09:00,0.319
2023-06-27 10:00,0.374
2023-06-27 11:00,0.403
2023-06-27 12:00,0.423
2023-06-27 13:00,0.447
2023-06-27 14:00,0.468
2023-06-27 15:00,0.456
2023-06-27 16:00,0.378
2023-06-27 17:00,0.333
2023-06-27 18:00,0.281
2023-06-27 19:00,0.333
2023-06-27 20:00,0.408
2023-06-27 21:00,0.473
2023-06-27 22:00,0.471
2023-06-27 23:00,0.457
2023-06-28 00:00,0.452
2023-06-28 01:00,0.429
2023-06-28 02:00,0.426
2023-06-28 03:00,0.406
2023-06-28 04:00,0.365
2023-06-28 05:00,0.211
2023-06-28 06:00,0.178
2023-06-28 07:00,0.210
2023-06-28 08:00,0.262
2023-06-28 09:00,0.301
2023-06-28 10:00,0.336
2023-06-28 11:00,0.380
2023-06-28 12:00,0.431
2023-06-28 13:00,0.491
2023-06-28 14:00,0.542
2023-06-28 15:00,0.566
2023-06-28 16:00,0.523
2023-06-28 17:00,0.419
2023-06-28 18:00,0.333
2023-06-28 19:00,0.266
2023-06-28 20:00,0.249
2023-06-28 21:00,0.271
2023-06-28 22:00,0.311
2023-06-28 23:00,0.297
2023-06-29 00:00,0.308
2023-06-29 01:00,0.301
2023-06-29 02:00,0.311
2023-06-29 03:00,0.325
2023-06-29 04:00,0.303
2023-06-29 05:00,0.204
2023-06-29 06:00,0.239
2023-06-29 07:00,0.270
2023-06-29 08:00,0.279
2023-06-29 09:00,0.311
2023-06-29 10:00,0.365
2023-06-29 11:00,0.423
2023-06-29 12:00,0.460
2023-06-29 13:00,0.479
2023-06-29 14:00,0.483
2023-06-29 15:00,0.478
2023-06-29 16:00,0.460
2023-06-29 17:00,0.429
2023-06-29 18:00,0.352
2023-06-29 19:00,0.287
2023-06-29 20:00,0.295
2023-06-29 21:00,0.312
2023-06-29 22:00,0.331
2023-06-29 23:00,0.359
2023-06-30 00:00,0.379
2023-06-30 01:00,0.400
2023-06-30 02:00,0.429
2023-06-30 03:00,0.429
2023-06-30 04:00,0.365
2023-06-30 05:00,0.265
2023-06-30 06:00,0.264
2023-06-30 07:00,0.442
2023-06-30 08:00,0.549
2023-06-30 09:00,0.606
2023-06-30 10:00,0.630
2023-06-30 11:00,0.669
2023-06-30 12:00,0.705
2023-06-30 13:00,0.664
2023-06-30 14:00,0.554
2023-06-30 15:00,0.502
2023-06-30 16:00,0.523
2023-06-30 17:00,0.457
2023-06-30 18:00,0.397
2023-06-30 19:00,0.430
2023-06-30 20:00,0.490
2023-06-30 21:00,0.549
2023-06-30 22:00,0.559
2023-06-30 23:00,0.582
2023-07-01 00:00,0.612
2023-07-01 01:00,0.625
2023-07-01 02:00,0.640
2023-07-01 03:00,0.625
2023-07-01 04:00,0.577
2023-07-01 05:00,0.542
2023-07-01 06:00,0.684
2023-07-01 07:00,0.763
2023-07-01 08:00,0.789
2023-07-01 09:00,0.815
2023-07-01 10:00,0.855
2023-07-01 11:00,0.897
2023-07-01 12:00,0.922
2023-07-01 13:00,0.936
2023-07-01 14:00,0.943
2023-07-01 15:00,0.937
2023-07-01 16:00,0.923
2023-07-01 17:00,0.894
2023-07-01 18:00,0.826
2023-07-01 19:00,0.757
2023-07-01 20:00,0.742
2023-07-01 21:00,0.713
2023-07-01 22:00,0.693
2023-07-01 23:00,0.655
2023-07-02 00:00,0.646
2023-07-02 01:00,0.648
2023-07-02 02:00,0.640
2023-07-02 03:00,0.625
2023-07-02 04:00,0.591
2023-07-02 05:00,0.553
2023-07-02 06:00,0.725
2023-07-02 07:00,0.783
2023-07-02 08:00,0.809
2023-07-02 09:00,0.828
2023-07-02 10:00,0.831
2023-07-02 11:00,0.834
2023-07-02 12:00,0.845
2023-07-02 13:00,0.850
2023-07-02 14:00,0.847
2023-07-02 15:00,0.851
2023-07-02 16:00,0.837
2023-07-02 17:00,0.797
2023-07-02 18:00,0.746
2023-07-02 19:00,0.686
2023-07-02 20:00,0.658
2023-07-02 21:00,0.542
2023-07-02 22:00,0.502
2023-07-02 23:00,0.520
2023-07-03 00:00,0.522
2023-07-03 01:00,0.516
2023-07-03 02:00,0.506
2023-07-03 03:00,0.479
2023-07-03 04:00,0.426
2023-07-03 05:00,0.357
2023-07-03 06:00,0.471
2023-07-03 07:00,0.617
2023-07-03 08:00,0.645
2023-07-03 09:00,0.663
2023-07-03 10:00,0.661
2023-07-03 11:00,0.640
2023-07-03 12:00,0.629
2023-07-03 13:00,0.626
2023-07-03 14:00,0.664
2023-07-03 15:00,0.708
2023-07-03 16:00,0.739
2023-07-03 17:00,0.740
2023-07-03 18:00,0.682
2023-07-03 19:00,0.618
2023-07-03 20:00,0.576
2023-07-03 21:00,0.560
2023-07-03 22:00,0.572
2023-07-03 23:00,0.594
2023-07-04 00:00,0.576
2023-07-04 01:00,0.559
2023-07-04 02:00,0.545
2023-07-04 03:00,0.524
2023-07-04 04:00,0.469
2023-07-04 05:00,0.380
2023-07-04 06:00,0.467
2023-07-04 07:00,0.497
2023-07-04 08:00,0.473
2023-07-04 09:00,0.444
2023-07-04 10:00,0.403
2023-07-04 11:00,0.363
2023-07-04 12:00,0.342
2023-07-04 13:00,0.305
2023-07-04 14:00,0.254
2023-07-04 15:00,0.205
2023-07-04 16:00,0.162
2023-07-04 17:00,0.134
2023-07-04 18:00,0.112
2023-07-04 19:00,0.104
2023-07-04 20:00,0.124
2023-07-04 21:00,0.167
2023-07-04 22:00,0.207
2023-07-04 23:00,0.224
2023-07-05 00:00,0.236
2023-07-05 01:00,0.258
2023-07-05 02:00,0.306
2023-07-05 03:00,0.381
2023-07-05 04:00,0.413
2023-07-05 05:00,0.310
2023-07-05 06:00,0.390
2023-07-05 07:00,0.516
2023-07-05 08:00,0.569
2023-07-05 09:00,0.583
2023-07-05 10:00,0.600
2023-07-05 11:00,0.616
2023-07-05 12:00,0.613
2023-07-05 13:00,0.599
2023-07-05 14:00,0.570
2023-07-05 15:00,0.542
2023-07-05 16:00,0.523
2023-07-05 17:00,0.486
2023-07-05 18:00,0.377
2023-07-05 19:00,0.311
2023-07-05 20:00,0.348
2023-07-05 21:00,0.416
2023-07-05 22:00,0.458
2023-07-05 23:00,0.470
2023-07-06 00:00,0.461
2023-07-06 01:00,0.422
2023-07-06 02:00,0.382
2023-07-06 03:00,0.365
2023-07-06 04:00,0.342
2023-07-06 05:00,0.248
2023-07-06 06:00,0.258
2023-07-06 07:00,0.323
2023-07-06 08:00,0.360
2023-07-06 09:00,0.390
2023-07-06 10:00,0.413
2023-07-06 11:00,0.442
2023-07-06 12:00,0.470
2023-07-06 13:00,0.499
2023-07-06 14:00,0.527
2023-07-06 15:00,0.548
2023-07-06 16:00,0.552
2023-07-06 17:00,0.539
2023-07-06 18:00,0.527
2023-07-06 19:00,0.564
2023-07-06 20:00,0.578
2023-07-06 21:00,0.652
2023-07-06 22:00,0.661
2023-07-06 23:00,0.595
2023-07-07 00:00,0.572
2023-07-07 01:00,0.558
2023-07-07 02:00,0.550
2023-07-07 03:00,0.534
2023-07-07 04:00,0.483
2023-07-07 05:00,0.421
2023-07-07 06:00,0.489
2023-07-07 07:00,0.598
2023-07-07 08:00,0.565
2023-07-07 09:00,0.524
2023-07-07 10:00,0.491
2023-07-07 11:00,0.471
2023-07-07 12:00,0.460
2023-07-07 13:00,0.444
2023-07-07 14:00,0.416
2023-07-07 15:00,0.387
2023-07-07 16:00,0.348
2023-07-07 17:00,0.297
2023-07-07 18:00,0.389
2023-07-07 19:00,0.559
2023-07-07 20:00,0.673
2023-07-07 21:00,0.700
2023-07-07 22:00,0.685
2023-07-07 23:00,0.663
2023-07-08 00:00,0.647
2023-07-08 01:00,0.661
2023-07-08 02:00,0.683
2023-07-08 03:00,0.684
2023-07-08 04:00,0.665
2023-07-08 05:00,0.643
2023-07-08 06:00,0.513
2023-07-08 07:00,0.456
2023-07-08 08:00,0.384
2023-07-08 09:00,0.325
2023-07-08 10:00,0.253
2023-07-08 11:00,0.197
2023-07-08 12:00,0.179
2023-07-08 13:00,0.258
2023-07-08 14:00,0.230
2023-07-08 15:00,0.107
2023-07-08 16:00,0.108
2023-07-08 17:00,0.138
2023-07-08 18:00,0.152
2023-07-08 19:00,0.142
2023-07-08 20:00,0.154
2023-07-08 21:00,0.163
2023-07-08 22:00,0.163
2023-07-08 23:00,0.156
2023-07-09 00:00,0.140
2023-07-09 01:00,0.131
2023-07-09 02:00,0.147
2023-07-09 03:00,0.185
2023-07-09 04:00,0.211
2023-07-09 05:00,0.161
2023-07-09 06:00,0.123
2023-07-09 07:00,0.115
2023-07-09 08:00,0.103
2023-07-09 09:00,0.102
2023-07-09 10:00,0.108
2023-07-09 11:00,0.116
2023-07-09 12:00,0.136
2023-07-09 13:00,0.180
2023-07-09 14:00,0.229
2023-07-09 15:00,0.259
2023-07-09 16:00,0.273
2023-07-09 17:00,0.246
2023-07-09 18:00,0.199
2023-07-09 19:00,0.208
2023-07-09 20:00,0.247
2023-07-09 21:00,0.280
2023-07-09 22:00,0.305
2023-07-09 23:00,0.314
2023-07-10 00:00,0.301
2023-07-10 01:00,0.285
2023-07-10 02:00,0.288
2023-07-10 03:00,0.311
2023-07-10 04:00,0.312
2023-07-10 05:00,0.199
2023-07-10 06:00,0.166
2023-07-10 07:00,0.204
2023-07-10 08:00,0.246
2023-07-10 09:00,0.303
2023-07-10 10:00,0.373
2023-07-10 11:00,0.452
2023-07-10 12:00,0.554
2023-07-10 13:00,0.611
2023-07-10 14:00,0.683
2023-07-10 15:00,0.705
2023-07-10 16:00,0.710
2023-07-10 17:00,0.744
2023-07-10 18:00,0.768
2023-07-10 19:00,0.768
2023-07-10 20:00,0.755
2023-07-10 21:00,0.719
2023-07-10 22:00,0.627
2023-07-10 23:00,0.574
2023-07-11 00:00,0.540
2023-07-11 01:00,0.482
2023-07-11 02:00,0.406
2023-07-11 03:00,0.330
2023-07-11 04:00,0.285
2023-07-11 05:00,0.262
2023-07-11 06:00,0.255
2023-07-11 07:00,0.355
2023-07-11 08:00,0.464
2023-07-11 09:00,0.541
2023-07-11 10:00,0.570
2023-07-11 11:00,0.588
2023-07-11 12:00,0.600
2023-07-11 13:00,0.604
2023-07-11 14:00,0.582
2023-07-11 15:00,0.524
2023-07-11 16:00,0.429
2023-07-11 17:00,0.349
2023-07-11 18:00,0.297
2023-07-11 19:00,0.285
2023-07-11 20:00,0.321
2023-07-11 21:00,0.374
2023-07-11 22:00,0.406
2023-07-11 23:00,0.422
2023-07-12 00:00,0.442
2023-07-12 01:00,0.461
2023-07-12 02:00,0.476
2023-07-12 03:00,0.467
2023-07-12 04:00,0.414
2023-07-12 05:00,0.335
2023-07-12 06:00,0.358
2023-07-12 07:00,0.486
2023-07-12 08:00,0.577
2023-07-12 09:00,0.678
2023-07-12 10:00,0.758
2023-07-12 11:00,0.811
2023-07-12 12:00,0.827
2023-07-12 13:00,0.827
2023-07-12 14:00,0.813
2023-07-12 15:00,0.789
2023-07-12 16:00,0.756
2023-07-12 17:00,0.694
2023-07-12 18:00,0.601
2023-07-12 19:00,0.541
2023-07-12 20:00,0.491
2023-07-12 21:00,0.466
2023-07-12 22:00,0.444
2023-07-12 23:00,0.427
2023-07-13 00:00,0.423
2023-07-13 01:00,0.420
2023-07-13 02:00,0.421
2023-07-13 03:00,0.416
2023-07-13 04:00,0.374
2023-07-13 05:00,0.232
2023-07-13 06:00,0.211
2023-07-13 07:00,0.251
2023-07-13 08:00,0.279
2023-07-13 09:00,0.297
2023-07-13 10:00,0.302
2023-07-13 11:00,0.309
2023-07-13 12:00,0.321
2023-07-13 13:00,0.335
2023-07-13 14:00,0.331
2023-07-13 15:00,0.321
2023-07-13 16:00,0.308
2023-07-13 17:00,0.270
2023-07-13 18:00,0.200
2023-07-13 19:00,0.161
2023-07-13 20:00,0.128
2023-07-13 21:00,0.108
2023-07-13 22:00,0.107
2023-07-13 23:00,0.132
2023-07-14 00:00,0.158
2023-07-14 01:00,0.166
2023-07-14 02:00,0.172
2023-07-14 03:00,0.187
2023-07-14 04:00,0.209
2023-07-14 05:00,0.188
2023-07-14 06:00,0.136
2023-07-14 07:00,0.158
2023-07-14 08:00,0.257
2023-07-14 09:00,0.326
2023-07-14 10:00,0.449
2023-07-14 11:00,0.568
2023-07-14 12:00,0.649
2023-07-14 13:00,0.732
2023-07-14 14:00,0.824
2023-07-14 15:00,0.868
2023-07-14 16:00,0.893
2023-07-14 17:00,0.920
2023-07-14 18:00,0.917
2023-07-14 19:00,0.846
2023-07-14 20:00,0.729
2023-07-14 21:00,0.680
2023-07-14 22:00,0.671
2023-07-14 23:00,0.640
2023-07-15 00:00,0.591
2023-07-15 01:00,0.562
2023-07-15 02:00,0.568
2023-07-15 03:00,0.570
2023-07-15 04:00,0.567
2023-07-15 05:00,0.534
2023-07-15 06:00,0.661
2023-07-15 07:00,0.804
2023-07-15 08:00,0.845
2023-07-15 09:00,0.859
2023-07-15 10:00,0.871
2023-07-15 11:00,0.881
2023-07-15 12:00,0.883
2023-07-15 13:00,0.903
2023-07-15 14:00,0.925
2023-07-15 15:00,0.936
2023-07-15 16:00,0.924
2023-07-15 17:00,0.921
2023-07-15 18:00,0.922
2023-07-15 19:00,0.926
2023-07-15 20:00,0.933
2023-07-15 21:00,0.936
2023-07-15 22:00,0.929
2023-07-15 23:00,0.917
2023-07-16 00:00,0.899
2023-07-16 01:00,0.879
2023-07-16 02:00,0.861
2023-07-16 03:00,0.846
2023-07-16 04:00,0.837
2023-07-16 05:00,0.828
2023-07-16 06:00,0.842
2023-07-16 07:00,0.879
2023-07-16 08:00,0.895
2023-07-16 09:00,0.893
2023-07-16 10:00,0.870
2023-07-16 11:00,0.833
2023-07-16 12:00,0.792
2023-07-16 13:00,0.748
2023-07-16 14:00,0.704
2023-07-16 15:00,0.674
2023-07-16 16:00,0.646
2023-07-16 17:00,0.577
2023-07-16 18:00,0.470
2023-07-16 19:00,0.463
2023-07-16 20:00,0.479
2023-07-16 21:00,0.456
2023-07-16 22:00,0.442
2023-07-16 23:00,0.433
2023-07-17 00:00,0.432
2023-07-17 01:00,0.434
2023-07-17 02:00,0.437
2023-07-17 03:00,0.432
2023-07-17 04:00,0.404
2023-07-17 05:00,0.302
2023-07-17 06:00,0.295
2023-07-17 07:00,0.355
2023-07-17 08:00,0.382
2023-07-17 09:00,0.406
2023-07-17 10:00,0.438
2023-07-17 11:00,0.472
2023-07-17 12:00,0.496
2023-07-17 13:00,0.489
2023-07-17 14:00,0.463
2023-07-17 15:00,0.466
2023-07-17 16:00,0.473
2023-07-17 17:00,0.429
2023-07-17 18:00,0.325
2023-07-17 19:00,0.258
2023-07-17 20:00,0.235
2023-07-17 21:00,0.210
2023-07-17 22:00,0.188
2023-07-17 23:00,0.175
2023-07-18 00:00,0.174
2023-07-18 01:00,0.173
2023-07-18 02:00,0.169
2023-07-18 03:00,0.159
2023-07-18 04:00,0.156
2023-07-18 05:00,0.127
2023-07-18 06:00,0.097
2023-07-18 07:00,0.112
2023-07-18 08:00,0.126
2023-07-18 09:00,0.133
2023-07-18 10:00,0.136
2023-07-18 11:00,0.146
2023-07-18 12:00,0.154
2023-07-18 13:00,0.154
2023-07-18 14:00,0.162
2023-07-18 15:00,0.166
2023-07-18 16:00,0.128
2023-07-18 17:00,0.091
2023-07-18 18:00,0.065
2023-07-18 19:00,0.053
2023-07-18 20:00,0.049
2023-07-18 21:00,0.050
2023-07-18 22:00,0.057
2023-07-18 23:00,0.059
2023-07-19 00:00,0.042
2023-07-19 01:00,0.022
2023-07-19 02:00,0.010
2023-07-19 03:00,0.009
2023-07-19 04:00,0.022
2023-07-19 05:00,0.042
2023-07-19 06:00,0.052
2023-07-19 07:00,0.070
2023-07-19 08:00,0.097
2023-07-19 09:00,0.126
2023-07-19 10:00,0.155
2023-07-19 11:00,0.189
2023-07-19 12:00,0.223
2023-07-19 13:00,0.242
2023-07-19 14:00,0.242
2023-07-19 15:00,0.232
2023-07-19 16:00,0.213
2023-07-19 17:00,0.186
2023-07-19 18:00,0.151
2023-07-19 19:00,0.141
2023-07-19 20:00,0.161
2023-07-19 21:00,0.208
2023-07-19 22:00,0.268
2023-07-19 23:00,0.319
2023-07-20 00:00,0.348
2023-07-20 01:00,0.355
2023-07-20 02:00,0.349
2023-07-20 03:00,0.338
2023-07-20 04:00,0.314
2023-07-20 05:00,0.207
2023-07-20 06:00,0.148
2023-07-20 07:00,0.182
2023-07-20 08:00,0.183
2023-07-20 09:00,0.181
2023-07-20 10:00,0.187
2023-07-20 11:00,0.204
2023-07-20 12:00,0.229
2023-07-20 13:00,0.251
2023-07-20 14:00,0.265
2023-07-20 15:00,0.282
2023-07-20 16:00,0.309
2023-07-20 17:00,0.320
2023-07-20 18:00,0.288
2023-07-20 19:00,0.281
2023-07-20 20:00,0.329
2023-07-20 21:00,0.365
2023-07-20 22:00,0.387
2023-07-20 23:00,0.393
2023-07-21 00:00,0.382
2023-07-21 01:00,0.367
2023-07-21 02:00,0.358
2023-07-21 03:00,0.370
2023-07-21 04:00,0.375
2023-07-21 05:00,0.268
2023-07-21 06:00,0.261
2023-07-21 07:00,0.319
2023-07-21 08:00,0.321
2023-07-21 09:00,0.322
2023-07-21 10:00,0.327
2023-07-21 11:00,0.348
2023-07-21 12:00,0.362
2023-07-21 13:00,0.379
2023-07-21 14:00,0.393
2023-07-21 15:00,0.394
2023-07-21 16:00,0.393
2023-07-21 17:00,0.356
2023-07-21 18:00,0.302
2023-07-21 19:00,0.268
2023-07-21 20:00,0.281
2023-07-21 21:00,0.273
2023-07-21 22:00,0.257
2023-07-21 23:00,0.252
2023-07-22 00:00,0.263
2023-07-22 01:00,0.286
2023-07-22 02:00,0.324
2023-07-22 03:00,0.348
2023-07-22 04:00,0.365
2023-07-22 05:00,0.326
2023-07-22 06:00,0.293
2023-07-22 07:00,0.429
2023-07-22 08:00,0.517
2023-07-22 09:00,0.546
2023-07-22 10:00,0.550
2023-07-22 11:00,0.559
2023-07-22 12:00,0.582
2023-07-22 13:00,0.606
2023-07-22 14:00,0.598
2023-07-22 15:00,0.533
2023-07-22 16:00,0.423
2023-07-22 17:00,0.303
2023-07-22 18:00,0.258
2023-07-22 19:00,0.279
2023-07-22 20:00,0.288
2023-07-22 21:00,0.288
2023-07-22 22:00,0.275
2023-07-22 23:00,0.257
2023-07-23 00:00,0.248
2023-07-23 01:00,0.251
2023-07-23 02:00,0.247
2023-07-23 03:00,0.248
2023-07-23 04:00,0.239
2023-07-23 05:00,0.194
2023-07-23 06:00,0.150
2023-07-23 07:00,0.205
2023-07-23 08:00,0.248
2023-07-23 09:00,0.272
2023-07-23 10:00,0.291
2023-07-23 11:00,0.302
2023-07-23 12:00,0.290
2023-07-23 13:00,0.265
2023-07-23 14:00,0.240
2023-07-23 15:00,0.229
2023-07-23 16:00,0.247
2023-07-23 17:00,0.318
2023-07-23 18:00,0.410
2023-07-23 19:00,0.549
2023-07-23 20:00,0.649
2023-07-23 21:00,0.672
2023-07-23 22:00,0.638
2023-07-23 23:00,0.556
2023-07-24 00:00,0.479
2023-07-24 01:00,0.431
2023-07-24 02:00,0.385
2023-07-24 03:00,0.365
2023-07-24 04:00,0.353
2023-07-24 05:00,0.315
2023-07-24 06:00,0.436
2023-07-24 07:00,0.481
2023-07-24 08:00,0.448
2023-07-24 09:00,0.393
2023-07-24 10:00,0.349
2023-07-24 11:00,0.299
2023-07-24 12:00,0.263
2023-07-24 13:00,0.229
2023-07-24 14:00,0.197
2023-07-24 15:00,0.170
2023-07-24 16:00,0.151
2023-07-24 17:00,0.132
2023-07-24 18:00,0.107
2023-07-24 19:00,0.086
2023-07-24 20:00,0.068
2023-07-24 21:00,0.052
2023-07-24 22:00,0.080
2023-07-24 23:00,0.130
2023-07-25 00:00,0.181
2023-07-25 01:00,0.221
2023-07-25 02:00,0.250
2023-07-25 03:00,0.289
2023-07-25 04:00,0.319
2023-07-25 05:00,0.236
2023-07-25 06:00,0.194
2023-07-25 07:00,0.208
2023-07-25 08:00,0.183
2023-07-25 09:00,0.165
2023-07-25 10:00,0.165
2023-07-25 11:00,0.189
2023-07-25 12:00,0.232
2023-07-25 13:00,0.282
2023-07-25 14:00,0.333
2023-07-25 15:00,0.384
2023-07-25 16:00,0.429
2023-07-25 17:00,0.439
2023-07-25 18:00,0.396
2023-07-25 19:00,0.383
2023-07-25 20:00,0.410
2023-07-25 21:00,0.393
2023-07-25 22:00,0.396
2023-07-25 23:00,0.419
2023-07-26 00:00,0.448
2023-07-26 01:00,0.456
2023-07-26 02:00,0.439
2023-07-26 03:00,0.416
2023-07-26 04:00,0.394
2023-07-26 05:00,0.271
2023-07-26 06:00,0.180
2023-07-26 07:00,0.233
2023-07-26 08:00,0.246
2023-07-26 09:00,0.238
2023-07-26 10:00,0.233
2023-07-26 11:00,0.244
2023-07-26 12:00,0.289
2023-07-26 13:00,0.358
2023-07-26 14:00,0.436
2023-07-26 15:00,0.493
2023-07-26 16:00,0.476
2023-07-26 17:00,0.360
2023-07-26 18:00,0.316
2023-07-26 19:00,0.376
2023-07-26 20:00,0.497
2023-07-26 21:00,0.502
2023-07-26 22:00,0.452
2023-07-26 23:00,0.367
2023-07-27 00:00,0.314
2023-07-27 01:00,0.279
2023-07-27 02:00,0.270
2023-07-27 03:00,0.268
2023-07-27 04:00,0.258
2023-07-27 05:00,0.238
2023-07-27 06:00,0.208
2023-07-27 07:00,0.242
2023-07-27 08:00,0.301
2023-07-27 09:00,0.357
2023-07-27 10:00,0.425
2023-07-27 11:00,0.490
2023-07-27 12:00,0.540
2023-07-27 13:00,0.556
2023-07-27 14:00,0.549
2023-07-27 15:00,0.518
2023-07-27 16:00,0.478
2023-07-27 17:00,0.416
2023-07-27 18:00,0.316
2023-07-27 19:00,0.268
2023-07-27 20:00,0.281
2023-07-27 21:00,0.280
2023-07-27 22:00,0.267
2023-07-27 23:00,0.241
2023-07-28 00:00,0.211
2023-07-28 01:00,0.182
2023-07-28 02:00,0.170
2023-07-28 03:00,0.180
2023-07-28 04:00,0.211
2023-07-28 05:00,0.197
2023-07-28 06:00,0.142
2023-07-28 07:00,0.154
2023-07-28 08:00,0.181
2023-07-28 09:00,0.217
2023-07-28 10:00,0.258
2023-07-28 11:00,0.298
2023-07-28 12:00,0.336
2023-07-28 13:00,0.377
2023-07-28 14:00,0.407
2023-07-28 15:00,0.417
2023-07-28 16:00,0.394
2023-07-28 17:00,0.317
2023-07-28 18:00,0.290
2023-07-28 19:00,0.319
2023-07-28 20:00,0.352
2023-07-28 21:00,0.365
2023-07-28 22:00,0.368
2023-07-28 23:00,0.357
2023-07-29 00:00,0.370
2023-07-29 01:00,0.371
2023-07-29 02:00,0.353
2023-07-29 03:00,0.354
2023-07-29 04:00,0.387
2023-07-29 05:00,0.355
2023-07-29 06:00,0.436
2023-07-29 07:00,0.533
2023-07-29 08:00,0.565
2023-07-29 09:00,0.604
2023-07-29 10:00,0.643
2023-07-29 11:00,0.672
2023-07-29 12:00,0.700
2023-07-29 13:00,0.732
2023-07-29 14:00,0.759
2023-07-29 15:00,0.767
2023-07-29 16:00,0.754
2023-07-29 17:00,0.699
2023-07-29 18:00,0.612
2023-07-29 19:00,0.594
2023-07-29 20:00,0.604
2023-07-29 21:00,0.619
2023-07-29 22:00,0.600
2023-07-29 23:00,0.572
2023-07-30 00:00,0.549
2023-07-30 01:00,0.586
2023-07-30 02:00,0.597
2023-07-30 03:00,0.607
2023-07-30 04:00,0.628
2023-07-30 05:00,0.610
2023-07-30 06:00,0.685
2023-07-30 07:00,0.805
2023-07-30 08:00,0.853
2023-07-30 09:00,0.851
2023-07-30 10:00,0.821
2023-07-30 11:00,0.797
2023-07-30 12:00,0.804
2023-07-30 13:00,0.776
2023-07-30 14:00,0.723
2023-07-30 15:00,0.669
2023-07-30 16:00,0.539
2023-07-30 17:00,0.362
2023-07-30 18:00,0.254
2023-07-30 19:00,0.224
2023-07-30 20:00,0.269
2023-07-30 21:00,0.349
2023-07-30 22:00,0.443
2023-07-30 23:00,0.550
2023-07-31 00:00,0.631
2023-07-31 01:00,0.631
2023-07-31 02:00,0.594
2023-07-31 03:00,0.542
2023-07-31 04:00,0.540
2023-07-31 05:00,0.496
2023-07-31 06:00,0.373
2023-07-31 07:00,0.450
2023-07-31 08:00,0.513
2023-07-31 09:00,0.506
2023-07-31 10:00,0.569
2023-07-31 11:00,0.693
2023-07-31 12:00,0.632
2023-07-31 13:00,0.669
2023-07-31 14:00,0.645
2023-07-31 15:00,0.637
2023-07-31 16:00,0.629
2023-07-31 17:00,0.549
2023-07-31 18:00,0.504
2023-07-31 19:00,0.562
2023-07-31 20:00,0.590
2023-07-31 21:00,0.586
2023-07-31 22:00,0.599
2023-07-31 23:00,0.609
2023-08-01 00:00,0.608
2023-08-01 01:00,0.619
2023-08-01 02:00,0.628
2023-08-01 03:00,0.643
2023-08-01 04:00,0.625
2023-08-01 05:00,0.575
2023-08-01 06:00,0.582
2023-08-01 07:00,0.649
2023-08-01 08:00,0.628
2023-08-01 09:00,0.600
2023-08-01 10:00,0.572
2023-08-01 11:00,0.516
2023-08-01 12:00,0.429
2023-08-01 13:00,0.372
2023-08-01 14:00,0.352
2023-08-01 15:00,0.326
2023-08-01 16:00,0.267
2023-08-01 17:00,0.175
2023-08-01 18:00,0.106
2023-08-01 19:00,0.076
2023-08-01 20:00,0.073
2023-08-01 21:00,0.113
2023-08-01 22:00,0.179
2023-08-01 23:00,0.316
2023-08-02 00:00,0.394
2023-08-02 01:00,0.355
2023-08-02 02:00,0.375
2023-08-02 03:00,0.546
2023-08-02 04:00,0.616
2023-08-02 05:00,0.556
2023-08-02 06:00,0.469
2023-08-02 07:00,0.357
2023-08-02 08:00,0.186
2023-08-02 09:00,0.090
2023-08-02 10:00,0.085
2023-08-02 11:00,0.156
2023-08-02 12:00,0.303
2023-08-02 13:00,0.499
2023-08-02 14:00,0.656
2023-08-02 15:00,0.734
2023-08-02 16:00,0.729
2023-08-02 17:00,0.642
2023-08-02 18:00,0.536
2023-08-02 19:00,0.564
2023-08-02 20:00,0.569
2023-08-02 21:00,0.562
2023-08-02 22:00,0.558
2023-08-02 23:00,0.543
2023-08-03 00:00,0.516
2023-08-03 01:00,0.513
2023-08-03 02:00,0.502
2023-08-03 03:00,0.476
2023-08-03 04:00,0.447
2023-08-03 05:00,0.345
2023-08-03 06:00,0.239
2023-08-03 07:00,0.333
2023-08-03 08:00,0.345
2023-08-03 09:00,0.318
2023-08-03 10:00,0.291
2023-08-03 11:00,0.271
2023-08-03 12:00,0.258
2023-08-03 13:00,0.257
2023-08-03 14:00,0.262
2023-08-03 15:00,0.257
2023-08-03 16:00,0.243
2023-08-03 17:00,0.215
2023-08-03 18:00,0.206
2023-08-03 19:00,0.236
2023-08-03 20:00,0.257
2023-08-03 21:00,0.251
2023-08-03 22:00,0.240
2023-08-03 23:00,0.237
2023-08-04 00:00,0.214
2023-08-04 01:00,0.216
2023-08-04 02:00,0.227
2023-08-04 03:00,0.236
2023-08-04 04:00,0.234
2023-08-04 05:00,0.189
2023-08-04 06:00,0.155
2023-08-04 07:00,0.151
2023-08-04 08:00,0.134
2023-08-04 09:00,0.121
2023-08-04 10:00,0.127
2023-08-04 11:00,0.140
2023-08-04 12:00,0.148
2023-08-04 13:00,0.159
2023-08-04 14:00,0.178
2023-08-04 15:00,0.199
2023-08-04 16:00,0.235
2023-08-04 17:00,0.229
2023-08-04 18:00,0.178
2023-08-04 19:00,0.184
2023-08-04 20:00,0.208
2023-08-04 21:00,0.177
2023-08-04 22:00,0.146
2023-08-04 23:00,0.123
2023-08-05 00:00,0.096
2023-08-05 01:00,0.063
2023-08-05 02:00,0.041
2023-08-05 03:00,0.030
2023-08-05 04:00,0.039
2023-08-05 05:00,0.073
2023-08-05 06:00,0.111
2023-08-05 07:00,0.199
2023-08-05 08:00,0.278
2023-08-05 09:00,0.304
2023-08-05 10:00,0.297
2023-08-05 11:00,0.290
2023-08-05 12:00,0.319
2023-08-05 13:00,0.381
2023-08-05 14:00,0.457
2023-08-05 15:00,0.499
2023-08-05 16:00,0.479
2023-08-05 17:00,0.514
2023-08-05 18:00,0.591
2023-08-05 19:00,0.585
2023-08-05 20:00,0.507
2023-08-05 21:00,0.465
2023-08-05 22:00,0.480
2023-08-05 23:00,0.485
2023-08-06 00:00,0.491
2023-08-06 01:00,0.481
2023-08-06 02:00,0.466
2023-08-06 03:00,0.445
2023-08-06 04:00,0.431
2023-08-06 05:00,0.355
2023-08-06 06:00,0.285
2023-08-06 07:00,0.375
2023-08-06 08:00,0.377
2023-08-06 09:00,0.338
2023-08-06 10:00,0.302
2023-08-06 11:00,0.287
2023-08-06 12:00,0.289
2023-08-06 13:00,0.297
2023-08-06 14:00,0.304
2023-08-06 15:00,0.311
2023-08-06 16:00,0.302
2023-08-06 17:00,0.245
2023-08-06 18:00,0.197
2023-08-06 19:00,0.214
2023-08-06 20:00,0.260
2023-08-06 21:00,0.321
2023-08-06 22:00,0.357
2023-08-06 23:00,0.367
2023-08-07 00:00,0.393
2023-08-07 01:00,0.448
2023-08-07 02:00,0.468
2023-08-07 03:00,0.468
2023-08-07 04:00,0.460
2023-08-07 05:00,0.358
2023-08-07 06:00,0.268
2023-08-07 07:00,0.323
2023-08-07 08:00,0.332
2023-08-07 09:00,0.359
2023-08-07 10:00,0.427
2023-08-07 11:00,0.487
2023-08-07 12:00,0.531
2023-08-07 13:00,0.591
2023-08-07 14:00,0.607
2023-08-07 15:00,0.569
2023-08-07 16:00,0.542
2023-08-07 17:00,0.499
2023-08-07 18:00,0.388
2023-08-07 19:00,0.362
2023-08-07 20:00,0.415
2023-08-07 21:00,0.454
2023-08-07 22:00,0.479
2023-08-07 23:00,0.502
2023-08-08 00:00,0.523
2023-08-08 01:00,0.502
2023-08-08 02:00,0.461
2023-08-08 03:00,0.426
2023-08-08 04:00,0.403
2023-08-08 05:00,0.338
2023-08-08 06:00,0.251
2023-08-08 07:00,0.254
2023-08-08 08:00,0.238
2023-08-08 09:00,0.243
2023-08-08 10:00,0.276
2023-08-08 11:00,0.303
2023-08-08 12:00,0.334
2023-08-08 13:00,0.366
2023-08-08 14:00,0.373
2023-08-08 15:00,0.381
2023-08-08 16:00,0.387
2023-08-08 17:00,0.355
2023-08-08 18:00,0.348
2023-08-08 19:00,0.384
2023-08-08 20:00,0.416
2023-08-08 21:00,0.426
2023-08-08 22:00,0.421
2023-08-08 23:00,0.417
2023-08-09 00:00,0.394
2023-08-09 01:00,0.413
2023-08-09 02:00,0.430
2023-08-09 03:00,0.433
2023-08-09 04:00,0.423
2023-08-09 05:00,0.321
2023-08-09 06:00,0.198
2023-08-09 07:00,0.256
2023-08-09 08:00,0.270
2023-08-09 09:00,0.268
2023-08-09 10:00,0.266
2023-08-09 11:00,0.263
2023-08-09 12:00,0.257
2023-08-09 13:00,0.239
2023-08-09 14:00,0.208
2023-08-09 15:00,0.171
2023-08-09 16:00,0.135
2023-08-09 17:00,0.100
2023-08-09 18:00,0.071
2023-08-09 19:00,0.048
2023-08-09 20:00,0.028
2023-08-09 21:00,0.016
2023-08-09 22:00,0.012
2023-08-09 23:00,0.014
2023-08-10 00:00,0.016
2023-08-10 01:00,0.018
2023-08-10 02:00,0.022
2023-08-10 03:00,0.031
2023-08-10 04:00,0.050
2023-08-10 05:00,0.072
2023-08-10 06:00,0.054
2023-08-10 07:00,0.062
2023-08-10 08:00,0.163
2023-08-10 09:00,0.216
2023-08-10 10:00,0.198
2023-08-10 11:00,0.173
2023-08-10 12:00,0.186
2023-08-10 13:00,0.229
2023-08-10 14:00,0.288
2023-08-10 15:00,0.345
2023-08-10 16:00,0.346
2023-08-10 17:00,0.285
2023-08-10 18:00,0.318
2023-08-10 19:00,0.466
2023-08-10 20:00,0.572
2023-08-10 21:00,0.572
2023-08-10 22:00,0.525
2023-08-10 23:00,0.466
2023-08-11 00:00,0.454
2023-08-11 01:00,0.424
2023-08-11 02:00,0.384
2023-08-11 03:00,0.403
2023-08-11 04:00,0.460
2023-08-11 05:00,0.416
2023-08-11 06:00,0.410
2023-08-11 07:00,0.578
2023-08-11 08:00,0.593
2023-08-11 09:00,0.585
2023-08-11 10:00,0.577
2023-08-11 11:00,0.572
2023-08-11 12:00,0.581
2023-08-11 13:00,0.597
2023-08-11 14:00,0.620
2023-08-11 15:00,0.616
2023-08-11 16:00,0.562
2023-08-11 17:00,0.476
2023-08-11 18:00,0.447
2023-08-11 19:00,0.478
2023-08-11 20:00,0.497
2023-08-11 21:00,0.501
2023-08-11 22:00,0.510
2023-08-11 23:00,0.512
2023-08-12 00:00,0.499
2023-08-12 01:00,0.491
2023-08-12 02:00,0.487
2023-08-12 03:00,0.510
2023-08-12 04:00,0.528
2023-08-12 05:00,0.458
2023-08-12 06:00,0.426
2023-08-12 07:00,0.636
2023-08-12 08:00,0.714
2023-08-12 09:00,0.753
2023-08-12 10:00,0.781
2023-08-12 11:00,0.803
2023-08-12 12:00,0.816
2023-08-12 13:00,0.821
2023-08-12 14:00,0.816
2023-08-12 15:00,0.789
2023-08-12 16:00,0.738
2023-08-12 17:00,0.648
2023-08-12 18:00,0.594
2023-08-12 19:00,0.613
2023-08-12 20:00,0.562
2023-08-12 21:00,0.533
2023-08-12 22:00,0.528
2023-08-12 23:00,0.536
2023-08-13 00:00,0.505
2023-08-13 01:00,0.466
2023-08-13 02:00,0.442
2023-08-13 03:00,0.460
2023-08-13 04:00,0.438
2023-08-13 05:00,0.385
2023-08-13 06:00,0.333
2023-08-13 07:00,0.430
2023-08-13 08:00,0.493
2023-08-13 09:00,0.507
2023-08-13 10:00,0.525
2023-08-13 11:00,0.551
2023-08-13 12:00,0.581
2023-08-13 13:00,0.592
2023-08-13 14:00,0.585
2023-08-13 15:00,0.553
2023-08-13 16:00,0.467
2023-08-13 17:00,0.367
2023-08-13 18:00,0.296
2023-08-13 19:00,0.289
2023-08-13 20:00,0.292
2023-08-13 21:00,0.263
2023-08-13 22:00,0.249
2023-08-13 23:00,0.265
2023-08-14 00:00,0.276
2023-08-14 01:00,0.269
2023-08-14 02:00,0.276
2023-08-14 03:00,0.278
2023-08-14 04:00,0.318
2023-08-14 05:00,0.373
2023-08-14 06:00,0.358
2023-08-14 07:00,0.302
2023-08-14 08:00,0.304
2023-08-14 09:00,0.387
2023-08-14 10:00,0.440
2023-08-14 11:00,0.487
2023-08-14 12:00,0.556
2023-08-14 13:00,0.581
2023-08-14 14:00,0.564
2023-08-14 15:00,0.497
2023-08-14 16:00,0.396
2023-08-14 17:00,0.320
2023-08-14 18:00,0.330
2023-08-14 19:00,0.423
2023-08-14 20:00,0.496
2023-08-14 21:00,0.549
2023-08-14 22:00,0.569
2023-08-14 23:00,0.585
2023-08-15 00:00,0.542
2023-08-15 01:00,0.509
2023-08-15 02:00,0.491
2023-08-15 03:00,0.456
2023-08-15 04:00,0.416
2023-08-15 05:00,0.336
2023-08-15 06:00,0.210
2023-08-15 07:00,0.230
2023-08-15 08:00,0.259
2023-08-15 09:00,0.271
2023-08-15 10:00,0.274
2023-08-15 11:00,0.268
2023-08-15 12:00,0.242
2023-08-15 13:00,0.214
2023-08-15 14:00,0.206
2023-08-15 15:00,0.205
2023-08-15 16:00,0.197
2023-08-15 17:00,0.183
2023-08-15 18:00,0.179
2023-08-15 19:00,0.204
2023-08-15 20:00,0.209
2023-08-15 21:00,0.208
2023-08-15 22:00,0.204
2023-08-15 23:00,0.189
2023-08-16 00:00,0.174
2023-08-16 01:00,0.161
2023-08-16 02:00,0.146
2023-08-16 03:00,0.126
2023-08-16 04:00,0.108
2023-08-16 05:00,0.093
2023-08-16 06:00,0.051
2023-08-16 07:00,0.029
2023-08-16 08:00,0.018
2023-08-16 09:00,0.010
2023-08-16 10:00,0.007
2023-08-16 11:00,0.006
2023-08-16 12:00,0.007
2023-08-16 13:00,0.008
2023-08-16 14:00,0.011
2023-08-16 15:00,0.016
2023-08-16 16:00,0.032
2023-08-16 17:00,0.071
2023-08-16 18:00,0.162
2023-08-16 19:00,0.308
2023-08-16 20:00,0.384
2023-08-16 21:00,0.390
2023-08-16 22:00,0.387
2023-08-16 23:00,0.394
2023-08-17 00:00,0.395
2023-08-17 01:00,0.387
2023-08-17 02:00,0.383
2023-08-17 03:00,0.367
2023-08-17 04:00,0.369
2023-08-17 05:00,0.367
2023-08-17 06:00,0.284
2023-08-17 07:00,0.318
2023-08-17 08:00,0.380
2023-08-17 09:00,0.423
2023-08-17 10:00,0.450
2023-08-17 11:00,0.467
2023-08-17 12:00,0.481
2023-08-17 13:00,0.510
2023-08-17 14:00,0.549
2023-08-17 15:00,0.580
2023-08-17 16:00,0.593
2023-08-17 17:00,0.588
2023-08-17 18:00,0.579
2023-08-17 19:00,0.560
2023-08-17 20:00,0.566
2023-08-17 21:00,0.548
2023-08-17 22:00,0.550
2023-08-17 23:00,0.520
2023-08-18 00:00,0.524
2023-08-18 01:00,0.489
2023-08-18 02:00,0.523
2023-08-18 03:00,0.520
2023-08-18 04:00,0.489
2023-08-18 05:00,0.464
2023-08-18 06:00,0.414
2023-08-18 07:00,0.470
2023-08-18 08:00,0.548
2023-08-18 09:00,0.564
2023-08-18 10:00,0.637
2023-08-18 11:00,0.678
2023-08-18 12:00,0.682
2023-08-18 13:00,0.683
2023-08-18 14:00,0.694
2023-08-18 15:00,0.678
2023-08-18 16:00,0.640
2023-08-18 17:00,0.610
2023-08-18 18:00,0.628
2023-08-18 19:00,0.660
2023-08-18 20:00,0.628
2023-08-18 21:00,0.664
2023-08-18 22:00,0.699
2023-08-18 23:00,0.692
2023-08-19 00:00,0.704
2023-08-19 01:00,0.750
2023-08-19 02:00,0.748
2023-08-19 03:00,0.760
2023-08-19 04:00,0.799
2023-08-19 05:00,0.806
2023-08-19 06:00,0.800
2023-08-19 07:00,0.845
2023-08-19 08:00,0.873
2023-08-19 09:00,0.869
2023-08-19 10:00,0.859
2023-08-19 11:00,0.851
2023-08-19 12:00,0.841
2023-08-19 13:00,0.831
2023-08-19 14:00,0.815
2023-08-19 15:00,0.781
2023-08-19 16:00,0.735
2023-08-19 17:00,0.671
2023-08-19 18:00,0.631
2023-08-19 19:00,0.583
2023-08-19 20:00,0.527
2023-08-19 21:00,0.494
2023-08-19 22:00,0.476
2023-08-19 23:00,0.456
2023-08-20 00:00,0.497
2023-08-20 01:00,0.499
2023-08-20 02:00,0.442
2023-08-20 03:00,0.416
2023-08-20 04:00,0.442
2023-08-20 05:00,0.394
2023-08-20 06:00,0.256
2023-08-20 07:00,0.330
2023-08-20 08:00,0.345
2023-08-20 09:00,0.337
2023-08-20 10:00,0.335
2023-08-20 11:00,0.344
2023-08-20 12:00,0.359
2023-08-20 13:00,0.373
2023-08-20 14:00,0.380
2023-08-20 15:00,0.377
2023-08-20 16:00,0.355
2023-08-20 17:00,0.291
2023-08-20 18:00,0.293
2023-08-20 19:00,0.334
2023-08-20 20:00,0.367
2023-08-20 21:00,0.403
2023-08-20 22:00,0.435
2023-08-20 23:00,0.451
2023-08-21 00:00,0.456
2023-08-21 01:00,0.449
2023-08-21 02:00,0.448
2023-08-21 03:00,0.443
2023-08-21 04:00,0.446
2023-08-21 05:00,0.413
2023-08-21 06:00,0.251
2023-08-21 07:00,0.296
2023-08-21 08:00,0.393
2023-08-21 09:00,0.444
2023-08-21 10:00,0.496
2023-08-21 11:00,0.551
2023-08-21 12:00,0.603
2023-08-21 13:00,0.642
2023-08-21 14:00,0.645
2023-08-21 15:00,0.625
2023-08-21 16:00,0.612
2023-08-21 17:00,0.572
2023-08-21 18:00,0.552
2023-08-21 19:00,0.591
2023-08-21 20:00,0.572
2023-08-21 21:00,0.546
2023-08-21 22:00,0.536
2023-08-21 23:00,0.543
2023-08-22 00:00,0.532
2023-08-22 01:00,0.539
2023-08-22 02:00,0.541
2023-08-22 03:00,0.565
2023-08-22 04:00,0.589
2023-08-22 05:00,0.565
2023-08-22 06:00,0.437
2023-08-22 07:00,0.531
2023-08-22 08:00,0.585
2023-08-22 09:00,0.594
2023-08-22 10:00,0.597
2023-08-22 11:00,0.617
2023-08-22 12:00,0.631
2023-08-22 13:00,0.637
2023-08-22 14:00,0.633
2023-08-22 15:00,0.611
2023-08-22 16:00,0.562
2023-08-22 17:00,0.432
2023-08-22 18:00,0.330
2023-08-22 19:00,0.294
2023-08-22 20:00,0.278
2023-08-22 21:00,0.324
2023-08-22 22:00,0.375
2023-08-22 23:00,0.383
2023-08-23 00:00,0.373
2023-08-23 01:00,0.367
2023-08-23 02:00,0.358
2023-08-23 03:00,0.344
2023-08-23 04:00,0.327
2023-08-23 05:00,0.289
2023-08-23 06:00,0.179
2023-08-23 07:00,0.138
2023-08-23 08:00,0.143
2023-08-23 09:00,0.146
2023-08-23 10:00,0.153
2023-08-23 11:00,0.158
2023-08-23 12:00,0.162
2023-08-23 13:00,0.164
2023-08-23 14:00,0.170
2023-08-23 15:00,0.172
2023-08-23 16:00,0.158
2023-08-23 17:00,0.127
2023-08-23 18:00,0.108
2023-08-23 19:00,0.103
2023-08-23 20:00,0.096
2023-08-23 21:00,0.106
2023-08-23 22:00,0.124
2023-08-23 23:00,0.134
2023-08-24 00:00,0.155
2023-08-24 01:00,0.201
2023-08-24 02:00,0.229
2023-08-24 03:00,0.241
2023-08-24 04:00,0.238
2023-08-24 05:00,0.212
2023-08-24 06:00,0.146
2023-08-24 07:00,0.115
2023-08-24 08:00,0.136
2023-08-24 09:00,0.154
2023-08-24 10:00,0.178
2023-08-24 11:00,0.223
2023-08-24 12:00,0.283
2023-08-24 13:00,0.338
2023-08-24 14:00,0.371
2023-08-24 15:00,0.368
2023-08-24 16:00,0.345
2023-08-24 17:00,0.321
2023-08-24 18:00,0.341
2023-08-24 19:00,0.413
2023-08-24 20:00,0.410
2023-08-24 21:00,0.383
2023-08-24 22:00,0.371
2023-08-24 23:00,0.373
2023-08-25 00:00,0.360
2023-08-25 01:00,0.359
2023-08-25 02:00,0.378
2023-08-25 03:00,0.371
2023-08-25 04:00,0.355
2023-08-25 05:00,0.338
2023-08-25 06:00,0.214
2023-08-25 07:00,0.201
2023-08-25 08:00,0.226
2023-08-25 09:00,0.238
2023-08-25 10:00,0.261
2023-08-25 11:00,0.285
2023-08-25 12:00,0.297
2023-08-25 13:00,0.294
2023-08-25 14:00,0.287
2023-08-25 15:00,0.273
2023-08-25 16:00,0.254
2023-08-25 17:00,0.210
2023-08-25 18:00,0.205
2023-08-25 19:00,0.248
2023-08-25 20:00,0.279
2023-08-25 21:00,0.289
2023-08-25 22:00,0.294
2023-08-25 23:00,0.293
2023-08-26 00:00,0.281
2023-08-26 01:00,0.253
2023-08-26 02:00,0.222
2023-08-26 03:00,0.196
2023-08-26 04:00,0.177
2023-08-26 05:00,0.157
2023-08-26 06:00,0.115
2023-08-26 07:00,0.074
2023-08-26 08:00,0.069
2023-08-26 09:00,0.063
2023-08-26 10:00,0.059
2023-08-26 11:00,0.052
2023-08-26 12:00,0.046
2023-08-26 13:00,0.043
2023-08-26 14:00,0.041
2023-08-26 15:00,0.046
2023-08-26 16:00,0.057
2023-08-26 17:00,0.069
2023-08-26 18:00,0.102
2023-08-26 19:00,0.145
2023-08-26 20:00,0.172
2023-08-26 21:00,0.182
2023-08-26 22:00,0.190
2023-08-26 23:00,0.200
2023-08-27 00:00,0.214
2023-08-27 01:00,0.223
2023-08-27 02:00,0.217
2023-08-27 03:00,0.218
2023-08-27 04:00,0.235
2023-08-27 05:00,0.270
2023-08-27 06:00,0.219
2023-08-27 07:00,0.164
2023-08-27 08:00,0.187
2023-08-27 09:00,0.223
2023-08-27 10:00,0.284
2023-08-27 11:00,0.346
2023-08-27 12:00,0.387
2023-08-27 13:00,0.399
2023-08-27 14:00,0.393
2023-08-27 15:00,0.390
2023-08-27 16:00,0.387
2023-08-27 17:00,0.348
2023-08-27 18:00,0.374
2023-08-27 19:00,0.422
2023-08-27 20:00,0.426
2023-08-27 21:00,0.410
2023-08-27 22:00,0.380
2023-08-27 23:00,0.345
2023-08-28 00:00,0.309
2023-08-28 01:00,0.278
2023-08-28 02:00,0.253
2023-08-28 03:00,0.254
2023-08-28 04:00,0.285
2023-08-28 05:00,0.322
2023-08-28 06:00,0.264
2023-08-28 07:00,0.246
2023-08-28 08:00,0.275
2023-08-28 09:00,0.263
2023-08-28 10:00,0.252
2023-08-28 11:00,0.232
2023-08-28 12:00,0.203
2023-08-28 13:00,0.210
2023-08-28 14:00,0.270
2023-08-28 15:00,0.335
2023-08-28 16:00,0.348
2023-08-28 17:00,0.299
2023-08-28 18:00,0.317
2023-08-28 19:00,0.372
2023-08-28 20:00,0.376
2023-08-28 21:00,0.365
2023-08-28 22:00,0.349
2023-08-28 23:00,0.355
2023-08-29 00:00,0.362
2023-08-29 01:00,0.358
2023-08-29 02:00,0.352
2023-08-29 03:00,0.338
2023-08-29 04:00,0.326
2023-08-29 05:00,0.326
2023-08-29 06:00,0.257
2023-08-29 07:00,0.185
2023-08-29 08:00,0.217
2023-08-29 09:00,0.268
2023-08-29 10:00,0.328
2023-08-29 11:00,0.386
2023-08-29 12:00,0.431
2023-08-29 13:00,0.463
2023-08-29 14:00,0.480
2023-08-29 15:00,0.488
2023-08-29 16:00,0.479
2023-08-29 17:00,0.436
2023-08-29 18:00,0.404
2023-08-29 19:00,0.426
2023-08-29 20:00,0.443
2023-08-29 21:00,0.456
2023-08-29 22:00,0.483
2023-08-29 23:00,0.486
2023-08-30 00:00,0.490
2023-08-30 01:00,0.495
2023-08-30 02:00,0.502
2023-08-30 03:00,0.500
2023-08-30 04:00,0.499
2023-08-30 05:00,0.488
2023-08-30 06:00,0.361
2023-08-30 07:00,0.345
2023-08-30 08:00,0.429
2023-08-30 09:00,0.422
2023-08-30 10:00,0.406
2023-08-30 11:00,0.390
2023-08-30 12:00,0.383
2023-08-30 13:00,0.382
2023-08-30 14:00,0.386
2023-08-30 15:00,0.392
2023-08-30 16:00,0.383
2023-08-30 17:00,0.305
2023-08-30 18:00,0.272
2023-08-30 19:00,0.259
2023-08-30 20:00,0.227
2023-08-30 21:00,0.204
2023-08-30 22:00,0.186
2023-08-30 23:00,0.155
2023-08-31 00:00,0.143
2023-08-31 01:00,0.153
2023-08-31 02:00,0.143
2023-08-31 03:00,0.097
2023-08-31 04:00,0.054
2023-08-31 05:00,0.029
2023-08-31 06:00,0.015
2023-08-31 07:00,0.010
2023-08-31 08:00,0.033
2023-08-31 09:00,0.071
2023-08-31 10:00,0.102
2023-08-31 11:00,0.125
2023-08-31 12:00,0.148
2023-08-31 13:00,0.169
2023-08-31 14:00,0.186
2023-08-31 15:00,0.186
2023-08-31 16:00,0.166
2023-08-31 17:00,0.170
2023-08-31 18:00,0.194
2023-08-31 19:00,0.224
2023-08-31 20:00,0.237
2023-08-31 21:00,0.242
2023-08-31 22:00,0.239
2023-08-31 23:00,0.221
2023-09-01 00:00,0.204
2023-09-01 01:00,0.192
2023-09-01 02:00,0.185
2023-09-01 03:00,0.184
2023-09-01 04:00,0.184
2023-09-01 05:00,0.184
2023-09-01 06:00,0.148
2023-09-01 07:00,0.105
2023-09-01 08:00,0.107
2023-09-01 09:00,0.096
2023-09-01 10:00,0.085
2023-09-01 11:00,0.077
2023-09-01 12:00,0.069
2023-09-01 13:00,0.062
2023-09-01 14:00,0.061
2023-09-01 15:00,0.069
2023-09-01 16:00,0.104
2023-09-01 17:00,0.185
2023-09-01 18:00,0.306
2023-09-01 19:00,0.377
2023-09-01 20:00,0.390
2023-09-01 21:00,0.379
2023-09-01 22:00,0.355
2023-09-01 23:00,0.335
2023-09-02 00:00,0.299
2023-09-02 01:00,0.265
2023-09-02 02:00,0.245
2023-09-02 03:00,0.225
2023-09-02 04:00,0.204
2023-09-02 05:00,0.179
2023-09-02 06:00,0.125
2023-09-02 07:00,0.065
2023-09-02 08:00,0.051
2023-09-02 09:00,0.030
2023-09-02 10:00,0.020
2023-09-02 11:00,0.013
2023-09-02 12:00,0.008
2023-09-02 13:00,0.006
2023-09-02 14:00,0.007
2023-09-02 15:00,0.014
2023-09-02 16:00,0.032
2023-09-02 17:00,0.059
2023-09-02 18:00,0.077
2023-09-02 19:00,0.078
2023-09-02 20:00,0.086
2023-09-02 21:00,0.100
2023-09-02 22:00,0.137
2023-09-02 23:00,0.186
2023-09-03 00:00,0.229
2023-09-03 01:00,0.257
2023-09-03 02:00,0.253
2023-09-03 03:00,0.234
2023-09-03 04:00,0.222
2023-09-03 05:00,0.218
2023-09-03 06:00,0.185
2023-09-03 07:00,0.102
2023-09-03 08:00,0.116
2023-09-03 09:00,0.151
2023-09-03 10:00,0.166
2023-09-03 11:00,0.171
2023-09-03 12:00,0.173
2023-09-03 13:00,0.173
2023-09-03 14:00,0.169
2023-09-03 15:00,0.151
2023-09-03 16:00,0.122
2023-09-03 17:00,0.098
2023-09-03 18:00,0.075
2023-09-03 19:00,0.047
2023-09-03 20:00,0.025
2023-09-03 21:00,0.013
2023-09-03 22:00,0.008
2023-09-03 23:00,0.010
2023-09-04 00:00,0.016
2023-09-04 01:00,0.022
2023-09-04 02:00,0.029
2023-09-04 03:00,0.037
2023-09-04 04:00,0.048
2023-09-04 05:00,0.066
2023-09-04 06:00,0.087
2023-09-04 07:00,0.059
2023-09-04 08:00,0.043
2023-09-04 09:00,0.104
2023-09-04 10:00,0.119
2023-09-04 11:00,0.104
2023-09-04 12:00,0.083
2023-09-04 13:00,0.059
2023-09-04 14:00,0.038
2023-09-04 15:00,0.030
2023-09-04 16:00,0.037
2023-09-04 17:00,0.072
2023-09-04 18:00,0.187
2023-09-04 19:00,0.338
2023-09-04 20:00,0.409
2023-09-04 21:00,0.390
2023-09-04 22:00,0.338
2023-09-04 23:00,0.270
2023-09-05 00:00,0.202
2023-09-05 01:00,0.153
2023-09-05 02:00,0.141
2023-09-05 03:00,0.169
2023-09-05 04:00,0.222
2023-09-05 05:00,0.293
2023-09-05 06:00,0.301
2023-09-05 07:00,0.184
2023-09-05 08:00,0.202
2023-09-05 09:00,0.315
2023-09-05 10:00,0.380
2023-09-05 11:00,0.425
2023-09-05 12:00,0.463
2023-09-05 13:00,0.486
2023-09-05 14:00,0.500
2023-09-05 15:00,0.498
2023-09-05 16:00,0.436
2023-09-05 17:00,0.406
2023-09-05 18:00,0.469
2023-09-05 19:00,0.499
2023-09-05 20:00,0.446
2023-09-05 21:00,0.402
2023-09-05 22:00,0.387
2023-09-05 23:00,0.374
2023-09-06 00:00,0.352
2023-09-06 01:00,0.322
2023-09-06 02:00,0.279
2023-09-06 03:00,0.226
2023-09-06 04:00,0.174
2023-09-06 05:00,0.131
2023-09-06 06:00,0.093
2023-09-06 07:00,0.041
2023-09-06 08:00,0.021
2023-09-06 09:00,0.017
2023-09-06 10:00,0.014
2023-09-06 11:00,0.011
2023-09-06 12:00,0.011
2023-09-06 13:00,0.013
2023-09-06 14:00,0.015
2023-09-06 15:00,0.020
2023-09-06 16:00,0.026
2023-09-06 17:00,0.043
2023-09-06 18:00,0.067
2023-09-06 19:00,0.103
2023-09-06 20:00,0.139
2023-09-06 21:00,0.154
2023-09-06 22:00,0.146
2023-09-06 23:00,0.131
2023-09-07 00:00,0.116
2023-09-07 01:00,0.091
2023-09-07 02:00,0.100
2023-09-07 03:00,0.113
2023-09-07 04:00,0.151
2023-09-07 05:00,0.200
2023-09-07 06:00,0.195
2023-09-07 07:00,0.121
2023-09-07 08:00,0.107
2023-09-07 09:00,0.135
2023-09-07 10:00,0.165
2023-09-07 11:00,0.179
2023-09-07 12:00,0.187
2023-09-07 13:00,0.185
2023-09-07 14:00,0.181
2023-09-07 15:00,0.164
2023-09-07 16:00,0.163
2023-09-07 17:00,0.214
2023-09-07 18:00,0.271
2023-09-07 19:00,0.277
2023-09-07 20:00,0.232
2023-09-07 21:00,0.169
2023-09-07 22:00,0.136
2023-09-07 23:00,0.132
2023-09-08 00:00,0.105
2023-09-08 01:00,0.054
2023-09-08 02:00,0.018
2023-09-08 03:00,0.010
2023-09-08 04:00,0.018
2023-09-08 05:00,0.025
2023-09-08 06:00,0.027
2023-09-08 07:00,0.019
2023-09-08 08:00,0.013
2023-09-08 09:00,0.019
2023-09-08 10:00,0.029
2023-09-08 11:00,0.029
2023-09-08 12:00,0.023
2023-09-08 13:00,0.019
2023-09-08 14:00,0.024
2023-09-08 15:00,0.036
2023-09-08 16:00,0.044
2023-09-08 17:00,0.046
2023-09-08 18:00,0.039
2023-09-08 19:00,0.029
2023-09-08 20:00,0.021
2023-09-08 21:00,0.022
2023-09-08 22:00,0.030
2023-09-08 23:00,0.043
2023-09-09 00:00,0.064
2023-09-09 01:00,0.092
2023-09-09 02:00,0.109
2023-09-09 03:00,0.102
2023-09-09 04:00,0.091
2023-09-09 05:00,0.093
2023-09-09 06:00,0.102
2023-09-09 07:00,0.064
2023-09-09 08:00,0.039
2023-09-09 09:00,0.048
2023-09-09 10:00,0.047
2023-09-09 11:00,0.043
2023-09-09 12:00,0.040
2023-09-09 13:00,0.037
2023-09-09 14:00,0.037
2023-09-09 15:00,0.040
2023-09-09 16:00,0.046
2023-09-09 17:00,0.057
2023-09-09 18:00,0.087
2023-09-09 19:00,0.102
2023-09-09 20:00,0.104
2023-09-09 21:00,0.102
2023-09-09 22:00,0.097
2023-09-09 23:00,0.101
2023-09-10 00:00,0.117
2023-09-10 01:00,0.158
2023-09-10 02:00,0.216
2023-09-10 03:00,0.203
2023-09-10 04:00,0.205
2023-09-10 05:00,0.230
2023-09-10 06:00,0.194
2023-09-10 07:00,0.109
2023-09-10 08:00,0.073
2023-09-10 09:00,0.061
2023-09-10 10:00,0.059
2023-09-10 11:00,0.064
2023-09-10 12:00,0.069
2023-09-10 13:00,0.089
2023-09-10 14:00,0.110
2023-09-10 15:00,0.087
2023-09-10 16:00,0.085
2023-09-10 17:00,0.147
2023-09-10 18:00,0.205
2023-09-10 19:00,0.212
2023-09-10 20:00,0.190
2023-09-10 21:00,0.201
2023-09-10 22:00,0.262
2023-09-10 23:00,0.355
2023-09-11 00:00,0.424
2023-09-11 01:00,0.445
2023-09-11 02:00,0.442
2023-09-11 03:00,0.433
2023-09-11 04:00,0.433
2023-09-11 05:00,0.446
2023-09-11 06:00,0.390
2023-09-11 07:00,0.305
2023-09-11 08:00,0.340
2023-09-11 09:00,0.345
2023-09-11 10:00,0.322
2023-09-11 11:00,0.319
2023-09-11 12:00,0.323
2023-09-11 13:00,0.317
2023-09-11 14:00,0.315
2023-09-11 15:00,0.301
2023-09-11 16:00,0.265
2023-09-11 17:00,0.223
2023-09-11 18:00,0.199
2023-09-11 19:00,0.156
2023-09-11 20:00,0.108
2023-09-11 21:00,0.079
2023-09-11 22:00,0.058
2023-09-11 23:00,0.046
2023-09-12 00:00,0.038
2023-09-12 01:00,0.034
2023-09-12 02:00,0.040
2023-09-12 03:00,0.065
2023-09-12 04:00,0.106
2023-09-12 05:00,0.146
2023-09-12 06:00,0.171
2023-09-12 07:00,0.182
2023-09-12 08:00,0.246
2023-09-12 09:00,0.274
2023-09-12 10:00,0.281
2023-09-12 11:00,0.311
2023-09-12 12:00,0.370
2023-09-12 13:00,0.473
2023-09-12 14:00,0.585
2023-09-12 15:00,0.646
2023-09-12 16:00,0.612
2023-09-12 17:00,0.527
2023-09-12 18:00,0.503
2023-09-12 19:00,0.456
2023-09-12 20:00,0.442
2023-09-12 21:00,0.393
2023-09-12 22:00,0.415
2023-09-12 23:00,0.443
2023-09-13 00:00,0.453
2023-09-13 01:00,0.451
2023-09-13 02:00,0.438
2023-09-13 03:00,0.406
2023-09-13 04:00,0.364
2023-09-13 05:00,0.332
2023-09-13 06:00,0.290
2023-09-13 07:00,0.169
2023-09-13 08:00,0.133
2023-09-13 09:00,0.072
2023-09-13 10:00,0.038
2023-09-13 11:00,0.035
2023-09-13 12:00,0.043
2023-09-13 13:00,0.063
2023-09-13 14:00,0.085
2023-09-13 15:00,0.102
2023-09-13 16:00,0.127
2023-09-13 17:00,0.179
2023-09-13 18:00,0.280
2023-09-13 19:00,0.406
2023-09-13 20:00,0.499
2023-09-13 21:00,0.523
2023-09-13 22:00,0.510
2023-09-13 23:00,0.513
2023-09-14 00:00,0.517
2023-09-14 01:00,0.520
2023-09-14 02:00,0.539
2023-09-14 03:00,0.520
2023-09-14 04:00,0.475
2023-09-14 05:00,0.455
2023-09-14 06:00,0.359
2023-09-14 07:00,0.248
2023-09-14 08:00,0.214
2023-09-14 09:00,0.189
2023-09-14 10:00,0.156
2023-09-14 11:00,0.150
2023-09-14 12:00,0.145
2023-09-14 13:00,0.131
2023-09-14 14:00,0.119
2023-09-14 15:00,0.106
2023-09-14 16:00,0.083
2023-09-14 17:00,0.058
2023-09-14 18:00,0.035
2023-09-14 19:00,0.017
2023-09-14 20:00,0.017
2023-09-14 21:00,0.028
2023-09-14 22:00,0.048
2023-09-14 23:00,0.067
2023-09-15 00:00,0.076
2023-09-15 01:00,0.075
2023-09-15 02:00,0.076
2023-09-15 03:00,0.080
2023-09-15 04:00,0.091
2023-09-15 05:00,0.098
2023-09-15 06:00,0.096
2023-09-15 07:00,0.058
2023-09-15 08:00,0.060
2023-09-15 09:00,0.071
2023-09-15 10:00,0.069
2023-09-15 11:00,0.072
2023-09-15 12:00,0.083
2023-09-15 13:00,0.090
2023-09-15 14:00,0.093
2023-09-15 15:00,0.094
2023-09-15 16:00,0.077
2023-09-15 17:00,0.043
2023-09-15 18:00,0.025
2023-09-15 19:00,0.058
2023-09-15 20:00,0.118
2023-09-15 21:00,0.165
2023-09-15 22:00,0.186
2023-09-15 23:00,0.190
2023-09-16 00:00,0.186
2023-09-16 01:00,0.177
2023-09-16 02:00,0.169
2023-09-16 03:00,0.179
2023-09-16 04:00,0.195
2023-09-16 05:00,0.211
2023-09-16 06:00,0.227
2023-09-16 07:00,0.186
2023-09-16 08:00,0.206
2023-09-16 09:00,0.235
2023-09-16 10:00,0.242
2023-09-16 11:00,0.252
2023-09-16 12:00,0.263
2023-09-16 13:00,0.278
2023-09-16 14:00,0.314
2023-09-16 15:00,0.363
2023-09-16 16:00,0.400
2023-09-16 17:00,0.384
2023-09-16 18:00,0.400
2023-09-16 19:00,0.393
2023-09-16 20:00,0.374
2023-09-16 21:00,0.374
2023-09-16 22:00,0.384
2023-09-16 23:00,0.411
2023-09-17 00:00,0.452
2023-09-17 01:00,0.476
2023-09-17 02:00,0.483
2023-09-17 03:00,0.476
2023-09-17 04:00,0.467
2023-09-17 05:00,0.455
2023-09-17 06:00,0.432
2023-09-17 07:00,0.399
2023-09-17 08:00,0.458
2023-09-17 09:00,0.569
2023-09-17 10:00,0.575
2023-09-17 11:00,0.531
2023-09-17 12:00,0.464
2023-09-17 13:00,0.409
2023-09-17 14:00,0.396
2023-09-17 15:00,0.395
2023-09-17 16:00,0.396
2023-09-17 17:00,0.479
2023-09-17 18:00,0.483
2023-09-17 19:00,0.532
2023-09-17 20:00,0.523
2023-09-17 21:00,0.510
2023-09-17 22:00,0.486
2023-09-17 23:00,0.486
2023-09-18 00:00,0.435
2023-09-18 01:00,0.369
2023-09-18 02:00,0.335
2023-09-18 03:00,0.366
2023-09-18 04:00,0.409
2023-09-18 05:00,0.431
2023-09-18 06:00,0.429
2023-09-18 07:00,0.396
2023-09-18 08:00,0.466
2023-09-18 09:00,0.564
2023-09-18 10:00,0.618
2023-09-18 11:00,0.691
2023-09-18 12:00,0.732
2023-09-18 13:00,0.763
2023-09-18 14:00,0.848
2023-09-18 15:00,0.881
2023-09-18 16:00,0.841
2023-09-18 17:00,0.767
2023-09-18 18:00,0.739
2023-09-18 19:00,0.692
2023-09-18 20:00,0.618
2023-09-18 21:00,0.577
2023-09-18 22:00,0.572
2023-09-18 23:00,0.565
2023-09-19 00:00,0.572
2023-09-19 01:00,0.600
2023-09-19 02:00,0.606
2023-09-19 03:00,0.597
2023-09-19 04:00,0.587
2023-09-19 05:00,0.609
2023-09-19 06:00,0.735
2023-09-19 07:00,0.917
2023-09-19 08:00,0.977
2023-09-19 09:00,0.980
2023-09-19 10:00,0.979
2023-09-19 11:00,0.973
2023-09-19 12:00,0.967
2023-09-19 13:00,0.954
2023-09-19 14:00,0.937
2023-09-19 15:00,0.935
2023-09-19 16:00,0.930
2023-09-19 17:00,0.927
2023-09-19 18:00,0.927
2023-09-19 19:00,0.930
2023-09-19 20:00,0.932
2023-09-19 21:00,0.935
2023-09-19 22:00,0.938
2023-09-19 23:00,0.944
2023-09-20 00:00,0.949
2023-09-20 01:00,0.946
2023-09-20 02:00,0.944
2023-09-20 03:00,0.953
2023-09-20 04:00,0.965
2023-09-20 05:00,0.969
2023-09-20 06:00,0.966
2023-09-20 07:00,0.966
2023-09-20 08:00,0.974
2023-09-20 09:00,0.975
2023-09-20 10:00,0.965
2023-09-20 11:00,0.933
2023-09-20 12:00,0.871
2023-09-20 13:00,0.792
2023-09-20 14:00,0.723
2023-09-20 15:00,0.672
2023-09-20 16:00,0.590
2023-09-20 17:00,0.497
2023-09-20 18:00,0.486
2023-09-20 19:00,0.512
2023-09-20 20:00,0.516
2023-09-20 21:00,0.488
2023-09-20 22:00,0.449
2023-09-20 23:00,0.423
2023-09-21 00:00,0.415
2023-09-21 01:00,0.408
2023-09-21 02:00,0.372
2023-09-21 03:00,0.345
2023-09-21 04:00,0.321
2023-09-21 05:00,0.291
2023-09-21 06:00,0.272
2023-09-21 07:00,0.248
2023-09-21 08:00,0.246
2023-09-21 09:00,0.290
2023-09-21 10:00,0.321
2023-09-21 11:00,0.336
2023-09-21 12:00,0.321
2023-09-21 13:00,0.280
2023-09-21 14:00,0.229
2023-09-21 15:00,0.171
2023-09-21 16:00,0.114
2023-09-21 17:00,0.104
2023-09-21 18:00,0.113
2023-09-21 19:00,0.118
2023-09-21 20:00,0.134
2023-09-21 21:00,0.162
2023-09-21 22:00,0.186
2023-09-21 23:00,0.206
2023-09-22 00:00,0.231
2023-09-22 01:00,0.266
2023-09-22 02:00,0.303
2023-09-22 03:00,0.335
2023-09-22 04:00,0.345
2023-09-22 05:00,0.348
2023-09-22 06:00,0.333
2023-09-22 07:00,0.230
2023-09-22 08:00,0.229
2023-09-22 09:00,0.298
2023-09-22 10:00,0.312
2023-09-22 11:00,0.344
2023-09-22 12:00,0.394
2023-09-22 13:00,0.454
2023-09-22 14:00,0.499
2023-09-22 15:00,0.502
2023-09-22 16:00,0.445
2023-09-22 17:00,0.458
2023-09-22 18:00,0.497
2023-09-22 19:00,0.500
2023-09-22 20:00,0.490
2023-09-22 21:00,0.472
2023-09-22 22:00,0.450
2023-09-22 23:00,0.418
2023-09-23 00:00,0.355
2023-09-23 01:00,0.302
2023-09-23 02:00,0.220
2023-09-23 03:00,0.161
2023-09-23 04:00,0.115
2023-09-23 05:00,0.076
2023-09-23 06:00,0.048
2023-09-23 07:00,0.035
2023-09-23 08:00,0.046
2023-09-23 09:00,0.107
2023-09-23 10:00,0.172
2023-09-23 11:00,0.206
2023-09-23 12:00,0.218
2023-09-23 13:00,0.219
2023-09-23 14:00,0.240
2023-09-23 15:00,0.286
2023-09-23 16:00,0.311
2023-09-23 17:00,0.374
2023-09-23 18:00,0.483
2023-09-23 19:00,0.556
2023-09-23 20:00,0.601
2023-09-23 21:00,0.646
2023-09-23 22:00,0.676
2023-09-23 23:00,0.672
2023-09-24 00:00,0.721
2023-09-24 01:00,0.759
2023-09-24 02:00,0.781
2023-09-24 03:00,0.784
2023-09-24 04:00,0.798
2023-09-24 05:00,0.795
2023-09-24 06:00,0.714
2023-09-24 07:00,0.649
2023-09-24 08:00,0.670
2023-09-24 09:00,0.767
2023-09-24 10:00,0.850
2023-09-24 11:00,0.877
2023-09-24 12:00,0.910
2023-09-24 13:00,0.926
2023-09-24 14:00,0.918
2023-09-24 15:00,0.915
2023-09-24 16:00,0.929
2023-09-24 17:00,0.949
2023-09-24 18:00,0.955
2023-09-24 19:00,0.963
2023-09-24 20:00,0.971
2023-09-24 21:00,0.976
2023-09-24 22:00,0.965
2023-09-24 23:00,0.903
2023-09-25 00:00,0.828
2023-09-25 01:00,0.749
2023-09-25 02:00,0.638
2023-09-25 03:00,0.609
2023-09-25 04:00,0.635
2023-09-25 05:00,0.649
2023-09-25 06:00,0.640
2023-09-25 07:00,0.558
2023-09-25 08:00,0.643
2023-09-25 09:00,0.746
2023-09-25 10:00,0.759
2023-09-25 11:00,0.741
2023-09-25 12:00,0.719
2023-09-25 13:00,0.678
2023-09-25 14:00,0.607
2023-09-25 15:00,0.532
2023-09-25 16:00,0.442
2023-09-25 17:00,0.416
2023-09-25 18:00,0.439
2023-09-25 19:00,0.474
2023-09-25 20:00,0.502
2023-09-25 21:00,0.505
2023-09-25 22:00,0.480
2023-09-25 23:00,0.445
2023-09-26 00:00,0.423
2023-09-26 01:00,0.425
2023-09-26 02:00,0.428
2023-09-26 03:00,0.418
2023-09-26 04:00,0.436
2023-09-26 05:00,0.463
2023-09-26 06:00,0.452
2023-09-26 07:00,0.365
2023-09-26 08:00,0.344
2023-09-26 09:00,0.506
2023-09-26 10:00,0.625
2023-09-26 11:00,0.700
2023-09-26 12:00,0.748
2023-09-26 13:00,0.757
2023-09-26 14:00,0.729
2023-09-26 15:00,0.665
2023-09-26 16:00,0.573
2023-09-26 17:00,0.523
2023-09-26 18:00,0.524
2023-09-26 19:00,0.502
2023-09-26 20:00,0.479
2023-09-26 21:00,0.460
2023-09-26 22:00,0.476
2023-09-26 23:00,0.416
2023-09-27 00:00,0.370
2023-09-27 01:00,0.369
2023-09-27 02:00,0.330
2023-09-27 03:00,0.247
2023-09-27 04:00,0.214
2023-09-27 05:00,0.224
2023-09-27 06:00,0.241
2023-09-27 07:00,0.232
2023-09-27 08:00,0.245
2023-09-27 09:00,0.409
2023-09-27 10:00,0.516
2023-09-27 11:00,0.618
2023-09-27 12:00,0.745
2023-09-27 13:00,0.798
2023-09-27 14:00,0.829
2023-09-27 15:00,0.896
2023-09-27 16:00,0.928
2023-09-27 17:00,0.950
2023-09-27 18:00,0.961
2023-09-27 19:00,0.961
2023-09-27 20:00,0.959
2023-09-27 21:00,0.963
2023-09-27 22:00,0.969
2023-09-27 23:00,0.970
2023-09-28 00:00,0.961
2023-09-28 01:00,0.942
2023-09-28 02:00,0.921
2023-09-28 03:00,0.883
2023-09-28 04:00,0.859
2023-09-28 05:00,0.819
2023-09-28 06:00,0.723
2023-09-28 07:00,0.600
2023-09-28 08:00,0.490
2023-09-28 09:00,0.390
2023-09-28 10:00,0.470
2023-09-28 11:00,0.665
2023-09-28 12:00,0.710
2023-09-28 13:00,0.651
2023-09-28 14:00,0.499
2023-09-28 15:00,0.428
2023-09-28 16:00,0.449
2023-09-28 17:00,0.506
2023-09-28 18:00,0.542
2023-09-28 19:00,0.591
2023-09-28 20:00,0.556
2023-09-28 21:00,0.471
2023-09-28 22:00,0.365
2023-09-28 23:00,0.302
2023-09-29 00:00,0.279
2023-09-29 01:00,0.330
2023-09-29 02:00,0.472
2023-09-29 03:00,0.552
2023-09-29 04:00,0.583
2023-09-29 05:00,0.572
2023-09-29 06:00,0.549
2023-09-29 07:00,0.466
2023-09-29 08:00,0.485
2023-09-29 09:00,0.729
2023-09-29 10:00,0.792
2023-09-29 11:00,0.811
2023-09-29 12:00,0.805
2023-09-29 13:00,0.789
2023-09-29 14:00,0.753
2023-09-29 15:00,0.686
2023-09-29 16:00,0.574
2023-09-29 17:00,0.539
2023-09-29 18:00,0.516
2023-09-29 19:00,0.483
2023-09-29 20:00,0.466
2023-09-29 21:00,0.460
2023-09-29 22:00,0.428
2023-09-29 23:00,0.404
2023-09-30 00:00,0.390
2023-09-30 01:00,0.377
2023-09-30 02:00,0.355
2023-09-30 03:00,0.317
2023-09-30 04:00,0.297
2023-09-30 05:00,0.232
2023-09-30 06:00,0.168
2023-09-30 07:00,0.125
2023-09-30 08:00,0.071
2023-09-30 09:00,0.076
2023-09-30 10:00,0.126
2023-09-30 11:00,0.204
2023-09-30 12:00,0.248
2023-09-30 13:00,0.238
2023-09-30 14:00,0.246
2023-09-30 15:00,0.248
2023-09-30 16:00,0.335
2023-09-30 17:00,0.500
2023-09-30 18:00,0.612
2023-09-30 19:00,0.631
2023-09-30 20:00,0.594
2023-09-30 21:00,0.668
2023-09-30 22:00,0.645
2023-09-30 23:00,0.646
2023-10-01 00:00,0.669
2023-10-01 01:00,0.617
2023-10-01 02:00,0.562
2023-10-01 03:00,0.559
2023-10-01 04:00,0.577
2023-10-01 05:00,0.601
2023-10-01 06:00,0.563
2023-10-01 07:00,0.486
2023-10-01 08:00,0.410
2023-10-01 09:00,0.435
2023-10-01 10:00,0.552
2023-10-01 11:00,0.549
2023-10-01 12:00,0.502
2023-10-01 13:00,0.451
2023-10-01 14:00,0.377
2023-10-01 15:00,0.279
2023-10-01 16:00,0.201
2023-10-01 17:00,0.196
2023-10-01 18:00,0.190
2023-10-01 19:00,0.187
2023-10-01 20:00,0.198
2023-10-01 21:00,0.204
2023-10-01 22:00,0.216
2023-10-01 23:00,0.234
2023-10-02 00:00,0.265
2023-10-02 01:00,0.303
2023-10-02 02:00,0.341
2023-10-02 03:00,0.349
2023-10-02 04:00,0.342
2023-10-02 05:00,0.330
2023-10-02 06:00,0.299
2023-10-02 07:00,0.226
2023-10-02 08:00,0.125
2023-10-02 09:00,0.074
2023-10-02 10:00,0.069
2023-10-02 11:00,0.078
2023-10-02 12:00,0.072
2023-10-02 13:00,0.062
2023-10-02 14:00,0.049
2023-10-02 15:00,0.040
2023-10-02 16:00,0.051
2023-10-02 17:00,0.086
2023-10-02 18:00,0.107
2023-10-02 19:00,0.122
2023-10-02 20:00,0.154
2023-10-02 21:00,0.200
2023-10-02 22:00,0.232
2023-10-02 23:00,0.239
2023-10-03 00:00,0.223
2023-10-03 01:00,0.225
2023-10-03 02:00,0.295
2023-10-03 03:00,0.385
2023-10-03 04:00,0.497
2023-10-03 05:00,0.565
2023-10-03 06:00,0.549
2023-10-03 07:00,0.497
2023-10-03 08:00,0.471
2023-10-03 09:00,0.714
2023-10-03 10:00,0.818
2023-10-03 11:00,0.863
2023-10-03 12:00,0.879
2023-10-03 13:00,0.878
2023-10-03 14:00,0.882
2023-10-03 15:00,0.863
2023-10-03 16:00,0.786
2023-10-03 17:00,0.746
2023-10-03 18:00,0.700
2023-10-03 19:00,0.647
2023-10-03 20:00,0.613
2023-10-03 21:00,0.553
2023-10-03 22:00,0.569
2023-10-03 23:00,0.563
2023-10-04 00:00,0.536
2023-10-04 01:00,0.551
2023-10-04 02:00,0.586
2023-10-04 03:00,0.601
2023-10-04 04:00,0.586
2023-10-04 05:00,0.571
2023-10-04 06:00,0.550
2023-10-04 07:00,0.541
2023-10-04 08:00,0.528
2023-10-04 09:00,0.587
2023-10-04 10:00,0.661
2023-10-04 11:00,0.811
2023-10-04 12:00,0.868
2023-10-04 13:00,0.889
2023-10-04 14:00,0.890
2023-10-04 15:00,0.859
2023-10-04 16:00,0.828
2023-10-04 17:00,0.834
2023-10-04 18:00,0.822
2023-10-04 19:00,0.736
2023-10-04 20:00,0.689
2023-10-04 21:00,0.675
2023-10-04 22:00,0.666
2023-10-04 23:00,0.659
2023-10-05 00:00,0.612
2023-10-05 01:00,0.559
2023-10-05 02:00,0.512
2023-10-05 03:00,0.523
2023-10-05 04:00,0.527
2023-10-05 05:00,0.520
2023-10-05 06:00,0.487
2023-10-05 07:00,0.410
2023-10-05 08:00,0.339
2023-10-05 09:00,0.361
2023-10-05 10:00,0.473
2023-10-05 11:00,0.499
2023-10-05 12:00,0.546
2023-10-05 13:00,0.672
2023-10-05 14:00,0.762
2023-10-05 15:00,0.817
2023-10-05 16:00,0.845
2023-10-05 17:00,0.862
2023-10-05 18:00,0.867
2023-10-05 19:00,0.865
2023-10-05 20:00,0.859
2023-10-05 21:00,0.834
2023-10-05 22:00,0.826
2023-10-05 23:00,0.826
2023-10-06 00:00,0.819
2023-10-06 01:00,0.802
2023-10-06 02:00,0.791
2023-10-06 03:00,0.777
2023-10-06 04:00,0.792
2023-10-06 05:00,0.814
2023-10-06 06:00,0.815
2023-10-06 07:00,0.807
2023-10-06 08:00,0.786
2023-10-06 09:00,0.817
2023-10-06 10:00,0.860
2023-10-06 11:00,0.890
2023-10-06 12:00,0.912
2023-10-06 13:00,0.920
2023-10-06 14:00,0.908
2023-10-06 15:00,0.879
2023-10-06 16:00,0.843
2023-10-06 17:00,0.819
2023-10-06 18:00,0.801
2023-10-06 19:00,0.786
2023-10-06 20:00,0.761
2023-10-06 21:00,0.735
2023-10-06 22:00,0.732
2023-10-06 23:00,0.756
2023-10-07 00:00,0.729
2023-10-07 01:00,0.683
2023-10-07 02:00,0.680
2023-10-07 03:00,0.640
2023-10-07 04:00,0.610
2023-10-07 05:00,0.594
2023-10-07 06:00,0.595
2023-10-07 07:00,0.587
2023-10-07 08:00,0.597
2023-10-07 09:00,0.566
2023-10-07 10:00,0.634
2023-10-07 11:00,0.733
2023-10-07 12:00,0.723
2023-10-07 13:00,0.662
2023-10-07 14:00,0.578
2023-10-07 15:00,0.479
2023-10-07 16:00,0.467
2023-10-07 17:00,0.436
2023-10-07 18:00,0.365
2023-10-07 19:00,0.310
2023-10-07 20:00,0.246
2023-10-07 21:00,0.204
2023-10-07 22:00,0.145
2023-10-07 23:00,0.088
2023-10-08 00:00,0.067
2023-10-08 01:00,0.079
2023-10-08 02:00,0.125
2023-10-08 03:00,0.187
2023-10-08 04:00,0.248
2023-10-08 05:00,0.281
2023-10-08 06:00,0.281
2023-10-08 07:00,0.239
2023-10-08 08:00,0.145
2023-10-08 09:00,0.119
2023-10-08 10:00,0.119
2023-10-08 11:00,0.111
2023-10-08 12:00,0.120
2023-10-08 13:00,0.148
2023-10-08 14:00,0.191
2023-10-08 15:00,0.241
2023-10-08 16:00,0.376
2023-10-08 17:00,0.499
2023-10-08 18:00,0.479
2023-10-08 19:00,0.448
2023-10-08 20:00,0.510
2023-10-08 21:00,0.567
2023-10-08 22:00,0.564
2023-10-08 23:00,0.526
2023-10-09 00:00,0.473
2023-10-09 01:00,0.458
2023-10-09 02:00,0.491
2023-10-09 03:00,0.505
2023-10-09 04:00,0.497
2023-10-09 05:00,0.487
2023-10-09 06:00,0.468
2023-10-09 07:00,0.400
2023-10-09 08:00,0.281
2023-10-09 09:00,0.178
2023-10-09 10:00,0.184
2023-10-09 11:00,0.182
2023-10-09 12:00,0.160
2023-10-09 13:00,0.143
2023-10-09 14:00,0.119
2023-10-09 15:00,0.100
2023-10-09 16:00,0.112
2023-10-09 17:00,0.137
2023-10-09 18:00,0.162
2023-10-09 19:00,0.209
2023-10-09 20:00,0.276
2023-10-09 21:00,0.346
2023-10-09 22:00,0.385
2023-10-09 23:00,0.410
2023-10-10 00:00,0.410
2023-10-10 01:00,0.406
2023-10-10 02:00,0.400
2023-10-10 03:00,0.370
2023-10-10 04:00,0.336
2023-10-10 05:00,0.317
2023-10-10 06:00,0.358
2023-10-10 07:00,0.396
2023-10-10 08:00,0.322
2023-10-10 09:00,0.254
2023-10-10 10:00,0.297
2023-10-10 11:00,0.396
2023-10-10 12:00,0.451
2023-10-10 13:00,0.533
2023-10-10 14:00,0.590
2023-10-10 15:00,0.669
2023-10-10 16:00,0.723
2023-10-10 17:00,0.756
2023-10-10 18:00,0.779
2023-10-10 19:00,0.788
2023-10-10 20:00,0.783
2023-10-10 21:00,0.784
2023-10-10 22:00,0.797
2023-10-10 23:00,0.845
2023-10-11 00:00,0.850
2023-10-11 01:00,0.857
2023-10-11 02:00,0.857
2023-10-11 03:00,0.827
2023-10-11 04:00,0.789
2023-10-11 05:00,0.719
2023-10-11 06:00,0.616
2023-10-11 07:00,0.510
2023-10-11 08:00,0.452
2023-10-11 09:00,0.355
2023-10-11 10:00,0.321
2023-10-11 11:00,0.286
2023-10-11 12:00,0.248
2023-10-11 13:00,0.230
2023-10-11 14:00,0.232
2023-10-11 15:00,0.212
2023-10-11 16:00,0.203
2023-10-11 17:00,0.206
2023-10-11 18:00,0.218
2023-10-11 19:00,0.235
2023-10-11 20:00,0.253
2023-10-11 21:00,0.264
2023-10-11 22:00,0.254
2023-10-11 23:00,0.222
2023-10-12 00:00,0.177
2023-10-12 01:00,0.137
2023-10-12 02:00,0.111
2023-10-12 03:00,0.102
2023-10-12 04:00,0.100
2023-10-12 05:00,0.090
2023-10-12 06:00,0.078
2023-10-12 07:00,0.061
2023-10-12 08:00,0.025
2023-10-12 09:00,0.008
2023-10-12 10:00,0.007
2023-10-12 11:00,0.008
2023-10-12 12:00,0.019
2023-10-12 13:00,0.037
2023-10-12 14:00,0.063
2023-10-12 15:00,0.085
2023-10-12 16:00,0.103
2023-10-12 17:00,0.109
2023-10-12 18:00,0.129
2023-10-12 19:00,0.188
2023-10-12 20:00,0.262
2023-10-12 21:00,0.309
2023-10-12 22:00,0.299
2023-10-12 23:00,0.286
2023-10-13 00:00,0.272
2023-10-13 01:00,0.260
2023-10-13 02:00,0.250
2023-10-13 03:00,0.215
2023-10-13 04:00,0.155
2023-10-13 05:00,0.100
2023-10-13 06:00,0.124
2023-10-13 07:00,0.204
2023-10-13 08:00,0.229
2023-10-13 09:00,0.243
2023-10-13 10:00,0.338
2023-10-13 11:00,0.448
2023-10-13 12:00,0.569
2023-10-13 13:00,0.653
2023-10-13 14:00,0.715
2023-10-13 15:00,0.738
2023-10-13 16:00,0.713
2023-10-13 17:00,0.726
2023-10-13 18:00,0.705
2023-10-13 19:00,0.692
2023-10-13 20:00,0.701
2023-10-13 21:00,0.702
2023-10-13 22:00,0.703
2023-10-13 23:00,0.700
2023-10-14 00:00,0.689
2023-10-14 01:00,0.682
2023-10-14 02:00,0.661
2023-10-14 03:00,0.617
2023-10-14 04:00,0.581
2023-10-14 05:00,0.549
2023-10-14 06:00,0.537
2023-10-14 07:00,0.497
2023-10-14 08:00,0.393
2023-10-14 09:00,0.542
2023-10-14 10:00,0.597
2023-10-14 11:00,0.609
2023-10-14 12:00,0.633
2023-10-14 13:00,0.654
2023-10-14 14:00,0.631
2023-10-14 15:00,0.556
2023-10-14 16:00,0.513
2023-10-14 17:00,0.513
2023-10-14 18:00,0.510
2023-10-14 19:00,0.505
2023-10-14 20:00,0.506
2023-10-14 21:00,0.483
2023-10-14 22:00,0.486
2023-10-14 23:00,0.496
2023-10-15 00:00,0.496
2023-10-15 01:00,0.487
2023-10-15 02:00,0.471
2023-10-15 03:00,0.463
2023-10-15 04:00,0.439
2023-10-15 05:00,0.418
2023-10-15 06:00,0.396
2023-10-15 07:00,0.341
2023-10-15 08:00,0.205
2023-10-15 09:00,0.220
2023-10-15 10:00,0.276
2023-10-15 11:00,0.270
2023-10-15 12:00,0.258
2023-10-15 13:00,0.248
2023-10-15 14:00,0.237
2023-10-15 15:00,0.223
2023-10-15 16:00,0.217
2023-10-15 17:00,0.257
2023-10-15 18:00,0.270
2023-10-15 19:00,0.253
2023-10-15 20:00,0.217
2023-10-15 21:00,0.179
2023-10-15 22:00,0.142
2023-10-15 23:00,0.108
2023-10-16 00:00,0.083
2023-10-16 01:00,0.060
2023-10-16 02:00,0.041
2023-10-16 03:00,0.027
2023-10-16 04:00,0.019
2023-10-16 05:00,0.017
2023-10-16 06:00,0.018
2023-10-16 07:00,0.022
2023-10-16 08:00,0.024
2023-10-16 09:00,0.017
2023-10-16 10:00,0.019
2023-10-16 11:00,0.033
2023-10-16 12:00,0.043
2023-10-16 13:00,0.050
2023-10-16 14:00,0.060
2023-10-16 15:00,0.086
2023-10-16 16:00,0.136
2023-10-16 17:00,0.185
2023-10-16 18:00,0.235
2023-10-16 19:00,0.289
2023-10-16 20:00,0.337
2023-10-16 21:00,0.365
2023-10-16 22:00,0.372
2023-10-16 23:00,0.373
2023-10-17 00:00,0.387
2023-10-17 01:00,0.403
2023-10-17 02:00,0.416
2023-10-17 03:00,0.401
2023-10-17 04:00,0.367
2023-10-17 05:00,0.335
2023-10-17 06:00,0.346
2023-10-17 07:00,0.382
2023-10-17 08:00,0.398
2023-10-17 09:00,0.374
2023-10-17 10:00,0.559
2023-10-17 11:00,0.647
2023-10-17 12:00,0.689
2023-10-17 13:00,0.745
2023-10-17 14:00,0.758
2023-10-17 15:00,0.754
2023-10-17 16:00,0.749
2023-10-17 17:00,0.752
2023-10-17 18:00,0.735
2023-10-17 19:00,0.733
2023-10-17 20:00,0.732
2023-10-17 21:00,0.735
2023-10-17 22:00,0.738
2023-10-17 23:00,0.736
2023-10-18 00:00,0.730
2023-10-18 01:00,0.729
2023-10-18 02:00,0.727
2023-10-18 03:00,0.721
2023-10-18 04:00,0.732
2023-10-18 05:00,0.750
2023-10-18 06:00,0.770
2023-10-18 07:00,0.780
2023-10-18 08:00,0.779
2023-10-18 09:00,0.783
2023-10-18 10:00,0.817
2023-10-18 11:00,0.862
2023-10-18 12:00,0.879
2023-10-18 13:00,0.883
2023-10-18 14:00,0.882
2023-10-18 15:00,0.879
2023-10-18 16:00,0.887
2023-10-18 17:00,0.902
2023-10-18 18:00,0.913
2023-10-18 19:00,0.932
2023-10-18 20:00,0.942
2023-10-18 21:00,0.947
2023-10-18 22:00,0.941
2023-10-18 23:00,0.914
2023-10-19 00:00,0.803
2023-10-19 01:00,0.450
2023-10-19 02:00,0.385
2023-10-19 03:00,0.464
2023-10-19 04:00,0.549
2023-10-19 05:00,0.523
2023-10-19 06:00,0.479
2023-10-19 07:00,0.473
2023-10-19 08:00,0.484
2023-10-19 09:00,0.463
2023-10-19 10:00,0.533
2023-10-19 11:00,0.550
2023-10-19 12:00,0.491
2023-10-19 13:00,0.439
2023-10-19 14:00,0.415
2023-10-19 15:00,0.423
2023-10-19 16:00,0.514
2023-10-19 17:00,0.565
2023-10-19 18:00,0.530
2023-10-19 19:00,0.480
2023-10-19 20:00,0.462
2023-10-19 21:00,0.457
2023-10-19 22:00,0.426
2023-10-19 23:00,0.433
2023-10-20 00:00,0.461
2023-10-20 01:00,0.559
2023-10-20 02:00,0.677
2023-10-20 03:00,0.789
2023-10-20 04:00,0.872
2023-10-20 05:00,0.933
2023-10-20 06:00,0.962
2023-10-20 07:00,0.978
2023-10-20 08:00,0.986
2023-10-20 09:00,0.990
2023-10-20 10:00,0.989
2023-10-20 11:00,0.985
2023-10-20 12:00,0.980
2023-10-20 13:00,0.974
2023-10-20 14:00,0.966
2023-10-20 15:00,0.956
2023-10-20 16:00,0.942
2023-10-20 17:00,0.927
2023-10-20 18:00,0.910
2023-10-20 19:00,0.885
2023-10-20 20:00,0.845
2023-10-20 21:00,0.808
2023-10-20 22:00,0.763
2023-10-20 23:00,0.718
2023-10-21 00:00,0.651
2023-10-21 01:00,0.540
2023-10-21 02:00,0.436
2023-10-21 03:00,0.352
2023-10-21 04:00,0.285
2023-10-21 05:00,0.239
2023-10-21 06:00,0.210
2023-10-21 07:00,0.184
2023-10-21 08:00,0.145
2023-10-21 09:00,0.115
2023-10-21 10:00,0.110
2023-10-21 11:00,0.143
2023-10-21 12:00,0.178
2023-10-21 13:00,0.202
2023-10-21 14:00,0.226
2023-10-21 15:00,0.240
2023-10-21 16:00,0.285
2023-10-21 17:00,0.387
2023-10-21 18:00,0.425
2023-10-21 19:00,0.419
2023-10-21 20:00,0.421
2023-10-21 21:00,0.438
2023-10-21 22:00,0.446
2023-10-21 23:00,0.460
2023-10-22 00:00,0.476
2023-10-22 01:00,0.491
2023-10-22 02:00,0.479
2023-10-22 03:00,0.457
2023-10-22 04:00,0.442
2023-10-22 05:00,0.423
2023-10-22 06:00,0.403
2023-10-22 07:00,0.383
2023-10-22 08:00,0.292
2023-10-22 09:00,0.211
2023-10-22 10:00,0.254
2023-10-22 11:00,0.289
2023-10-22 12:00,0.298
2023-10-22 13:00,0.285
2023-10-22 14:00,0.243
2023-10-22 15:00,0.164
2023-10-22 16:00,0.115
2023-10-22 17:00,0.075
2023-10-22 18:00,0.047
2023-10-22 19:00,0.036
2023-10-22 20:00,0.033
2023-10-22 21:00,0.036
2023-10-22 22:00,0.041
2023-10-22 23:00,0.052
2023-10-23 00:00,0.068
2023-10-23 01:00,0.086
2023-10-23 02:00,0.087
2023-10-23 03:00,0.068
2023-10-23 04:00,0.065
2023-10-23 05:00,0.074
2023-10-23 06:00,0.086
2023-10-23 07:00,0.096
2023-10-23 08:00,0.106
2023-10-23 09:00,0.110
2023-10-23 10:00,0.164
2023-10-23 11:00,0.231
2023-10-23 12:00,0.299
2023-10-23 13:00,0.352
2023-10-23 14:00,0.370
2023-10-23 15:00,0.396
2023-10-23 16:00,0.460
2023-10-23 17:00,0.479
2023-10-23 18:00,0.463
2023-10-23 19:00,0.452
2023-10-23 20:00,0.450
2023-10-23 21:00,0.436
2023-10-23 22:00,0.426
2023-10-23 23:00,0.436
2023-10-24 00:00,0.432
2023-10-24 01:00,0.389
2023-10-24 02:00,0.333
2023-10-24 03:00,0.307
2023-10-24 04:00,0.309
2023-10-24 05:00,0.312
2023-10-24 06:00,0.305
2023-10-24 07:00,0.285
2023-10-24 08:00,0.223
2023-10-24 09:00,0.158
2023-10-24 10:00,0.117
2023-10-24 11:00,0.099
2023-10-24 12:00,0.102
2023-10-24 13:00,0.104
2023-10-24 14:00,0.113
2023-10-24 15:00,0.113
2023-10-24 16:00,0.140
2023-10-24 17:00,0.156
2023-10-24 18:00,0.142
2023-10-24 19:00,0.124
2023-10-24 20:00,0.115
2023-10-24 21:00,0.132
2023-10-24 22:00,0.168
2023-10-24 23:00,0.198
2023-10-25 00:00,0.208
2023-10-25 01:00,0.197
2023-10-25 02:00,0.176
2023-10-25 03:00,0.139
2023-10-25 04:00,0.106
2023-10-25 05:00,0.084
2023-10-25 06:00,0.072
2023-10-25 07:00,0.078
2023-10-25 08:00,0.083
2023-10-25 09:00,0.082
2023-10-25 10:00,0.099
2023-10-25 11:00,0.115
2023-10-25 12:00,0.121
2023-10-25 13:00,0.125
2023-10-25 14:00,0.117
2023-10-25 15:00,0.097
2023-10-25 16:00,0.093
2023-10-25 17:00,0.081
2023-10-25 18:00,0.056
2023-10-25 19:00,0.029
2023-10-25 20:00,0.019
2023-10-25 21:00,0.022
2023-10-25 22:00,0.027
2023-10-25 23:00,0.038
2023-10-26 00:00,0.075
2023-10-26 01:00,0.131
2023-10-26 02:00,0.160
2023-10-26 03:00,0.154
2023-10-26 04:00,0.168
2023-10-26 05:00,0.211
2023-10-26 06:00,0.277
2023-10-26 07:00,0.330
2023-10-26 08:00,0.315
2023-10-26 09:00,0.291
2023-10-26 10:00,0.216
2023-10-26 11:00,0.208
2023-10-26 12:00,0.177
2023-10-26 13:00,0.125
2023-10-26 14:00,0.084
2023-10-26 15:00,0.070
2023-10-26 16:00,0.088
2023-10-26 17:00,0.107
2023-10-26 18:00,0.120
2023-10-26 19:00,0.125
2023-10-26 20:00,0.132
2023-10-26 21:00,0.128
2023-10-26 22:00,0.113
2023-10-26 23:00,0.091
2023-10-27 00:00,0.072
2023-10-27 01:00,0.059
2023-10-27 02:00,0.053
2023-10-27 03:00,0.056
2023-10-27 04:00,0.069
2023-10-27 05:00,0.086
2023-10-27 06:00,0.094
2023-10-27 07:00,0.094
2023-10-27 08:00,0.075
2023-10-27 09:00,0.059
2023-10-27 10:00,0.060
2023-10-27 11:00,0.087
2023-10-27 12:00,0.116
2023-10-27 13:00,0.134
2023-10-27 14:00,0.146
2023-10-27 15:00,0.155
2023-10-27 16:00,0.211
2023-10-27 17:00,0.263
2023-10-27 18:00,0.273
2023-10-27 19:00,0.252
2023-10-27 20:00,0.224
2023-10-27 21:00,0.204
2023-10-27 22:00,0.191
2023-10-27 23:00,0.190
2023-10-28 00:00,0.188
2023-10-28 01:00,0.181
2023-10-28 02:00,0.160
2023-10-28 03:00,0.150
2023-10-28 04:00,0.146
2023-10-28 05:00,0.156
2023-10-28 06:00,0.164
2023-10-28 07:00,0.169
2023-10-28 08:00,0.178
2023-10-28 09:00,0.178
2023-10-28 10:00,0.178
2023-10-28 11:00,0.181
2023-10-28 12:00,0.194
2023-10-28 13:00,0.209
2023-10-28 14:00,0.206
2023-10-28 15:00,0.235
2023-10-28 16:00,0.360
2023-10-28 17:00,0.487
2023-10-28 18:00,0.525
2023-10-28 19:00,0.526
2023-10-28 20:00,0.506
2023-10-28 21:00,0.538
2023-10-28 22:00,0.520
2023-10-28 23:00,0.491
2023-10-29 00:00,0.387
2023-10-29 01:00,0.224
2023-10-29 02:00,0.148
2023-10-29 03:00,0.166
2023-10-29 04:00,0.193
2023-10-29 05:00,0.246
2023-10-29 06:00,0.276
2023-10-29 07:00,0.276
2023-10-29 08:00,0.260
2023-10-29 09:00,0.242
2023-10-29 10:00,0.218
2023-10-29 11:00,0.186
2023-10-29 12:00,0.172
2023-10-29 13:00,0.166
2023-10-29 14:00,0.156
2023-10-29 15:00,0.137
2023-10-29 16:00,0.151
2023-10-29 17:00,0.181
2023-10-29 18:00,0.200
2023-10-29 19:00,0.187
2023-10-29 20:00,0.149
2023-10-29 21:00,0.134
2023-10-29 22:00,0.123
2023-10-29 23:00,0.120
2023-10-30 00:00,0.116
2023-10-30 01:00,0.119
2023-10-30 02:00,0.111
2023-10-30 03:00,0.101
2023-10-30 04:00,0.091
2023-10-30 05:00,0.091
2023-10-30 06:00,0.101
2023-10-30 07:00,0.123
2023-10-30 08:00,0.123
2023-10-30 09:00,0.100
2023-10-30 10:00,0.102
2023-10-30 11:00,0.116
2023-10-30 12:00,0.132
2023-10-30 13:00,0.139
2023-10-30 14:00,0.146
2023-10-30 15:00,0.188
2023-10-30 16:00,0.265
2023-10-30 17:00,0.318
2023-10-30 18:00,0.335
2023-10-30 19:00,0.329
2023-10-30 20:00,0.321
2023-10-30 21:00,0.304
2023-10-30 22:00,0.290
2023-10-30 23:00,0.281
2023-10-31 00:00,0.276
2023-10-31 01:00,0.270
2023-10-31 02:00,0.272
2023-10-31 03:00,0.279
2023-10-31 04:00,0.293
2023-10-31 05:00,0.302
2023-10-31 06:00,0.298
2023-10-31 07:00,0.276
2023-10-31 08:00,0.238
2023-10-31 09:00,0.194
2023-10-31 10:00,0.174
2023-10-31 11:00,0.152
2023-10-31 12:00,0.138
2023-10-31 13:00,0.117
2023-10-31 14:00,0.097
2023-10-31 15:00,0.102
2023-10-31 16:00,0.137
2023-10-31 17:00,0.165
2023-10-31 18:00,0.169
2023-10-31 19:00,0.172
2023-10-31 20:00,0.206
2023-10-31 21:00,0.239
2023-10-31 22:00,0.253
2023-10-31 23:00,0.257
2023-11-01 00:00,0.285
2023-11-01 01:00,0.323
2023-11-01 02:00,0.367
2023-11-01 03:00,0.423
2023-11-01 04:00,0.485
2023-11-01 05:00,0.536
2023-11-01 06:00,0.545
2023-11-01 07:00,0.662
2023-11-01 08:00,0.704
2023-11-01 09:00,0.612
2023-11-01 10:00,0.587
2023-11-01 11:00,0.692
2023-11-01 12:00,0.756
2023-11-01 13:00,0.808
2023-11-01 14:00,0.880
2023-11-01 15:00,0.895
2023-11-01 16:00,0.845
2023-11-01 17:00,0.765
2023-11-01 18:00,0.669
2023-11-01 19:00,0.567
2023-11-01 20:00,0.460
2023-11-01 21:00,0.374
2023-11-01 22:00,0.314
2023-11-01 23:00,0.361
2023-11-02 00:00,0.515
2023-11-02 01:00,0.697
2023-11-02 02:00,0.844
2023-11-02 03:00,0.872
2023-11-02 04:00,0.793
2023-11-02 05:00,0.661
2023-11-02 06:00,0.516
2023-11-02 07:00,0.370
2023-11-02 08:00,0.271
2023-11-02 09:00,0.179
2023-11-02 10:00,0.173
2023-11-02 11:00,0.256
2023-11-02 12:00,0.374
2023-11-02 13:00,0.466
2023-11-02 14:00,0.513
2023-11-02 15:00,0.584
2023-11-02 16:00,0.668
2023-11-02 17:00,0.721
2023-11-02 18:00,0.759
2023-11-02 19:00,0.777
2023-11-02 20:00,0.774
2023-11-02 21:00,0.762
2023-11-02 22:00,0.751
2023-11-02 23:00,0.752
2023-11-03 00:00,0.743
2023-11-03 01:00,0.729
2023-11-03 02:00,0.748
2023-11-03 03:00,0.731
2023-11-03 04:00,0.710
2023-11-03 05:00,0.700
2023-11-03 06:00,0.668
2023-11-03 07:00,0.663
2023-11-03 08:00,0.648
2023-11-03 09:00,0.586
2023-11-03 10:00,0.594
2023-11-03 11:00,0.658
2023-11-03 12:00,0.691
2023-11-03 13:00,0.698
2023-11-03 14:00,0.659
2023-11-03 15:00,0.626
2023-11-03 16:00,0.636
2023-11-03 17:00,0.618
2023-11-03 18:00,0.568
2023-11-03 19:00,0.497
2023-11-03 20:00,0.507
2023-11-03 21:00,0.501
2023-11-03 22:00,0.439
2023-11-03 23:00,0.403
2023-11-04 00:00,0.403
2023-11-04 01:00,0.374
2023-11-04 02:00,0.289
2023-11-04 03:00,0.173
2023-11-04 04:00,0.118
2023-11-04 05:00,0.111
2023-11-04 06:00,0.114
2023-11-04 07:00,0.127
2023-11-04 08:00,0.169
2023-11-04 09:00,0.253
2023-11-04 10:00,0.383
2023-11-04 11:00,0.444
2023-11-04 12:00,0.486
2023-11-04 13:00,0.505
2023-11-04 14:00,0.487
2023-11-04 15:00,0.487
2023-11-04 16:00,0.470
2023-11-04 17:00,0.433
2023-11-04 18:00,0.413
2023-11-04 19:00,0.416
2023-11-04 20:00,0.422
2023-11-04 21:00,0.424
2023-11-04 22:00,0.442
2023-11-04 23:00,0.478
2023-11-05 00:00,0.510
2023-11-05 01:00,0.524
2023-11-05 02:00,0.549
2023-11-05 03:00,0.557
2023-11-05 04:00,0.550
2023-11-05 05:00,0.537
2023-11-05 06:00,0.496
2023-11-05 07:00,0.452
2023-11-05 08:00,0.406
2023-11-05 09:00,0.393
2023-11-05 10:00,0.371
2023-11-05 11:00,0.436
2023-11-05 12:00,0.440
2023-11-05 13:00,0.433
2023-11-05 14:00,0.395
2023-11-05 15:00,0.344
2023-11-05 16:00,0.407
2023-11-05 17:00,0.452
2023-11-05 18:00,0.448
2023-11-05 19:00,0.450
2023-11-05 20:00,0.436
2023-11-05 21:00,0.409
2023-11-05 22:00,0.382
2023-11-05 23:00,0.355
2023-11-06 00:00,0.326
2023-11-06 01:00,0.330
2023-11-06 02:00,0.328
2023-11-06 03:00,0.374
2023-11-06 04:00,0.403
2023-11-06 05:00,0.453
2023-11-06 06:00,0.531
2023-11-06 07:00,0.577
2023-11-06 08:00,0.587
2023-11-06 09:00,0.516
2023-11-06 10:00,0.565
2023-11-06 11:00,0.662
2023-11-06 12:00,0.683
2023-11-06 13:00,0.626
2023-11-06 14:00,0.565
2023-11-06 15:00,0.550
2023-11-06 16:00,0.572
2023-11-06 17:00,0.562
2023-11-06 18:00,0.530
2023-11-06 19:00,0.536
2023-11-06 20:00,0.532
2023-11-06 21:00,0.520
2023-11-06 22:00,0.551
2023-11-06 23:00,0.536
2023-11-07 00:00,0.539
2023-11-07 01:00,0.552
2023-11-07 02:00,0.548
2023-11-07 03:00,0.546
2023-11-07 04:00,0.569
2023-11-07 05:00,0.556
2023-11-07 06:00,0.553
2023-11-07 07:00,0.568
2023-11-07 08:00,0.529
2023-11-07 09:00,0.504
2023-11-07 10:00,0.507
2023-11-07 11:00,0.606
2023-11-07 12:00,0.664
2023-11-07 13:00,0.669
2023-11-07 14:00,0.593
2023-11-07 15:00,0.549
2023-11-07 16:00,0.557
2023-11-07 17:00,0.584
2023-11-07 18:00,0.580
2023-11-07 19:00,0.542
2023-11-07 20:00,0.517
2023-11-07 21:00,0.497
2023-11-07 22:00,0.436
2023-11-07 23:00,0.381
2023-11-08 00:00,0.367
2023-11-08 01:00,0.312
2023-11-08 02:00,0.312
2023-11-08 03:00,0.344
2023-11-08 04:00,0.454
2023-11-08 05:00,0.604
2023-11-08 06:00,0.711
2023-11-08 07:00,0.860
2023-11-08 08:00,0.904
2023-11-08 09:00,0.852
2023-11-08 10:00,0.799
2023-11-08 11:00,0.818
2023-11-08 12:00,0.791
2023-11-08 13:00,0.682
2023-11-08 14:00,0.574
2023-11-08 15:00,0.469
2023-11-08 16:00,0.421
2023-11-08 17:00,0.455
2023-11-08 18:00,0.473
2023-11-08 19:00,0.476
2023-11-08 20:00,0.479
2023-11-08 21:00,0.489
2023-11-08 22:00,0.513
2023-11-08 23:00,0.499
2023-11-09 00:00,0.475
2023-11-09 01:00,0.436
2023-11-09 02:00,0.420
2023-11-09 03:00,0.437
2023-11-09 04:00,0.394
2023-11-09 05:00,0.374
2023-11-09 06:00,0.355
2023-11-09 07:00,0.333
2023-11-09 08:00,0.322
2023-11-09 09:00,0.304
2023-11-09 10:00,0.368
2023-11-09 11:00,0.429
2023-11-09 12:00,0.443
2023-11-09 13:00,0.417
2023-11-09 14:00,0.377
2023-11-09 15:00,0.400
2023-11-09 16:00,0.452
2023-11-09 17:00,0.461
2023-11-09 18:00,0.452
2023-11-09 19:00,0.413
2023-11-09 20:00,0.433
2023-11-09 21:00,0.450
2023-11-09 22:00,0.423
2023-11-09 23:00,0.396
2023-11-10 00:00,0.380
2023-11-10 01:00,0.302
2023-11-10 02:00,0.235
2023-11-10 03:00,0.157
2023-11-10 04:00,0.104
2023-11-10 05:00,0.086
2023-11-10 06:00,0.133
2023-11-10 07:00,0.224
2023-11-10 08:00,0.247
2023-11-10 09:00,0.235
2023-11-10 10:00,0.307
2023-11-10 11:00,0.358
2023-11-10 12:00,0.393
2023-11-10 13:00,0.410
2023-11-10 14:00,0.402
2023-11-10 15:00,0.373
2023-11-10 16:00,0.460
2023-11-10 17:00,0.522
2023-11-10 18:00,0.529
2023-11-10 19:00,0.533
2023-11-10 20:00,0.521
2023-11-10 21:00,0.502
2023-11-10 22:00,0.466
2023-11-10 23:00,0.460
2023-11-11 00:00,0.497
2023-11-11 01:00,0.545
2023-11-11 02:00,0.581
2023-11-11 03:00,0.586
2023-11-11 04:00,0.559
2023-11-11 05:00,0.519
2023-11-11 06:00,0.449
2023-11-11 07:00,0.377
2023-11-11 08:00,0.285
2023-11-11 09:00,0.181
2023-11-11 10:00,0.113
2023-11-11 11:00,0.078
2023-11-11 12:00,0.051
2023-11-11 13:00,0.031
2023-11-11 14:00,0.016
2023-11-11 15:00,0.011
2023-11-11 16:00,0.009
2023-11-11 17:00,0.013
2023-11-11 18:00,0.042
2023-11-11 19:00,0.104
2023-11-11 20:00,0.145
2023-11-11 21:00,0.154
2023-11-11 22:00,0.156
2023-11-11 23:00,0.155
2023-11-12 00:00,0.160
2023-11-12 01:00,0.157
2023-11-12 02:00,0.141
2023-11-12 03:00,0.127
2023-11-12 04:00,0.117
2023-11-12 05:00,0.113
2023-11-12 06:00,0.119
2023-11-12 07:00,0.143
2023-11-12 08:00,0.171
2023-11-12 09:00,0.200
2023-11-12 10:00,0.238
2023-11-12 11:00,0.299
2023-11-12 12:00,0.355
2023-11-12 13:00,0.374
2023-11-12 14:00,0.427
2023-11-12 15:00,0.523
2023-11-12 16:00,0.572
2023-11-12 17:00,0.552
2023-11-12 18:00,0.523
2023-11-12 19:00,0.436
2023-11-12 20:00,0.361
2023-11-12 21:00,0.316
2023-11-12 22:00,0.299
2023-11-12 23:00,0.285
2023-11-13 00:00,0.291
2023-11-13 01:00,0.293
2023-11-13 02:00,0.308
2023-11-13 03:00,0.380
2023-11-13 04:00,0.510
2023-11-13 05:00,0.721
2023-11-13 06:00,0.867
2023-11-13 07:00,0.863
2023-11-13 08:00,0.881
2023-11-13 09:00,0.954
2023-11-13 10:00,0.970
2023-11-13 11:00,0.980
2023-11-13 12:00,0.987
2023-11-13 13:00,0.989
2023-11-13 14:00,0.991
2023-11-13 15:00,0.992
2023-11-13 16:00,0.993
2023-11-13 17:00,0.992
2023-11-13 18:00,0.989
2023-11-13 19:00,0.985
2023-11-13 20:00,0.973
2023-11-13 21:00,0.955
2023-11-13 22:00,0.929
2023-11-13 23:00,0.897
2023-11-14 00:00,0.843
2023-11-14 01:00,0.801
2023-11-14 02:00,0.710
2023-11-14 03:00,0.597
2023-11-14 04:00,0.531
2023-11-14 05:00,0.492
2023-11-14 06:00,0.401
2023-11-14 07:00,0.365
2023-11-14 08:00,0.333
2023-11-14 09:00,0.309
2023-11-14 10:00,0.292
2023-11-14 11:00,0.345
2023-11-14 12:00,0.424
2023-11-14 13:00,0.490
2023-11-14 14:00,0.545
2023-11-14 15:00,0.569
2023-11-14 16:00,0.564
2023-11-14 17:00,0.552
2023-11-14 18:00,0.549
2023-11-14 19:00,0.568
2023-11-14 20:00,0.628
2023-11-14 21:00,0.661
2023-11-14 22:00,0.696
2023-11-14 23:00,0.726
2023-11-15 00:00,0.759
2023-11-15 01:00,0.786
2023-11-15 02:00,0.818
2023-11-15 03:00,0.853
2023-11-15 04:00,0.866
2023-11-15 05:00,0.869
2023-11-15 06:00,0.870
2023-11-15 07:00,0.867
2023-11-15 08:00,0.854
2023-11-15 09:00,0.838
2023-11-15 10:00,0.838
2023-11-15 11:00,0.856
2023-11-15 12:00,0.860
2023-11-15 13:00,0.834
2023-11-15 14:00,0.783
2023-11-15 15:00,0.719
2023-11-15 16:00,0.645
2023-11-15 17:00,0.581
2023-11-15 18:00,0.516
2023-11-15 19:00,0.419
2023-11-15 20:00,0.335
2023-11-15 21:00,0.242
2023-11-15 22:00,0.169
2023-11-15 23:00,0.122
2023-11-16 00:00,0.089
2023-11-16 01:00,0.055
2023-11-16 02:00,0.035
2023-11-16 03:00,0.037
2023-11-16 04:00,0.041
2023-11-16 05:00,0.037
2023-11-16 06:00,0.070
2023-11-16 07:00,0.095
2023-11-16 08:00,0.101
2023-11-16 09:00,0.077
2023-11-16 10:00,0.048
2023-11-16 11:00,0.026
2023-11-16 12:00,0.016
2023-11-16 13:00,0.010
2023-11-16 14:00,0.011
2023-11-16 15:00,0.032
2023-11-16 16:00,0.046
2023-11-16 17:00,0.046
2023-11-16 18:00,0.059
2023-11-16 19:00,0.102
2023-11-16 20:00,0.150
2023-11-16 21:00,0.177
2023-11-16 22:00,0.201
2023-11-16 23:00,0.209
2023-11-17 00:00,0.213
2023-11-17 01:00,0.233
2023-11-17 02:00,0.268
2023-11-17 03:00,0.322
2023-11-17 04:00,0.374
2023-11-17 05:00,0.410
2023-11-17 06:00,0.386
2023-11-17 07:00,0.342
2023-11-17 08:00,0.292
2023-11-17 09:00,0.183
2023-11-17 10:00,0.090
2023-11-17 11:00,0.075
2023-11-17 12:00,0.074
2023-11-17 13:00,0.091
2023-11-17 14:00,0.110
2023-11-17 15:00,0.131
2023-11-17 16:00,0.182
2023-11-17 17:00,0.231
2023-11-17 18:00,0.276
2023-11-17 19:00,0.303
2023-11-17 20:00,0.288
2023-11-17 21:00,0.268
2023-11-17 22:00,0.265
2023-11-17 23:00,0.310
2023-11-18 00:00,0.410
2023-11-18 01:00,0.512
2023-11-18 02:00,0.643
2023-11-18 03:00,0.713
2023-11-18 04:00,0.731
2023-11-18 05:00,0.746
2023-11-18 06:00,0.759
2023-11-18 07:00,0.729
2023-11-18 08:00,0.669
2023-11-18 09:00,0.648
2023-11-18 10:00,0.618
2023-11-18 11:00,0.573
2023-11-18 12:00,0.551
2023-11-18 13:00,0.578
2023-11-18 14:00,0.742
2023-11-18 15:00,0.767
2023-11-18 16:00,0.780
2023-11-18 17:00,0.771
2023-11-18 18:00,0.762
2023-11-18 19:00,0.725
2023-11-18 20:00,0.718
2023-11-18 21:00,0.715
2023-11-18 22:00,0.757
2023-11-18 23:00,0.829
2023-11-19 00:00,0.868
2023-11-19 01:00,0.881
2023-11-19 02:00,0.876
2023-11-19 03:00,0.880
2023-11-19 04:00,0.877
2023-11-19 05:00,0.867
2023-11-19 06:00,0.853
2023-11-19 07:00,0.826
2023-11-19 08:00,0.791
2023-11-19 09:00,0.752
2023-11-19 10:00,0.662
2023-11-19 11:00,0.613
2023-11-19 12:00,0.591
2023-11-19 13:00,0.577
2023-11-19 14:00,0.601
2023-11-19 15:00,0.719
2023-11-19 16:00,0.780
2023-11-19 17:00,0.795
2023-11-19 18:00,0.803
2023-11-19 19:00,0.822
2023-11-19 20:00,0.809
2023-11-19 21:00,0.779
2023-11-19 22:00,0.749
2023-11-19 23:00,0.684
2023-11-20 00:00,0.633
2023-11-20 01:00,0.586
2023-11-20 02:00,0.564
2023-11-20 03:00,0.523
2023-11-20 04:00,0.465
2023-11-20 05:00,0.420
2023-11-20 06:00,0.386
2023-11-20 07:00,0.390
2023-11-20 08:00,0.410
2023-11-20 09:00,0.348
2023-11-20 10:00,0.265
2023-11-20 11:00,0.260
2023-11-20 12:00,0.299
2023-11-20 13:00,0.299
2023-11-20 14:00,0.293
2023-11-20 15:00,0.347
2023-11-20 16:00,0.394
2023-11-20 17:00,0.380
2023-11-20 18:00,0.374
2023-11-20 19:00,0.370
2023-11-20 20:00,0.403
2023-11-20 21:00,0.499
2023-11-20 22:00,0.583
2023-11-20 23:00,0.692
2023-11-21 00:00,0.704
2023-11-21 01:00,0.696
2023-11-21 02:00,0.712
2023-11-21 03:00,0.729
2023-11-21 04:00,0.750
2023-11-21 05:00,0.765
2023-11-21 06:00,0.761
2023-11-21 07:00,0.724
2023-11-21 08:00,0.643
2023-11-21 09:00,0.486
2023-11-21 10:00,0.406
2023-11-21 11:00,0.390
2023-11-21 12:00,0.303
2023-11-21 13:00,0.279
2023-11-21 14:00,0.212
2023-11-21 15:00,0.171
2023-11-21 16:00,0.105
2023-11-21 17:00,0.080
2023-11-21 18:00,0.095
2023-11-21 19:00,0.069
2023-11-21 20:00,0.047
2023-11-21 21:00,0.093
2023-11-21 22:00,0.194
2023-11-21 23:00,0.311
2023-11-22 00:00,0.427
2023-11-22 01:00,0.497
2023-11-22 02:00,0.461
2023-11-22 03:00,0.380
2023-11-22 04:00,0.406
2023-11-22 05:00,0.488
2023-11-22 06:00,0.537
2023-11-22 07:00,0.549
2023-11-22 08:00,0.559
2023-11-22 09:00,0.563
2023-11-22 10:00,0.577
2023-11-22 11:00,0.597
2023-11-22 12:00,0.696
2023-11-22 13:00,0.748
2023-11-22 14:00,0.784
2023-11-22 15:00,0.829
2023-11-22 16:00,0.838
2023-11-22 17:00,0.829
2023-11-22 18:00,0.834
2023-11-22 19:00,0.855
2023-11-22 20:00,0.868
2023-11-22 21:00,0.888
2023-11-22 22:00,0.903
2023-11-22 23:00,0.908
2023-11-23 00:00,0.912
2023-11-23 01:00,0.911
2023-11-23 02:00,0.911
2023-11-23 03:00,0.910
2023-11-23 04:00,0.906
2023-11-23 05:00,0.911
2023-11-23 06:00,0.924
2023-11-23 07:00,0.938
2023-11-23 08:00,0.944
2023-11-23 09:00,0.952
2023-11-23 10:00,0.954
2023-11-23 11:00,0.958
2023-11-23 12:00,0.960
2023-11-23 13:00,0.956
2023-11-23 14:00,0.951
2023-11-23 15:00,0.947
2023-11-23 16:00,0.939
2023-11-23 17:00,0.934
2023-11-23 18:00,0.922
2023-11-23 19:00,0.897
2023-11-23 20:00,0.879
2023-11-23 21:00,0.855
2023-11-23 22:00,0.820
2023-11-23 23:00,0.796
2023-11-24 00:00,0.789
2023-11-24 01:00,0.789
2023-11-24 02:00,0.786
2023-11-24 03:00,0.780
2023-11-24 04:00,0.754
2023-11-24 05:00,0.723
2023-11-24 06:00,0.698
2023-11-24 07:00,0.696
2023-11-24 08:00,0.675
2023-11-24 09:00,0.625
2023-11-24 10:00,0.669
2023-11-24 11:00,0.752
2023-11-24 12:00,0.774
2023-11-24 13:00,0.738
2023-11-24 14:00,0.661
2023-11-24 15:00,0.604
2023-11-24 16:00,0.609
2023-11-24 17:00,0.540
2023-11-24 18:00,0.494
2023-11-24 19:00,0.480
2023-11-24 20:00,0.480
2023-11-24 21:00,0.492
2023-11-24 22:00,0.499
2023-11-24 23:00,0.503
2023-11-25 00:00,0.508
2023-11-25 01:00,0.510
2023-11-25 02:00,0.505
2023-11-25 03:00,0.509
2023-11-25 04:00,0.502
2023-11-25 05:00,0.492
2023-11-25 06:00,0.474
2023-11-25 07:00,0.451
2023-11-25 08:00,0.416
2023-11-25 09:00,0.297
2023-11-25 10:00,0.180
2023-11-25 11:00,0.171
2023-11-25 12:00,0.172
2023-11-25 13:00,0.157
2023-11-25 14:00,0.157
2023-11-25 15:00,0.200
2023-11-25 16:00,0.227
2023-11-25 17:00,0.208
2023-11-25 18:00,0.174
2023-11-25 19:00,0.134
2023-11-25 20:00,0.098
2023-11-25 21:00,0.075
2023-11-25 22:00,0.060
2023-11-25 23:00,0.047
2023-11-26 00:00,0.034
2023-11-26 01:00,0.028
2023-11-26 02:00,0.033
2023-11-26 03:00,0.044
2023-11-26 04:00,0.057
2023-11-26 05:00,0.074
2023-11-26 06:00,0.095
2023-11-26 07:00,0.109
2023-11-26 08:00,0.112
2023-11-26 09:00,0.095
2023-11-26 10:00,0.085
2023-11-26 11:00,0.086
2023-11-26 12:00,0.093
2023-11-26 13:00,0.093
2023-11-26 14:00,0.101
2023-11-26 15:00,0.128
2023-11-26 16:00,0.142
2023-11-26 17:00,0.140
2023-11-26 18:00,0.126
2023-11-26 19:00,0.104
2023-11-26 20:00,0.088
2023-11-26 21:00,0.080
2023-11-26 22:00,0.070
2023-11-26 23:00,0.061
2023-11-27 00:00,0.053
2023-11-27 01:00,0.046
2023-11-27 02:00,0.037
2023-11-27 03:00,0.033
2023-11-27 04:00,0.037
2023-11-27 05:00,0.065
2023-11-27 06:00,0.113
2023-11-27 07:00,0.147
2023-11-27 08:00,0.176
2023-11-27 09:00,0.188
2023-11-27 10:00,0.217
2023-11-27 11:00,0.273
2023-11-27 12:00,0.334
2023-11-27 13:00,0.388
2023-11-27 14:00,0.420
2023-11-27 15:00,0.490
2023-11-27 16:00,0.535
2023-11-27 17:00,0.562
2023-11-27 18:00,0.594
2023-11-27 19:00,0.594
2023-11-27 20:00,0.601
2023-11-27 21:00,0.597
2023-11-27 22:00,0.592
2023-11-27 23:00,0.559
2023-11-28 00:00,0.542
2023-11-28 01:00,0.506
2023-11-28 02:00,0.423
2023-11-28 03:00,0.335
2023-11-28 04:00,0.249
2023-11-28 05:00,0.177
2023-11-28 06:00,0.134
2023-11-28 07:00,0.132
2023-11-28 08:00,0.172
2023-11-28 09:00,0.198
2023-11-28 10:00,0.162
2023-11-28 11:00,0.144
2023-11-28 12:00,0.156
2023-11-28 13:00,0.154
2023-11-28 14:00,0.155
2023-11-28 15:00,0.222
2023-11-28 16:00,0.292
2023-11-28 17:00,0.326
2023-11-28 18:00,0.330
2023-11-28 19:00,0.302
2023-11-28 20:00,0.298
2023-11-28 21:00,0.315
2023-11-28 22:00,0.333
2023-11-28 23:00,0.330
2023-11-29 00:00,0.317
2023-11-29 01:00,0.302
2023-11-29 02:00,0.285
2023-11-29 03:00,0.245
2023-11-29 04:00,0.207
2023-11-29 05:00,0.178
2023-11-29 06:00,0.157
2023-11-29 07:00,0.136
2023-11-29 08:00,0.117
2023-11-29 09:00,0.093
2023-11-29 10:00,0.080
2023-11-29 11:00,0.085
2023-11-29 12:00,0.097
2023-11-29 13:00,0.111
2023-11-29 14:00,0.127
2023-11-29 15:00,0.187
2023-11-29 16:00,0.229
2023-11-29 17:00,0.233
2023-11-29 18:00,0.239
2023-11-29 19:00,0.261
2023-11-29 20:00,0.306
2023-11-29 21:00,0.352
2023-11-29 22:00,0.403
2023-11-29 23:00,0.453
2023-11-30 00:00,0.507
2023-11-30 01:00,0.516
2023-11-30 02:00,0.526
2023-11-30 03:00,0.527
2023-11-30 04:00,0.520
2023-11-30 05:00,0.497
2023-11-30 06:00,0.499
2023-11-30 07:00,0.497
2023-11-30 08:00,0.468
2023-11-30 09:00,0.384
2023-11-30 10:00,0.279
2023-11-30 11:00,0.215
2023-11-30 12:00,0.238
2023-11-30 13:00,0.248
2023-11-30 14:00,0.281
2023-11-30 15:00,0.361
2023-11-30 16:00,0.412
2023-11-30 17:00,0.403
2023-11-30 18:00,0.393
2023-11-30 19:00,0.374
2023-11-30 20:00,0.345
2023-11-30 21:00,0.333
2023-11-30 22:00,0.335
2023-11-30 23:00,0.342
2023-12-01 00:00,0.349
2023-12-01 01:00,0.356
2023-12-01 02:00,0.358
2023-12-01 03:00,0.338
2023-12-01 04:00,0.299
2023-12-01 05:00,0.265
2023-12-01 06:00,0.231
2023-12-01 07:00,0.199
2023-12-01 08:00,0.172
2023-12-01 09:00,0.136
2023-12-01 10:00,0.091
2023-12-01 11:00,0.063
2023-12-01 12:00,0.051
2023-12-01 13:00,0.048
2023-12-01 14:00,0.059
2023-12-01 15:00,0.070
2023-12-01 16:00,0.074
2023-12-01 17:00,0.068
2023-12-01 18:00,0.055
2023-12-01 19:00,0.042
2023-12-01 20:00,0.032
2023-12-01 21:00,0.022
2023-12-01 22:00,0.013
2023-12-01 23:00,0.006
2023-12-02 00:00,0.008
2023-12-02 01:00,0.023
2023-12-02 02:00,0.048
2023-12-02 03:00,0.063
2023-12-02 04:00,0.064
2023-12-02 05:00,0.062
2023-12-02 06:00,0.064
2023-12-02 07:00,0.071
2023-12-02 08:00,0.081
2023-12-02 09:00,0.090
2023-12-02 10:00,0.115
2023-12-02 11:00,0.152
2023-12-02 12:00,0.181
2023-12-02 13:00,0.196
2023-12-02 14:00,0.238
2023-12-02 15:00,0.356
2023-12-02 16:00,0.433
2023-12-02 17:00,0.393
2023-12-02 18:00,0.366
2023-12-02 19:00,0.338
2023-12-02 20:00,0.336
2023-12-02 21:00,0.326
2023-12-02 22:00,0.300
2023-12-02 23:00,0.302
2023-12-03 00:00,0.276
2023-12-03 01:00,0.204
2023-12-03 02:00,0.164
2023-12-03 03:00,0.156
2023-12-03 04:00,0.147
2023-12-03 05:00,0.140
2023-12-03 06:00,0.128
2023-12-03 07:00,0.102
2023-12-03 08:00,0.055
2023-12-03 09:00,0.030
2023-12-03 10:00,0.016
2023-12-03 11:00,0.009
2023-12-03 12:00,0.010
2023-12-03 13:00,0.018
2023-12-03 14:00,0.043
2023-12-03 15:00,0.074
2023-12-03 16:00,0.099
2023-12-03 17:00,0.111
2023-12-03 18:00,0.124
2023-12-03 19:00,0.130
2023-12-03 20:00,0.145
2023-12-03 21:00,0.182
2023-12-03 22:00,0.236
2023-12-03 23:00,0.306
2023-12-04 00:00,0.384
2023-12-04 01:00,0.460
2023-12-04 02:00,0.496
2023-12-04 03:00,0.505
2023-12-04 04:00,0.508
2023-12-04 05:00,0.490
2023-12-04 06:00,0.460
2023-12-04 07:00,0.416
2023-12-04 08:00,0.384
2023-12-04 09:00,0.382
2023-12-04 10:00,0.376
2023-12-04 11:00,0.367
2023-12-04 12:00,0.360
2023-12-04 13:00,0.373
2023-12-04 14:00,0.409
2023-12-04 15:00,0.436
2023-12-04 16:00,0.456
2023-12-04 17:00,0.468
2023-12-04 18:00,0.476
2023-12-04 19:00,0.483
2023-12-04 20:00,0.492
2023-12-04 21:00,0.510
2023-12-04 22:00,0.520
2023-12-04 23:00,0.520
2023-12-05 00:00,0.512
2023-12-05 01:00,0.513
2023-12-05 02:00,0.516
2023-12-05 03:00,0.502
2023-12-05 04:00,0.502
2023-12-05 05:00,0.510
2023-12-05 06:00,0.520
2023-12-05 07:00,0.527
2023-12-05 08:00,0.520
2023-12-05 09:00,0.487
2023-12-05 10:00,0.429
2023-12-05 11:00,0.367
2023-12-05 12:00,0.330
2023-12-05 13:00,0.317
2023-12-05 14:00,0.330
2023-12-05 15:00,0.380
2023-12-05 16:00,0.413
2023-12-05 17:00,0.420
2023-12-05 18:00,0.414
2023-12-05 19:00,0.387
2023-12-05 20:00,0.333
2023-12-05 21:00,0.279
2023-12-05 22:00,0.235
2023-12-05 23:00,0.198
2023-12-06 00:00,0.169
2023-12-06 01:00,0.147
2023-12-06 02:00,0.128
2023-12-06 03:00,0.111
2023-12-06 04:00,0.101
2023-12-06 05:00,0.094
2023-12-06 06:00,0.080
2023-12-06 07:00,0.062
2023-12-06 08:00,0.057
2023-12-06 09:00,0.071
2023-12-06 10:00,0.086
2023-12-06 11:00,0.089
2023-12-06 12:00,0.101
2023-12-06 13:00,0.120
2023-12-06 14:00,0.181
2023-12-06 15:00,0.293
2023-12-06 16:00,0.413
2023-12-06 17:00,0.466
2023-12-06 18:00,0.483
2023-12-06 19:00,0.463
2023-12-06 20:00,0.457
2023-12-06 21:00,0.449
2023-12-06 22:00,0.473
2023-12-06 23:00,0.502
2023-12-07 00:00,0.542
2023-12-07 01:00,0.585
2023-12-07 02:00,0.629
2023-12-07 03:00,0.653
2023-12-07 04:00,0.683
2023-12-07 05:00,0.716
2023-12-07 06:00,0.743
2023-12-07 07:00,0.773
2023-12-07 08:00,0.790
2023-12-07 09:00,0.786
2023-12-07 10:00,0.826
2023-12-07 11:00,0.872
2023-12-07 12:00,0.845
2023-12-07 13:00,0.858
2023-12-07 14:00,0.871
2023-12-07 15:00,0.882
2023-12-07 16:00,0.859
2023-12-07 17:00,0.819
2023-12-07 18:00,0.759
2023-12-07 19:00,0.730
2023-12-07 20:00,0.622
2023-12-07 21:00,0.513
2023-12-07 22:00,0.447
2023-12-07 23:00,0.409
2023-12-08 00:00,0.390
2023-12-08 01:00,0.393
2023-12-08 02:00,0.393
2023-12-08 03:00,0.377
2023-12-08 04:00,0.370
2023-12-08 05:00,0.374
2023-12-08 06:00,0.376
2023-12-08 07:00,0.384
2023-12-08 08:00,0.395
2023-12-08 09:00,0.402
2023-12-08 10:00,0.413
2023-12-08 11:00,0.439
2023-12-08 12:00,0.497
2023-12-08 13:00,0.546
2023-12-08 14:00,0.580
2023-12-08 15:00,0.609
2023-12-08 16:00,0.612
2023-12-08 17:00,0.620
2023-12-08 18:00,0.594
2023-12-08 19:00,0.569
2023-12-08 20:00,0.546
2023-12-08 21:00,0.523
2023-12-08 22:00,0.519
2023-12-08 23:00,0.542
2023-12-09 00:00,0.513
2023-12-09 01:00,0.473
2023-12-09 02:00,0.435
2023-12-09 03:00,0.450
2023-12-09 04:00,0.484
2023-12-09 05:00,0.525
2023-12-09 06:00,0.581
2023-12-09 07:00,0.669
2023-12-09 08:00,0.793
2023-12-09 09:00,0.779
2023-12-09 10:00,0.757
2023-12-09 11:00,0.715
2023-12-09 12:00,0.859
2023-12-09 13:00,0.959
2023-12-09 14:00,0.981
2023-12-09 15:00,0.988
2023-12-09 16:00,0.991
2023-12-09 17:00,0.993
2023-12-09 18:00,0.992
2023-12-09 19:00,0.990
2023-12-09 20:00,0.990
2023-12-09 21:00,0.990
2023-12-09 22:00,0.993
2023-12-09 23:00,0.993
2023-12-10 00:00,0.989
2023-12-10 01:00,0.980
2023-12-10 02:00,0.957
2023-12-10 03:00,0.919
2023-12-10 04:00,0.837
2023-12-10 05:00,0.678
2023-12-10 06:00,0.526
2023-12-10 07:00,0.403
2023-12-10 08:00,0.279
2023-12-10 09:00,0.209
2023-12-10 10:00,0.238
2023-12-10 11:00,0.280
2023-12-10 12:00,0.408
2023-12-10 13:00,0.487
2023-12-10 14:00,0.591
2023-12-10 15:00,0.574
2023-12-10 16:00,0.639
2023-12-10 17:00,0.631
2023-12-10 18:00,0.624
2023-12-10 19:00,0.629
2023-12-10 20:00,0.643
2023-12-10 21:00,0.700
2023-12-10 22:00,0.737
2023-12-10 23:00,0.783
2023-12-11 00:00,0.813
2023-12-11 01:00,0.784
2023-12-11 02:00,0.705
2023-12-11 03:00,0.590
2023-12-11 04:00,0.543
2023-12-11 05:00,0.483
2023-12-11 06:00,0.390
2023-12-11 07:00,0.330
2023-12-11 08:00,0.279
2023-12-11 09:00,0.227
2023-12-11 10:00,0.185
2023-12-11 11:00,0.170
2023-12-11 12:00,0.160
2023-12-11 13:00,0.143
2023-12-11 14:00,0.135
2023-12-11 15:00,0.122
2023-12-11 16:00,0.084
2023-12-11 17:00,0.055
2023-12-11 18:00,0.031
2023-12-11 19:00,0.025
2023-12-11 20:00,0.059
2023-12-11 21:00,0.132
2023-12-11 22:00,0.203
2023-12-11 23:00,0.258
2023-12-12 00:00,0.314
2023-12-12 01:00,0.370
2023-12-12 02:00,0.409
2023-12-12 03:00,0.442
2023-12-12 04:00,0.455
2023-12-12 05:00,0.442
2023-12-12 06:00,0.400
2023-12-12 07:00,0.354
2023-12-12 08:00,0.297
2023-12-12 09:00,0.276
2023-12-12 10:00,0.211
2023-12-12 11:00,0.156
2023-12-12 12:00,0.113
2023-12-12 13:00,0.086
2023-12-12 14:00,0.082
2023-12-12 15:00,0.081
2023-12-12 16:00,0.080
2023-12-12 17:00,0.078
2023-12-12 18:00,0.086
2023-12-12 19:00,0.111
2023-12-12 20:00,0.162
2023-12-12 21:00,0.246
2023-12-12 22:00,0.350
2023-12-12 23:00,0.406
2023-12-13 00:00,0.461
2023-12-13 01:00,0.546
2023-12-13 02:00,0.612
2023-12-13 03:00,0.685
2023-12-13 04:00,0.755
2023-12-13 05:00,0.809
2023-12-13 06:00,0.837
2023-12-13 07:00,0.855
2023-12-13 08:00,0.855
2023-12-13 09:00,0.829
2023-12-13 10:00,0.783
2023-12-13 11:00,0.750
2023-12-13 12:00,0.715
2023-12-13 13:00,0.654
2023-12-13 14:00,0.603
2023-12-13 15:00,0.526
2023-12-13 16:00,0.462
2023-12-13 17:00,0.416
2023-12-13 18:00,0.364
2023-12-13 19:00,0.291
2023-12-13 20:00,0.196
2023-12-13 21:00,0.120
2023-12-13 22:00,0.069
2023-12-13 23:00,0.046
2023-12-14 00:00,0.081
2023-12-14 01:00,0.143
2023-12-14 02:00,0.191
2023-12-14 03:00,0.246
2023-12-14 04:00,0.305
2023-12-14 05:00,0.382
2023-12-14 06:00,0.433
2023-12-14 07:00,0.462
2023-12-14 08:00,0.510
2023-12-14 09:00,0.491
2023-12-14 10:00,0.432
2023-12-14 11:00,0.387
2023-12-14 12:00,0.350
2023-12-14 13:00,0.341
2023-12-14 14:00,0.383
2023-12-14 15:00,0.485
2023-12-14 16:00,0.539
2023-12-14 17:00,0.529
2023-12-14 18:00,0.525
2023-12-14 19:00,0.561
2023-12-14 20:00,0.588
2023-12-14 21:00,0.613
2023-12-14 22:00,0.639
2023-12-14 23:00,0.651
2023-12-15 00:00,0.626
2023-12-15 01:00,0.614
2023-12-15 02:00,0.616
2023-12-15 03:00,0.618
2023-12-15 04:00,0.616
2023-12-15 05:00,0.594
2023-12-15 06:00,0.574
2023-12-15 07:00,0.585
2023-12-15 08:00,0.629
2023-12-15 09:00,0.566
2023-12-15 10:00,0.450
2023-12-15 11:00,0.352
2023-12-15 12:00,0.330
2023-12-15 13:00,0.365
2023-12-15 14:00,0.439
2023-12-15 15:00,0.550
2023-12-15 16:00,0.612
2023-12-15 17:00,0.616
2023-12-15 18:00,0.617
2023-12-15 19:00,0.612
2023-12-15 20:00,0.621
2023-12-15 21:00,0.637
2023-12-15 22:00,0.661
2023-12-15 23:00,0.679
2023-12-16 00:00,0.704
2023-12-16 01:00,0.734
2023-12-16 02:00,0.767
2023-12-16 03:00,0.754
2023-12-16 04:00,0.719
2023-12-16 05:00,0.701
2023-12-16 06:00,0.690
2023-12-16 07:00,0.663
2023-12-16 08:00,0.661
2023-12-16 09:00,0.653
2023-12-16 10:00,0.650
2023-12-16 11:00,0.654
2023-12-16 12:00,0.702
2023-12-16 13:00,0.700
2023-12-16 14:00,0.705
2023-12-16 15:00,0.716
2023-12-16 16:00,0.729
2023-12-16 17:00,0.721
2023-12-16 18:00,0.719
2023-12-16 19:00,0.717
2023-12-16 20:00,0.742
2023-12-16 21:00,0.783
2023-12-16 22:00,0.808
2023-12-16 23:00,0.809
2023-12-17 00:00,0.805
2023-12-17 01:00,0.811
2023-12-17 02:00,0.824
2023-12-17 03:00,0.836
2023-12-17 04:00,0.854
2023-12-17 05:00,0.878
2023-12-17 06:00,0.889
2023-12-17 07:00,0.884
2023-12-17 08:00,0.868
2023-12-17 09:00,0.883
2023-12-17 10:00,0.883
2023-12-17 11:00,0.887
2023-12-17 12:00,0.883
2023-12-17 13:00,0.888
2023-12-17 14:00,0.888
2023-12-17 15:00,0.873
2023-12-17 16:00,0.839
2023-12-17 17:00,0.827
2023-12-17 18:00,0.819
2023-12-17 19:00,0.793
2023-12-17 20:00,0.718
2023-12-17 21:00,0.679
2023-12-17 22:00,0.667
2023-12-17 23:00,0.676
2023-12-18 00:00,0.679
2023-12-18 01:00,0.669
2023-12-18 02:00,0.656
2023-12-18 03:00,0.653
2023-12-18 04:00,0.653
2023-12-18 05:00,0.651
2023-12-18 06:00,0.669
2023-12-18 07:00,0.689
2023-12-18 08:00,0.708
2023-12-18 09:00,0.742
2023-12-18 10:00,0.710
2023-12-18 11:00,0.643
2023-12-18 12:00,0.645
2023-12-18 13:00,0.671
2023-12-18 14:00,0.693
2023-12-18 15:00,0.758
2023-12-18 16:00,0.779
2023-12-18 17:00,0.732
2023-12-18 18:00,0.673
2023-12-18 19:00,0.654
2023-12-18 20:00,0.598
2023-12-18 21:00,0.556
2023-12-18 22:00,0.469
2023-12-18 23:00,0.393
2023-12-19 00:00,0.367
2023-12-19 01:00,0.339
2023-12-19 02:00,0.342
2023-12-19 03:00,0.409
2023-12-19 04:00,0.383
2023-12-19 05:00,0.374
2023-12-19 06:00,0.400
2023-12-19 07:00,0.455
2023-12-19 08:00,0.457
2023-12-19 09:00,0.429
2023-12-19 10:00,0.436
2023-12-19 11:00,0.459
2023-12-19 12:00,0.525
2023-12-19 13:00,0.590
2023-12-19 14:00,0.672
2023-12-19 15:00,0.735
2023-12-19 16:00,0.788
2023-12-19 17:00,0.812
2023-12-19 18:00,0.819
2023-12-19 19:00,0.841
2023-12-19 20:00,0.852
2023-12-19 21:00,0.868
2023-12-19 22:00,0.891
2023-12-19 23:00,0.905
2023-12-20 00:00,0.923
2023-12-20 01:00,0.929
2023-12-20 02:00,0.930
2023-12-20 03:00,0.927
2023-12-20 04:00,0.922
2023-12-20 05:00,0.914
2023-12-20 06:00,0.899
2023-12-20 07:00,0.880
2023-12-20 08:00,0.885
2023-12-20 09:00,0.900
2023-12-20 10:00,0.906
2023-12-20 11:00,0.916
2023-12-20 12:00,0.937
2023-12-20 13:00,0.953
2023-12-20 14:00,0.947
2023-12-20 15:00,0.930
2023-12-20 16:00,0.922
2023-12-20 17:00,0.917
2023-12-20 18:00,0.909
2023-12-20 19:00,0.919
2023-12-20 20:00,0.922
2023-12-20 21:00,0.939
2023-12-20 22:00,0.949
2023-12-20 23:00,0.958
2023-12-21 00:00,0.970
2023-12-21 01:00,0.981
2023-12-21 02:00,0.988
2023-12-21 03:00,0.992
2023-12-21 04:00,0.992
2023-12-21 05:00,0.979
2023-12-21 06:00,0.965
2023-12-21 07:00,0.965
2023-12-21 08:00,0.975
2023-12-21 09:00,0.986
2023-12-21 10:00,0.991
2023-12-21 11:00,0.993
2023-12-21 12:00,0.993
2023-12-21 13:00,0.991
2023-12-21 14:00,0.990
2023-12-21 15:00,0.987
2023-12-21 16:00,0.983
2023-12-21 17:00,0.980
2023-12-21 18:00,0.975
2023-12-21 19:00,0.972
2023-12-21 20:00,0.967
2023-12-21 21:00,0.962
2023-12-21 22:00,0.955
2023-12-21 23:00,0.946
2023-12-22 00:00,0.937
2023-12-22 01:00,0.933
2023-12-22 02:00,0.929
2023-12-22 03:00,0.937
2023-12-22 04:00,0.949
2023-12-22 05:00,0.955
2023-12-22 06:00,0.956
2023-12-22 07:00,0.959
2023-12-22 08:00,0.965
2023-12-22 09:00,0.970
2023-12-22 10:00,0.975
2023-12-22 11:00,0.980
2023-12-22 12:00,0.983
2023-12-22 13:00,0.980
2023-12-22 14:00,0.974
2023-12-22 15:00,0.966
2023-12-22 16:00,0.954
2023-12-22 17:00,0.941
2023-12-22 18:00,0.924
2023-12-22 19:00,0.906
2023-12-22 20:00,0.896
2023-12-22 21:00,0.913
2023-12-22 22:00,0.940
2023-12-22 23:00,0.955
2023-12-23 00:00,0.967
2023-12-23 01:00,0.977
2023-12-23 02:00,0.983
2023-12-23 03:00,0.982
2023-12-23 04:00,0.978
2023-12-23 05:00,0.972
2023-12-23 06:00,0.962
2023-12-23 07:00,0.955
2023-12-23 08:00,0.945
2023-12-23 09:00,0.936
2023-12-23 10:00,0.927
2023-12-23 11:00,0.928
2023-12-23 12:00,0.927
2023-12-23 13:00,0.926
2023-12-23 14:00,0.918
2023-12-23 15:00,0.904
2023-12-23 16:00,0.905
2023-12-23 17:00,0.902
2023-12-23 18:00,0.888
2023-12-23 19:00,0.875
2023-12-23 20:00,0.880
2023-12-23 21:00,0.926
2023-12-23 22:00,0.946
2023-12-23 23:00,0.950
2023-12-24 00:00,0.943
2023-12-24 01:00,0.929
2023-12-24 02:00,0.914
2023-12-24 03:00,0.925
2023-12-24 04:00,0.934
2023-12-24 05:00,0.949
2023-12-24 06:00,0.956
2023-12-24 07:00,0.966
2023-12-24 08:00,0.974
2023-12-24 09:00,0.979
2023-12-24 10:00,0.983
2023-12-24 11:00,0.988
2023-12-24 12:00,0.992
2023-12-24 13:00,0.992
2023-12-24 14:00,0.992
2023-12-24 15:00,0.990
2023-12-24 16:00,0.986
2023-12-24 17:00,0.982
2023-12-24 18:00,0.977
2023-12-24 19:00,0.970
2023-12-24 20:00,0.957
2023-12-24 21:00,0.941
2023-12-24 22:00,0.919
2023-12-24 23:00,0.890
2023-12-25 00:00,0.846
2023-12-25 01:00,0.791
2023-12-25 02:00,0.730
2023-12-25 03:00,0.662
2023-12-25 04:00,0.600
2023-12-25 05:00,0.542
2023-12-25 06:00,0.486
2023-12-25 07:00,0.528
2023-12-25 08:00,0.572
2023-12-25 09:00,0.581
2023-12-25 10:00,0.572
2023-12-25 11:00,0.600
2023-12-25 12:00,0.639
2023-12-25 13:00,0.694
2023-12-25 14:00,0.713
2023-12-25 15:00,0.736
2023-12-25 16:00,0.775
2023-12-25 17:00,0.814
2023-12-25 18:00,0.846
2023-12-25 19:00,0.877
2023-12-25 20:00,0.901
2023-12-25 21:00,0.903
2023-12-25 22:00,0.917
2023-12-25 23:00,0.929
2023-12-26 00:00,0.932
2023-12-26 01:00,0.938
2023-12-26 02:00,0.955
2023-12-26 03:00,0.955
2023-12-26 04:00,0.946
2023-12-26 05:00,0.903
2023-12-26 06:00,0.791
2023-12-26 07:00,0.609
2023-12-26 08:00,0.500
2023-12-26 09:00,0.416
2023-12-26 10:00,0.289
2023-12-26 11:00,0.215
2023-12-26 12:00,0.194
2023-12-26 13:00,0.158
2023-12-26 14:00,0.134
2023-12-26 15:00,0.140
2023-12-26 16:00,0.110
2023-12-26 17:00,0.031
2023-12-26 18:00,0.011
2023-12-26 19:00,0.065
2023-12-26 20:00,0.192
2023-12-26 21:00,0.313
2023-12-26 22:00,0.364
2023-12-26 23:00,0.373
2023-12-27 00:00,0.383
2023-12-27 01:00,0.425
2023-12-27 02:00,0.505
2023-12-27 03:00,0.609
2023-12-27 04:00,0.733
2023-12-27 05:00,0.785
2023-12-27 06:00,0.817
2023-12-27 07:00,0.837
2023-12-27 08:00,0.871
2023-12-27 09:00,0.926
2023-12-27 10:00,0.955
2023-12-27 11:00,0.970
2023-12-27 12:00,0.982
2023-12-27 13:00,0.990
2023-12-27 14:00,0.992
2023-12-27 15:00,0.985
2023-12-27 16:00,0.972
2023-12-27 17:00,0.932
2023-12-27 18:00,0.919
2023-12-27 19:00,0.927
2023-12-27 20:00,0.954
2023-12-27 21:00,0.974
2023-12-27 22:00,0.977
2023-12-27 23:00,0.980
2023-12-28 00:00,0.989
2023-12-28 01:00,0.992
2023-12-28 02:00,0.991
2023-12-28 03:00,0.986
2023-12-28 04:00,0.975
2023-12-28 05:00,0.952
2023-12-28 06:00,0.912
2023-12-28 07:00,0.850
2023-12-28 08:00,0.875
2023-12-28 09:00,0.901
2023-12-28 10:00,0.923
2023-12-28 11:00,0.958
2023-12-28 12:00,0.980
2023-12-28 13:00,0.987
2023-12-28 14:00,0.986
2023-12-28 15:00,0.975
2023-12-28 16:00,0.963
2023-12-28 17:00,0.955
2023-12-28 18:00,0.954
2023-12-28 19:00,0.961
2023-12-28 20:00,0.969
2023-12-28 21:00,0.974
2023-12-28 22:00,0.978
2023-12-28 23:00,0.980
2023-12-29 00:00,0.980
2023-12-29 01:00,0.981
2023-12-29 02:00,0.980
2023-12-29 03:00,0.979
2023-12-29 04:00,0.977
2023-12-29 05:00,0.973
2023-12-29 06:00,0.969
2023-12-29 07:00,0.963
2023-12-29 08:00,0.954
2023-12-29 09:00,0.941
2023-12-29 10:00,0.932
2023-12-29 11:00,0.924
2023-12-29 12:00,0.918
2023-12-29 13:00,0.898
2023-12-29 14:00,0.861
2023-12-29 15:00,0.834
2023-12-29 16:00,0.821
2023-12-29 17:00,0.779
2023-12-29 18:00,0.774
2023-12-29 19:00,0.786
2023-12-29 20:00,0.811
2023-12-29 21:00,0.793
2023-12-29 22:00,0.775
2023-12-29 23:00,0.765
2023-12-30 00:00,0.733
2023-12-30 01:00,0.648
2023-12-30 02:00,0.583
2023-12-30 03:00,0.480
2023-12-30 04:00,0.341
2023-12-30 05:00,0.241
2023-12-30 06:00,0.209
2023-12-30 07:00,0.242
2023-12-30 08:00,0.338
2023-12-30 09:00,0.473
2023-12-30 10:00,0.622
2023-12-30 11:00,0.737
2023-12-30 12:00,0.800
2023-12-30 13:00,0.828
2023-12-30 14:00,0.853
2023-12-30 15:00,0.875
2023-12-30 16:00,0.868
2023-12-30 17:00,0.839
2023-12-30 18:00,0.839
2023-12-30 19:00,0.827
2023-12-30 20:00,0.809
2023-12-30 21:00,0.812
2023-12-30 22:00,0.816
2023-12-30 23:00,0.777
2023-12-31 00:00,0.658
2023-12-31 01:00,0.446
2023-12-31 02:00,0.277
2023-12-31 03:00,0.250
2023-12-31 04:00,0.277
2023-12-31 05:00,0.327
2023-12-31 06:00,0.390
2023-12-31 07:00,0.403
2023-12-31 08:00,0.398
2023-12-31 09:00,0.430
2023-12-31 10:00,0.490
2023-12-31 11:00,0.466
2023-12-31 12:00,0.448
2023-12-31 13:00,0.448
2023-12-31 14:00,0.476
2023-12-31 15:00,0.547
2023-12-31 16:00,0.583
2023-12-31 17:00,0.616
2023-12-31 18:00,0.623
2023-12-31 19:00,0.613
2023-12-31 20:00,0.617
2023-12-31 21:00,0.652
2023-12-31 22:00,0.687
2023-12-31 23:00,0.715
2024-01-01 00:00,0.729
2024-01-01 01:00,0.732
2024-01-01 02:00,0.785
2024-01-01 03:00,0.859
2024-01-01 04:00,0.903
2024-01-01 05:00,0.889
2024-01-01 06:00,0.878
2024-01-01 07:00,0.845
2024-01-01 08:00,0.790
2024-01-01 09:00,0.705
2024-01-01 10:00,0.648
2024-01-01 11:00,0.569
2024-01-01 12:00,0.442
2024-01-01 13:00,0.336
2024-01-01 14:00,0.279
2024-01-01 15:00,0.324
2024-01-01 16:00,0.393
2024-01-01 17:00,0.450
2024-01-01 18:00,0.539
2024-01-01 19:00,0.681
2024-01-01 20:00,0.801
2024-01-01 21:00,0.818
2024-01-01 22:00,0.652
2024-01-01 23:00,0.497
2024-01-02 00:00,0.584
2024-01-02 01:00,0.773
2024-01-02 02:00,0.826
2024-01-02 03:00,0.799
2024-01-02 04:00,0.721
2024-01-02 05:00,0.655
2024-01-02 06:00,0.542
2024-01-02 07:00,0.443
2024-01-02 08:00,0.385
2024-01-02 09:00,0.313
2024-01-02 10:00,0.215
2024-01-02 11:00,0.119
2024-01-02 12:00,0.105
2024-01-02 13:00,0.153
2024-01-02 14:00,0.268
2024-01-02 15:00,0.377
2024-01-02 16:00,0.409
2024-01-02 17:00,0.430
2024-01-02 18:00,0.430
2024-01-02 19:00,0.374
2024-01-02 20:00,0.355
2024-01-02 21:00,0.404
2024-01-02 22:00,0.542
2024-01-02 23:00,0.629
2024-01-03 00:00,0.648
2024-01-03 01:00,0.604
2024-01-03 02:00,0.539
2024-01-03 03:00,0.449
2024-01-03 04:00,0.367
2024-01-03 05:00,0.330
2024-01-03 06:00,0.285
2024-01-03 07:00,0.231
2024-01-03 08:00,0.178
2024-01-03 09:00,0.136
2024-01-03 10:00,0.107
2024-01-03 11:00,0.086
2024-01-03 12:00,0.081
2024-01-03 13:00,0.101
2024-01-03 14:00,0.146
2024-01-03 15:00,0.204
2024-01-03 16:00,0.293
2024-01-03 17:00,0.342
2024-01-03 18:00,0.361
2024-01-03 19:00,0.369
2024-01-03 20:00,0.382
2024-01-03 21:00,0.387
2024-01-03 22:00,0.384
2024-01-03 23:00,0.359
2024-01-04 00:00,0.341
2024-01-04 01:00,0.322
2024-01-04 02:00,0.292
2024-01-04 03:00,0.302
2024-01-04 04:00,0.321
2024-01-04 05:00,0.351
2024-01-04 06:00,0.433
2024-01-04 07:00,0.457
2024-01-04 08:00,0.438
2024-01-04 09:00,0.368
2024-01-04 10:00,0.260
2024-01-04 11:00,0.214
2024-01-04 12:00,0.194
2024-01-04 13:00,0.164
2024-01-04 14:00,0.154
2024-01-04 15:00,0.123
2024-01-04 16:00,0.075
2024-01-04 17:00,0.034
2024-01-04 18:00,0.013
2024-01-04 19:00,0.015
2024-01-04 20:00,0.027
2024-01-04 21:00,0.059
2024-01-04 22:00,0.105
2024-01-04 23:00,0.160
2024-01-05 00:00,0.214
2024-01-05 01:00,0.246
2024-01-05 02:00,0.253
2024-01-05 03:00,0.242
2024-01-05 04:00,0.225
2024-01-05 05:00,0.206
2024-01-05 06:00,0.186
2024-01-05 07:00,0.146
2024-01-05 08:00,0.131
2024-01-05 09:00,0.114
2024-01-05 10:00,0.091
2024-01-05 11:00,0.070
2024-01-05 12:00,0.059
2024-01-05 13:00,0.049
2024-01-05 14:00,0.045
2024-01-05 15:00,0.058
2024-01-05 16:00,0.074
2024-01-05 17:00,0.084
2024-01-05 18:00,0.087
2024-01-05 19:00,0.089
2024-01-05 20:00,0.094
2024-01-05 21:00,0.113
2024-01-05 22:00,0.134
2024-01-05 23:00,0.148
2024-01-06 00:00,0.168
2024-01-06 01:00,0.160
2024-01-06 02:00,0.148
2024-01-06 03:00,0.139
2024-01-06 04:00,0.132
2024-01-06 05:00,0.128
2024-01-06 06:00,0.128
2024-01-06 07:00,0.128
2024-01-06 08:00,0.125
2024-01-06 09:00,0.111
2024-01-06 10:00,0.085
2024-01-06 11:00,0.069
2024-01-06 12:00,0.069
2024-01-06 13:00,0.078
2024-01-06 14:00,0.089
2024-01-06 15:00,0.100
2024-01-06 16:00,0.113
2024-01-06 17:00,0.119
2024-01-06 18:00,0.123
2024-01-06 19:00,0.128
2024-01-06 20:00,0.132
2024-01-06 21:00,0.132
2024-01-06 22:00,0.130
2024-01-06 23:00,0.128
2024-01-07 00:00,0.133
2024-01-07 01:00,0.140
2024-01-07 02:00,0.150
2024-01-07 03:00,0.164
2024-01-07 04:00,0.175
2024-01-07 05:00,0.186
2024-01-07 06:00,0.186
2024-01-07 07:00,0.175
2024-01-07 08:00,0.166
2024-01-07 09:00,0.147
2024-01-07 10:00,0.109
2024-01-07 11:00,0.079
2024-01-07 12:00,0.080
2024-01-07 13:00,0.085
2024-01-07 14:00,0.101
2024-01-07 15:00,0.127
2024-01-07 16:00,0.147
2024-01-07 17:00,0.162
2024-01-07 18:00,0.169
2024-01-07 19:00,0.172
2024-01-07 20:00,0.169
2024-01-07 21:00,0.166
2024-01-07 22:00,0.165
2024-01-07 23:00,0.162
2024-01-08 00:00,0.161
2024-01-08 01:00,0.167
2024-01-08 02:00,0.194
2024-01-08 03:00,0.240
2024-01-08 04:00,0.286
2024-01-08 05:00,0.341
2024-01-08 06:00,0.406
2024-01-08 07:00,0.453
2024-01-08 08:00,0.496
2024-01-08 09:00,0.490
2024-01-08 10:00,0.439
2024-01-08 11:00,0.370
2024-01-08 12:00,0.409
2024-01-08 13:00,0.490
2024-01-08 14:00,0.562
2024-01-08 15:00,0.606
2024-01-08 16:00,0.626
2024-01-08 17:00,0.625
2024-01-08 18:00,0.642
2024-01-08 19:00,0.654
2024-01-08 20:00,0.676
2024-01-08 21:00,0.695
2024-01-08 22:00,0.690
2024-01-08 23:00,0.683
2024-01-09 00:00,0.693
2024-01-09 01:00,0.694
2024-01-09 02:00,0.684
2024-01-09 03:00,0.682
2024-01-09 04:00,0.691
2024-01-09 05:00,0.696
2024-01-09 06:00,0.677
2024-01-09 07:00,0.683
2024-01-09 08:00,0.696
2024-01-09 09:00,0.643
2024-01-09 10:00,0.557
2024-01-09 11:00,0.523
2024-01-09 12:00,0.642
2024-01-09 13:00,0.647
2024-01-09 14:00,0.634
2024-01-09 15:00,0.663
2024-01-09 16:00,0.677
2024-01-09 17:00,0.661
2024-01-09 18:00,0.645
2024-01-09 19:00,0.645
2024-01-09 20:00,0.643
2024-01-09 21:00,0.631
2024-01-09 22:00,0.600
2024-01-09 23:00,0.572
2024-01-10 00:00,0.562
2024-01-10 01:00,0.516
2024-01-10 02:00,0.499
2024-01-10 03:00,0.467
2024-01-10 04:00,0.458
2024-01-10 05:00,0.426
2024-01-10 06:00,0.400
2024-01-10 07:00,0.394
2024-01-10 08:00,0.388
2024-01-10 09:00,0.366
2024-01-10 10:00,0.306
2024-01-10 11:00,0.289
2024-01-10 12:00,0.287
2024-01-10 13:00,0.287
2024-01-10 14:00,0.325
2024-01-10 15:00,0.416
2024-01-10 16:00,0.463
2024-01-10 17:00,0.470
2024-01-10 18:00,0.453
2024-01-10 19:00,0.442
2024-01-10 20:00,0.432
2024-01-10 21:00,0.461
2024-01-10 22:00,0.463
2024-01-10 23:00,0.450
2024-01-11 00:00,0.458
2024-01-11 01:00,0.476
2024-01-11 02:00,0.467
2024-01-11 03:00,0.442
2024-01-11 04:00,0.425
2024-01-11 05:00,0.436
2024-01-11 06:00,0.456
2024-01-11 07:00,0.456
2024-01-11 08:00,0.423
2024-01-11 09:00,0.349
2024-01-11 10:00,0.287
2024-01-11 11:00,0.296
2024-01-11 12:00,0.367
2024-01-11 13:00,0.403
2024-01-11 14:00,0.436
2024-01-11 15:00,0.473
2024-01-11 16:00,0.497
2024-01-11 17:00,0.511
2024-01-11 18:00,0.516
2024-01-11 19:00,0.499
2024-01-11 20:00,0.476
2024-01-11 21:00,0.450
2024-01-11 22:00,0.419
2024-01-11 23:00,0.387
2024-01-12 00:00,0.348
2024-01-12 01:00,0.320
2024-01-12 02:00,0.299
2024-01-12 03:00,0.298
2024-01-12 04:00,0.309
2024-01-12 05:00,0.307
2024-01-12 06:00,0.285
2024-01-12 07:00,0.246
2024-01-12 08:00,0.191
2024-01-12 09:00,0.119
2024-01-12 10:00,0.051
2024-01-12 11:00,0.026
2024-01-12 12:00,0.020
2024-01-12 13:00,0.030
2024-01-12 14:00,0.057
2024-01-12 15:00,0.097
2024-01-12 16:00,0.131
2024-01-12 17:00,0.141
2024-01-12 18:00,0.145
2024-01-12 19:00,0.169
2024-01-12 20:00,0.217
2024-01-12 21:00,0.263
2024-01-12 22:00,0.301
2024-01-12 23:00,0.355
2024-01-13 00:00,0.364
2024-01-13 01:00,0.383
2024-01-13 02:00,0.413
2024-01-13 03:00,0.426
2024-01-13 04:00,0.430
2024-01-13 05:00,0.436
2024-01-13 06:00,0.462
2024-01-13 07:00,0.473
2024-01-13 08:00,0.470
2024-01-13 09:00,0.403
2024-01-13 10:00,0.309
2024-01-13 11:00,0.276
2024-01-13 12:00,0.279
2024-01-13 13:00,0.299
2024-01-13 14:00,0.313
2024-01-13 15:00,0.348
2024-01-13 16:00,0.363
2024-01-13 17:00,0.361
2024-01-13 18:00,0.359
2024-01-13 19:00,0.342
2024-01-13 20:00,0.335
2024-01-13 21:00,0.352
2024-01-13 22:00,0.384
2024-01-13 23:00,0.406
2024-01-14 00:00,0.397
2024-01-14 01:00,0.373
2024-01-14 02:00,0.309
2024-01-14 03:00,0.256
2024-01-14 04:00,0.227
2024-01-14 05:00,0.224
2024-01-14 06:00,0.226
2024-01-14 07:00,0.242
2024-01-14 08:00,0.269
2024-01-14 09:00,0.235
2024-01-14 10:00,0.196
2024-01-14 11:00,0.204
2024-01-14 12:00,0.238
2024-01-14 13:00,0.276
2024-01-14 14:00,0.321
2024-01-14 15:00,0.393
2024-01-14 16:00,0.456
2024-01-14 17:00,0.471
2024-01-14 18:00,0.467
2024-01-14 19:00,0.461
2024-01-14 20:00,0.470
2024-01-14 21:00,0.502
2024-01-14 22:00,0.532
2024-01-14 23:00,0.594
2024-01-15 00:00,0.597
2024-01-15 01:00,0.555
2024-01-15 02:00,0.562
2024-01-15 03:00,0.583
2024-01-15 04:00,0.577
2024-01-15 05:00,0.577
2024-01-15 06:00,0.590
2024-01-15 07:00,0.593
2024-01-15 08:00,0.586
2024-01-15 09:00,0.520
2024-01-15 10:00,0.493
2024-01-15 11:00,0.601
2024-01-15 12:00,0.590
2024-01-15 13:00,0.560
2024-01-15 14:00,0.510
2024-01-15 15:00,0.489
2024-01-15 16:00,0.463
2024-01-15 17:00,0.395
2024-01-15 18:00,0.340
2024-01-15 19:00,0.299
2024-01-15 20:00,0.273
2024-01-15 21:00,0.267
2024-01-15 22:00,0.265
2024-01-15 23:00,0.259
2024-01-16 00:00,0.250
2024-01-16 01:00,0.238
2024-01-16 02:00,0.238
2024-01-16 03:00,0.247
2024-01-16 04:00,0.257
2024-01-16 05:00,0.256
2024-01-16 06:00,0.277
2024-01-16 07:00,0.303
2024-01-16 08:00,0.323
2024-01-16 09:00,0.301
2024-01-16 10:00,0.285
2024-01-16 11:00,0.353
2024-01-16 12:00,0.410
2024-01-16 13:00,0.493
2024-01-16 14:00,0.628
2024-01-16 15:00,0.746
2024-01-16 16:00,0.804
2024-01-16 17:00,0.840
2024-01-16 18:00,0.834
2024-01-16 19:00,0.837
2024-01-16 20:00,0.780
2024-01-16 21:00,0.721
2024-01-16 22:00,0.633
2024-01-16 23:00,0.566
2024-01-17 00:00,0.455
2024-01-17 01:00,0.353
2024-01-17 02:00,0.266
2024-01-17 03:00,0.231
2024-01-17 04:00,0.232
2024-01-17 05:00,0.242
2024-01-17 06:00,0.222
2024-01-17 07:00,0.187
2024-01-17 08:00,0.160
2024-01-17 09:00,0.113
2024-01-17 10:00,0.090
2024-01-17 11:00,0.114
2024-01-17 12:00,0.126
2024-01-17 13:00,0.137
2024-01-17 14:00,0.140
2024-01-17 15:00,0.175
2024-01-17 16:00,0.220
2024-01-17 17:00,0.248
2024-01-17 18:00,0.266
2024-01-17 19:00,0.271
2024-01-17 20:00,0.277
2024-01-17 21:00,0.276
2024-01-17 22:00,0.259
2024-01-17 23:00,0.247
2024-01-18 00:00,0.246
2024-01-18 01:00,0.243
2024-01-18 02:00,0.247
2024-01-18 03:00,0.258
2024-01-18 04:00,0.288
2024-01-18 05:00,0.349
2024-01-18 06:00,0.358
2024-01-18 07:00,0.350
2024-01-18 08:00,0.347
2024-01-18 09:00,0.291
2024-01-18 10:00,0.267
2024-01-18 11:00,0.275
2024-01-18 12:00,0.271
2024-01-18 13:00,0.277
2024-01-18 14:00,0.281
2024-01-18 15:00,0.406
2024-01-18 16:00,0.545
2024-01-18 17:00,0.574
2024-01-18 18:00,0.577
2024-01-18 19:00,0.584
2024-01-18 20:00,0.594
2024-01-18 21:00,0.600
2024-01-18 22:00,0.594
2024-01-18 23:00,0.582
2024-01-19 00:00,0.581
2024-01-19 01:00,0.585
2024-01-19 02:00,0.588
2024-01-19 03:00,0.591
2024-01-19 04:00,0.609
2024-01-19 05:00,0.625
2024-01-19 06:00,0.628
2024-01-19 07:00,0.627
2024-01-19 08:00,0.594
2024-01-19 09:00,0.523
2024-01-19 10:00,0.474
2024-01-19 11:00,0.466
2024-01-19 12:00,0.518
2024-01-19 13:00,0.572
2024-01-19 14:00,0.622
2024-01-19 15:00,0.669
2024-01-19 16:00,0.694
2024-01-19 17:00,0.675
2024-01-19 18:00,0.658
2024-01-19 19:00,0.648
2024-01-19 20:00,0.707
2024-01-19 21:00,0.747
2024-01-19 22:00,0.711
2024-01-19 23:00,0.708
2024-01-20 00:00,0.715
2024-01-20 01:00,0.725
2024-01-20 02:00,0.712
2024-01-20 03:00,0.648
2024-01-20 04:00,0.663
2024-01-20 05:00,0.683
2024-01-20 06:00,0.703
2024-01-20 07:00,0.725
2024-01-20 08:00,0.737
2024-01-20 09:00,0.731
2024-01-20 10:00,0.741
2024-01-20 11:00,0.752
2024-01-20 12:00,0.772
2024-01-20 13:00,0.819
2024-01-20 14:00,0.843
2024-01-20 15:00,0.837
2024-01-20 16:00,0.830
2024-01-20 17:00,0.824
2024-01-20 18:00,0.834
2024-01-20 19:00,0.893
2024-01-20 20:00,0.914
2024-01-20 21:00,0.944
2024-01-20 22:00,0.958
2024-01-20 23:00,0.962
2024-01-21 00:00,0.962
2024-01-21 01:00,0.954
2024-01-21 02:00,0.931
2024-01-21 03:00,0.921
2024-01-21 04:00,0.891
2024-01-21 05:00,0.864
2024-01-21 06:00,0.853
2024-01-21 07:00,0.828
2024-01-21 08:00,0.850
2024-01-21 09:00,0.853
2024-01-21 10:00,0.875
2024-01-21 11:00,0.917
2024-01-21 12:00,0.957
2024-01-21 13:00,0.974
2024-01-21 14:00,0.983
2024-01-21 15:00,0.990
2024-01-21 16:00,0.993
2024-01-21 17:00,0.993
2024-01-21 18:00,0.987
2024-01-21 19:00,0.984
2024-01-21 20:00,0.975
2024-01-21 21:00,0.970
2024-01-21 22:00,0.984
2024-01-21 23:00,0.984
2024-01-22 00:00,0.976
2024-01-22 01:00,0.987
2024-01-22 02:00,0.993
2024-01-22 03:00,0.989
2024-01-22 04:00,0.987
2024-01-22 05:00,0.984
2024-01-22 06:00,0.979
2024-01-22 07:00,0.974
2024-01-22 08:00,0.967
2024-01-22 09:00,0.964
2024-01-22 10:00,0.964
2024-01-22 11:00,0.967
2024-01-22 12:00,0.975
2024-01-22 13:00,0.980
2024-01-22 14:00,0.976
2024-01-22 15:00,0.969
2024-01-22 16:00,0.968
2024-01-22 17:00,0.972
2024-01-22 18:00,0.974
2024-01-22 19:00,0.976
2024-01-22 20:00,0.973
2024-01-22 21:00,0.968
2024-01-22 22:00,0.968
2024-01-22 23:00,0.962
2024-01-23 00:00,0.940
2024-01-23 01:00,0.893
2024-01-23 02:00,0.824
2024-01-23 03:00,0.729
2024-01-23 04:00,0.641
2024-01-23 05:00,0.510
2024-01-23 06:00,0.409
2024-01-23 07:00,0.452
2024-01-23 08:00,0.553
2024-01-23 09:00,0.703
2024-01-23 10:00,0.833
2024-01-23 11:00,0.950
2024-01-23 12:00,0.958
2024-01-23 13:00,0.954
2024-01-23 14:00,0.968
2024-01-23 15:00,0.969
2024-01-23 16:00,0.974
2024-01-23 17:00,0.980
2024-01-23 18:00,0.991
2024-01-23 19:00,0.992
2024-01-23 20:00,0.993
2024-01-23 21:00,0.993
2024-01-23 22:00,0.993
2024-01-23 23:00,0.993
2024-01-24 00:00,0.992
2024-01-24 01:00,0.991
2024-01-24 02:00,0.991
2024-01-24 03:00,0.991
2024-01-24 04:00,0.992
2024-01-24 05:00,0.993
2024-01-24 06:00,0.993
2024-01-24 07:00,0.992
2024-01-24 08:00,0.988
2024-01-24 09:00,0.981
2024-01-24 10:00,0.971
2024-01-24 11:00,0.960
2024-01-24 12:00,0.943
2024-01-24 13:00,0.920
2024-01-24 14:00,0.893
2024-01-24 15:00,0.863
2024-01-24 16:00,0.818
2024-01-24 17:00,0.727
2024-01-24 18:00,0.591
2024-01-24 19:00,0.533
2024-01-24 20:00,0.499
2024-01-24 21:00,0.460
2024-01-24 22:00,0.393
2024-01-24 23:00,0.302
2024-01-25 00:00,0.224
2024-01-25 01:00,0.163
2024-01-25 02:00,0.131
2024-01-25 03:00,0.124
2024-01-25 04:00,0.140
2024-01-25 05:00,0.180
2024-01-25 06:00,0.241
2024-01-25 07:00,0.349
2024-01-25 08:00,0.491
2024-01-25 09:00,0.519
2024-01-25 10:00,0.504
2024-01-25 11:00,0.438
2024-01-25 12:00,0.412
2024-01-25 13:00,0.628
2024-01-25 14:00,0.721
2024-01-25 15:00,0.760
2024-01-25 16:00,0.803
2024-01-25 17:00,0.819
2024-01-25 18:00,0.790
2024-01-25 19:00,0.810
2024-01-25 20:00,0.835
2024-01-25 21:00,0.845
2024-01-25 22:00,0.851
2024-01-25 23:00,0.858
2024-01-26 00:00,0.904
2024-01-26 01:00,0.955
2024-01-26 02:00,0.977
2024-01-26 03:00,0.964
2024-01-26 04:00,0.944
2024-01-26 05:00,0.955
2024-01-26 06:00,0.945
2024-01-26 07:00,0.917
2024-01-26 08:00,0.895
2024-01-26 09:00,0.865
2024-01-26 10:00,0.853
2024-01-26 11:00,0.868
2024-01-26 12:00,0.862
2024-01-26 13:00,0.824
2024-01-26 14:00,0.761
2024-01-26 15:00,0.709
2024-01-26 16:00,0.692
2024-01-26 17:00,0.645
2024-01-26 18:00,0.626
2024-01-26 19:00,0.625
2024-01-26 20:00,0.620
2024-01-26 21:00,0.631
2024-01-26 22:00,0.637
2024-01-26 23:00,0.625
2024-01-27 00:00,0.601
2024-01-27 01:00,0.594
2024-01-27 02:00,0.523
2024-01-27 03:00,0.517
2024-01-27 04:00,0.479
2024-01-27 05:00,0.505
2024-01-27 06:00,0.497
2024-01-27 07:00,0.516
2024-01-27 08:00,0.556
2024-01-27 09:00,0.549
2024-01-27 10:00,0.533
2024-01-27 11:00,0.549
2024-01-27 12:00,0.536
2024-01-27 13:00,0.483
2024-01-27 14:00,0.454
2024-01-27 15:00,0.480
2024-01-27 16:00,0.528
2024-01-27 17:00,0.542
2024-01-27 18:00,0.533
2024-01-27 19:00,0.546
2024-01-27 20:00,0.556
2024-01-27 21:00,0.542
2024-01-27 22:00,0.518
2024-01-27 23:00,0.494
2024-01-28 00:00,0.505
2024-01-28 01:00,0.497
2024-01-28 02:00,0.558
2024-01-28 03:00,0.547
2024-01-28 04:00,0.549
2024-01-28 05:00,0.558
2024-01-28 06:00,0.593
2024-01-28 07:00,0.597
2024-01-28 08:00,0.600
2024-01-28 09:00,0.637
2024-01-28 10:00,0.640
2024-01-28 11:00,0.712
2024-01-28 12:00,0.704
2024-01-28 13:00,0.719
2024-01-28 14:00,0.729
2024-01-28 15:00,0.753
2024-01-28 16:00,0.768
2024-01-28 17:00,0.763
2024-01-28 18:00,0.759
2024-01-28 19:00,0.752
2024-01-28 20:00,0.720
2024-01-28 21:00,0.696
2024-01-28 22:00,0.683
2024-01-28 23:00,0.591
2024-01-29 00:00,0.412
2024-01-29 01:00,0.259
2024-01-29 02:00,0.138
2024-01-29 03:00,0.096
2024-01-29 04:00,0.103
2024-01-29 05:00,0.102
2024-01-29 06:00,0.097
2024-01-29 07:00,0.137
2024-01-29 08:00,0.190
2024-01-29 09:00,0.227
2024-01-29 10:00,0.208
2024-01-29 11:00,0.192
2024-01-29 12:00,0.224
2024-01-29 13:00,0.300
2024-01-29 14:00,0.386
2024-01-29 15:00,0.406
2024-01-29 16:00,0.429
2024-01-29 17:00,0.515
2024-01-29 18:00,0.563
2024-01-29 19:00,0.622
2024-01-29 20:00,0.581
2024-01-29 21:00,0.549
2024-01-29 22:00,0.525
2024-01-29 23:00,0.499
2024-01-30 00:00,0.396
2024-01-30 01:00,0.316
2024-01-30 02:00,0.330
2024-01-30 03:00,0.390
2024-01-30 04:00,0.460
2024-01-30 05:00,0.498
2024-01-30 06:00,0.539
2024-01-30 07:00,0.571
2024-01-30 08:00,0.536
2024-01-30 09:00,0.457
2024-01-30 10:00,0.429
2024-01-30 11:00,0.365
2024-01-30 12:00,0.352
2024-01-30 13:00,0.358
2024-01-30 14:00,0.311
2024-01-30 15:00,0.283
2024-01-30 16:00,0.295
2024-01-30 17:00,0.326
2024-01-30 18:00,0.404
2024-01-30 19:00,0.445
2024-01-30 20:00,0.452
2024-01-30 21:00,0.506
2024-01-30 22:00,0.524
2024-01-30 23:00,0.552
2024-01-31 00:00,0.568
2024-01-31 01:00,0.559
2024-01-31 02:00,0.559
2024-01-31 03:00,0.572
2024-01-31 04:00,0.546
2024-01-31 05:00,0.499
2024-01-31 06:00,0.502
2024-01-31 07:00,0.549
2024-01-31 08:00,0.616
2024-01-31 09:00,0.660
2024-01-31 10:00,0.725
2024-01-31 11:00,0.826
2024-01-31 12:00,0.879
2024-01-31 13:00,0.949
2024-01-31 14:00,0.975
2024-01-31 15:00,0.982
2024-01-31 16:00,0.980
2024-01-31 17:00,0.971
2024-01-31 18:00,0.937
2024-01-31 19:00,0.856
2024-01-31 20:00,0.731
2024-01-31 21:00,0.620
2024-01-31 22:00,0.569
2024-01-31 23:00,0.564
2024-02-01 00:00,0.549
2024-02-01 01:00,0.542
2024-02-01 02:00,0.589
2024-02-01 03:00,0.622
2024-02-01 04:00,0.640
2024-02-01 05:00,0.636
2024-02-01 06:00,0.630
2024-02-01 07:00,0.617
2024-02-01 08:00,0.569
2024-02-01 09:00,0.452
2024-02-01 10:00,0.413
2024-02-01 11:00,0.458
2024-02-01 12:00,0.450
2024-02-01 13:00,0.442
2024-02-01 14:00,0.450
2024-02-01 15:00,0.476
2024-02-01 16:00,0.492
2024-02-01 17:00,0.536
2024-02-01 18:00,0.591
2024-02-01 19:00,0.586
2024-02-01 20:00,0.613
2024-02-01 21:00,0.661
2024-02-01 22:00,0.703
2024-02-01 23:00,0.735
2024-02-02 00:00,0.780
2024-02-02 01:00,0.805
2024-02-02 02:00,0.814
2024-02-02 03:00,0.801
2024-02-02 04:00,0.791
2024-02-02 05:00,0.794
2024-02-02 06:00,0.813
2024-02-02 07:00,0.822
2024-02-02 08:00,0.825
2024-02-02 09:00,0.833
2024-02-02 10:00,0.819
2024-02-02 11:00,0.821
2024-02-02 12:00,0.838
2024-02-02 13:00,0.861
2024-02-02 14:00,0.879
2024-02-02 15:00,0.887
2024-02-02 16:00,0.894
2024-02-02 17:00,0.884
2024-02-02 18:00,0.865
2024-02-02 19:00,0.857
2024-02-02 20:00,0.860
2024-02-02 21:00,0.871
2024-02-02 22:00,0.887
2024-02-02 23:00,0.899
2024-02-03 00:00,0.903
2024-02-03 01:00,0.903
2024-02-03 02:00,0.901
2024-02-03 03:00,0.891
2024-02-03 04:00,0.856
2024-02-03 05:00,0.828
2024-02-03 06:00,0.792
2024-02-03 07:00,0.748
2024-02-03 08:00,0.721
2024-02-03 09:00,0.698
2024-02-03 10:00,0.672
2024-02-03 11:00,0.661
2024-02-03 12:00,0.625
2024-02-03 13:00,0.583
2024-02-03 14:00,0.556
2024-02-03 15:00,0.520
2024-02-03 16:00,0.587
2024-02-03 17:00,0.637
2024-02-03 18:00,0.637
2024-02-03 19:00,0.650
2024-02-03 20:00,0.651
2024-02-03 21:00,0.686
2024-02-03 22:00,0.741
2024-02-03 23:00,0.775
2024-02-04 00:00,0.808
2024-02-04 01:00,0.827
2024-02-04 02:00,0.819
2024-02-04 03:00,0.808
2024-02-04 04:00,0.799
2024-02-04 05:00,0.792
2024-02-04 06:00,0.795
2024-02-04 07:00,0.797
2024-02-04 08:00,0.794
2024-02-04 09:00,0.789
2024-02-04 10:00,0.818
2024-02-04 11:00,0.847
2024-02-04 12:00,0.902
2024-02-04 13:00,0.953
2024-02-04 14:00,0.974
2024-02-04 15:00,0.975
2024-02-04 16:00,0.975
2024-02-04 17:00,0.978
2024-02-04 18:00,0.977
2024-02-04 19:00,0.972
2024-02-04 20:00,0.964
2024-02-04 21:00,0.955
2024-02-04 22:00,0.950
2024-02-04 23:00,0.946
2024-02-05 00:00,0.943
2024-02-05 01:00,0.943
2024-02-05 02:00,0.941
2024-02-05 03:00,0.935
2024-02-05 04:00,0.929
2024-02-05 05:00,0.925
2024-02-05 06:00,0.923
2024-02-05 07:00,0.923
2024-02-05 08:00,0.925
2024-02-05 09:00,0.921
2024-02-05 10:00,0.920
2024-02-05 11:00,0.925
2024-02-05 12:00,0.938
2024-02-05 13:00,0.946
2024-02-05 14:00,0.948
2024-02-05 15:00,0.951
2024-02-05 16:00,0.949
2024-02-05 17:00,0.944
2024-02-05 18:00,0.938
2024-02-05 19:00,0.930
2024-02-05 20:00,0.928
2024-02-05 21:00,0.929
2024-02-05 22:00,0.928
2024-02-05 23:00,0.929
2024-02-06 00:00,0.940
2024-02-06 01:00,0.949
2024-02-06 02:00,0.954
2024-02-06 03:00,0.961
2024-02-06 04:00,0.968
2024-02-06 05:00,0.972
2024-02-06 06:00,0.974
2024-02-06 07:00,0.971
2024-02-06 08:00,0.958
2024-02-06 09:00,0.929
2024-02-06 10:00,0.893
2024-02-06 11:00,0.833
2024-02-06 12:00,0.772
2024-02-06 13:00,0.696
2024-02-06 14:00,0.565
2024-02-06 15:00,0.504
2024-02-06 16:00,0.417
2024-02-06 17:00,0.315
2024-02-06 18:00,0.260
2024-02-06 19:00,0.263
2024-02-06 20:00,0.270
2024-02-06 21:00,0.265
2024-02-06 22:00,0.302
2024-02-06 23:00,0.311
2024-02-07 00:00,0.276
2024-02-07 01:00,0.208
2024-02-07 02:00,0.154
2024-02-07 03:00,0.112
2024-02-07 04:00,0.077
2024-02-07 05:00,0.039
2024-02-07 06:00,0.016
2024-02-07 07:00,0.018
2024-02-07 08:00,0.046
2024-02-07 09:00,0.063
2024-02-07 10:00,0.085
2024-02-07 11:00,0.124
2024-02-07 12:00,0.123
2024-02-07 13:00,0.117
2024-02-07 14:00,0.102
2024-02-07 15:00,0.099
2024-02-07 16:00,0.091
2024-02-07 17:00,0.064
2024-02-07 18:00,0.043
2024-02-07 19:00,0.032
2024-02-07 20:00,0.026
2024-02-07 21:00,0.029
2024-02-07 22:00,0.045
2024-02-07 23:00,0.073
2024-02-08 00:00,0.111
2024-02-08 01:00,0.160
2024-02-08 02:00,0.224
2024-02-08 03:00,0.276
2024-02-08 04:00,0.348
2024-02-08 05:00,0.416
2024-02-08 06:00,0.464
2024-02-08 07:00,0.513
2024-02-08 08:00,0.533
2024-02-08 09:00,0.591
2024-02-08 10:00,0.636
2024-02-08 11:00,0.700
2024-02-08 12:00,0.756
2024-02-08 13:00,0.772
2024-02-08 14:00,0.774
2024-02-08 15:00,0.755
2024-02-08 16:00,0.778
2024-02-08 17:00,0.790
2024-02-08 18:00,0.838
2024-02-08 19:00,0.843
2024-02-08 20:00,0.851
2024-02-08 21:00,0.864
2024-02-08 22:00,0.850
2024-02-08 23:00,0.856
2024-02-09 00:00,0.857
2024-02-09 01:00,0.847
2024-02-09 02:00,0.827
2024-02-09 03:00,0.773
2024-02-09 04:00,0.702
2024-02-09 05:00,0.577
2024-02-09 06:00,0.410
2024-02-09 07:00,0.266
2024-02-09 08:00,0.178
2024-02-09 09:00,0.145
2024-02-09 10:00,0.130
2024-02-09 11:00,0.110
2024-02-09 12:00,0.088
2024-02-09 13:00,0.074
2024-02-09 14:00,0.079
2024-02-09 15:00,0.107
2024-02-09 16:00,0.156
2024-02-09 17:00,0.204
2024-02-09 18:00,0.244
2024-02-09 19:00,0.281
2024-02-09 20:00,0.294
2024-02-09 21:00,0.273
2024-02-09 22:00,0.237
2024-02-09 23:00,0.204
2024-02-10 00:00,0.187
2024-02-10 01:00,0.173
2024-02-10 02:00,0.146
2024-02-10 03:00,0.113
2024-02-10 04:00,0.085
2024-02-10 05:00,0.077
2024-02-10 06:00,0.084
2024-02-10 07:00,0.078
2024-02-10 08:00,0.055
2024-02-10 09:00,0.028
2024-02-10 10:00,0.017
2024-02-10 11:00,0.018
2024-02-10 12:00,0.030
2024-02-10 13:00,0.045
2024-02-10 14:00,0.058
2024-02-10 15:00,0.085
2024-02-10 16:00,0.140
2024-02-10 17:00,0.194
2024-02-10 18:00,0.235
2024-02-10 19:00,0.258
2024-02-10 20:00,0.251
2024-02-10 21:00,0.227
2024-02-10 22:00,0.192
2024-02-10 23:00,0.149
2024-02-11 00:00,0.114
2024-02-11 01:00,0.102
2024-02-11 02:00,0.100
2024-02-11 03:00,0.093
2024-02-11 04:00,0.080
2024-02-11 05:00,0.072
2024-02-11 06:00,0.078
2024-02-11 07:00,0.101
2024-02-11 08:00,0.127
2024-02-11 09:00,0.140
2024-02-11 10:00,0.195
2024-02-11 11:00,0.297
2024-02-11 12:00,0.441
2024-02-11 13:00,0.530
2024-02-11 14:00,0.548
2024-02-11 15:00,0.526
2024-02-11 16:00,0.546
2024-02-11 17:00,0.552
2024-02-11 18:00,0.540
2024-02-11 19:00,0.536
2024-02-11 20:00,0.535
2024-02-11 21:00,0.532
2024-02-11 22:00,0.500
2024-02-11 23:00,0.469
2024-02-12 00:00,0.450
2024-02-12 01:00,0.423
2024-02-12 02:00,0.399
2024-02-12 03:00,0.410
2024-02-12 04:00,0.426
2024-02-12 05:00,0.458
2024-02-12 06:00,0.479
2024-02-12 07:00,0.490
2024-02-12 08:00,0.525
2024-02-12 09:00,0.479
2024-02-12 10:00,0.574
2024-02-12 11:00,0.643
2024-02-12 12:00,0.658
2024-02-12 13:00,0.692
2024-02-12 14:00,0.705
2024-02-12 15:00,0.685
2024-02-12 16:00,0.730
2024-02-12 17:00,0.735
2024-02-12 18:00,0.719
2024-02-12 19:00,0.672
2024-02-12 20:00,0.672
2024-02-12 21:00,0.718
2024-02-12 22:00,0.715
2024-02-12 23:00,0.673
2024-02-13 00:00,0.645
2024-02-13 01:00,0.609
2024-02-13 02:00,0.565
2024-02-13 03:00,0.523
2024-02-13 04:00,0.484
2024-02-13 05:00,0.456
2024-02-13 06:00,0.421
2024-02-13 07:00,0.381
2024-02-13 08:00,0.331
2024-02-13 09:00,0.285
2024-02-13 10:00,0.309
2024-02-13 11:00,0.341
2024-02-13 12:00,0.344
2024-02-13 13:00,0.285
2024-02-13 14:00,0.206
2024-02-13 15:00,0.187
2024-02-13 16:00,0.226
2024-02-13 17:00,0.251
2024-02-13 18:00,0.238
2024-02-13 19:00,0.210
2024-02-13 20:00,0.176
2024-02-13 21:00,0.147
2024-02-13 22:00,0.146
2024-02-13 23:00,0.197
2024-02-14 00:00,0.271
2024-02-14 01:00,0.342
2024-02-14 02:00,0.336
2024-02-14 03:00,0.292
2024-02-14 04:00,0.319
2024-02-14 05:00,0.339
2024-02-14 06:00,0.442
2024-02-14 07:00,0.549
2024-02-14 08:00,0.568
2024-02-14 09:00,0.476
2024-02-14 10:00,0.431
2024-02-14 11:00,0.499
2024-02-14 12:00,0.541
2024-02-14 13:00,0.520
2024-02-14 14:00,0.525
2024-02-14 15:00,0.556
2024-02-14 16:00,0.564
2024-02-14 17:00,0.567
2024-02-14 18:00,0.585
2024-02-14 19:00,0.546
2024-02-14 20:00,0.507
2024-02-14 21:00,0.485
2024-02-14 22:00,0.497
2024-02-14 23:00,0.549
2024-02-15 00:00,0.540
2024-02-15 01:00,0.481
2024-02-15 02:00,0.474
2024-02-15 03:00,0.416
2024-02-15 04:00,0.426
2024-02-15 05:00,0.529
2024-02-15 06:00,0.706
2024-02-15 07:00,0.741
2024-02-15 08:00,0.750
2024-02-15 09:00,0.715
2024-02-15 10:00,0.646
2024-02-15 11:00,0.639
2024-02-15 12:00,0.604
2024-02-15 13:00,0.612
2024-02-15 14:00,0.604
2024-02-15 15:00,0.572
2024-02-15 16:00,0.533
2024-02-15 17:00,0.502
2024-02-15 18:00,0.479
2024-02-15 19:00,0.433
2024-02-15 20:00,0.398
2024-02-15 21:00,0.393
2024-02-15 22:00,0.355
2024-02-15 23:00,0.292
2024-02-16 00:00,0.298
2024-02-16 01:00,0.338
2024-02-16 02:00,0.352
2024-02-16 03:00,0.359
2024-02-16 04:00,0.400
2024-02-16 05:00,0.426
2024-02-16 06:00,0.442
2024-02-16 07:00,0.400
2024-02-16 08:00,0.285
2024-02-16 09:00,0.232
2024-02-16 10:00,0.299
2024-02-16 11:00,0.356
2024-02-16 12:00,0.413
2024-02-16 13:00,0.450
2024-02-16 14:00,0.448
2024-02-16 15:00,0.411
2024-02-16 16:00,0.420
2024-02-16 17:00,0.415
2024-02-16 18:00,0.354
2024-02-16 19:00,0.329
2024-02-16 20:00,0.274
2024-02-16 21:00,0.224
2024-02-16 22:00,0.192
2024-02-16 23:00,0.184
2024-02-17 00:00,0.171
2024-02-17 01:00,0.138
2024-02-17 02:00,0.137
2024-02-17 03:00,0.159
2024-02-17 04:00,0.155
2024-02-17 05:00,0.156
2024-02-17 06:00,0.185
2024-02-17 07:00,0.224
2024-02-17 08:00,0.229
2024-02-17 09:00,0.217
2024-02-17 10:00,0.208
2024-02-17 11:00,0.239
2024-02-17 12:00,0.288
2024-02-17 13:00,0.377
2024-02-17 14:00,0.486
2024-02-17 15:00,0.608
2024-02-17 16:00,0.704
2024-02-17 17:00,0.746
2024-02-17 18:00,0.752
2024-02-17 19:00,0.762
2024-02-17 20:00,0.692
2024-02-17 21:00,0.625
2024-02-17 22:00,0.533
2024-02-17 23:00,0.492
2024-02-18 00:00,0.466
2024-02-18 01:00,0.450
2024-02-18 02:00,0.406
2024-02-18 03:00,0.327
2024-02-18 04:00,0.296
2024-02-18 05:00,0.347
2024-02-18 06:00,0.392
2024-02-18 07:00,0.410
2024-02-18 08:00,0.382
2024-02-18 09:00,0.361
2024-02-18 10:00,0.417
2024-02-18 11:00,0.475
2024-02-18 12:00,0.549
2024-02-18 13:00,0.647
2024-02-18 14:00,0.649
2024-02-18 15:00,0.549
2024-02-18 16:00,0.497
2024-02-18 17:00,0.504
2024-02-18 18:00,0.491
2024-02-18 19:00,0.460
2024-02-18 20:00,0.460
2024-02-18 21:00,0.473
2024-02-18 22:00,0.431
2024-02-18 23:00,0.354
2024-02-19 00:00,0.370
2024-02-19 01:00,0.429
2024-02-19 02:00,0.454
2024-02-19 03:00,0.454
2024-02-19 04:00,0.463
2024-02-19 05:00,0.518
2024-02-19 06:00,0.610
2024-02-19 07:00,0.681
2024-02-19 08:00,0.768
2024-02-19 09:00,0.797
2024-02-19 10:00,0.792
2024-02-19 11:00,0.784
2024-02-19 12:00,0.780
2024-02-19 13:00,0.741
2024-02-19 14:00,0.638
2024-02-19 15:00,0.546
2024-02-19 16:00,0.536
2024-02-19 17:00,0.526
2024-02-19 18:00,0.479
2024-02-19 19:00,0.447
2024-02-19 20:00,0.400
2024-02-19 21:00,0.426
2024-02-19 22:00,0.449
2024-02-19 23:00,0.421
2024-02-20 00:00,0.393
2024-02-20 01:00,0.371
2024-02-20 02:00,0.352
2024-02-20 03:00,0.354
2024-02-20 04:00,0.373
2024-02-20 05:00,0.416
2024-02-20 06:00,0.479
2024-02-20 07:00,0.542
2024-02-20 08:00,0.634
2024-02-20 09:00,0.694
2024-02-20 10:00,0.813
2024-02-20 11:00,0.849
2024-02-20 12:00,0.851
2024-02-20 13:00,0.841
2024-02-20 14:00,0.846
2024-02-20 15:00,0.851
2024-02-20 16:00,0.858
2024-02-20 17:00,0.860
2024-02-20 18:00,0.800
2024-02-20 19:00,0.675
2024-02-20 20:00,0.463
2024-02-20 21:00,0.367
2024-02-20 22:00,0.297
2024-02-20 23:00,0.248
2024-02-21 00:00,0.231
2024-02-21 01:00,0.248
2024-02-21 02:00,0.335
2024-02-21 03:00,0.468
2024-02-21 04:00,0.580
2024-02-21 05:00,0.669
2024-02-21 06:00,0.759
2024-02-21 07:00,0.853
2024-02-21 08:00,0.904
2024-02-21 09:00,0.919
2024-02-21 10:00,0.929
2024-02-21 11:00,0.933
2024-02-21 12:00,0.925
2024-02-21 13:00,0.902
2024-02-21 14:00,0.878
2024-02-21 15:00,0.877
2024-02-21 16:00,0.882
2024-02-21 17:00,0.869
2024-02-21 18:00,0.817
2024-02-21 19:00,0.725
2024-02-21 20:00,0.593
2024-02-21 21:00,0.521
2024-02-21 22:00,0.570
2024-02-21 23:00,0.625
2024-02-22 00:00,0.637
2024-02-22 01:00,0.679
2024-02-22 02:00,0.684
2024-02-22 03:00,0.696
2024-02-22 04:00,0.691
2024-02-22 05:00,0.680
2024-02-22 06:00,0.612
2024-02-22 07:00,0.606
2024-02-22 08:00,0.546
2024-02-22 09:00,0.399
2024-02-22 10:00,0.307
2024-02-22 11:00,0.262
2024-02-22 12:00,0.430
2024-02-22 13:00,0.625
2024-02-22 14:00,0.643
2024-02-22 15:00,0.601
2024-02-22 16:00,0.638
2024-02-22 17:00,0.669
2024-02-22 18:00,0.658
2024-02-22 19:00,0.627
2024-02-22 20:00,0.643
2024-02-22 21:00,0.653
2024-02-22 22:00,0.653
2024-02-22 23:00,0.612
2024-02-23 00:00,0.571
2024-02-23 01:00,0.533
2024-02-23 02:00,0.514
2024-02-23 03:00,0.480
2024-02-23 04:00,0.499
2024-02-23 05:00,0.519
2024-02-23 06:00,0.505
2024-02-23 07:00,0.467
2024-02-23 08:00,0.463
2024-02-23 09:00,0.483
2024-02-23 10:00,0.558
2024-02-23 11:00,0.528
2024-02-23 12:00,0.463
2024-02-23 13:00,0.397
2024-02-23 14:00,0.323
2024-02-23 15:00,0.231
2024-02-23 16:00,0.210
2024-02-23 17:00,0.222
2024-02-23 18:00,0.215
2024-02-23 19:00,0.199
2024-02-23 20:00,0.185
2024-02-23 21:00,0.187
2024-02-23 22:00,0.194
2024-02-23 23:00,0.194
2024-02-24 00:00,0.179
2024-02-24 01:00,0.158
2024-02-24 02:00,0.141
2024-02-24 03:00,0.119
2024-02-24 04:00,0.089
2024-02-24 05:00,0.063
2024-02-24 06:00,0.051
2024-02-24 07:00,0.043
2024-02-24 08:00,0.040
2024-02-24 09:00,0.037
2024-02-24 10:00,0.049
2024-02-24 11:00,0.071
2024-02-24 12:00,0.077
2024-02-24 13:00,0.082
2024-02-24 14:00,0.088
2024-02-24 15:00,0.088
2024-02-24 16:00,0.095
2024-02-24 17:00,0.104
2024-02-24 18:00,0.103
2024-02-24 19:00,0.100
2024-02-24 20:00,0.085
2024-02-24 21:00,0.063
2024-02-24 22:00,0.050
2024-02-24 23:00,0.043
2024-02-25 00:00,0.036
2024-02-25 01:00,0.029
2024-02-25 02:00,0.020
2024-02-25 03:00,0.014
2024-02-25 04:00,0.022
2024-02-25 05:00,0.057
2024-02-25 06:00,0.102
2024-02-25 07:00,0.126
2024-02-25 08:00,0.106
2024-02-25 09:00,0.087
2024-02-25 10:00,0.138
2024-02-25 11:00,0.226
2024-02-25 12:00,0.303
2024-02-25 13:00,0.380
2024-02-25 14:00,0.463
2024-02-25 15:00,0.513
2024-02-25 16:00,0.559
2024-02-25 17:00,0.592
2024-02-25 18:00,0.602
2024-02-25 19:00,0.606
2024-02-25 20:00,0.577
2024-02-25 21:00,0.559
2024-02-25 22:00,0.562
2024-02-25 23:00,0.585
2024-02-26 00:00,0.597
2024-02-26 01:00,0.602
2024-02-26 02:00,0.617
2024-02-26 03:00,0.601
2024-02-26 04:00,0.614
2024-02-26 05:00,0.584
2024-02-26 06:00,0.577
2024-02-26 07:00,0.582
2024-02-26 08:00,0.573
2024-02-26 09:00,0.658
2024-02-26 10:00,0.751
2024-02-26 11:00,0.729
2024-02-26 12:00,0.694
2024-02-26 13:00,0.663
2024-02-26 14:00,0.635
2024-02-26 15:00,0.551
2024-02-26 16:00,0.453
2024-02-26 17:00,0.473
2024-02-26 18:00,0.432
2024-02-26 19:00,0.352
2024-02-26 20:00,0.253
2024-02-26 21:00,0.176
2024-02-26 22:00,0.107
2024-02-26 23:00,0.062
2024-02-27 00:00,0.046
2024-02-27 01:00,0.047
2024-02-27 02:00,0.088
2024-02-27 03:00,0.146
2024-02-27 04:00,0.182
2024-02-27 05:00,0.221
2024-02-27 06:00,0.265
2024-02-27 07:00,0.323
2024-02-27 08:00,0.406
2024-02-27 09:00,0.457
2024-02-27 10:00,0.635
2024-02-27 11:00,0.746
2024-02-27 12:00,0.767
2024-02-27 13:00,0.763
2024-02-27 14:00,0.722
2024-02-27 15:00,0.658
2024-02-27 16:00,0.609
2024-02-27 17:00,0.520
2024-02-27 18:00,0.492
2024-02-27 19:00,0.455
2024-02-27 20:00,0.431
2024-02-27 21:00,0.387
2024-02-27 22:00,0.351
2024-02-27 23:00,0.348
2024-02-28 00:00,0.308
2024-02-28 01:00,0.260
2024-02-28 02:00,0.260
2024-02-28 03:00,0.236
2024-02-28 04:00,0.214
2024-02-28 05:00,0.200
2024-02-28 06:00,0.197
2024-02-28 07:00,0.228
2024-02-28 08:00,0.268
2024-02-28 09:00,0.262
2024-02-28 10:00,0.360
2024-02-28 11:00,0.539
2024-02-28 12:00,0.612
2024-02-28 13:00,0.630
2024-02-28 14:00,0.651
2024-02-28 15:00,0.653
2024-02-28 16:00,0.654
2024-02-28 17:00,0.663
2024-02-28 18:00,0.696
2024-02-28 19:00,0.732
2024-02-28 20:00,0.740
2024-02-28 21:00,0.777
2024-02-28 22:00,0.813
2024-02-28 23:00,0.854
2024-02-29 00:00,0.822
2024-02-29 01:00,0.771
2024-02-29 02:00,0.723
2024-02-29 03:00,0.628
2024-02-29 04:00,0.510
2024-02-29 05:00,0.494
2024-02-29 06:00,0.497
2024-02-29 07:00,0.429
2024-02-29 08:00,0.302
2024-02-29 09:00,0.333
2024-02-29 10:00,0.403
2024-02-29 11:00,0.401
2024-02-29 12:00,0.380
2024-02-29 13:00,0.342
2024-02-29 14:00,0.287
2024-02-29 15:00,0.227
2024-02-29 16:00,0.230
2024-02-29 17:00,0.275
2024-02-29 18:00,0.322
2024-02-29 19:00,0.368
2024-02-29 20:00,0.383
2024-02-29 21:00,0.366
2024-02-29 22:00,0.342
2024-02-29 23:00,0.348
2024-03-01 00:00,0.317
2024-03-01 01:00,0.270
2024-03-01 02:00,0.199
2024-03-01 03:00,0.158
2024-03-01 04:00,0.156
2024-03-01 05:00,0.230
2024-03-01 06:00,0.381
2024-03-01 07:00,0.558
2024-03-01 08:00,0.728
2024-03-01 09:00,0.813
2024-03-01 10:00,0.853
2024-03-01 11:00,0.793
2024-03-01 12:00,0.597
2024-03-01 13:00,0.460
2024-03-01 14:00,0.419
2024-03-01 15:00,0.400
2024-03-01 16:00,0.444
2024-03-01 17:00,0.456
2024-03-01 18:00,0.410
2024-03-01 19:00,0.380
2024-03-01 20:00,0.325
2024-03-01 21:00,0.231
2024-03-01 22:00,0.146
2024-03-01 23:00,0.097
2024-03-02 00:00,0.072
2024-03-02 01:00,0.061
2024-03-02 02:00,0.061
2024-03-02 03:00,0.069
2024-03-02 04:00,0.080
2024-03-02 05:00,0.087
2024-03-02 06:00,0.102
2024-03-02 07:00,0.123
2024-03-02 08:00,0.172
2024-03-02 09:00,0.268
2024-03-02 10:00,0.338
2024-03-02 11:00,0.380
2024-03-02 12:00,0.403
2024-03-02 13:00,0.413
2024-03-02 14:00,0.394
2024-03-02 15:00,0.393
2024-03-02 16:00,0.394
2024-03-02 17:00,0.436
2024-03-02 18:00,0.436
2024-03-02 19:00,0.420
2024-03-02 20:00,0.383
2024-03-02 21:00,0.330
2024-03-02 22:00,0.299
2024-03-02 23:00,0.278
2024-03-03 00:00,0.251
2024-03-03 01:00,0.209
2024-03-03 02:00,0.169
2024-03-03 03:00,0.141
2024-03-03 04:00,0.133
2024-03-03 05:00,0.103
2024-03-03 06:00,0.080
2024-03-03 07:00,0.061
2024-03-03 08:00,0.046
2024-03-03 09:00,0.040
2024-03-03 10:00,0.053
2024-03-03 11:00,0.049
2024-03-03 12:00,0.040
2024-03-03 13:00,0.029
2024-03-03 14:00,0.026
2024-03-03 15:00,0.021
2024-03-03 16:00,0.019
2024-03-03 17:00,0.029
2024-03-03 18:00,0.046
2024-03-03 19:00,0.077
2024-03-03 20:00,0.119
2024-03-03 21:00,0.147
2024-03-03 22:00,0.155
2024-03-03 23:00,0.149
2024-03-04 00:00,0.126
2024-03-04 01:00,0.096
2024-03-04 02:00,0.069
2024-03-04 03:00,0.056
2024-03-04 04:00,0.076
2024-03-04 05:00,0.131
2024-03-04 06:00,0.178
2024-03-04 07:00,0.203
2024-03-04 08:00,0.168
2024-03-04 09:00,0.216
2024-03-04 10:00,0.409
2024-03-04 11:00,0.489
2024-03-04 12:00,0.517
2024-03-04 13:00,0.542
2024-03-04 14:00,0.574
2024-03-04 15:00,0.581
2024-03-04 16:00,0.653
2024-03-04 17:00,0.761
2024-03-04 18:00,0.804
2024-03-04 19:00,0.811
2024-03-04 20:00,0.815
2024-03-04 21:00,0.805
2024-03-04 22:00,0.778
2024-03-04 23:00,0.715
2024-03-05 00:00,0.603
2024-03-05 01:00,0.499
2024-03-05 02:00,0.392
2024-03-05 03:00,0.309
2024-03-05 04:00,0.270
2024-03-05 05:00,0.249
2024-03-05 06:00,0.213
2024-03-05 07:00,0.172
2024-03-05 08:00,0.119
2024-03-05 09:00,0.069
2024-03-05 10:00,0.032
2024-03-05 11:00,0.016
2024-03-05 12:00,0.010
2024-03-05 13:00,0.007
2024-03-05 14:00,0.008
2024-03-05 15:00,0.010
2024-03-05 16:00,0.024
2024-03-05 17:00,0.059
2024-03-05 18:00,0.085
2024-03-05 19:00,0.087
2024-03-05 20:00,0.077
2024-03-05 21:00,0.069
2024-03-05 22:00,0.065
2024-03-05 23:00,0.066
2024-03-06 00:00,0.064
2024-03-06 01:00,0.058
2024-03-06 02:00,0.055
2024-03-06 03:00,0.057
2024-03-06 04:00,0.065
2024-03-06 05:00,0.078
2024-03-06 06:00,0.082
2024-03-06 07:00,0.071
2024-03-06 08:00,0.054
2024-03-06 09:00,0.047
2024-03-06 10:00,0.049
2024-03-06 11:00,0.056
2024-03-06 12:00,0.067
2024-03-06 13:00,0.077
2024-03-06 14:00,0.090
2024-03-06 15:00,0.113
2024-03-06 16:00,0.155
2024-03-06 17:00,0.259
2024-03-06 18:00,0.372
2024-03-06 19:00,0.433
2024-03-06 20:00,0.434
2024-03-06 21:00,0.393
2024-03-06 22:00,0.314
2024-03-06 23:00,0.229
2024-03-07 00:00,0.212
2024-03-07 01:00,0.204
2024-03-07 02:00,0.204
2024-03-07 03:00,0.213
2024-03-07 04:00,0.240
2024-03-07 05:00,0.271
2024-03-07 06:00,0.284
2024-03-07 07:00,0.301
2024-03-07 08:00,0.335
2024-03-07 09:00,0.367
2024-03-07 10:00,0.436
2024-03-07 11:00,0.512
2024-03-07 12:00,0.565
2024-03-07 13:00,0.600
2024-03-07 14:00,0.633
2024-03-07 15:00,0.606
2024-03-07 16:00,0.591
2024-03-07 17:00,0.588
2024-03-07 18:00,0.590
2024-03-07 19:00,0.605
2024-03-07 20:00,0.584
2024-03-07 21:00,0.577
2024-03-07 22:00,0.559
2024-03-07 23:00,0.539
2024-03-08 00:00,0.534
2024-03-08 01:00,0.532
2024-03-08 02:00,0.533
2024-03-08 03:00,0.546
2024-03-08 04:00,0.566
2024-03-08 05:00,0.574
2024-03-08 06:00,0.604
2024-03-08 07:00,0.633
2024-03-08 08:00,0.721
2024-03-08 09:00,0.785
2024-03-08 10:00,0.786
2024-03-08 11:00,0.774
2024-03-08 12:00,0.757
2024-03-08 13:00,0.751
2024-03-08 14:00,0.767
2024-03-08 15:00,0.779
2024-03-08 16:00,0.780
2024-03-08 17:00,0.794
2024-03-08 18:00,0.789
2024-03-08 19:00,0.743
2024-03-08 20:00,0.684
2024-03-08 21:00,0.689
2024-03-08 22:00,0.713
2024-03-08 23:00,0.697
2024-03-09 00:00,0.685
2024-03-09 01:00,0.696
2024-03-09 02:00,0.672
2024-03-09 03:00,0.689
2024-03-09 04:00,0.672
2024-03-09 05:00,0.672
2024-03-09 06:00,0.684
2024-03-09 07:00,0.666
2024-03-09 08:00,0.699
2024-03-09 09:00,0.765
2024-03-09 10:00,0.772
2024-03-09 11:00,0.755
2024-03-09 12:00,0.729
2024-03-09 13:00,0.702
2024-03-09 14:00,0.686
2024-03-09 15:00,0.694
2024-03-09 16:00,0.694
2024-03-09 17:00,0.685
2024-03-09 18:00,0.672
2024-03-09 19:00,0.671
2024-03-09 20:00,0.683
2024-03-09 21:00,0.697
2024-03-09 22:00,0.705
2024-03-09 23:00,0.706
2024-03-10 00:00,0.700
2024-03-10 01:00,0.697
2024-03-10 02:00,0.689
2024-03-10 03:00,0.694
2024-03-10 04:00,0.682
2024-03-10 05:00,0.658
2024-03-10 06:00,0.641
2024-03-10 07:00,0.630
2024-03-10 08:00,0.635
2024-03-10 09:00,0.673
2024-03-10 10:00,0.719
2024-03-10 11:00,0.761
2024-03-10 12:00,0.799
2024-03-10 13:00,0.808
2024-03-10 14:00,0.782
2024-03-10 15:00,0.715
2024-03-10 16:00,0.683
2024-03-10 17:00,0.680
2024-03-10 18:00,0.654
2024-03-10 19:00,0.617
2024-03-10 20:00,0.585
2024-03-10 21:00,0.549
2024-03-10 22:00,0.487
2024-03-10 23:00,0.449
2024-03-11 00:00,0.439
2024-03-11 01:00,0.442
2024-03-11 02:00,0.484
2024-03-11 03:00,0.486
2024-03-11 04:00,0.473
2024-03-11 05:00,0.404
2024-03-11 06:00,0.340
2024-03-11 07:00,0.254
2024-03-11 08:00,0.228
2024-03-11 09:00,0.217
2024-03-11 10:00,0.172
2024-03-11 11:00,0.114
2024-03-11 12:00,0.089
2024-03-11 13:00,0.085
2024-03-11 14:00,0.076
2024-03-11 15:00,0.067
2024-03-11 16:00,0.052
2024-03-11 17:00,0.044
2024-03-11 18:00,0.036
2024-03-11 19:00,0.026
2024-03-11 20:00,0.023
2024-03-11 21:00,0.023
2024-03-11 22:00,0.037
2024-03-11 23:00,0.072
2024-03-12 00:00,0.129
2024-03-12 01:00,0.201
2024-03-12 02:00,0.262
2024-03-12 03:00,0.311
2024-03-12 04:00,0.327
2024-03-12 05:00,0.339
2024-03-12 06:00,0.396
2024-03-12 07:00,0.449
2024-03-12 08:00,0.497
2024-03-12 09:00,0.483
2024-03-12 10:00,0.385
2024-03-12 11:00,0.303
2024-03-12 12:00,0.290
2024-03-12 13:00,0.399
2024-03-12 14:00,0.465
2024-03-12 15:00,0.435
2024-03-12 16:00,0.397
2024-03-12 17:00,0.412
2024-03-12 18:00,0.488
2024-03-12 19:00,0.542
2024-03-12 20:00,0.542
2024-03-12 21:00,0.637
2024-03-12 22:00,0.662
2024-03-12 23:00,0.686
2024-03-13 00:00,0.698
2024-03-13 01:00,0.721
2024-03-13 02:00,0.755
2024-03-13 03:00,0.769
2024-03-13 04:00,0.781
2024-03-13 05:00,0.799
2024-03-13 06:00,0.806
2024-03-13 07:00,0.788
2024-03-13 08:00,0.814
2024-03-13 09:00,0.851
2024-03-13 10:00,0.886
2024-03-13 11:00,0.889
2024-03-13 12:00,0.880
2024-03-13 13:00,0.879
2024-03-13 14:00,0.893
2024-03-13 15:00,0.892
2024-03-13 16:00,0.882
2024-03-13 17:00,0.878
2024-03-13 18:00,0.875
2024-03-13 19:00,0.863
2024-03-13 20:00,0.833
2024-03-13 21:00,0.799
2024-03-13 22:00,0.775
2024-03-13 23:00,0.741
2024-03-14 00:00,0.723
2024-03-14 01:00,0.678
2024-03-14 02:00,0.633
2024-03-14 03:00,0.614
2024-03-14 04:00,0.598
2024-03-14 05:00,0.594
2024-03-14 06:00,0.589
2024-03-14 07:00,0.550
2024-03-14 08:00,0.549
2024-03-14 09:00,0.628
2024-03-14 10:00,0.666
2024-03-14 11:00,0.714
2024-03-14 12:00,0.774
2024-03-14 13:00,0.778
2024-03-14 14:00,0.743
2024-03-14 15:00,0.722
2024-03-14 16:00,0.712
2024-03-14 17:00,0.730
2024-03-14 18:00,0.738
2024-03-14 19:00,0.725
2024-03-14 20:00,0.704
2024-03-14 21:00,0.725
2024-03-14 22:00,0.762
2024-03-14 23:00,0.797
2024-03-15 00:00,0.815
2024-03-15 01:00,0.806
2024-03-15 02:00,0.797
2024-03-15 03:00,0.776
2024-03-15 04:00,0.799
2024-03-15 05:00,0.778
2024-03-15 06:00,0.715
2024-03-15 07:00,0.678
2024-03-15 08:00,0.729
2024-03-15 09:00,0.820
2024-03-15 10:00,0.857
2024-03-15 11:00,0.883
2024-03-15 12:00,0.890
2024-03-15 13:00,0.881
2024-03-15 14:00,0.858
2024-03-15 15:00,0.821
2024-03-15 16:00,0.725
2024-03-15 17:00,0.610
2024-03-15 18:00,0.568
2024-03-15 19:00,0.498
2024-03-15 20:00,0.416
2024-03-15 21:00,0.345
2024-03-15 22:00,0.266
2024-03-15 23:00,0.212
2024-03-16 00:00,0.171
2024-03-16 01:00,0.128
2024-03-16 02:00,0.085
2024-03-16 03:00,0.048
2024-03-16 04:00,0.026
2024-03-16 05:00,0.022
2024-03-16 06:00,0.024
2024-03-16 07:00,0.031
2024-03-16 08:00,0.045
2024-03-16 09:00,0.083
2024-03-16 10:00,0.122
2024-03-16 11:00,0.168
2024-03-16 12:00,0.217
2024-03-16 13:00,0.268
2024-03-16 14:00,0.321
2024-03-16 15:00,0.367
2024-03-16 16:00,0.421
2024-03-16 17:00,0.505
2024-03-16 18:00,0.562
2024-03-16 19:00,0.572
2024-03-16 20:00,0.629
2024-03-16 21:00,0.631
2024-03-16 22:00,0.530
2024-03-16 23:00,0.506
2024-03-17 00:00,0.552
2024-03-17 01:00,0.556
2024-03-17 02:00,0.510
2024-03-17 03:00,0.529
2024-03-17 04:00,0.606
2024-03-17 05:00,0.587
2024-03-17 06:00,0.583
2024-03-17 07:00,0.561
2024-03-17 08:00,0.492
2024-03-17 09:00,0.452
2024-03-17 10:00,0.399
2024-03-17 11:00,0.335
2024-03-17 12:00,0.292
2024-03-17 13:00,0.314
2024-03-17 14:00,0.346
2024-03-17 15:00,0.333
2024-03-17 16:00,0.329
2024-03-17 17:00,0.406
2024-03-17 18:00,0.526
2024-03-17 19:00,0.577
2024-03-17 20:00,0.529
2024-03-17 21:00,0.457
2024-03-17 22:00,0.420
2024-03-17 23:00,0.441
2024-03-18 00:00,0.478
2024-03-18 01:00,0.449
2024-03-18 02:00,0.416
2024-03-18 03:00,0.392
2024-03-18 04:00,0.348
2024-03-18 05:00,0.284
2024-03-18 06:00,0.265
2024-03-18 07:00,0.254
2024-03-18 08:00,0.279
2024-03-18 09:00,0.279
2024-03-18 10:00,0.270
2024-03-18 11:00,0.265
2024-03-18 12:00,0.284
2024-03-18 13:00,0.325
2024-03-18 14:00,0.342
2024-03-18 15:00,0.323
2024-03-18 16:00,0.365
2024-03-18 17:00,0.516
2024-03-18 18:00,0.598
2024-03-18 19:00,0.551
2024-03-18 20:00,0.549
2024-03-18 21:00,0.582
2024-03-18 22:00,0.612
2024-03-18 23:00,0.627
2024-03-19 00:00,0.643
2024-03-19 01:00,0.660
2024-03-19 02:00,0.677
2024-03-19 03:00,0.714
2024-03-19 04:00,0.703
2024-03-19 05:00,0.772
2024-03-19 06:00,0.742
2024-03-19 07:00,0.679
2024-03-19 08:00,0.634
2024-03-19 09:00,0.687
2024-03-19 10:00,0.618
2024-03-19 11:00,0.510
2024-03-19 12:00,0.397
2024-03-19 13:00,0.313
2024-03-19 14:00,0.246
2024-03-19 15:00,0.183
2024-03-19 16:00,0.126
2024-03-19 17:00,0.080
2024-03-19 18:00,0.049
2024-03-19 19:00,0.034
2024-03-19 20:00,0.033
2024-03-19 21:00,0.041
2024-03-19 22:00,0.051
2024-03-19 23:00,0.058
2024-03-20 00:00,0.063
2024-03-20 01:00,0.067
2024-03-20 02:00,0.065
2024-03-20 03:00,0.058
2024-03-20 04:00,0.055
2024-03-20 05:00,0.051
2024-03-20 06:00,0.045
2024-03-20 07:00,0.043
2024-03-20 08:00,0.039
2024-03-20 09:00,0.037
2024-03-20 10:00,0.046
2024-03-20 11:00,0.062
2024-03-20 12:00,0.092
2024-03-20 13:00,0.143
2024-03-20 14:00,0.197
2024-03-20 15:00,0.227
2024-03-20 16:00,0.173
2024-03-20 17:00,0.170
2024-03-20 18:00,0.210
2024-03-20 19:00,0.156
2024-03-20 20:00,0.111
2024-03-20 21:00,0.080
2024-03-20 22:00,0.046
2024-03-20 23:00,0.019
2024-03-21 00:00,0.011
2024-03-21 01:00,0.033
2024-03-21 02:00,0.070
2024-03-21 03:00,0.118
2024-03-21 04:00,0.169
2024-03-21 05:00,0.215
2024-03-21 06:00,0.263
2024-03-21 07:00,0.276
2024-03-21 08:00,0.308
2024-03-21 09:00,0.367
2024-03-21 10:00,0.491
2024-03-21 11:00,0.653
2024-03-21 12:00,0.746
2024-03-21 13:00,0.782
2024-03-21 14:00,0.813
2024-03-21 15:00,0.831
2024-03-21 16:00,0.830
2024-03-21 17:00,0.819
2024-03-21 18:00,0.806
2024-03-21 19:00,0.784
2024-03-21 20:00,0.780
2024-03-21 21:00,0.781
2024-03-21 22:00,0.774
2024-03-21 23:00,0.729
2024-03-22 00:00,0.650
2024-03-22 01:00,0.658
2024-03-22 02:00,0.681
2024-03-22 03:00,0.669
2024-03-22 04:00,0.651
2024-03-22 05:00,0.634
2024-03-22 06:00,0.594
2024-03-22 07:00,0.519
2024-03-22 08:00,0.666
2024-03-22 09:00,0.732
2024-03-22 10:00,0.764
2024-03-22 11:00,0.788
2024-03-22 12:00,0.810
2024-03-22 13:00,0.836
2024-03-22 14:00,0.857
2024-03-22 15:00,0.861
2024-03-22 16:00,0.814
2024-03-22 17:00,0.759
2024-03-22 18:00,0.761
2024-03-22 19:00,0.739
2024-03-22 20:00,0.731
2024-03-22 21:00,0.712
2024-03-22 22:00,0.725
2024-03-22 23:00,0.733
2024-03-23 00:00,0.752
2024-03-23 01:00,0.792
2024-03-23 02:00,0.822
2024-03-23 03:00,0.845
2024-03-23 04:00,0.854
2024-03-23 05:00,0.868
2024-03-23 06:00,0.882
2024-03-23 07:00,0.883
2024-03-23 08:00,0.919
2024-03-23 09:00,0.940
2024-03-23 10:00,0.940
2024-03-23 11:00,0.932
2024-03-23 12:00,0.930
2024-03-23 13:00,0.933
2024-03-23 14:00,0.938
2024-03-23 15:00,0.934
2024-03-23 16:00,0.928
2024-03-23 17:00,0.932
2024-03-23 18:00,0.934
2024-03-23 19:00,0.926
2024-03-23 20:00,0.913
2024-03-23 21:00,0.897
2024-03-23 22:00,0.877
2024-03-23 23:00,0.864
2024-03-24 00:00,0.862
2024-03-24 01:00,0.869
2024-03-24 02:00,0.876
2024-03-24 03:00,0.877
2024-03-24 04:00,0.869
2024-03-24 05:00,0.856
2024-03-24 06:00,0.818
2024-03-24 07:00,0.752
2024-03-24 08:00,0.787
2024-03-24 09:00,0.778
2024-03-24 10:00,0.704
2024-03-24 11:00,0.621
2024-03-24 12:00,0.549
2024-03-24 13:00,0.481
2024-03-24 14:00,0.406
2024-03-24 15:00,0.324
2024-03-24 16:00,0.235
2024-03-24 17:00,0.177
2024-03-24 18:00,0.164
2024-03-24 19:00,0.128
2024-03-24 20:00,0.071
2024-03-24 21:00,0.027
2024-03-24 22:00,0.013
2024-03-24 23:00,0.035
2024-03-25 00:00,0.101
2024-03-25 01:00,0.191
2024-03-25 02:00,0.289
2024-03-25 03:00,0.327
2024-03-25 04:00,0.306
2024-03-25 05:00,0.280
2024-03-25 06:00,0.284
2024-03-25 07:00,0.304
2024-03-25 08:00,0.365
2024-03-25 09:00,0.429
2024-03-25 10:00,0.464
2024-03-25 11:00,0.528
2024-03-25 12:00,0.549
2024-03-25 13:00,0.516
2024-03-25 14:00,0.440
2024-03-25 15:00,0.342
2024-03-25 16:00,0.302
2024-03-25 17:00,0.321
2024-03-25 18:00,0.362
2024-03-25 19:00,0.375
2024-03-25 20:00,0.384
2024-03-25 21:00,0.351
2024-03-25 22:00,0.321
2024-03-25 23:00,0.293
2024-03-26 00:00,0.268
2024-03-26 01:00,0.248
2024-03-26 02:00,0.233
2024-03-26 03:00,0.223
2024-03-26 04:00,0.204
2024-03-26 05:00,0.171
2024-03-26 06:00,0.129
2024-03-26 07:00,0.079
2024-03-26 08:00,0.062
2024-03-26 09:00,0.092
2024-03-26 10:00,0.141
2024-03-26 11:00,0.171
2024-03-26 12:00,0.188
2024-03-26 13:00,0.197
2024-03-26 14:00,0.208
2024-03-26 15:00,0.235
2024-03-26 16:00,0.330
2024-03-26 17:00,0.452
2024-03-26 18:00,0.455
2024-03-26 19:00,0.453
2024-03-26 20:00,0.453
2024-03-26 21:00,0.466
2024-03-26 22:00,0.454
2024-03-26 23:00,0.439
2024-03-27 00:00,0.439
2024-03-27 01:00,0.398
2024-03-27 02:00,0.279
2024-03-27 03:00,0.181
2024-03-27 04:00,0.152
2024-03-27 05:00,0.214
2024-03-27 06:00,0.291
2024-03-27 07:00,0.364
2024-03-27 08:00,0.492
2024-03-27 09:00,0.696
2024-03-27 10:00,0.805
2024-03-27 11:00,0.835
2024-03-27 12:00,0.837
2024-03-27 13:00,0.817
2024-03-27 14:00,0.767
2024-03-27 15:00,0.711
2024-03-27 16:00,0.593
2024-03-27 17:00,0.458
2024-03-27 18:00,0.469
2024-03-27 19:00,0.513
2024-03-27 20:00,0.502
2024-03-27 21:00,0.470
2024-03-27 22:00,0.449
2024-03-27 23:00,0.431
2024-03-28 00:00,0.423
2024-03-28 01:00,0.450
2024-03-28 02:00,0.527
2024-03-28 03:00,0.539
2024-03-28 04:00,0.542
2024-03-28 05:00,0.554
2024-03-28 06:00,0.588
2024-03-28 07:00,0.663
2024-03-28 08:00,0.597
2024-03-28 09:00,0.619
2024-03-28 10:00,0.600
2024-03-28 11:00,0.562
2024-03-28 12:00,0.549
2024-03-28 13:00,0.665
2024-03-28 14:00,0.779
2024-03-28 15:00,0.800
2024-03-28 16:00,0.752
2024-03-28 17:00,0.721
2024-03-28 18:00,0.748
2024-03-28 19:00,0.752
2024-03-28 20:00,0.711
2024-03-28 21:00,0.664
2024-03-28 22:00,0.719
2024-03-28 23:00,0.829
2024-03-29 00:00,0.879
2024-03-29 01:00,0.873
2024-03-29 02:00,0.819
2024-03-29 03:00,0.689
2024-03-29 04:00,0.526
2024-03-29 05:00,0.433
2024-03-29 06:00,0.361
2024-03-29 07:00,0.293
2024-03-29 08:00,0.377
2024-03-29 09:00,0.412
2024-03-29 10:00,0.394
2024-03-29 11:00,0.420
2024-03-29 12:00,0.505
2024-03-29 13:00,0.617
2024-03-29 14:00,0.697
2024-03-29 15:00,0.697
2024-03-29 16:00,0.679
2024-03-29 17:00,0.674
2024-03-29 18:00,0.691
2024-03-29 19:00,0.603
2024-03-29 20:00,0.536
2024-03-29 21:00,0.516
2024-03-29 22:00,0.466
2024-03-29 23:00,0.416
2024-03-30 00:00,0.382
2024-03-30 01:00,0.314
2024-03-30 02:00,0.298
2024-03-30 03:00,0.263
2024-03-30 04:00,0.204
2024-03-30 05:00,0.171
2024-03-30 06:00,0.159
2024-03-30 07:00,0.177
2024-03-30 08:00,0.172
2024-03-30 09:00,0.176
2024-03-30 10:00,0.178
2024-03-30 11:00,0.196
2024-03-30 12:00,0.176
2024-03-30 13:00,0.166
2024-03-30 14:00,0.174
2024-03-30 15:00,0.186
2024-03-30 16:00,0.178
2024-03-30 17:00,0.171
2024-03-30 18:00,0.182
2024-03-30 19:00,0.195
2024-03-30 20:00,0.233
2024-03-30 21:00,0.276
2024-03-30 22:00,0.281
2024-03-30 23:00,0.271
2024-03-31 00:00,0.268
2024-03-31 01:00,0.251
2024-03-31 02:00,0.235
2024-03-31 03:00,0.234
2024-03-31 04:00,0.235
2024-03-31 05:00,0.218
2024-03-31 06:00,0.190
2024-03-31 07:00,0.186
2024-03-31 08:00,0.270
2024-03-31 09:00,0.400
2024-03-31 10:00,0.542
2024-03-31 11:00,0.647
2024-03-31 12:00,0.711
2024-03-31 13:00,0.746
2024-03-31 14:00,0.752
2024-03-31 15:00,0.734
2024-03-31 16:00,0.692
2024-03-31 17:00,0.643
2024-03-31 18:00,0.619
2024-03-31 19:00,0.614
2024-03-31 20:00,0.606
2024-03-31 21:00,0.584
2024-03-31 22:00,0.556
2024-03-31 23:00,0.511
2024-04-01 00:00,0.478
2024-04-01 01:00,0.454
2024-04-01 02:00,0.404
2024-04-01 03:00,0.399
2024-04-01 04:00,0.372
2024-04-01 05:00,0.304
2024-04-01 06:00,0.194
2024-04-01 07:00,0.206
2024-04-01 08:00,0.194
2024-04-01 09:00,0.155
2024-04-01 10:00,0.104
2024-04-01 11:00,0.050
2024-04-01 12:00,0.020
2024-04-01 13:00,0.030
2024-04-01 14:00,0.071
2024-04-01 15:00,0.119
2024-04-01 16:00,0.118
2024-04-01 17:00,0.099
2024-04-01 18:00,0.085
2024-04-01 19:00,0.061
2024-04-01 20:00,0.049
2024-04-01 21:00,0.051
2024-04-01 22:00,0.054
2024-04-01 23:00,0.060
2024-04-02 00:00,0.065
2024-04-02 01:00,0.056
2024-04-02 02:00,0.040
2024-04-02 03:00,0.028
2024-04-02 04:00,0.025
2024-04-02 05:00,0.032
2024-04-02 06:00,0.043
2024-04-02 07:00,0.058
2024-04-02 08:00,0.073
2024-04-02 09:00,0.083
2024-04-02 10:00,0.116
2024-04-02 11:00,0.159
2024-04-02 12:00,0.187
2024-04-02 13:00,0.175
2024-04-02 14:00,0.119
2024-04-02 15:00,0.085
2024-04-02 16:00,0.089
2024-04-02 17:00,0.101
2024-04-02 18:00,0.151
2024-04-02 19:00,0.256
2024-04-02 20:00,0.352
2024-04-02 21:00,0.379
2024-04-02 22:00,0.376
2024-04-02 23:00,0.377
2024-04-03 00:00,0.365
2024-04-03 01:00,0.297
2024-04-03 02:00,0.289
2024-04-03 03:00,0.273
2024-04-03 04:00,0.289
2024-04-03 05:00,0.299
2024-04-03 06:00,0.281
2024-04-03 07:00,0.253
2024-04-03 08:00,0.232
2024-04-03 09:00,0.270
2024-04-03 10:00,0.276
2024-04-03 11:00,0.271
2024-04-03 12:00,0.292
2024-04-03 13:00,0.445
2024-04-03 14:00,0.654
2024-04-03 15:00,0.805
2024-04-03 16:00,0.839
2024-04-03 17:00,0.829
2024-04-03 18:00,0.834
2024-04-03 19:00,0.807
2024-04-03 20:00,0.750
2024-04-03 21:00,0.669
2024-04-03 22:00,0.580
2024-04-03 23:00,0.426
2024-04-04 00:00,0.302
2024-04-04 01:00,0.217
2024-04-04 02:00,0.156
2024-04-04 03:00,0.100
2024-04-04 04:00,0.057
2024-04-04 05:00,0.038
2024-04-04 06:00,0.030
2024-04-04 07:00,0.036
2024-04-04 08:00,0.053
2024-04-04 09:00,0.054
2024-04-04 10:00,0.037
2024-04-04 11:00,0.033
2024-04-04 12:00,0.028
2024-04-04 13:00,0.027
2024-04-04 14:00,0.032
2024-04-04 15:00,0.018
2024-04-04 16:00,0.034
2024-04-04 17:00,0.108
2024-04-04 18:00,0.238
2024-04-04 19:00,0.320
2024-04-04 20:00,0.333
2024-04-04 21:00,0.395
2024-04-04 22:00,0.430
2024-04-04 23:00,0.490
2024-04-05 00:00,0.599
2024-04-05 01:00,0.737
2024-04-05 02:00,0.851
2024-04-05 03:00,0.888
2024-04-05 04:00,0.910
2024-04-05 05:00,0.889
2024-04-05 06:00,0.863
2024-04-05 07:00,0.778
2024-04-05 08:00,0.797
2024-04-05 09:00,0.857
2024-04-05 10:00,0.880
2024-04-05 11:00,0.898
2024-04-05 12:00,0.920
2024-04-05 13:00,0.918
2024-04-05 14:00,0.913
2024-04-05 15:00,0.914
2024-04-05 16:00,0.892
2024-04-05 17:00,0.862
2024-04-05 18:00,0.814
2024-04-05 19:00,0.769
2024-04-05 20:00,0.705
2024-04-05 21:00,0.612
2024-04-05 22:00,0.658
2024-04-05 23:00,0.710
2024-04-06 00:00,0.689
2024-04-06 01:00,0.744
2024-04-06 02:00,0.833
2024-04-06 03:00,0.791
2024-04-06 04:00,0.798
2024-04-06 05:00,0.864
2024-04-06 06:00,0.853
2024-04-06 07:00,0.829
2024-04-06 08:00,0.880
2024-04-06 09:00,0.920
2024-04-06 10:00,0.943
2024-04-06 11:00,0.959
2024-04-06 12:00,0.977
2024-04-06 13:00,0.984
2024-04-06 14:00,0.982
2024-04-06 15:00,0.974
2024-04-06 16:00,0.964
2024-04-06 17:00,0.956
2024-04-06 18:00,0.952
2024-04-06 19:00,0.944
2024-04-06 20:00,0.940
2024-04-06 21:00,0.932
2024-04-06 22:00,0.920
2024-04-06 23:00,0.913
2024-04-07 00:00,0.912
2024-04-07 01:00,0.920
2024-04-07 02:00,0.922
2024-04-07 03:00,0.923
2024-04-07 04:00,0.926
2024-04-07 05:00,0.931
2024-04-07 06:00,0.952
2024-04-07 07:00,0.971
2024-04-07 08:00,0.975
2024-04-07 09:00,0.979
2024-04-07 10:00,0.982
2024-04-07 11:00,0.982
2024-04-07 12:00,0.978
2024-04-07 13:00,0.972
2024-04-07 14:00,0.959
2024-04-07 15:00,0.936
2024-04-07 16:00,0.896
2024-04-07 17:00,0.879
2024-04-07 18:00,0.879
2024-04-07 19:00,0.853
2024-04-07 20:00,0.804
2024-04-07 21:00,0.731
2024-04-07 22:00,0.700
2024-04-07 23:00,0.661
2024-04-08 00:00,0.581
2024-04-08 01:00,0.502
2024-04-08 02:00,0.409
2024-04-08 03:00,0.325
2024-04-08 04:00,0.289
2024-04-08 05:00,0.275
2024-04-08 06:00,0.299
2024-04-08 07:00,0.331
2024-04-08 08:00,0.375
2024-04-08 09:00,0.388
2024-04-08 10:00,0.368
2024-04-08 11:00,0.381
2024-04-08 12:00,0.446
2024-04-08 13:00,0.448
2024-04-08 14:00,0.342
2024-04-08 15:00,0.248
2024-04-08 16:00,0.243
2024-04-08 17:00,0.291
2024-04-08 18:00,0.483
2024-04-08 19:00,0.585
2024-04-08 20:00,0.569
2024-04-08 21:00,0.538
2024-04-08 22:00,0.487
2024-04-08 23:00,0.327
2024-04-09 00:00,0.278
2024-04-09 01:00,0.311
2024-04-09 02:00,0.309
2024-04-09 03:00,0.311
2024-04-09 04:00,0.248
2024-04-09 05:00,0.212
2024-04-09 06:00,0.215
2024-04-09 07:00,0.320
2024-04-09 08:00,0.497
2024-04-09 09:00,0.728
2024-04-09 10:00,0.884
2024-04-09 11:00,0.951
2024-04-09 12:00,0.973
2024-04-09 13:00,0.975
2024-04-09 14:00,0.976
2024-04-09 15:00,0.976
2024-04-09 16:00,0.970
2024-04-09 17:00,0.961
2024-04-09 18:00,0.934
2024-04-09 19:00,0.888
2024-04-09 20:00,0.822
2024-04-09 21:00,0.765
2024-04-09 22:00,0.721
2024-04-09 23:00,0.650
2024-04-10 00:00,0.546
2024-04-10 01:00,0.510
2024-04-10 02:00,0.467
2024-04-10 03:00,0.413
2024-04-10 04:00,0.380
2024-04-10 05:00,0.324
2024-04-10 06:00,0.270
2024-04-10 07:00,0.268
2024-04-10 08:00,0.358
2024-04-10 09:00,0.528
2024-04-10 10:00,0.679
2024-04-10 11:00,0.814
2024-04-10 12:00,0.889
2024-04-10 13:00,0.907
2024-04-10 14:00,0.902
2024-04-10 15:00,0.872
2024-04-10 16:00,0.845
2024-04-10 17:00,0.841
2024-04-10 18:00,0.857
2024-04-10 19:00,0.863
2024-04-10 20:00,0.860
2024-04-10 21:00,0.874
2024-04-10 22:00,0.887
2024-04-10 23:00,0.886
2024-04-11 00:00,0.864
2024-04-11 01:00,0.833
2024-04-11 02:00,0.775
2024-04-11 03:00,0.730
2024-04-11 04:00,0.700
2024-04-11 05:00,0.637
2024-04-11 06:00,0.552
2024-04-11 07:00,0.539
2024-04-11 08:00,0.658
2024-04-11 09:00,0.646
2024-04-11 10:00,0.558
2024-04-11 11:00,0.497
2024-04-11 12:00,0.486
2024-04-11 13:00,0.497
2024-04-11 14:00,0.513
2024-04-11 15:00,0.508
2024-04-11 16:00,0.510
2024-04-11 17:00,0.510
2024-04-11 18:00,0.516
2024-04-11 19:00,0.568
2024-04-11 20:00,0.607
2024-04-11 21:00,0.666
2024-04-11 22:00,0.789
2024-04-11 23:00,0.788
2024-04-12 00:00,0.791
2024-04-12 01:00,0.775
2024-04-12 02:00,0.760
2024-04-12 03:00,0.691
2024-04-12 04:00,0.622
2024-04-12 05:00,0.580
2024-04-12 06:00,0.479
2024-04-12 07:00,0.453
2024-04-12 08:00,0.540
2024-04-12 09:00,0.546
2024-04-12 10:00,0.533
2024-04-12 11:00,0.540
2024-04-12 12:00,0.577
2024-04-12 13:00,0.639
2024-04-12 14:00,0.615
2024-04-12 15:00,0.581
2024-04-12 16:00,0.600
2024-04-12 17:00,0.658
2024-04-12 18:00,0.710
2024-04-12 19:00,0.684
2024-04-12 20:00,0.609
2024-04-12 21:00,0.643
2024-04-12 22:00,0.628
2024-04-12 23:00,0.562
2024-04-13 00:00,0.524
2024-04-13 01:00,0.508
2024-04-13 02:00,0.410
2024-04-13 03:00,0.342
2024-04-13 04:00,0.332
2024-04-13 05:00,0.320
2024-04-13 06:00,0.286
2024-04-13 07:00,0.286
2024-04-13 08:00,0.413
2024-04-13 09:00,0.566
2024-04-13 10:00,0.694
2024-04-13 11:00,0.752
2024-04-13 12:00,0.805
2024-04-13 13:00,0.859
2024-04-13 14:00,0.901
2024-04-13 15:00,0.919
2024-04-13 16:00,0.892
2024-04-13 17:00,0.865
2024-04-13 18:00,0.817
2024-04-13 19:00,0.710
2024-04-13 20:00,0.597
2024-04-13 21:00,0.566
2024-04-13 22:00,0.581
2024-04-13 23:00,0.591
2024-04-14 00:00,0.596
2024-04-14 01:00,0.606
2024-04-14 02:00,0.631
2024-04-14 03:00,0.597
2024-04-14 04:00,0.541
2024-04-14 05:00,0.502
2024-04-14 06:00,0.395
2024-04-14 07:00,0.420
2024-04-14 08:00,0.403
2024-04-14 09:00,0.372
2024-04-14 10:00,0.382
2024-04-14 11:00,0.416
2024-04-14 12:00,0.498
2024-04-14 13:00,0.555
2024-04-14 14:00,0.581
2024-04-14 15:00,0.569
2024-04-14 16:00,0.546
2024-04-14 17:00,0.563
2024-04-14 18:00,0.598
2024-04-14 19:00,0.606
2024-04-14 20:00,0.585
2024-04-14 21:00,0.619
2024-04-14 22:00,0.646
2024-04-14 23:00,0.714
2024-04-15 00:00,0.741
2024-04-15 01:00,0.804
2024-04-15 02:00,0.873
2024-04-15 03:00,0.914
2024-04-15 04:00,0.931
2024-04-15 05:00,0.919
2024-04-15 06:00,0.902
2024-04-15 07:00,0.919
2024-04-15 08:00,0.929
2024-04-15 09:00,0.936
2024-04-15 10:00,0.957
2024-04-15 11:00,0.970
2024-04-15 12:00,0.970
2024-04-15 13:00,0.971
2024-04-15 14:00,0.978
2024-04-15 15:00,0.977
2024-04-15 16:00,0.974
2024-04-15 17:00,0.969
2024-04-15 18:00,0.957
2024-04-15 19:00,0.944
2024-04-15 20:00,0.924
2024-04-15 21:00,0.900
2024-04-15 22:00,0.876
2024-04-15 23:00,0.855
2024-04-16 00:00,0.847
2024-04-16 01:00,0.845
2024-04-16 02:00,0.845
2024-04-16 03:00,0.829
2024-04-16 04:00,0.812
2024-04-16 05:00,0.765
2024-04-16 06:00,0.684
2024-04-16 07:00,0.705
2024-04-16 08:00,0.712
2024-04-16 09:00,0.683
2024-04-16 10:00,0.649
2024-04-16 11:00,0.612
2024-04-16 12:00,0.556
2024-04-16 13:00,0.487
2024-04-16 14:00,0.425
2024-04-16 15:00,0.365
2024-04-16 16:00,0.281
2024-04-16 17:00,0.166
2024-04-16 18:00,0.116
2024-04-16 19:00,0.149
2024-04-16 20:00,0.290
2024-04-16 21:00,0.448
2024-04-16 22:00,0.530
2024-04-16 23:00,0.538
2024-04-17 00:00,0.492
2024-04-17 01:00,0.451
2024-04-17 02:00,0.407
2024-04-17 03:00,0.379
2024-04-17 04:00,0.382
2024-04-17 05:00,0.362
2024-04-17 06:00,0.367
2024-04-17 07:00,0.509
2024-04-17 08:00,0.629
2024-04-17 09:00,0.674
2024-04-17 10:00,0.700
2024-04-17 11:00,0.711
2024-04-17 12:00,0.715
2024-04-17 13:00,0.712
2024-04-17 14:00,0.712
2024-04-17 15:00,0.707
2024-04-17 16:00,0.671
2024-04-17 17:00,0.597
2024-04-17 18:00,0.555
2024-04-17 19:00,0.524
2024-04-17 20:00,0.462
2024-04-17 21:00,0.442
2024-04-17 22:00,0.390
2024-04-17 23:00,0.330
2024-04-18 00:00,0.245
2024-04-18 01:00,0.164
2024-04-18 02:00,0.102
2024-04-18 03:00,0.079
2024-04-18 04:00,0.073
2024-04-18 05:00,0.062
2024-04-18 06:00,0.060
2024-04-18 07:00,0.095
2024-04-18 08:00,0.195
2024-04-18 09:00,0.299
2024-04-18 10:00,0.398
2024-04-18 11:00,0.524
2024-04-18 12:00,0.643
2024-04-18 13:00,0.700
2024-04-18 14:00,0.701
2024-04-18 15:00,0.700
2024-04-18 16:00,0.712
2024-04-18 17:00,0.758
2024-04-18 18:00,0.814
2024-04-18 19:00,0.844
2024-04-18 20:00,0.843
2024-04-18 21:00,0.851
2024-04-18 22:00,0.854
2024-04-18 23:00,0.848
2024-04-19 00:00,0.843
2024-04-19 01:00,0.853
2024-04-19 02:00,0.845
2024-04-19 03:00,0.810
2024-04-19 04:00,0.804
2024-04-19 05:00,0.800
2024-04-19 06:00,0.772
2024-04-19 07:00,0.775
2024-04-19 08:00,0.777
2024-04-19 09:00,0.723
2024-04-19 10:00,0.634
2024-04-19 11:00,0.569
2024-04-19 12:00,0.556
2024-04-19 13:00,0.568
2024-04-19 14:00,0.559
2024-04-19 15:00,0.540
2024-04-19 16:00,0.505
2024-04-19 17:00,0.429
2024-04-19 18:00,0.379
2024-04-19 19:00,0.365
2024-04-19 20:00,0.302
2024-04-19 21:00,0.276
2024-04-19 22:00,0.264
2024-04-19 23:00,0.275
2024-04-20 00:00,0.314
2024-04-20 01:00,0.316
2024-04-20 02:00,0.308
2024-04-20 03:00,0.287
2024-04-20 04:00,0.270
2024-04-20 05:00,0.269
2024-04-20 06:00,0.182
2024-04-20 07:00,0.204
2024-04-20 08:00,0.251
2024-04-20 09:00,0.259
2024-04-20 10:00,0.251
2024-04-20 11:00,0.236
2024-04-20 12:00,0.226
2024-04-20 13:00,0.213
2024-04-20 14:00,0.205
2024-04-20 15:00,0.201
2024-04-20 16:00,0.191
2024-04-20 17:00,0.161
2024-04-20 18:00,0.136
2024-04-20 19:00,0.133
2024-04-20 20:00,0.123
2024-04-20 21:00,0.113
2024-04-20 22:00,0.120
2024-04-20 23:00,0.155
2024-04-21 00:00,0.171
2024-04-21 01:00,0.179
2024-04-21 02:00,0.204
2024-04-21 03:00,0.246
2024-04-21 04:00,0.292
2024-04-21 05:00,0.305
2024-04-21 06:00,0.205
2024-04-21 07:00,0.267
2024-04-21 08:00,0.261
2024-04-21 09:00,0.227
2024-04-21 10:00,0.198
2024-04-21 11:00,0.177
2024-04-21 12:00,0.170
2024-04-21 13:00,0.185
2024-04-21 14:00,0.207
2024-04-21 15:00,0.207
2024-04-21 16:00,0.191
2024-04-21 17:00,0.176
2024-04-21 18:00,0.180
2024-04-21 19:00,0.190
2024-04-21 20:00,0.170
2024-04-21 21:00,0.133
2024-04-21 22:00,0.088
2024-04-21 23:00,0.051
2024-04-22 00:00,0.023
2024-04-22 01:00,0.015
2024-04-22 02:00,0.021
2024-04-22 03:00,0.039
2024-04-22 04:00,0.049
2024-04-22 05:00,0.046
2024-04-22 06:00,0.030
2024-04-22 07:00,0.022
2024-04-22 08:00,0.013
2024-04-22 09:00,0.007
2024-04-22 10:00,0.011
2024-04-22 11:00,0.019
2024-04-22 12:00,0.021
2024-04-22 13:00,0.023
2024-04-22 14:00,0.029
2024-04-22 15:00,0.035
2024-04-22 16:00,0.036
2024-04-22 17:00,0.030
2024-04-22 18:00,0.029
2024-04-22 19:00,0.052
2024-04-22 20:00,0.111
2024-04-22 21:00,0.194
2024-04-22 22:00,0.272
2024-04-22 23:00,0.323
2024-04-23 00:00,0.345
2024-04-23 01:00,0.320
2024-04-23 02:00,0.314
2024-04-23 03:00,0.274
2024-04-23 04:00,0.266
2024-04-23 05:00,0.292
2024-04-23 06:00,0.320
2024-04-23 07:00,0.433
2024-04-23 08:00,0.498
2024-04-23 09:00,0.510
2024-04-23 10:00,0.500
2024-04-23 11:00,0.483
2024-04-23 12:00,0.463
2024-04-23 13:00,0.448
2024-04-23 14:00,0.436
2024-04-23 15:00,0.419
2024-04-23 16:00,0.393
2024-04-23 17:00,0.293
2024-04-23 18:00,0.203
2024-04-23 19:00,0.195
2024-04-23 20:00,0.207
2024-04-23 21:00,0.221
2024-04-23 22:00,0.248
2024-04-23 23:00,0.270
2024-04-24 00:00,0.273
2024-04-24 01:00,0.292
2024-04-24 02:00,0.312
2024-04-24 03:00,0.332
2024-04-24 04:00,0.359
2024-04-24 05:00,0.330
2024-04-24 06:00,0.261
2024-04-24 07:00,0.384
2024-04-24 08:00,0.413
2024-04-24 09:00,0.374
2024-04-24 10:00,0.337
2024-04-24 11:00,0.302
2024-04-24 12:00,0.268
2024-04-24 13:00,0.232
2024-04-24 14:00,0.195
2024-04-24 15:00,0.154
2024-04-24 16:00,0.113
2024-04-24 17:00,0.077
2024-04-24 18:00,0.053
2024-04-24 19:00,0.045
2024-04-24 20:00,0.072
2024-04-24 21:00,0.146
2024-04-24 22:00,0.225
2024-04-24 23:00,0.304
2024-04-25 00:00,0.377
2024-04-25 01:00,0.451
2024-04-25 02:00,0.507
2024-04-25 03:00,0.510
2024-04-25 04:00,0.496
2024-04-25 05:00,0.429
2024-04-25 06:00,0.345
2024-04-25 07:00,0.349
2024-04-25 08:00,0.346
2024-04-25 09:00,0.290
2024-04-25 10:00,0.253
2024-04-25 11:00,0.230
2024-04-25 12:00,0.214
2024-04-25 13:00,0.204
2024-04-25 14:00,0.196
2024-04-25 15:00,0.189
2024-04-25 16:00,0.184
2024-04-25 17:00,0.183
2024-04-25 18:00,0.185
2024-04-25 19:00,0.206
2024-04-25 20:00,0.205
2024-04-25 21:00,0.196
2024-04-25 22:00,0.195
2024-04-25 23:00,0.202
2024-04-26 00:00,0.214
2024-04-26 01:00,0.233
2024-04-26 02:00,0.251
2024-04-26 03:00,0.258
2024-04-26 04:00,0.258
2024-04-26 05:00,0.242
2024-04-26 06:00,0.154
2024-04-26 07:00,0.138
2024-04-26 08:00,0.119
2024-04-26 09:00,0.100
2024-04-26 10:00,0.085
2024-04-26 11:00,0.073
2024-04-26 12:00,0.065
2024-04-26 13:00,0.063
2024-04-26 14:00,0.070
2024-04-26 15:00,0.094
2024-04-26 16:00,0.137
2024-04-26 17:00,0.184
2024-04-26 18:00,0.235
2024-04-26 19:00,0.305
2024-04-26 20:00,0.321
2024-04-26 21:00,0.305
2024-04-26 22:00,0.286
2024-04-26 23:00,0.268
2024-04-27 00:00,0.250
2024-04-27 01:00,0.237
2024-04-27 02:00,0.239
2024-04-27 03:00,0.248
2024-04-27 04:00,0.251
2024-04-27 05:00,0.248
2024-04-27 06:00,0.195
2024-04-27 07:00,0.211
2024-04-27 08:00,0.219
2024-04-27 09:00,0.212
2024-04-27 10:00,0.221
2024-04-27 11:00,0.239
2024-04-27 12:00,0.260
2024-04-27 13:00,0.270
2024-04-27 14:00,0.273
2024-04-27 15:00,0.287
2024-04-27 16:00,0.316
2024-04-27 17:00,0.317
2024-04-27 18:00,0.301
2024-04-27 19:00,0.345
2024-04-27 20:00,0.393
2024-04-27 21:00,0.384
2024-04-27 22:00,0.390
2024-04-27 23:00,0.384
2024-04-28 00:00,0.367
2024-04-28 01:00,0.376
2024-04-28 02:00,0.422
2024-04-28 03:00,0.453
2024-04-28 04:00,0.483
2024-04-28 05:00,0.502
2024-04-28 06:00,0.517
2024-04-28 07:00,0.574
2024-04-28 08:00,0.634
2024-04-28 09:00,0.636
2024-04-28 10:00,0.633
2024-04-28 11:00,0.628
2024-04-28 12:00,0.609
2024-04-28 13:00,0.606
2024-04-28 14:00,0.618
2024-04-28 15:00,0.635
2024-04-28 16:00,0.630
2024-04-28 17:00,0.569
2024-04-28 18:00,0.504
2024-04-28 19:00,0.495
2024-04-28 20:00,0.559
2024-04-28 21:00,0.621
2024-04-28 22:00,0.612
2024-04-28 23:00,0.577
2024-04-29 00:00,0.561
2024-04-29 01:00,0.572
2024-04-29 02:00,0.560
2024-04-29 03:00,0.518
2024-04-29 04:00,0.467
2024-04-29 05:00,0.457
2024-04-29 06:00,0.416
2024-04-29 07:00,0.525
2024-04-29 08:00,0.672
2024-04-29 09:00,0.774
2024-04-29 10:00,0.833
2024-04-29 11:00,0.879
2024-04-29 12:00,0.912
2024-04-29 13:00,0.923
2024-04-29 14:00,0.923
2024-04-29 15:00,0.917
2024-04-29 16:00,0.908
2024-04-29 17:00,0.886
2024-04-29 18:00,0.868
2024-04-29 19:00,0.858
2024-04-29 20:00,0.837
2024-04-29 21:00,0.798
2024-04-29 22:00,0.746
2024-04-29 23:00,0.706
2024-04-30 00:00,0.628
2024-04-30 01:00,0.566
2024-04-30 02:00,0.523
2024-04-30 03:00,0.499
2024-04-30 04:00,0.497
2024-04-30 05:00,0.528
2024-04-30 06:00,0.523
2024-04-30 07:00,0.583
2024-04-30 08:00,0.688
2024-04-30 09:00,0.758
2024-04-30 10:00,0.792
2024-04-30 11:00,0.810
2024-04-30 12:00,0.824
2024-04-30 13:00,0.826
2024-04-30 14:00,0.811
2024-04-30 15:00,0.779
2024-04-30 16:00,0.721
2024-04-30 17:00,0.634
2024-04-30 18:00,0.586
2024-04-30 19:00,0.597
2024-04-30 20:00,0.562
2024-04-30 21:00,0.511
2024-04-30 22:00,0.463
2024-04-30 23:00,0.396
2024-05-01 00:00,0.345
2024-05-01 01:00,0.299
2024-05-01 02:00,0.262
2024-05-01 03:00,0.232
2024-05-01 04:00,0.203
2024-05-01 05:00,0.146
2024-05-01 06:00,0.073
2024-05-01 07:00,0.060
2024-05-01 08:00,0.084
2024-05-01 09:00,0.072
2024-05-01 10:00,0.063
2024-05-01 11:00,0.066
2024-05-01 12:00,0.074
2024-05-01 13:00,0.090
2024-05-01 14:00,0.118
2024-05-01 15:00,0.153
2024-05-01 16:00,0.204
2024-05-01 17:00,0.295
2024-05-01 18:00,0.380
2024-05-01 19:00,0.403
2024-05-01 20:00,0.419
2024-05-01 21:00,0.432
2024-05-01 22:00,0.443
2024-05-01 23:00,0.425
2024-05-02 00:00,0.429
2024-05-02 01:00,0.450
2024-05-02 02:00,0.480
2024-05-02 03:00,0.497
2024-05-02 04:00,0.510
2024-05-02 05:00,0.513
2024-05-02 06:00,0.572
2024-05-02 07:00,0.652
2024-05-02 08:00,0.679
2024-05-02 09:00,0.704
2024-05-02 10:00,0.692
2024-05-02 11:00,0.675
2024-05-02 12:00,0.663
2024-05-02 13:00,0.643
2024-05-02 14:00,0.621
2024-05-02 15:00,0.585
2024-05-02 16:00,0.522
2024-05-02 17:00,0.443
2024-05-02 18:00,0.393
2024-05-02 19:00,0.393
2024-05-02 20:00,0.355
2024-05-02 21:00,0.321
2024-05-02 22:00,0.296
2024-05-02 23:00,0.248
2024-05-03 00:00,0.202
2024-05-03 01:00,0.166
2024-05-03 02:00,0.139
2024-05-03 03:00,0.116
2024-05-03 04:00,0.097
2024-05-03 05:00,0.078
2024-05-03 06:00,0.066
2024-05-03 07:00,0.054
2024-05-03 08:00,0.053
2024-05-03 09:00,0.060
2024-05-03 10:00,0.073
2024-05-03 11:00,0.092
2024-05-03 12:00,0.118
2024-05-03 13:00,0.145
2024-05-03 14:00,0.177
2024-05-03 15:00,0.191
2024-05-03 16:00,0.180
2024-05-03 17:00,0.161
2024-05-03 18:00,0.163
2024-05-03 19:00,0.179
2024-05-03 20:00,0.187
2024-05-03 21:00,0.200
2024-05-03 22:00,0.221
2024-05-03 23:00,0.228
2024-05-04 00:00,0.237
2024-05-04 01:00,0.251
2024-05-04 02:00,0.246
2024-05-04 03:00,0.254
2024-05-04 04:00,0.270
2024-05-04 05:00,0.279
2024-05-04 06:00,0.257
2024-05-04 07:00,0.292
2024-05-04 08:00,0.323
2024-05-04 09:00,0.320
2024-05-04 10:00,0.321
2024-05-04 11:00,0.323
2024-05-04 12:00,0.317
2024-05-04 13:00,0.291
2024-05-04 14:00,0.247
2024-05-04 15:00,0.197
2024-05-04 16:00,0.150
2024-05-04 17:00,0.103
2024-05-04 18:00,0.064
2024-05-04 19:00,0.039
2024-05-04 20:00,0.025
2024-05-04 21:00,0.019
2024-05-04 22:00,0.016
2024-05-04 23:00,0.014
2024-05-05 00:00,0.013
2024-05-05 01:00,0.019
2024-05-05 02:00,0.032
2024-05-05 03:00,0.050
2024-05-05 04:00,0.065
2024-05-05 05:00,0.067
2024-05-05 06:00,0.042
2024-05-05 07:00,0.041
2024-05-05 08:00,0.054
2024-05-05 09:00,0.057
2024-05-05 10:00,0.054
2024-05-05 11:00,0.051
2024-05-05 12:00,0.049
2024-05-05 13:00,0.043
2024-05-05 14:00,0.036
2024-05-05 15:00,0.028
2024-05-05 16:00,0.022
2024-05-05 17:00,0.019
2024-05-05 18:00,0.018
2024-05-05 19:00,0.018
2024-05-05 20:00,0.024
2024-05-05 21:00,0.028
2024-05-05 22:00,0.026
2024-05-05 23:00,0.026
2024-05-06 00:00,0.032
2024-05-06 01:00,0.040
2024-05-06 02:00,0.049
2024-05-06 03:00,0.059
2024-05-06 04:00,0.066
2024-05-06 05:00,0.068
2024-05-06 06:00,0.048
2024-05-06 07:00,0.036
2024-05-06 08:00,0.030
2024-05-06 09:00,0.022
2024-05-06 10:00,0.018
2024-05-06 11:00,0.018
2024-05-06 12:00,0.020
2024-05-06 13:00,0.021
2024-05-06 14:00,0.023
2024-05-06 15:00,0.030
2024-05-06 16:00,0.043
2024-05-06 17:00,0.066
2024-05-06 18:00,0.101
2024-05-06 19:00,0.148
2024-05-06 20:00,0.181
2024-05-06 21:00,0.187
2024-05-06 22:00,0.186
2024-05-06 23:00,0.183
2024-05-07 00:00,0.187
2024-05-07 01:00,0.190
2024-05-07 02:00,0.196
2024-05-07 03:00,0.211
2024-05-07 04:00,0.218
2024-05-07 05:00,0.187
2024-05-07 06:00,0.151
2024-05-07 07:00,0.161
2024-05-07 08:00,0.138
2024-05-07 09:00,0.118
2024-05-07 10:00,0.103
2024-05-07 11:00,0.087
2024-05-07 12:00,0.070
2024-05-07 13:00,0.055
2024-05-07 14:00,0.047
2024-05-07 15:00,0.052
2024-05-07 16:00,0.064
2024-05-07 17:00,0.077
2024-05-07 18:00,0.112
2024-05-07 19:00,0.177
2024-05-07 20:00,0.224
2024-05-07 21:00,0.218
2024-05-07 22:00,0.185
2024-05-07 23:00,0.162
2024-05-08 00:00,0.156
2024-05-08 01:00,0.154
2024-05-08 02:00,0.158
2024-05-08 03:00,0.170
2024-05-08 04:00,0.194
2024-05-08 05:00,0.184
2024-05-08 06:00,0.121
2024-05-08 07:00,0.142
2024-05-08 08:00,0.181
2024-05-08 09:00,0.208
2024-05-08 10:00,0.245
2024-05-08 11:00,0.283
2024-05-08 12:00,0.302
2024-05-08 13:00,0.293
2024-05-08 14:00,0.268
2024-05-08 15:00,0.225
2024-05-08 16:00,0.187
2024-05-08 17:00,0.160
2024-05-08 18:00,0.154
2024-05-08 19:00,0.186
2024-05-08 20:00,0.212
2024-05-08 21:00,0.213
2024-05-08 22:00,0.194
2024-05-08 23:00,0.162
2024-05-09 00:00,0.145
2024-05-09 01:00,0.147
2024-05-09 02:00,0.174
2024-05-09 03:00,0.199
2024-05-09 04:00,0.214
2024-05-09 05:00,0.174
2024-05-09 06:00,0.112
2024-05-09 07:00,0.095
2024-05-09 08:00,0.084
2024-05-09 09:00,0.079
2024-05-09 10:00,0.075
2024-05-09 11:00,0.069
2024-05-09 12:00,0.064
2024-05-09 13:00,0.059
2024-05-09 14:00,0.050
2024-05-09 15:00,0.046
2024-05-09 16:00,0.045
2024-05-09 17:00,0.050
2024-05-09 18:00,0.062
2024-05-09 19:00,0.079
2024-05-09 20:00,0.073
2024-05-09 21:00,0.057
2024-05-09 22:00,0.043
2024-05-09 23:00,0.034
2024-05-10 00:00,0.031
2024-05-10 01:00,0.031
2024-05-10 02:00,0.033
2024-05-10 03:00,0.037
2024-05-10 04:00,0.043
2024-05-10 05:00,0.051
2024-05-10 06:00,0.042
2024-05-10 07:00,0.031
2024-05-10 08:00,0.046
2024-05-10 09:00,0.061
2024-05-10 10:00,0.061
2024-05-10 11:00,0.059
2024-05-10 12:00,0.059
2024-05-10 13:00,0.062
2024-05-10 14:00,0.068
2024-05-10 15:00,0.081
2024-05-10 16:00,0.102
2024-05-10 17:00,0.135
2024-05-10 18:00,0.212
2024-05-10 19:00,0.335
2024-05-10 20:00,0.426
2024-05-10 21:00,0.419
2024-05-10 22:00,0.380
2024-05-10 23:00,0.345
2024-05-11 00:00,0.323
2024-05-11 01:00,0.307
2024-05-11 02:00,0.293
2024-05-11 03:00,0.276
2024-05-11 04:00,0.257
2024-05-11 05:00,0.187
2024-05-11 06:00,0.108
2024-05-11 07:00,0.116
2024-05-11 08:00,0.135
2024-05-11 09:00,0.156
2024-05-11 10:00,0.184
2024-05-11 11:00,0.207
2024-05-11 12:00,0.229
2024-05-11 13:00,0.254
2024-05-11 14:00,0.286
2024-05-11 15:00,0.317
2024-05-11 16:00,0.335
2024-05-11 17:00,0.348
2024-05-11 18:00,0.400
2024-05-11 19:00,0.440
2024-05-11 20:00,0.413
2024-05-11 21:00,0.356
2024-05-11 22:00,0.314
2024-05-11 23:00,0.277
2024-05-12 00:00,0.248
2024-05-12 01:00,0.230
2024-05-12 02:00,0.233
2024-05-12 03:00,0.248
2024-05-12 04:00,0.254
2024-05-12 05:00,0.196
2024-05-12 06:00,0.133
2024-05-12 07:00,0.140
2024-05-12 08:00,0.188
2024-05-12 09:00,0.255
2024-05-12 10:00,0.330
2024-05-12 11:00,0.393
2024-05-12 12:00,0.444
2024-05-12 13:00,0.478
2024-05-12 14:00,0.491
2024-05-12 15:00,0.466
2024-05-12 16:00,0.416
2024-05-12 17:00,0.409
2024-05-12 18:00,0.432
2024-05-12 19:00,0.425
2024-05-12 20:00,0.384
2024-05-12 21:00,0.312
2024-05-12 22:00,0.251
2024-05-12 23:00,0.232
2024-05-13 00:00,0.218
2024-05-13 01:00,0.223
2024-05-13 02:00,0.223
2024-05-13 03:00,0.198
2024-05-13 04:00,0.186
2024-05-13 05:00,0.171
2024-05-13 06:00,0.127
2024-05-13 07:00,0.238
2024-05-13 08:00,0.338
2024-05-13 09:00,0.357
2024-05-13 10:00,0.421
2024-05-13 11:00,0.525
2024-05-13 12:00,0.598
2024-05-13 13:00,0.629
2024-05-13 14:00,0.646
2024-05-13 15:00,0.648
2024-05-13 16:00,0.616
2024-05-13 17:00,0.566
2024-05-13 18:00,0.542
2024-05-13 19:00,0.534
2024-05-13 20:00,0.499
2024-05-13 21:00,0.526
2024-05-13 22:00,0.523
2024-05-13 23:00,0.505
2024-05-14 00:00,0.463
2024-05-14 01:00,0.450
2024-05-14 02:00,0.459
2024-05-14 03:00,0.466
2024-05-14 04:00,0.437
2024-05-14 05:00,0.408
2024-05-14 06:00,0.320
2024-05-14 07:00,0.312
2024-05-14 08:00,0.309
2024-05-14 09:00,0.320
2024-05-14 10:00,0.296
2024-05-14 11:00,0.297
2024-05-14 12:00,0.319
2024-05-14 13:00,0.340
2024-05-14 14:00,0.374
2024-05-14 15:00,0.386
2024-05-14 16:00,0.355
2024-05-14 17:00,0.308
2024-05-14 18:00,0.292
2024-05-14 19:00,0.351
2024-05-14 20:00,0.410
2024-05-14 21:00,0.406
2024-05-14 22:00,0.381
2024-05-14 23:00,0.354
2024-05-15 00:00,0.321
2024-05-15 01:00,0.297
2024-05-15 02:00,0.297
2024-05-15 03:00,0.309
2024-05-15 04:00,0.314
2024-05-15 05:00,0.227
2024-05-15 06:00,0.169
2024-05-15 07:00,0.229
2024-05-15 08:00,0.244
2024-05-15 09:00,0.234
2024-05-15 10:00,0.224
2024-05-15 11:00,0.204
2024-05-15 12:00,0.191
2024-05-15 13:00,0.183
2024-05-15 14:00,0.171
2024-05-15 15:00,0.169
2024-05-15 16:00,0.171
2024-05-15 17:00,0.185
2024-05-15 18:00,0.203
2024-05-15 19:00,0.238
2024-05-15 20:00,0.254
2024-05-15 21:00,0.241
2024-05-15 22:00,0.224
2024-05-15 23:00,0.196
2024-05-16 00:00,0.163
2024-05-16 01:00,0.133
2024-05-16 02:00,0.106
2024-05-16 03:00,0.087
2024-05-16 04:00,0.090
2024-05-16 05:00,0.101
2024-05-16 06:00,0.081
2024-05-16 07:00,0.080
2024-05-16 08:00,0.075
2024-05-16 09:00,0.078
2024-05-16 10:00,0.089
2024-05-16 11:00,0.102
2024-05-16 12:00,0.119
2024-05-16 13:00,0.146
2024-05-16 14:00,0.186
2024-05-16 15:00,0.214
2024-05-16 16:00,0.224
2024-05-16 17:00,0.227
2024-05-16 18:00,0.227
2024-05-16 19:00,0.237
2024-05-16 20:00,0.246
2024-05-16 21:00,0.230
2024-05-16 22:00,0.225
2024-05-16 23:00,0.207
2024-05-17 00:00,0.177
2024-05-17 01:00,0.145
2024-05-17 02:00,0.122
2024-05-17 03:00,0.105
2024-05-17 04:00,0.080
2024-05-17 05:00,0.044
2024-05-17 06:00,0.023
2024-05-17 07:00,0.022
2024-05-17 08:00,0.024
2024-05-17 09:00,0.028
2024-05-17 10:00,0.027
2024-05-17 11:00,0.021
2024-05-17 12:00,0.016
2024-05-17 13:00,0.011
2024-05-17 14:00,0.008
2024-05-17 15:00,0.010
2024-05-17 16:00,0.021
2024-05-17 17:00,0.050
2024-05-17 18:00,0.093
2024-05-17 19:00,0.147
2024-05-17 20:00,0.171
2024-05-17 21:00,0.155
2024-05-17 22:00,0.125
2024-05-17 23:00,0.105
2024-05-18 00:00,0.114
2024-05-18 01:00,0.148
2024-05-18 02:00,0.203
2024-05-18 03:00,0.253
2024-05-18 04:00,0.271
2024-05-18 05:00,0.197
2024-05-18 06:00,0.160
2024-05-18 07:00,0.183
2024-05-18 08:00,0.204
2024-05-18 09:00,0.209
2024-05-18 10:00,0.201
2024-05-18 11:00,0.194
2024-05-18 12:00,0.197
2024-05-18 13:00,0.215
2024-05-18 14:00,0.243
2024-05-18 15:00,0.281
2024-05-18 16:00,0.321
2024-05-18 17:00,0.324
2024-05-18 18:00,0.302
2024-05-18 19:00,0.345
2024-05-18 20:00,0.408
2024-05-18 21:00,0.410
2024-05-18 22:00,0.421
2024-05-18 23:00,0.442
2024-05-19 00:00,0.460
2024-05-19 01:00,0.467
2024-05-19 02:00,0.468
2024-05-19 03:00,0.458
2024-05-19 04:00,0.430
2024-05-19 05:00,0.314
2024-05-19 06:00,0.177
2024-05-19 07:00,0.202
2024-05-19 08:00,0.254
2024-05-19 09:00,0.232
2024-05-19 10:00,0.206
2024-05-19 11:00,0.179
2024-05-19 12:00,0.157
2024-05-19 13:00,0.150
2024-05-19 14:00,0.156
2024-05-19 15:00,0.179
2024-05-19 16:00,0.207
2024-05-19 17:00,0.235
2024-05-19 18:00,0.254
2024-05-19 19:00,0.302
2024-05-19 20:00,0.330
2024-05-19 21:00,0.302
2024-05-19 22:00,0.259
2024-05-19 23:00,0.227
2024-05-20 00:00,0.213
2024-05-20 01:00,0.205
2024-05-20 02:00,0.204
2024-05-20 03:00,0.210
2024-05-20 04:00,0.210
2024-05-20 05:00,0.167
2024-05-20 06:00,0.165
2024-05-20 07:00,0.176
2024-05-20 08:00,0.187
2024-05-20 09:00,0.186
2024-05-20 10:00,0.170
2024-05-20 11:00,0.151
2024-05-20 12:00,0.134
2024-05-20 13:00,0.126
2024-05-20 14:00,0.123
2024-05-20 15:00,0.128
2024-05-20 16:00,0.137
2024-05-20 17:00,0.152
2024-05-20 18:00,0.177
2024-05-20 19:00,0.230
2024-05-20 20:00,0.279
2024-05-20 21:00,0.275
2024-05-20 22:00,0.252
2024-05-20 23:00,0.229
2024-05-21 00:00,0.220
2024-05-21 01:00,0.227
2024-05-21 02:00,0.239
2024-05-21 03:00,0.238
2024-05-21 04:00,0.238
2024-05-21 05:00,0.185
2024-05-21 06:00,0.158
2024-05-21 07:00,0.164
2024-05-21 08:00,0.153
2024-05-21 09:00,0.142
2024-05-21 10:00,0.127
2024-05-21 11:00,0.108
2024-05-21 12:00,0.092
2024-05-21 13:00,0.084
2024-05-21 14:00,0.073
2024-05-21 15:00,0.065
2024-05-21 16:00,0.067
2024-05-21 17:00,0.074
2024-05-21 18:00,0.085
2024-05-21 19:00,0.126
2024-05-21 20:00,0.169
2024-05-21 21:00,0.170
2024-05-21 22:00,0.153
2024-05-21 23:00,0.146
2024-05-22 00:00,0.169
2024-05-22 01:00,0.213
2024-05-22 02:00,0.276
2024-05-22 03:00,0.327
2024-05-22 04:00,0.358
2024-05-22 05:00,0.400
2024-05-22 06:00,0.439
2024-05-22 07:00,0.473
2024-05-22 08:00,0.515
2024-05-22 09:00,0.561
2024-05-22 10:00,0.620
2024-05-22 11:00,0.651
2024-05-22 12:00,0.652
2024-05-22 13:00,0.645
2024-05-22 14:00,0.643
2024-05-22 15:00,0.640
2024-05-22 16:00,0.633
2024-05-22 17:00,0.662
2024-05-22 18:00,0.680
2024-05-22 19:00,0.701
2024-05-22 20:00,0.712
2024-05-22 21:00,0.731
2024-05-22 22:00,0.734
2024-05-22 23:00,0.760
2024-05-23 00:00,0.742
2024-05-23 01:00,0.762
2024-05-23 02:00,0.772
2024-05-23 03:00,0.784
2024-05-23 04:00,0.789
2024-05-23 05:00,0.783
2024-05-23 06:00,0.768
2024-05-23 07:00,0.788
2024-05-23 08:00,0.783
2024-05-23 09:00,0.767
2024-05-23 10:00,0.750
2024-05-23 11:00,0.726
2024-05-23 12:00,0.712
2024-05-23 13:00,0.699
2024-05-23 14:00,0.678
2024-05-23 15:00,0.649
2024-05-23 16:00,0.604
2024-05-23 17:00,0.554
2024-05-23 18:00,0.516
2024-05-23 19:00,0.510
2024-05-23 20:00,0.506
2024-05-23 21:00,0.469
2024-05-23 22:00,0.403
2024-05-23 23:00,0.373
2024-05-24 00:00,0.355
2024-05-24 01:00,0.327
2024-05-24 02:00,0.321
2024-05-24 03:00,0.308
2024-05-24 04:00,0.274
2024-05-24 05:00,0.204
2024-05-24 06:00,0.183
2024-05-24 07:00,0.152
2024-05-24 08:00,0.122
2024-05-24 09:00,0.107
2024-05-24 10:00,0.105
2024-05-24 11:00,0.114
2024-05-24 12:00,0.123
2024-05-24 13:00,0.126
2024-05-24 14:00,0.122
2024-05-24 15:00,0.112
2024-05-24 16:00,0.096
2024-05-24 17:00,0.079
2024-05-24 18:00,0.067
2024-05-24 19:00,0.055
2024-05-24 20:00,0.037
2024-05-24 21:00,0.026
2024-05-24 22:00,0.022
2024-05-24 23:00,0.024
2024-05-25 00:00,0.034
2024-05-25 01:00,0.060
2024-05-25 02:00,0.092
2024-05-25 03:00,0.110
2024-05-25 04:00,0.115
2024-05-25 05:00,0.089
2024-05-25 06:00,0.064
2024-05-25 07:00,0.083
2024-05-25 08:00,0.093
2024-05-25 09:00,0.109
2024-05-25 10:00,0.142
2024-05-25 11:00,0.195
2024-05-25 12:00,0.267
2024-05-25 13:00,0.340
2024-05-25 14:00,0.387
2024-05-25 15:00,0.393
2024-05-25 16:00,0.383
2024-05-25 17:00,0.361
2024-05-25 18:00,0.284
2024-05-25 19:00,0.238
2024-05-25 20:00,0.238
2024-05-25 21:00,0.240
2024-05-25 22:00,0.204
2024-05-25 23:00,0.173
2024-05-26 00:00,0.139
2024-05-26 01:00,0.132
2024-05-26 02:00,0.136
2024-05-26 03:00,0.152
2024-05-26 04:00,0.163
2024-05-26 05:00,0.129
2024-05-26 06:00,0.106
2024-05-26 07:00,0.135
2024-05-26 08:00,0.189
2024-05-26 09:00,0.238
2024-05-26 10:00,0.261
2024-05-26 11:00,0.251
2024-05-26 12:00,0.227
2024-05-26 13:00,0.211
2024-05-26 14:00,0.210
2024-05-26 15:00,0.218
2024-05-26 16:00,0.219
2024-05-26 17:00,0.205
2024-05-26 18:00,0.204
2024-05-26 19:00,0.251
2024-05-26 20:00,0.297
2024-05-26 21:00,0.327
2024-05-26 22:00,0.343
2024-05-26 23:00,0.356
2024-05-27 00:00,0.367
2024-05-27 01:00,0.370
2024-05-27 02:00,0.380
2024-05-27 03:00,0.400
2024-05-27 04:00,0.390
2024-05-27 05:00,0.335
2024-05-27 06:00,0.360
2024-05-27 07:00,0.400
2024-05-27 08:00,0.397
2024-05-27 09:00,0.380
2024-05-27 10:00,0.348
2024-05-27 11:00,0.326
2024-05-27 12:00,0.309
2024-05-27 13:00,0.294
2024-05-27 14:00,0.286
2024-05-27 15:00,0.276
2024-05-27 16:00,0.258
2024-05-27 17:00,0.224
2024-05-27 18:00,0.160
2024-05-27 19:00,0.135
2024-05-27 20:00,0.137
2024-05-27 21:00,0.160
2024-05-27 22:00,0.195
2024-05-27 23:00,0.238
2024-05-28 00:00,0.273
2024-05-28 01:00,0.289
2024-05-28 02:00,0.296
2024-05-28 03:00,0.302
2024-05-28 04:00,0.287
2024-05-28 05:00,0.229
2024-05-28 06:00,0.217
2024-05-28 07:00,0.302
2024-05-28 08:00,0.393
2024-05-28 09:00,0.479
2024-05-28 10:00,0.539
2024-05-28 11:00,0.572
2024-05-28 12:00,0.562
2024-05-28 13:00,0.534
2024-05-28 14:00,0.521
2024-05-28 15:00,0.510
2024-05-28 16:00,0.463
2024-05-28 17:00,0.413
2024-05-28 18:00,0.376
2024-05-28 19:00,0.430
2024-05-28 20:00,0.451
2024-05-28 21:00,0.471
2024-05-28 22:00,0.489
2024-05-28 23:00,0.506
2024-05-29 00:00,0.502
2024-05-29 01:00,0.516
2024-05-29 02:00,0.523
2024-05-29 03:00,0.545
2024-05-29 04:00,0.546
2024-05-29 05:00,0.483
2024-05-29 06:00,0.507
2024-05-29 07:00,0.556
2024-05-29 08:00,0.542
2024-05-29 09:00,0.545
2024-05-29 10:00,0.558
2024-05-29 11:00,0.572
2024-05-29 12:00,0.590
2024-05-29 13:00,0.600
2024-05-29 14:00,0.600
2024-05-29 15:00,0.600
2024-05-29 16:00,0.613
2024-05-29 17:00,0.606
2024-05-29 18:00,0.510
2024-05-29 19:00,0.497
2024-05-29 20:00,0.531
2024-05-29 21:00,0.559
2024-05-29 22:00,0.581
2024-05-29 23:00,0.581
2024-05-30 00:00,0.569
2024-05-30 01:00,0.579
2024-05-30 02:00,0.600
2024-05-30 03:00,0.565
2024-05-30 04:00,0.519
2024-05-30 05:00,0.442
2024-05-30 06:00,0.416
2024-05-30 07:00,0.479
2024-05-30 08:00,0.590
2024-05-30 09:00,0.683
2024-05-30 10:00,0.754
2024-05-30 11:00,0.797
2024-05-30 12:00,0.817
2024-05-30 13:00,0.825
2024-05-30 14:00,0.815
2024-05-30 15:00,0.787
2024-05-30 16:00,0.709
2024-05-30 17:00,0.630
2024-05-30 18:00,0.586
2024-05-30 19:00,0.571
2024-05-30 20:00,0.580
2024-05-30 21:00,0.574
2024-05-30 22:00,0.581
2024-05-30 23:00,0.584
2024-05-31 00:00,0.600
2024-05-31 01:00,0.610
2024-05-31 02:00,0.618
2024-05-31 03:00,0.625
2024-05-31 04:00,0.607
2024-05-31 05:00,0.600
2024-05-31 06:00,0.687
2024-05-31 07:00,0.730
2024-05-31 08:00,0.710
2024-05-31 09:00,0.652
2024-05-31 10:00,0.582
2024-05-31 11:00,0.528
2024-05-31 12:00,0.500
2024-05-31 13:00,0.479
2024-05-31 14:00,0.456
2024-05-31 15:00,0.448
2024-05-31 16:00,0.439
2024-05-31 17:00,0.407
2024-05-31 18:00,0.314
2024-05-31 19:00,0.257
2024-05-31 20:00,0.246
2024-05-31 21:00,0.243
2024-05-31 22:00,0.261
2024-05-31 23:00,0.290
2024-06-01 00:00,0.321
2024-06-01 01:00,0.348
2024-06-01 02:00,0.381
2024-06-01 03:00,0.413
2024-06-01 04:00,0.407
2024-06-01 05:00,0.299
2024-06-01 06:00,0.364
2024-06-01 07:00,0.479
2024-06-01 08:00,0.486
2024-06-01 09:00,0.474
2024-06-01 10:00,0.454
2024-06-01 11:00,0.436
2024-06-01 12:00,0.426
2024-06-01 13:00,0.432
2024-06-01 14:00,0.442
2024-06-01 15:00,0.423
2024-06-01 16:00,0.385
2024-06-01 17:00,0.319
2024-06-01 18:00,0.210
2024-06-01 19:00,0.137
2024-06-01 20:00,0.087
2024-06-01 21:00,0.044
2024-06-01 22:00,0.018
2024-06-01 23:00,0.007
2024-06-02 00:00,0.013
2024-06-02 01:00,0.030
2024-06-02 02:00,0.058
2024-06-02 03:00,0.094
2024-06-02 04:00,0.134
2024-06-02 05:00,0.136
2024-06-02 06:00,0.101
2024-06-02 07:00,0.138
2024-06-02 08:00,0.173
2024-06-02 09:00,0.195
2024-06-02 10:00,0.217
2024-06-02 11:00,0.246
2024-06-02 12:00,0.279
2024-06-02 13:00,0.322
2024-06-02 14:00,0.374
2024-06-02 15:00,0.412
2024-06-02 16:00,0.430
2024-06-02 17:00,0.416
2024-06-02 18:00,0.365
2024-06-02 19:00,0.360
2024-06-02 20:00,0.392
2024-06-02 21:00,0.396
2024-06-02 22:00,0.388
2024-06-02 23:00,0.384
2024-06-03 00:00,0.387
2024-06-03 01:00,0.399
2024-06-03 02:00,0.416
2024-06-03 03:00,0.420
2024-06-03 04:00,0.374
2024-06-03 05:00,0.279
2024-06-03 06:00,0.241
2024-06-03 07:00,0.285
2024-06-03 08:00,0.341
2024-06-03 09:00,0.387
2024-06-03 10:00,0.403
2024-06-03 11:00,0.387
2024-06-03 12:00,0.361
2024-06-03 13:00,0.365
2024-06-03 14:00,0.392
2024-06-03 15:00,0.416
2024-06-03 16:00,0.441
2024-06-03 17:00,0.423
2024-06-03 18:00,0.324
2024-06-03 19:00,0.257
2024-06-03 20:00,0.294
2024-06-03 21:00,0.363
2024-06-03 22:00,0.395
2024-06-03 23:00,0.410
2024-06-04 00:00,0.416
2024-06-04 01:00,0.412
2024-06-04 02:00,0.406
2024-06-04 03:00,0.412
2024-06-04 04:00,0.403
2024-06-04 05:00,0.343
2024-06-04 06:00,0.406
2024-06-04 07:00,0.542
2024-06-04 08:00,0.683
2024-06-04 09:00,0.741
2024-06-04 10:00,0.754
2024-06-04 11:00,0.779
2024-06-04 12:00,0.808
2024-06-04 13:00,0.805
2024-06-04 14:00,0.811
2024-06-04 15:00,0.801
2024-06-04 16:00,0.824
2024-06-04 17:00,0.824
2024-06-04 18:00,0.782
2024-06-04 19:00,0.710
2024-06-04 20:00,0.610
2024-06-04 21:00,0.508
2024-06-04 22:00,0.505
2024-06-04 23:00,0.506
2024-06-05 00:00,0.511
2024-06-05 01:00,0.517
2024-06-05 02:00,0.531
2024-06-05 03:00,0.519
2024-06-05 04:00,0.466
2024-06-05 05:00,0.353
2024-06-05 06:00,0.522
2024-06-05 07:00,0.609
2024-06-05 08:00,0.661
2024-06-05 09:00,0.702
2024-06-05 10:00,0.735
2024-06-05 11:00,0.759
2024-06-05 12:00,0.779
2024-06-05 13:00,0.800
2024-06-05 14:00,0.813
2024-06-05 15:00,0.803
2024-06-05 16:00,0.775
2024-06-05 17:00,0.725
2024-06-05 18:00,0.638
2024-06-05 19:00,0.585
2024-06-05 20:00,0.555
2024-06-05 21:00,0.502
2024-06-05 22:00,0.437
2024-06-05 23:00,0.367
2024-06-06 00:00,0.365
2024-06-06 01:00,0.355
2024-06-06 02:00,0.335
2024-06-06 03:00,0.346
2024-06-06 04:00,0.342
2024-06-06 05:00,0.242
2024-06-06 06:00,0.266
2024-06-06 07:00,0.259
2024-06-06 08:00,0.253
2024-06-06 09:00,0.288
2024-06-06 10:00,0.338
2024-06-06 11:00,0.385
2024-06-06 12:00,0.419
2024-06-06 13:00,0.460
2024-06-06 14:00,0.502
2024-06-06 15:00,0.523
2024-06-06 16:00,0.519
2024-06-06 17:00,0.473
2024-06-06 18:00,0.381
2024-06-06 19:00,0.338
2024-06-06 20:00,0.349
2024-06-06 21:00,0.401
2024-06-06 22:00,0.439
2024-06-06 23:00,0.442
2024-06-07 00:00,0.432
2024-06-07 01:00,0.426
2024-06-07 02:00,0.423
2024-06-07 03:00,0.426
2024-06-07 04:00,0.410
2024-06-07 05:00,0.291
2024-06-07 06:00,0.260
2024-06-07 07:00,0.406
2024-06-07 08:00,0.542
2024-06-07 09:00,0.611
2024-06-07 10:00,0.651
2024-06-07 11:00,0.686
2024-06-07 12:00,0.704
2024-06-07 13:00,0.719
2024-06-07 14:00,0.725
2024-06-07 15:00,0.717
2024-06-07 16:00,0.692
2024-06-07 17:00,0.622
2024-06-07 18:00,0.526
2024-06-07 19:00,0.530
2024-06-07 20:00,0.569
2024-06-07 21:00,0.581
2024-06-07 22:00,0.574
2024-06-07 23:00,0.543
2024-06-08 00:00,0.490
2024-06-08 01:00,0.436
2024-06-08 02:00,0.409
2024-06-08 03:00,0.386
2024-06-08 04:00,0.353
2024-06-08 05:00,0.325
2024-06-08 06:00,0.366
2024-06-08 07:00,0.465
2024-06-08 08:00,0.535
2024-06-08 09:00,0.591
2024-06-08 10:00,0.617
2024-06-08 11:00,0.640
2024-06-08 12:00,0.677
2024-06-08 13:00,0.704
2024-06-08 14:00,0.726
2024-06-08 15:00,0.730
2024-06-08 16:00,0.719
2024-06-08 17:00,0.704
2024-06-08 18:00,0.649
2024-06-08 19:00,0.569
2024-06-08 20:00,0.517
2024-06-08 21:00,0.516
2024-06-08 22:00,0.514
2024-06-08 23:00,0.561
2024-06-09 00:00,0.582
2024-06-09 01:00,0.581
2024-06-09 02:00,0.606
2024-06-09 03:00,0.607
2024-06-09 04:00,0.552
2024-06-09 05:00,0.478
2024-06-09 06:00,0.694
2024-06-09 07:00,0.740
2024-06-09 08:00,0.725
2024-06-09 09:00,0.707
2024-06-09 10:00,0.701
2024-06-09 11:00,0.706
2024-06-09 12:00,0.720
2024-06-09 13:00,0.713
2024-06-09 14:00,0.698
2024-06-09 15:00,0.667
2024-06-09 16:00,0.584
2024-06-09 17:00,0.442
2024-06-09 18:00,0.260
2024-06-09 19:00,0.184
2024-06-09 20:00,0.188
2024-06-09 21:00,0.193
2024-06-09 22:00,0.195
2024-06-09 23:00,0.233
2024-06-10 00:00,0.257
2024-06-10 01:00,0.276
2024-06-10 02:00,0.330
2024-06-10 03:00,0.395
2024-06-10 04:00,0.423
2024-06-10 05:00,0.407
2024-06-10 06:00,0.489
2024-06-10 07:00,0.582
2024-06-10 08:00,0.609
2024-06-10 09:00,0.600
2024-06-10 10:00,0.569
2024-06-10 11:00,0.516
2024-06-10 12:00,0.448
2024-06-10 13:00,0.393
2024-06-10 14:00,0.365
2024-06-10 15:00,0.352
2024-06-10 16:00,0.338
2024-06-10 17:00,0.309
2024-06-10 18:00,0.289
2024-06-10 19:00,0.338
2024-06-10 20:00,0.382
2024-06-10 21:00,0.365
2024-06-10 22:00,0.321
2024-06-10 23:00,0.287
2024-06-11 00:00,0.279
2024-06-11 01:00,0.260
2024-06-11 02:00,0.251
2024-06-11 03:00,0.254
2024-06-11 04:00,0.227
2024-06-11 05:00,0.157
2024-06-11 06:00,0.191
2024-06-11 07:00,0.226
2024-06-11 08:00,0.239
2024-06-11 09:00,0.238
2024-06-11 10:00,0.222
2024-06-11 11:00,0.195
2024-06-11 12:00,0.165
2024-06-11 13:00,0.140
2024-06-11 14:00,0.123
2024-06-11 15:00,0.112
2024-06-11 16:00,0.102
2024-06-11 17:00,0.091
2024-06-11 18:00,0.074
2024-06-11 19:00,0.055
2024-06-11 20:00,0.039
2024-06-11 21:00,0.030
2024-06-11 22:00,0.034
2024-06-11 23:00,0.047
2024-06-12 00:00,0.067
2024-06-12 01:00,0.093
2024-06-12 02:00,0.118
2024-06-12 03:00,0.130
2024-06-12 04:00,0.120
2024-06-12 05:00,0.084
2024-06-12 06:00,0.090
2024-06-12 07:00,0.097
2024-06-12 08:00,0.093
2024-06-12 09:00,0.102
2024-06-12 10:00,0.124
2024-06-12 11:00,0.164
2024-06-12 12:00,0.204
2024-06-12 13:00,0.232
2024-06-12 14:00,0.240
2024-06-12 15:00,0.227
2024-06-12 16:00,0.206
2024-06-12 17:00,0.197
2024-06-12 18:00,0.204
2024-06-12 19:00,0.207
2024-06-12 20:00,0.236
2024-06-12 21:00,0.222
2024-06-12 22:00,0.169
2024-06-12 23:00,0.117
2024-06-13 00:00,0.088
2024-06-13 01:00,0.085
2024-06-13 02:00,0.097
2024-06-13 03:00,0.125
2024-06-13 04:00,0.170
2024-06-13 05:00,0.166
2024-06-13 06:00,0.116
2024-06-13 07:00,0.158
2024-06-13 08:00,0.286
2024-06-13 09:00,0.379
2024-06-13 10:00,0.453
2024-06-13 11:00,0.528
2024-06-13 12:00,0.573
2024-06-13 13:00,0.609
2024-06-13 14:00,0.648
2024-06-13 15:00,0.729
2024-06-13 16:00,0.803
2024-06-13 17:00,0.840
2024-06-13 18:00,0.863
2024-06-13 19:00,0.878
2024-06-13 20:00,0.871
2024-06-13 21:00,0.832
2024-06-13 22:00,0.746
2024-06-13 23:00,0.663
2024-06-14 00:00,0.601
2024-06-14 01:00,0.510
2024-06-14 02:00,0.441
2024-06-14 03:00,0.422
2024-06-14 04:00,0.392
2024-06-14 05:00,0.330
2024-06-14 06:00,0.304
2024-06-14 07:00,0.393
2024-06-14 08:00,0.441
2024-06-14 09:00,0.454
2024-06-14 10:00,0.447
2024-06-14 11:00,0.442
2024-06-14 12:00,0.436
2024-06-14 13:00,0.429
2024-06-14 14:00,0.406
2024-06-14 15:00,0.359
2024-06-14 16:00,0.285
2024-06-14 17:00,0.197
2024-06-14 18:00,0.117
2024-06-14 19:00,0.068
2024-06-14 20:00,0.037
2024-06-14 21:00,0.021
2024-06-14 22:00,0.018
2024-06-14 23:00,0.020
2024-06-15 00:00,0.021
2024-06-15 01:00,0.024
2024-06-15 02:00,0.026
2024-06-15 03:00,0.033
2024-06-15 04:00,0.048
2024-06-15 05:00,0.051
2024-06-15 06:00,0.059
2024-06-15 07:00,0.079
2024-06-15 08:00,0.106
2024-06-15 09:00,0.122
2024-06-15 10:00,0.123
2024-06-15 11:00,0.125
2024-06-15 12:00,0.139
2024-06-15 13:00,0.184
2024-06-15 14:00,0.266
2024-06-15 15:00,0.348
2024-06-15 16:00,0.380
2024-06-15 17:00,0.335
2024-06-15 18:00,0.243
2024-06-15 19:00,0.191
2024-06-15 20:00,0.176
2024-06-15 21:00,0.157
2024-06-15 22:00,0.134
2024-06-15 23:00,0.105
2024-06-16 00:00,0.080
2024-06-16 01:00,0.063
2024-06-16 02:00,0.054
2024-06-16 03:00,0.059
2024-06-16 04:00,0.089
2024-06-16 05:00,0.100
2024-06-16 06:00,0.115
2024-06-16 07:00,0.162
2024-06-16 08:00,0.213
2024-06-16 09:00,0.293
2024-06-16 10:00,0.393
2024-06-16 11:00,0.490
2024-06-16 12:00,0.560
2024-06-16 13:00,0.591
2024-06-16 14:00,0.600
2024-06-16 15:00,0.600
2024-06-16 16:00,0.591
2024-06-16 17:00,0.549
2024-06-16 18:00,0.470
2024-06-16 19:00,0.436
2024-06-16 20:00,0.505
2024-06-16 21:00,0.549
2024-06-16 22:00,0.520
2024-06-16 23:00,0.503
2024-06-17 00:00,0.468
2024-06-17 01:00,0.436
2024-06-17 02:00,0.415
2024-06-17 03:00,0.394
2024-06-17 04:00,0.348
2024-06-17 05:00,0.257
2024-06-17 06:00,0.318
2024-06-17 07:00,0.321
2024-06-17 08:00,0.302
2024-06-17 09:00,0.298
2024-06-17 10:00,0.292
2024-06-17 11:00,0.286
2024-06-17 12:00,0.285
2024-06-17 13:00,0.285
2024-06-17 14:00,0.279
2024-06-17 15:00,0.270
2024-06-17 16:00,0.259
2024-06-17 17:00,0.239
2024-06-17 18:00,0.223
2024-06-17 19:00,0.256
2024-06-17 20:00,0.354
2024-06-17 21:00,0.432
2024-06-17 22:00,0.429
2024-06-17 23:00,0.406
2024-06-18 00:00,0.392
2024-06-18 01:00,0.374
2024-06-18 02:00,0.345
2024-06-18 03:00,0.317
2024-06-18 04:00,0.276
2024-06-18 05:00,0.166
2024-06-18 06:00,0.136
2024-06-18 07:00,0.113
2024-06-18 08:00,0.088
2024-06-18 09:00,0.077
2024-06-18 10:00,0.081
2024-06-18 11:00,0.088
2024-06-18 12:00,0.094
2024-06-18 13:00,0.105
2024-06-18 14:00,0.122
2024-06-18 15:00,0.141
2024-06-18 16:00,0.169
2024-06-18 17:00,0.203
2024-06-18 18:00,0.206
2024-06-18 19:00,0.197
2024-06-18 20:00,0.211
2024-06-18 21:00,0.234
2024-06-18 22:00,0.236
2024-06-18 23:00,0.238
2024-06-19 00:00,0.228
2024-06-19 01:00,0.205
2024-06-19 02:00,0.182
2024-06-19 03:00,0.169
2024-06-19 04:00,0.161
2024-06-19 05:00,0.103
2024-06-19 06:00,0.086
2024-06-19 07:00,0.062
2024-06-19 08:00,0.046
2024-06-19 09:00,0.033
2024-06-19 10:00,0.016
2024-06-19 11:00,0.009
2024-06-19 12:00,0.009
2024-06-19 13:00,0.010
2024-06-19 14:00,0.013
2024-06-19 15:00,0.023
2024-06-19 16:00,0.033
2024-06-19 17:00,0.038
2024-06-19 18:00,0.045
2024-06-19 19:00,0.058
2024-06-19 20:00,0.074
2024-06-19 21:00,0.086
2024-06-19 22:00,0.094
2024-06-19 23:00,0.104
2024-06-20 00:00,0.113
2024-06-20 01:00,0.112
2024-06-20 02:00,0.102
2024-06-20 03:00,0.091
2024-06-20 04:00,0.077
2024-06-20 05:00,0.057
2024-06-20 06:00,0.044
2024-06-20 07:00,0.035
2024-06-20 08:00,0.029
2024-06-20 09:00,0.034
2024-06-20 10:00,0.045
2024-06-20 11:00,0.054
2024-06-20 12:00,0.066
2024-06-20 13:00,0.078
2024-06-20 14:00,0.085
2024-06-20 15:00,0.085
2024-06-20 16:00,0.087
2024-06-20 17:00,0.090
2024-06-20 18:00,0.087
2024-06-20 19:00,0.087
2024-06-20 20:00,0.084
2024-06-20 21:00,0.097
2024-06-20 22:00,0.129
2024-06-20 23:00,0.167
2024-06-21 00:00,0.198
2024-06-21 01:00,0.209
2024-06-21 02:00,0.196
2024-06-21 03:00,0.163
2024-06-21 04:00,0.138
2024-06-21 05:00,0.099
2024-06-21 06:00,0.072
2024-06-21 07:00,0.111
2024-06-21 08:00,0.175
2024-06-21 09:00,0.241
2024-06-21 10:00,0.289
2024-06-21 11:00,0.321
2024-06-21 12:00,0.350
2024-06-21 13:00,0.365
2024-06-21 14:00,0.365
2024-06-21 15:00,0.357
2024-06-21 16:00,0.356
2024-06-21 17:00,0.333
2024-06-21 18:00,0.317
2024-06-21 19:00,0.297
2024-06-21 20:00,0.230
2024-06-21 21:00,0.194
2024-06-21 22:00,0.183
2024-06-21 23:00,0.194
2024-06-22 00:00,0.233
2024-06-22 01:00,0.271
2024-06-22 02:00,0.298
2024-06-22 03:00,0.302
2024-06-22 04:00,0.260
2024-06-22 05:00,0.157
2024-06-22 06:00,0.179
2024-06-22 07:00,0.220
2024-06-22 08:00,0.271
2024-06-22 09:00,0.291
2024-06-22 10:00,0.276
2024-06-22 11:00,0.259
2024-06-22 12:00,0.277
2024-06-22 13:00,0.302
2024-06-22 14:00,0.311
2024-06-22 15:00,0.308
2024-06-22 16:00,0.294
2024-06-22 17:00,0.268
2024-06-22 18:00,0.233
2024-06-22 19:00,0.222
2024-06-22 20:00,0.240
2024-06-22 21:00,0.250
2024-06-22 22:00,0.254
2024-06-22 23:00,0.271
2024-06-23 00:00,0.304
2024-06-23 01:00,0.333
2024-06-23 02:00,0.342
2024-06-23 03:00,0.338
2024-06-23 04:00,0.311
2024-06-23 05:00,0.217
2024-06-23 06:00,0.189
2024-06-23 07:00,0.181
2024-06-23 08:00,0.173
2024-06-23 09:00,0.166
2024-06-23 10:00,0.167
2024-06-23 11:00,0.169
2024-06-23 12:00,0.169
2024-06-23 13:00,0.164
2024-06-23 14:00,0.158
2024-06-23 15:00,0.149
2024-06-23 16:00,0.141
2024-06-23 17:00,0.138
2024-06-23 18:00,0.138
2024-06-23 19:00,0.156
2024-06-23 20:00,0.173
2024-06-23 21:00,0.163
2024-06-23 22:00,0.135
2024-06-23 23:00,0.113
2024-06-24 00:00,0.102
2024-06-24 01:00,0.100
2024-06-24 02:00,0.098
2024-06-24 03:00,0.098
2024-06-24 04:00,0.093
2024-06-24 05:00,0.056
2024-06-24 06:00,0.037
2024-06-24 07:00,0.028
2024-06-24 08:00,0.033
2024-06-24 09:00,0.044
2024-06-24 10:00,0.053
2024-06-24 11:00,0.062
2024-06-24 12:00,0.067
2024-06-24 13:00,0.068
2024-06-24 14:00,0.064
2024-06-24 15:00,0.059
2024-06-24 16:00,0.054
2024-06-24 17:00,0.055
2024-06-24 18:00,0.061
2024-06-24 19:00,0.066
2024-06-24 20:00,0.063
2024-06-24 21:00,0.053
2024-06-24 22:00,0.042
2024-06-24 23:00,0.036
2024-06-25 00:00,0.030
2024-06-25 01:00,0.026
2024-06-25 02:00,0.023
2024-06-25 03:00,0.025
2024-06-25 04:00,0.030
2024-06-25 05:00,0.027
2024-06-25 06:00,0.020
2024-06-25 07:00,0.011
2024-06-25 08:00,0.004
2024-06-25 09:00,0.011
2024-06-25 10:00,0.020
2024-06-25 11:00,0.032
2024-06-25 12:00,0.043
2024-06-25 13:00,0.054
2024-06-25 14:00,0.068
2024-06-25 15:00,0.088
2024-06-25 16:00,0.113
2024-06-25 17:00,0.138
2024-06-25 18:00,0.147
2024-06-25 19:00,0.153
2024-06-25 20:00,0.188
2024-06-25 21:00,0.205
2024-06-25 22:00,0.196
2024-06-25 23:00,0.185
2024-06-26 00:00,0.178
2024-06-26 01:00,0.169
2024-06-26 02:00,0.169
2024-06-26 03:00,0.180
2024-06-26 04:00,0.176
2024-06-26 05:00,0.115
2024-06-26 06:00,0.121
2024-06-26 07:00,0.163
2024-06-26 08:00,0.187
2024-06-26 09:00,0.181
2024-06-26 10:00,0.156
2024-06-26 11:00,0.139
2024-06-26 12:00,0.139
2024-06-26 13:00,0.148
2024-06-26 14:00,0.155
2024-06-26 15:00,0.159
2024-06-26 16:00,0.149
2024-06-26 17:00,0.134
2024-06-26 18:00,0.143
2024-06-26 19:00,0.201
2024-06-26 20:00,0.312
2024-06-26 21:00,0.348
2024-06-26 22:00,0.324
2024-06-26 23:00,0.326
2024-06-27 00:00,0.306
2024-06-27 01:00,0.302
2024-06-27 02:00,0.313
2024-06-27 03:00,0.327
2024-06-27 04:00,0.314
2024-06-27 05:00,0.249
2024-06-27 06:00,0.355
2024-06-27 07:00,0.484
2024-06-27 08:00,0.574
2024-06-27 09:00,0.629
2024-06-27 10:00,0.669
2024-06-27 11:00,0.695
2024-06-27 12:00,0.733
2024-06-27 13:00,0.787
2024-06-27 14:00,0.845
2024-06-27 15:00,0.871
2024-06-27 16:00,0.876
2024-06-27 17:00,0.858
2024-06-27 18:00,0.817
2024-06-27 19:00,0.795
2024-06-27 20:00,0.792
2024-06-27 21:00,0.795
2024-06-27 22:00,0.802
2024-06-27 23:00,0.805
2024-06-28 00:00,0.814
2024-06-28 01:00,0.814
2024-06-28 02:00,0.806
2024-06-28 03:00,0.799
2024-06-28 04:00,0.783
2024-06-28 05:00,0.772
2024-06-28 06:00,0.815
2024-06-28 07:00,0.831
2024-06-28 08:00,0.813
2024-06-28 09:00,0.807
2024-06-28 10:00,0.801
2024-06-28 11:00,0.785
2024-06-28 12:00,0.743
2024-06-28 13:00,0.700
2024-06-28 14:00,0.673
2024-06-28 15:00,0.640
2024-06-28 16:00,0.593
2024-06-28 17:00,0.523
2024-06-28 18:00,0.396
2024-06-28 19:00,0.312
2024-06-28 20:00,0.302
2024-06-28 21:00,0.316
2024-06-28 22:00,0.319
2024-06-28 23:00,0.323
2024-06-29 00:00,0.319
2024-06-29 01:00,0.294
2024-06-29 02:00,0.265
2024-06-29 03:00,0.230
2024-06-29 04:00,0.198
2024-06-29 05:00,0.128
2024-06-29 06:00,0.092
2024-06-29 07:00,0.089
2024-06-29 08:00,0.099
2024-06-29 09:00,0.124
2024-06-29 10:00,0.140
2024-06-29 11:00,0.147
2024-06-29 12:00,0.147
2024-06-29 13:00,0.144
2024-06-29 14:00,0.156
2024-06-29 15:00,0.182
2024-06-29 16:00,0.134
2024-06-29 17:00,0.077
2024-06-29 18:00,0.075
2024-06-29 19:00,0.120
2024-06-29 20:00,0.188
2024-06-29 21:00,0.282
2024-06-29 22:00,0.330
2024-06-29 23:00,0.299
2024-06-30 00:00,0.279
2024-06-30 01:00,0.317
2024-06-30 02:00,0.355
2024-06-30 03:00,0.365
2024-06-30 04:00,0.334
2024-06-30 05:00,0.238
2024-06-30 06:00,0.332
2024-06-30 07:00,0.335
2024-06-30 08:00,0.296
2024-06-30 09:00,0.257
2024-06-30 10:00,0.228
2024-06-30 11:00,0.213
2024-06-30 12:00,0.214
2024-06-30 13:00,0.208
2024-06-30 14:00,0.197
2024-06-30 15:00,0.184
2024-06-30 16:00,0.176
2024-06-30 17:00,0.171
2024-06-30 18:00,0.180
2024-06-30 19:00,0.208
2024-06-30 20:00,0.258
2024-06-30 21:00,0.339
2024-06-30 22:00,0.389
2024-06-30 23:00,0.406
2024-07-01 00:00,0.396
2024-07-01 01:00,0.394
2024-07-01 02:00,0.390
2024-07-01 03:00,0.388
2024-07-01 04:00,0.337
2024-07-01 05:00,0.215
2024-07-01 06:00,0.285
2024-07-01 07:00,0.342
2024-07-01 08:00,0.410
2024-07-01 09:00,0.478
2024-07-01 10:00,0.533
2024-07-01 11:00,0.567
2024-07-01 12:00,0.581
2024-07-01 13:00,0.594
2024-07-01 14:00,0.604
2024-07-01 15:00,0.604
2024-07-01 16:00,0.606
2024-07-01 17:00,0.601
2024-07-01 18:00,0.609
2024-07-01 19:00,0.629
2024-07-01 20:00,0.618
2024-07-01 21:00,0.573
2024-07-01 22:00,0.532
2024-07-01 23:00,0.463
2024-07-02 00:00,0.400
2024-07-02 01:00,0.346
2024-07-02 02:00,0.285
2024-07-02 03:00,0.240
2024-07-02 04:00,0.189
2024-07-02 05:00,0.172
2024-07-02 06:00,0.208
2024-07-02 07:00,0.241
2024-07-02 08:00,0.248
2024-07-02 09:00,0.230
2024-07-02 10:00,0.229
2024-07-02 11:00,0.287
2024-07-02 12:00,0.356
2024-07-02 13:00,0.413
2024-07-02 14:00,0.463
2024-07-02 15:00,0.505
2024-07-02 16:00,0.555
2024-07-02 17:00,0.546
2024-07-02 18:00,0.477
2024-07-02 19:00,0.409
2024-07-02 20:00,0.364
2024-07-02 21:00,0.286
2024-07-02 22:00,0.221
2024-07-02 23:00,0.227
2024-07-03 00:00,0.272
2024-07-03 01:00,0.338
2024-07-03 02:00,0.305
2024-07-03 03:00,0.260
2024-07-03 04:00,0.288
2024-07-03 05:00,0.296
2024-07-03 06:00,0.393
2024-07-03 07:00,0.513
2024-07-03 08:00,0.559
2024-07-03 09:00,0.530
2024-07-03 10:00,0.468
2024-07-03 11:00,0.416
2024-07-03 12:00,0.393
2024-07-03 13:00,0.395
2024-07-03 14:00,0.414
2024-07-03 15:00,0.456
2024-07-03 16:00,0.511
2024-07-03 17:00,0.528
2024-07-03 18:00,0.579
2024-07-03 19:00,0.726
2024-07-03 20:00,0.793
2024-07-03 21:00,0.811
2024-07-03 22:00,0.811
2024-07-03 23:00,0.805
2024-07-04 00:00,0.800
2024-07-04 01:00,0.783
2024-07-04 02:00,0.785
2024-07-04 03:00,0.763
2024-07-04 04:00,0.721
2024-07-04 05:00,0.647
2024-07-04 06:00,0.808
2024-07-04 07:00,0.871
2024-07-04 08:00,0.892
2024-07-04 09:00,0.909
2024-07-04 10:00,0.926
2024-07-04 11:00,0.930
2024-07-04 12:00,0.932
2024-07-04 13:00,0.934
2024-07-04 14:00,0.930
2024-07-04 15:00,0.926
2024-07-04 16:00,0.908
2024-07-04 17:00,0.871
2024-07-04 18:00,0.814
2024-07-04 19:00,0.769
2024-07-04 20:00,0.746
2024-07-04 21:00,0.646
2024-07-04 22:00,0.564
2024-07-04 23:00,0.585
2024-07-05 00:00,0.606
2024-07-05 01:00,0.585
2024-07-05 02:00,0.545
2024-07-05 03:00,0.511
2024-07-05 04:00,0.454
2024-07-05 05:00,0.374
2024-07-05 06:00,0.466
2024-07-05 07:00,0.488
2024-07-05 08:00,0.461
2024-07-05 09:00,0.439
2024-07-05 10:00,0.414
2024-07-05 11:00,0.409
2024-07-05 12:00,0.377
2024-07-05 13:00,0.321
2024-07-05 14:00,0.258
2024-07-05 15:00,0.207
2024-07-05 16:00,0.140
2024-07-05 17:00,0.093
2024-07-05 18:00,0.118
2024-07-05 19:00,0.153
2024-07-05 20:00,0.134
2024-07-05 21:00,0.082
2024-07-05 22:00,0.076
2024-07-05 23:00,0.078
2024-07-06 00:00,0.082
2024-07-06 01:00,0.089
2024-07-06 02:00,0.088
2024-07-06 03:00,0.094
2024-07-06 04:00,0.114
2024-07-06 05:00,0.090
2024-07-06 06:00,0.073
2024-07-06 07:00,0.089
2024-07-06 08:00,0.126
2024-07-06 09:00,0.185
2024-07-06 10:00,0.294
2024-07-06 11:00,0.451
2024-07-06 12:00,0.601
2024-07-06 13:00,0.694
2024-07-06 14:00,0.734
2024-07-06 15:00,0.740
2024-07-06 16:00,0.727
2024-07-06 17:00,0.694
2024-07-06 18:00,0.603
2024-07-06 19:00,0.507
2024-07-06 20:00,0.502
2024-07-06 21:00,0.520
2024-07-06 22:00,0.492
2024-07-06 23:00,0.460
2024-07-07 00:00,0.417
2024-07-07 01:00,0.374
2024-07-07 02:00,0.338
2024-07-07 03:00,0.321
2024-07-07 04:00,0.290
2024-07-07 05:00,0.199
2024-07-07 06:00,0.153
2024-07-07 07:00,0.158
2024-07-07 08:00,0.178
2024-07-07 09:00,0.177
2024-07-07 10:00,0.162
2024-07-07 11:00,0.153
2024-07-07 12:00,0.154
2024-07-07 13:00,0.155
2024-07-07 14:00,0.159
2024-07-07 15:00,0.167
2024-07-07 16:00,0.173
2024-07-07 17:00,0.179
2024-07-07 18:00,0.158
2024-07-07 19:00,0.179
2024-07-07 20:00,0.237
2024-07-07 21:00,0.276
2024-07-07 22:00,0.277
2024-07-07 23:00,0.251
2024-07-08 00:00,0.212
2024-07-08 01:00,0.171
2024-07-08 02:00,0.134
2024-07-08 03:00,0.108
2024-07-08 04:00,0.091
2024-07-08 05:00,0.055
2024-07-08 06:00,0.027
2024-07-08 07:00,0.027
2024-07-08 08:00,0.031
2024-07-08 09:00,0.032
2024-07-08 10:00,0.033
2024-07-08 11:00,0.036
2024-07-08 12:00,0.039
2024-07-08 13:00,0.044
2024-07-08 14:00,0.052
2024-07-08 15:00,0.065
2024-07-08 16:00,0.087
2024-07-08 17:00,0.134
2024-07-08 18:00,0.219
2024-07-08 19:00,0.369
2024-07-08 20:00,0.469
2024-07-08 21:00,0.436
2024-07-08 22:00,0.391
2024-07-08 23:00,0.380
2024-07-09 00:00,0.406
2024-07-09 01:00,0.434
2024-07-09 02:00,0.473
2024-07-09 03:00,0.597
2024-07-09 04:00,0.676
2024-07-09 05:00,0.724
2024-07-09 06:00,0.774
2024-07-09 07:00,0.759
2024-07-09 08:00,0.616
2024-07-09 09:00,0.476
2024-07-09 10:00,0.394
2024-07-09 11:00,0.411
2024-07-09 12:00,0.421
2024-07-09 13:00,0.374
2024-07-09 14:00,0.334
2024-07-09 15:00,0.292
2024-07-09 16:00,0.321
2024-07-09 17:00,0.326
2024-07-09 18:00,0.335
2024-07-09 19:00,0.355
2024-07-09 20:00,0.408
2024-07-09 21:00,0.398
2024-07-09 22:00,0.365
2024-07-09 23:00,0.338
2024-07-10 00:00,0.336
2024-07-10 01:00,0.352
2024-07-10 02:00,0.365
2024-07-10 03:00,0.365
2024-07-10 04:00,0.326
2024-07-10 05:00,0.244
2024-07-10 06:00,0.268
2024-07-10 07:00,0.306
2024-07-10 08:00,0.321
2024-07-10 09:00,0.348
2024-07-10 10:00,0.395
2024-07-10 11:00,0.448
2024-07-10 12:00,0.464
2024-07-10 13:00,0.448
2024-07-10 14:00,0.418
2024-07-10 15:00,0.406
2024-07-10 16:00,0.410
2024-07-10 17:00,0.393
2024-07-10 18:00,0.336
2024-07-10 19:00,0.294
2024-07-10 20:00,0.318
2024-07-10 21:00,0.321
2024-07-10 22:00,0.289
2024-07-10 23:00,0.248
2024-07-11 00:00,0.213
2024-07-11 01:00,0.181
2024-07-11 02:00,0.148
2024-07-11 03:00,0.111
2024-07-11 04:00,0.085
2024-07-11 05:00,0.062
2024-07-11 06:00,0.073
2024-07-11 07:00,0.083
2024-07-11 08:00,0.084
2024-07-11 09:00,0.077
2024-07-11 10:00,0.070
2024-07-11 11:00,0.065
2024-07-11 12:00,0.065
2024-07-11 13:00,0.075
2024-07-11 14:00,0.093
2024-07-11 15:00,0.115
2024-07-11 16:00,0.142
2024-07-11 17:00,0.171
2024-07-11 18:00,0.176
2024-07-11 19:00,0.191
2024-07-11 20:00,0.217
2024-07-11 21:00,0.193
2024-07-11 22:00,0.163
2024-07-11 23:00,0.148
2024-07-12 00:00,0.149
2024-07-12 01:00,0.156
2024-07-12 02:00,0.178
2024-07-12 03:00,0.208
2024-07-12 04:00,0.224
2024-07-12 05:00,0.141
2024-07-12 06:00,0.166
2024-07-12 07:00,0.198
2024-07-12 08:00,0.220
2024-07-12 09:00,0.237
2024-07-12 10:00,0.232
2024-07-12 11:00,0.215
2024-07-12 12:00,0.191
2024-07-12 13:00,0.173
2024-07-12 14:00,0.169
2024-07-12 15:00,0.173
2024-07-12 16:00,0.174
2024-07-12 17:00,0.158
2024-07-12 18:00,0.121
2024-07-12 19:00,0.084
2024-07-12 20:00,0.066
2024-07-12 21:00,0.069
2024-07-12 22:00,0.093
2024-07-12 23:00,0.139
2024-07-13 00:00,0.178
2024-07-13 01:00,0.203
2024-07-13 02:00,0.227
2024-07-13 03:00,0.237
2024-07-13 04:00,0.222
2024-07-13 05:00,0.177
2024-07-13 06:00,0.183
2024-07-13 07:00,0.222
2024-07-13 08:00,0.222
2024-07-13 09:00,0.223
2024-07-13 10:00,0.222
2024-07-13 11:00,0.229
2024-07-13 12:00,0.241
2024-07-13 13:00,0.251
2024-07-13 14:00,0.244
2024-07-13 15:00,0.218
2024-07-13 16:00,0.194
2024-07-13 17:00,0.156
2024-07-13 18:00,0.113
2024-07-13 19:00,0.123
2024-07-13 20:00,0.173
2024-07-13 21:00,0.224
2024-07-13 22:00,0.273
2024-07-13 23:00,0.321
2024-07-14 00:00,0.367
2024-07-14 01:00,0.393
2024-07-14 02:00,0.392
2024-07-14 03:00,0.385
2024-07-14 04:00,0.355
2024-07-14 05:00,0.279
2024-07-14 06:00,0.232
2024-07-14 07:00,0.198
2024-07-14 08:00,0.160
2024-07-14 09:00,0.127
2024-07-14 10:00,0.110
2024-07-14 11:00,0.103
2024-07-14 12:00,0.109
2024-07-14 13:00,0.115
2024-07-14 14:00,0.117
2024-07-14 15:00,0.111
2024-07-14 16:00,0.095
2024-07-14 17:00,0.079
2024-07-14 18:00,0.064
2024-07-14 19:00,0.061
2024-07-14 20:00,0.068
2024-07-14 21:00,0.080
2024-07-14 22:00,0.086
2024-07-14 23:00,0.081
2024-07-15 00:00,0.070
2024-07-15 01:00,0.058
2024-07-15 02:00,0.046
2024-07-15 03:00,0.030
2024-07-15 04:00,0.019
2024-07-15 05:00,0.010
2024-07-15 06:00,0.011
2024-07-15 07:00,0.021
2024-07-15 08:00,0.039
2024-07-15 09:00,0.051
2024-07-15 10:00,0.072
2024-07-15 11:00,0.111
2024-07-15 12:00,0.145
2024-07-15 13:00,0.150
2024-07-15 14:00,0.150
2024-07-15 15:00,0.165
2024-07-15 16:00,0.223
2024-07-15 17:00,0.279
2024-07-15 18:00,0.323
2024-07-15 19:00,0.321
2024-07-15 20:00,0.299
2024-07-15 21:00,0.274
2024-07-15 22:00,0.238
2024-07-15 23:00,0.235
2024-07-16 00:00,0.246
2024-07-16 01:00,0.262
2024-07-16 02:00,0.287
2024-07-16 03:00,0.310
2024-07-16 04:00,0.294
2024-07-16 05:00,0.271
2024-07-16 06:00,0.215
2024-07-16 07:00,0.202
2024-07-16 08:00,0.181
2024-07-16 09:00,0.141
2024-07-16 10:00,0.121
2024-07-16 11:00,0.133
2024-07-16 12:00,0.166
2024-07-16 13:00,0.211
2024-07-16 14:00,0.271
2024-07-16 15:00,0.333
2024-07-16 16:00,0.381
2024-07-16 17:00,0.400
2024-07-16 18:00,0.406
2024-07-16 19:00,0.457
2024-07-16 20:00,0.520
2024-07-16 21:00,0.523
2024-07-16 22:00,0.516
2024-07-16 23:00,0.488
2024-07-17 00:00,0.470
2024-07-17 01:00,0.443
2024-07-17 02:00,0.402
2024-07-17 03:00,0.352
2024-07-17 04:00,0.281
2024-07-17 05:00,0.157
2024-07-17 06:00,0.096
2024-07-17 07:00,0.088
2024-07-17 08:00,0.071
2024-07-17 09:00,0.063
2024-07-17 10:00,0.077
2024-07-17 11:00,0.098
2024-07-17 12:00,0.106
2024-07-17 13:00,0.106
2024-07-17 14:00,0.088
2024-07-17 15:00,0.062
2024-07-17 16:00,0.058
2024-07-17 17:00,0.078
2024-07-17 18:00,0.106
2024-07-17 19:00,0.148
2024-07-17 20:00,0.216
2024-07-17 21:00,0.307
2024-07-17 22:00,0.346
2024-07-17 23:00,0.316
2024-07-18 00:00,0.258
2024-07-18 01:00,0.189
2024-07-18 02:00,0.139
2024-07-18 03:00,0.094
2024-07-18 04:00,0.078
2024-07-18 05:00,0.077
2024-07-18 06:00,0.059
2024-07-18 07:00,0.115
2024-07-18 08:00,0.169
2024-07-18 09:00,0.204
2024-07-18 10:00,0.234
2024-07-18 11:00,0.251
2024-07-18 12:00,0.271
2024-07-18 13:00,0.285
2024-07-18 14:00,0.283
2024-07-18 15:00,0.265
2024-07-18 16:00,0.227
2024-07-18 17:00,0.171
2024-07-18 18:00,0.116
2024-07-18 19:00,0.053
2024-07-18 20:00,0.027
2024-07-18 21:00,0.037
2024-07-18 22:00,0.065
2024-07-18 23:00,0.088
2024-07-19 00:00,0.102
2024-07-19 01:00,0.110
2024-07-19 02:00,0.111
2024-07-19 03:00,0.103
2024-07-19 04:00,0.098
2024-07-19 05:00,0.090
2024-07-19 06:00,0.059
2024-07-19 07:00,0.102
2024-07-19 08:00,0.179
2024-07-19 09:00,0.229
2024-07-19 10:00,0.283
2024-07-19 11:00,0.338
2024-07-19 12:00,0.377
2024-07-19 13:00,0.393
2024-07-19 14:00,0.393
2024-07-19 15:00,0.374
2024-07-19 16:00,0.318
2024-07-19 17:00,0.235
2024-07-19 18:00,0.167
2024-07-19 19:00,0.128
2024-07-19 20:00,0.097
2024-07-19 21:00,0.086
2024-07-19 22:00,0.086
2024-07-19 23:00,0.085
2024-07-20 00:00,0.082
2024-07-20 01:00,0.080
2024-07-20 02:00,0.075
2024-07-20 03:00,0.060
2024-07-20 04:00,0.052
2024-07-20 05:00,0.054
2024-07-20 06:00,0.047
2024-07-20 07:00,0.040
2024-07-20 08:00,0.056
2024-07-20 09:00,0.084
2024-07-20 10:00,0.113
2024-07-20 11:00,0.161
2024-07-20 12:00,0.229
2024-07-20 13:00,0.260
2024-07-20 14:00,0.252
2024-07-20 15:00,0.254
2024-07-20 16:00,0.244
2024-07-20 17:00,0.182
2024-07-20 18:00,0.143
2024-07-20 19:00,0.170
2024-07-20 20:00,0.213
2024-07-20 21:00,0.241
2024-07-20 22:00,0.279
2024-07-20 23:00,0.335
2024-07-21 00:00,0.374
2024-07-21 01:00,0.400
2024-07-21 02:00,0.475
2024-07-21 03:00,0.450
2024-07-21 04:00,0.400
2024-07-21 05:00,0.359
2024-07-21 06:00,0.395
2024-07-21 07:00,0.393
2024-07-21 08:00,0.338
2024-07-21 09:00,0.285
2024-07-21 10:00,0.259
2024-07-21 11:00,0.238
2024-07-21 12:00,0.229
2024-07-21 13:00,0.204
2024-07-21 14:00,0.158
2024-07-21 15:00,0.131
2024-07-21 16:00,0.119
2024-07-21 17:00,0.115
2024-07-21 18:00,0.105
2024-07-21 19:00,0.078
2024-07-21 20:00,0.038
2024-07-21 21:00,0.017
2024-07-21 22:00,0.023
2024-07-21 23:00,0.054
2024-07-22 00:00,0.105
2024-07-22 01:00,0.146
2024-07-22 02:00,0.184
2024-07-22 03:00,0.227
2024-07-22 04:00,0.279
2024-07-22 05:00,0.273
2024-07-22 06:00,0.271
2024-07-22 07:00,0.290
2024-07-22 08:00,0.335
2024-07-22 09:00,0.348
2024-07-22 10:00,0.341
2024-07-22 11:00,0.352
2024-07-22 12:00,0.370
2024-07-22 13:00,0.387
2024-07-22 14:00,0.415
2024-07-22 15:00,0.422
2024-07-22 16:00,0.391
2024-07-22 17:00,0.350
2024-07-22 18:00,0.279
2024-07-22 19:00,0.246
2024-07-22 20:00,0.268
2024-07-22 21:00,0.274
2024-07-22 22:00,0.270
2024-07-22 23:00,0.251
2024-07-23 00:00,0.230
2024-07-23 01:00,0.206
2024-07-23 02:00,0.191
2024-07-23 03:00,0.203
2024-07-23 04:00,0.233
2024-07-23 05:00,0.201
2024-07-23 06:00,0.193
2024-07-23 07:00,0.230
2024-07-23 08:00,0.233
2024-07-23 09:00,0.218
2024-07-23 10:00,0.199
2024-07-23 11:00,0.179
2024-07-23 12:00,0.159
2024-07-23 13:00,0.159
2024-07-23 14:00,0.139
2024-07-23 15:00,0.100
2024-07-23 16:00,0.068
2024-07-23 17:00,0.051
2024-07-23 18:00,0.057
2024-07-23 19:00,0.079
2024-07-23 20:00,0.096
2024-07-23 21:00,0.095
2024-07-23 22:00,0.085
2024-07-23 23:00,0.088
2024-07-24 00:00,0.103
2024-07-24 01:00,0.116
2024-07-24 02:00,0.115
2024-07-24 03:00,0.101
2024-07-24 04:00,0.085
2024-07-24 05:00,0.064
2024-07-24 06:00,0.046
2024-07-24 07:00,0.060
2024-07-24 08:00,0.087
2024-07-24 09:00,0.125
2024-07-24 10:00,0.169
2024-07-24 11:00,0.224
2024-07-24 12:00,0.268
2024-07-24 13:00,0.314
2024-07-24 14:00,0.334
2024-07-24 15:00,0.317
2024-07-24 16:00,0.282
2024-07-24 17:00,0.254
2024-07-24 18:00,0.272
2024-07-24 19:00,0.334
2024-07-24 20:00,0.374
2024-07-24 21:00,0.440
2024-07-24 22:00,0.491
2024-07-24 23:00,0.475
2024-07-25 00:00,0.416
2024-07-25 01:00,0.372
2024-07-25 02:00,0.375
2024-07-25 03:00,0.380
2024-07-25 04:00,0.381
2024-07-25 05:00,0.336
2024-07-25 06:00,0.302
2024-07-25 07:00,0.274
2024-07-25 08:00,0.344
2024-07-25 09:00,0.409
2024-07-25 10:00,0.444
2024-07-25 11:00,0.456
2024-07-25 12:00,0.479
2024-07-25 13:00,0.533
2024-07-25 14:00,0.559
2024-07-25 15:00,0.427
2024-07-25 16:00,0.346
2024-07-25 17:00,0.380
2024-07-25 18:00,0.329
2024-07-25 19:00,0.299
2024-07-25 20:00,0.298
2024-07-25 21:00,0.352
2024-07-25 22:00,0.419
2024-07-25 23:00,0.460
2024-07-26 00:00,0.463
2024-07-26 01:00,0.476
2024-07-26 02:00,0.479
2024-07-26 03:00,0.459
2024-07-26 04:00,0.433
2024-07-26 05:00,0.275
2024-07-26 06:00,0.232
2024-07-26 07:00,0.251
2024-07-26 08:00,0.268
2024-07-26 09:00,0.277
2024-07-26 10:00,0.291
2024-07-26 11:00,0.297
2024-07-26 12:00,0.297
2024-07-26 13:00,0.302
2024-07-26 14:00,0.299
2024-07-26 15:00,0.274
2024-07-26 16:00,0.254
2024-07-26 17:00,0.218
2024-07-26 18:00,0.157
2024-07-26 19:00,0.113
2024-07-26 20:00,0.078
2024-07-26 21:00,0.072
2024-07-26 22:00,0.076
2024-07-26 23:00,0.073
2024-07-27 00:00,0.073
2024-07-27 01:00,0.083
2024-07-27 02:00,0.117
2024-07-27 03:00,0.155
2024-07-27 04:00,0.180
2024-07-27 05:00,0.150
2024-07-27 06:00,0.085
2024-07-27 07:00,0.086
2024-07-27 08:00,0.100
2024-07-27 09:00,0.127
2024-07-27 10:00,0.163
2024-07-27 11:00,0.188
2024-07-27 12:00,0.204
2024-07-27 13:00,0.217
2024-07-27 14:00,0.217
2024-07-27 15:00,0.201
2024-07-27 16:00,0.178
2024-07-27 17:00,0.168
2024-07-27 18:00,0.178
2024-07-27 19:00,0.205
2024-07-27 20:00,0.210
2024-07-27 21:00,0.208
2024-07-27 22:00,0.204
2024-07-27 23:00,0.190
2024-07-28 00:00,0.190
2024-07-28 01:00,0.198
2024-07-28 02:00,0.198
2024-07-28 03:00,0.173
2024-07-28 04:00,0.133
2024-07-28 05:00,0.090
2024-07-28 06:00,0.037
2024-07-28 07:00,0.021
2024-07-28 08:00,0.019
2024-07-28 09:00,0.027
2024-07-28 10:00,0.044
2024-07-28 11:00,0.067
2024-07-28 12:00,0.084
2024-07-28 13:00,0.087
2024-07-28 14:00,0.094
2024-07-28 15:00,0.121
2024-07-28 16:00,0.143
2024-07-28 17:00,0.157
2024-07-28 18:00,0.163
2024-07-28 19:00,0.175
2024-07-28 20:00,0.189
2024-07-28 21:00,0.189
2024-07-28 22:00,0.188
2024-07-28 23:00,0.176
2024-07-29 00:00,0.154
2024-07-29 01:00,0.135
2024-07-29 02:00,0.122
2024-07-29 03:00,0.110
2024-07-29 04:00,0.096
2024-07-29 05:00,0.076
2024-07-29 06:00,0.040
2024-07-29 07:00,0.050
2024-07-29 08:00,0.093
2024-07-29 09:00,0.135
2024-07-29 10:00,0.170
2024-07-29 11:00,0.184
2024-07-29 12:00,0.189
2024-07-29 13:00,0.186
2024-07-29 14:00,0.175
2024-07-29 15:00,0.156
2024-07-29 16:00,0.138
2024-07-29 17:00,0.122
2024-07-29 18:00,0.090
2024-07-29 19:00,0.053
2024-07-29 20:00,0.043
2024-07-29 21:00,0.051
2024-07-29 22:00,0.069
2024-07-29 23:00,0.094
2024-07-30 00:00,0.128
2024-07-30 01:00,0.174
2024-07-30 02:00,0.213
2024-07-30 03:00,0.231
2024-07-30 04:00,0.227
2024-07-30 05:00,0.173
2024-07-30 06:00,0.084
2024-07-30 07:00,0.074
2024-07-30 08:00,0.102
2024-07-30 09:00,0.101
2024-07-30 10:00,0.072
2024-07-30 11:00,0.046
2024-07-30 12:00,0.032
2024-07-30 13:00,0.030
2024-07-30 14:00,0.038
2024-07-30 15:00,0.051
2024-07-30 16:00,0.067
2024-07-30 17:00,0.083
2024-07-30 18:00,0.098
2024-07-30 19:00,0.109
2024-07-30 20:00,0.103
2024-07-30 21:00,0.096
2024-07-30 22:00,0.096
2024-07-30 23:00,0.102
2024-07-31 00:00,0.108
2024-07-31 01:00,0.116
2024-07-31 02:00,0.127
2024-07-31 03:00,0.127
2024-07-31 04:00,0.113
2024-07-31 05:00,0.085
2024-07-31 06:00,0.048
2024-07-31 07:00,0.059
2024-07-31 08:00,0.066
2024-07-31 09:00,0.079
2024-07-31 10:00,0.104
2024-07-31 11:00,0.125
2024-07-31 12:00,0.134
2024-07-31 13:00,0.136
2024-07-31 14:00,0.143
2024-07-31 15:00,0.157
2024-07-31 16:00,0.182
2024-07-31 17:00,0.216
2024-07-31 18:00,0.258
2024-07-31 19:00,0.308
2024-07-31 20:00,0.322
2024-07-31 21:00,0.302
2024-07-31 22:00,0.304
2024-07-31 23:00,0.291
2024-08-01 00:00,0.252
2024-08-01 01:00,0.160
2024-08-01 02:00,0.077
2024-08-01 03:00,0.029
2024-08-01 04:00,0.016
2024-08-01 05:00,0.028
2024-08-01 06:00,0.038
2024-08-01 07:00,0.031
2024-08-01 08:00,0.020
2024-08-01 09:00,0.026
2024-08-01 10:00,0.034
2024-08-01 11:00,0.040
2024-08-01 12:00,0.047
2024-08-01 13:00,0.058
2024-08-01 14:00,0.060
2024-08-01 15:00,0.050
2024-08-01 16:00,0.038
2024-08-01 17:00,0.036
2024-08-01 18:00,0.046
2024-08-01 19:00,0.063
2024-08-01 20:00,0.068
2024-08-01 21:00,0.056
2024-08-01 22:00,0.038
2024-08-01 23:00,0.028
2024-08-02 00:00,0.020
2024-08-02 01:00,0.015
2024-08-02 02:00,0.012
2024-08-02 03:00,0.013
2024-08-02 04:00,0.022
2024-08-02 05:00,0.039
2024-08-02 06:00,0.038
2024-08-02 07:00,0.064
2024-08-02 08:00,0.104
2024-08-02 09:00,0.153
2024-08-02 10:00,0.199
2024-08-02 11:00,0.248
2024-08-02 12:00,0.302
2024-08-02 13:00,0.353
2024-08-02 14:00,0.389
2024-08-02 15:00,0.405
2024-08-02 16:00,0.390
2024-08-02 17:00,0.321
2024-08-02 18:00,0.330
2024-08-02 19:00,0.370
2024-08-02 20:00,0.369
2024-08-02 21:00,0.355
2024-08-02 22:00,0.348
2024-08-02 23:00,0.352
2024-08-03 00:00,0.430
2024-08-03 01:00,0.430
2024-08-03 02:00,0.389
2024-08-03 03:00,0.342
2024-08-03 04:00,0.338
2024-08-03 05:00,0.273
2024-08-03 06:00,0.238
2024-08-03 07:00,0.239
2024-08-03 08:00,0.240
2024-08-03 09:00,0.221
2024-08-03 10:00,0.183
2024-08-03 11:00,0.189
2024-08-03 12:00,0.225
2024-08-03 13:00,0.265
2024-08-03 14:00,0.315
2024-08-03 15:00,0.355
2024-08-03 16:00,0.382
2024-08-03 17:00,0.379
2024-08-03 18:00,0.320
2024-08-03 19:00,0.297
2024-08-03 20:00,0.288
2024-08-03 21:00,0.303
2024-08-03 22:00,0.327
2024-08-03 23:00,0.340
2024-08-04 00:00,0.348
2024-08-04 01:00,0.322
2024-08-04 02:00,0.277
2024-08-04 03:00,0.225
2024-08-04 04:00,0.210
2024-08-04 05:00,0.195
2024-08-04 06:00,0.142
2024-08-04 07:00,0.102
2024-08-04 08:00,0.117
2024-08-04 09:00,0.162
2024-08-04 10:00,0.239
2024-08-04 11:00,0.331
2024-08-04 12:00,0.403
2024-08-04 13:00,0.455
2024-08-04 14:00,0.464
2024-08-04 15:00,0.426
2024-08-04 16:00,0.399
2024-08-04 17:00,0.374
2024-08-04 18:00,0.358
2024-08-04 19:00,0.403
2024-08-04 20:00,0.478
2024-08-04 21:00,0.497
2024-08-04 22:00,0.492
2024-08-04 23:00,0.483
2024-08-05 00:00,0.486
2024-08-05 01:00,0.495
2024-08-05 02:00,0.493
2024-08-05 03:00,0.480
2024-08-05 04:00,0.477
2024-08-05 05:00,0.420
2024-08-05 06:00,0.394
2024-08-05 07:00,0.520
2024-08-05 08:00,0.594
2024-08-05 09:00,0.631
2024-08-05 10:00,0.632
2024-08-05 11:00,0.621
2024-08-05 12:00,0.612
2024-08-05 13:00,0.616
2024-08-05 14:00,0.618
2024-08-05 15:00,0.609
2024-08-05 16:00,0.564
2024-08-05 17:00,0.491
2024-08-05 18:00,0.483
2024-08-05 19:00,0.526
2024-08-05 20:00,0.529
2024-08-05 21:00,0.516
2024-08-05 22:00,0.569
2024-08-05 23:00,0.577
2024-08-06 00:00,0.556
2024-08-06 01:00,0.505
2024-08-06 02:00,0.419
2024-08-06 03:00,0.384
2024-08-06 04:00,0.383
2024-08-06 05:00,0.338
2024-08-06 06:00,0.271
2024-08-06 07:00,0.239
2024-08-06 08:00,0.205
2024-08-06 09:00,0.210
2024-08-06 10:00,0.238
2024-08-06 11:00,0.265
2024-08-06 12:00,0.285
2024-08-06 13:00,0.300
2024-08-06 14:00,0.312
2024-08-06 15:00,0.329
2024-08-06 16:00,0.348
2024-08-06 17:00,0.316
2024-08-06 18:00,0.279
2024-08-06 19:00,0.318
2024-08-06 20:00,0.371
2024-08-06 21:00,0.416
2024-08-06 22:00,0.450
2024-08-06 23:00,0.467
2024-08-07 00:00,0.462
2024-08-07 01:00,0.454
2024-08-07 02:00,0.454
2024-08-07 03:00,0.460
2024-08-07 04:00,0.466
2024-08-07 05:00,0.387
2024-08-07 06:00,0.352
2024-08-07 07:00,0.581
2024-08-07 08:00,0.672
2024-08-07 09:00,0.718
2024-08-07 10:00,0.772
2024-08-07 11:00,0.814
2024-08-07 12:00,0.834
2024-08-07 13:00,0.827
2024-08-07 14:00,0.801
2024-08-07 15:00,0.739
2024-08-07 16:00,0.661
2024-08-07 17:00,0.603
2024-08-07 18:00,0.546
2024-08-07 19:00,0.546
2024-08-07 20:00,0.580
2024-08-07 21:00,0.574
2024-08-07 22:00,0.580
2024-08-07 23:00,0.553
2024-08-08 00:00,0.517
2024-08-08 01:00,0.541
2024-08-08 02:00,0.538
2024-08-08 03:00,0.509
2024-08-08 04:00,0.430
2024-08-08 05:00,0.355
2024-08-08 06:00,0.268
2024-08-08 07:00,0.358
2024-08-08 08:00,0.425
2024-08-08 09:00,0.508
2024-08-08 10:00,0.612
2024-08-08 11:00,0.732
2024-08-08 12:00,0.808
2024-08-08 13:00,0.775
2024-08-08 14:00,0.707
2024-08-08 15:00,0.684
2024-08-08 16:00,0.725
2024-08-08 17:00,0.725
2024-08-08 18:00,0.736
2024-08-08 19:00,0.771
2024-08-08 20:00,0.774
2024-08-08 21:00,0.772
2024-08-08 22:00,0.782
2024-08-08 23:00,0.809
2024-08-09 00:00,0.809
2024-08-09 01:00,0.811
2024-08-09 02:00,0.816
2024-08-09 03:00,0.810
2024-08-09 04:00,0.797
2024-08-09 05:00,0.748
2024-08-09 06:00,0.723
2024-08-09 07:00,0.797
2024-08-09 08:00,0.840
2024-08-09 09:00,0.863
2024-08-09 10:00,0.869
2024-08-09 11:00,0.866
2024-08-09 12:00,0.858
2024-08-09 13:00,0.837
2024-08-09 14:00,0.813
2024-08-09 15:00,0.795
2024-08-09 16:00,0.754
2024-08-09 17:00,0.669
2024-08-09 18:00,0.577
2024-08-09 19:00,0.571
2024-08-09 20:00,0.562
2024-08-09 21:00,0.553
2024-08-09 22:00,0.541
2024-08-09 23:00,0.520
2024-08-10 00:00,0.490
2024-08-10 01:00,0.487
2024-08-10 02:00,0.499
2024-08-10 03:00,0.581
2024-08-10 04:00,0.519
2024-08-10 05:00,0.450
2024-08-10 06:00,0.416
2024-08-10 07:00,0.525
2024-08-10 08:00,0.546
2024-08-10 09:00,0.539
2024-08-10 10:00,0.523
2024-08-10 11:00,0.499
2024-08-10 12:00,0.479
2024-08-10 13:00,0.476
2024-08-10 14:00,0.486
2024-08-10 15:00,0.499
2024-08-10 16:00,0.499
2024-08-10 17:00,0.450
2024-08-10 18:00,0.346
2024-08-10 19:00,0.302
2024-08-10 20:00,0.272
2024-08-10 21:00,0.247
2024-08-10 22:00,0.220
2024-08-10 23:00,0.179
2024-08-11 00:00,0.153
2024-08-11 01:00,0.137
2024-08-11 02:00,0.093
2024-08-11 03:00,0.040
2024-08-11 04:00,0.018
2024-08-11 05:00,0.021
2024-08-11 06:00,0.027
2024-08-11 07:00,0.049
2024-08-11 08:00,0.083
2024-08-11 09:00,0.089
2024-08-11 10:00,0.108
2024-08-11 11:00,0.134
2024-08-11 12:00,0.153
2024-08-11 13:00,0.167
2024-08-11 14:00,0.192
2024-08-11 15:00,0.232
2024-08-11 16:00,0.299
2024-08-11 17:00,0.377
2024-08-11 18:00,0.521
2024-08-11 19:00,0.619
2024-08-11 20:00,0.595
2024-08-11 21:00,0.572
2024-08-11 22:00,0.580
2024-08-11 23:00,0.583
2024-08-12 00:00,0.578
2024-08-12 01:00,0.577
2024-08-12 02:00,0.582
2024-08-12 03:00,0.597
2024-08-12 04:00,0.604
2024-08-12 05:00,0.581
2024-08-12 06:00,0.523
2024-08-12 07:00,0.473
2024-08-12 08:00,0.621
2024-08-12 09:00,0.662
2024-08-12 10:00,0.610
2024-08-12 11:00,0.505
2024-08-12 12:00,0.401
2024-08-12 13:00,0.336
2024-08-12 14:00,0.314
2024-08-12 15:00,0.322
2024-08-12 16:00,0.333
2024-08-12 17:00,0.322
2024-08-12 18:00,0.279
2024-08-12 19:00,0.261
2024-08-12 20:00,0.237
2024-08-12 21:00,0.225
2024-08-12 22:00,0.190
2024-08-12 23:00,0.128
2024-08-13 00:00,0.131
2024-08-13 01:00,0.150
2024-08-13 02:00,0.137
2024-08-13 03:00,0.115
2024-08-13 04:00,0.154
2024-08-13 05:00,0.217
2024-08-13 06:00,0.178
2024-08-13 07:00,0.238
2024-08-13 08:00,0.370
2024-08-13 09:00,0.440
2024-08-13 10:00,0.486
2024-08-13 11:00,0.516
2024-08-13 12:00,0.517
2024-08-13 13:00,0.493
2024-08-13 14:00,0.442
2024-08-13 15:00,0.370
2024-08-13 16:00,0.291
2024-08-13 17:00,0.261
2024-08-13 18:00,0.238
2024-08-13 19:00,0.224
2024-08-13 20:00,0.229
2024-08-13 21:00,0.235
2024-08-13 22:00,0.204
2024-08-13 23:00,0.239
2024-08-14 00:00,0.316
2024-08-14 01:00,0.335
2024-08-14 02:00,0.355
2024-08-14 03:00,0.314
2024-08-14 04:00,0.272
2024-08-14 05:00,0.210
2024-08-14 06:00,0.129
2024-08-14 07:00,0.105
2024-08-14 08:00,0.059
2024-08-14 09:00,0.022
2024-08-14 10:00,0.009
2024-08-14 11:00,0.011
2024-08-14 12:00,0.017
2024-08-14 13:00,0.028
2024-08-14 14:00,0.051
2024-08-14 15:00,0.082
2024-08-14 16:00,0.111
2024-08-14 17:00,0.148
2024-08-14 18:00,0.198
2024-08-14 19:00,0.246
2024-08-14 20:00,0.247
2024-08-14 21:00,0.238
2024-08-14 22:00,0.282
2024-08-14 23:00,0.344
2024-08-15 00:00,0.355
2024-08-15 01:00,0.378
2024-08-15 02:00,0.396
2024-08-15 03:00,0.404
2024-08-15 04:00,0.417
2024-08-15 05:00,0.416
2024-08-15 06:00,0.418
2024-08-15 07:00,0.559
2024-08-15 08:00,0.704
2024-08-15 09:00,0.807
2024-08-15 10:00,0.867
2024-08-15 11:00,0.916
2024-08-15 12:00,0.931
2024-08-15 13:00,0.913
2024-08-15 14:00,0.872
2024-08-15 15:00,0.768
2024-08-15 16:00,0.594
2024-08-15 17:00,0.377
2024-08-15 18:00,0.248
2024-08-15 19:00,0.257
2024-08-15 20:00,0.307
2024-08-15 21:00,0.331
2024-08-15 22:00,0.316
2024-08-15 23:00,0.290
2024-08-16 00:00,0.281
2024-08-16 01:00,0.261
2024-08-16 02:00,0.238
2024-08-16 03:00,0.210
2024-08-16 04:00,0.182
2024-08-16 05:00,0.179
2024-08-16 06:00,0.134
2024-08-16 07:00,0.131
2024-08-16 08:00,0.162
2024-08-16 09:00,0.176
2024-08-16 10:00,0.202
2024-08-16 11:00,0.232
2024-08-16 12:00,0.257
2024-08-16 13:00,0.268
2024-08-16 14:00,0.265
2024-08-16 15:00,0.263
2024-08-16 16:00,0.259
2024-08-16 17:00,0.232
2024-08-16 18:00,0.212
2024-08-16 19:00,0.246
2024-08-16 20:00,0.269
2024-08-16 21:00,0.281
2024-08-16 22:00,0.275
2024-08-16 23:00,0.285
2024-08-17 00:00,0.314
2024-08-17 01:00,0.343
2024-08-17 02:00,0.371
2024-08-17 03:00,0.390
2024-08-17 04:00,0.393
2024-08-17 05:00,0.371
2024-08-17 06:00,0.235
2024-08-17 07:00,0.206
2024-08-17 08:00,0.238
2024-08-17 09:00,0.246
2024-08-17 10:00,0.248
2024-08-17 11:00,0.253
2024-08-17 12:00,0.257
2024-08-17 13:00,0.252
2024-08-17 14:00,0.251
2024-08-17 15:00,0.259
2024-08-17 16:00,0.257
2024-08-17 17:00,0.246
2024-08-17 18:00,0.268
2024-08-17 19:00,0.299
2024-08-17 20:00,0.309
2024-08-17 21:00,0.330
2024-08-17 22:00,0.358
2024-08-17 23:00,0.388
2024-08-18 00:00,0.429
2024-08-18 01:00,0.461
2024-08-18 02:00,0.473
2024-08-18 03:00,0.477
2024-08-18 04:00,0.496
2024-08-18 05:00,0.486
2024-08-18 06:00,0.361
2024-08-18 07:00,0.406
2024-08-18 08:00,0.523
2024-08-18 09:00,0.538
2024-08-18 10:00,0.536
2024-08-18 11:00,0.551
2024-08-18 12:00,0.580
2024-08-18 13:00,0.597
2024-08-18 14:00,0.601
2024-08-18 15:00,0.589
2024-08-18 16:00,0.547
2024-08-18 17:00,0.417
2024-08-18 18:00,0.321
2024-08-18 19:00,0.282
2024-08-18 20:00,0.251
2024-08-18 21:00,0.250
2024-08-18 22:00,0.268
2024-08-18 23:00,0.244
2024-08-19 00:00,0.229
2024-08-19 01:00,0.260
2024-08-19 02:00,0.288
2024-08-19 03:00,0.305
2024-08-19 04:00,0.328
2024-08-19 05:00,0.335
2024-08-19 06:00,0.251
2024-08-19 07:00,0.224
2024-08-19 08:00,0.379
2024-08-19 09:00,0.504
2024-08-19 10:00,0.529
2024-08-19 11:00,0.590
2024-08-19 12:00,0.694
2024-08-19 13:00,0.765
2024-08-19 14:00,0.754
2024-08-19 15:00,0.691
2024-08-19 16:00,0.685
2024-08-19 17:00,0.792
2024-08-19 18:00,0.883
2024-08-19 19:00,0.903
2024-08-19 20:00,0.900
2024-08-19 21:00,0.899
2024-08-19 22:00,0.869
2024-08-19 23:00,0.824
2024-08-20 00:00,0.741
2024-08-20 01:00,0.682
2024-08-20 02:00,0.603
2024-08-20 03:00,0.524
2024-08-20 04:00,0.519
2024-08-20 05:00,0.488
2024-08-20 06:00,0.387
2024-08-20 07:00,0.426
2024-08-20 08:00,0.551
2024-08-20 09:00,0.677
2024-08-20 10:00,0.734
2024-08-20 11:00,0.738
2024-08-20 12:00,0.725
2024-08-20 13:00,0.712
2024-08-20 14:00,0.723
2024-08-20 15:00,0.760
2024-08-20 16:00,0.806
2024-08-20 17:00,0.813
2024-08-20 18:00,0.780
2024-08-20 19:00,0.773
2024-08-20 20:00,0.759
2024-08-20 21:00,0.772
2024-08-20 22:00,0.792
2024-08-20 23:00,0.827
2024-08-21 00:00,0.826
2024-08-21 01:00,0.813
2024-08-21 02:00,0.781
2024-08-21 03:00,0.751
2024-08-21 04:00,0.694
2024-08-21 05:00,0.600
2024-08-21 06:00,0.476
2024-08-21 07:00,0.569
2024-08-21 08:00,0.661
2024-08-21 09:00,0.702
2024-08-21 10:00,0.709
2024-08-21 11:00,0.719
2024-08-21 12:00,0.729
2024-08-21 13:00,0.777
2024-08-21 14:00,0.819
2024-08-21 15:00,0.818
2024-08-21 16:00,0.783
2024-08-21 17:00,0.767
2024-08-21 18:00,0.795
2024-08-21 19:00,0.814
2024-08-21 20:00,0.820
2024-08-21 21:00,0.820
2024-08-21 22:00,0.824
2024-08-21 23:00,0.831
2024-08-22 00:00,0.852
2024-08-22 01:00,0.872
2024-08-22 02:00,0.902
2024-08-22 03:00,0.930
2024-08-22 04:00,0.950
2024-08-22 05:00,0.961
2024-08-22 06:00,0.959
2024-08-22 07:00,0.945
2024-08-22 08:00,0.916
2024-08-22 09:00,0.885
2024-08-22 10:00,0.880
2024-08-22 11:00,0.833
2024-08-22 12:00,0.777
2024-08-22 13:00,0.702
2024-08-22 14:00,0.649
2024-08-22 15:00,0.616
2024-08-22 16:00,0.542
2024-08-22 17:00,0.334
2024-08-22 18:00,0.224
2024-08-22 19:00,0.259
2024-08-22 20:00,0.311
2024-08-22 21:00,0.327
2024-08-22 22:00,0.349
2024-08-22 23:00,0.369
2024-08-23 00:00,0.407
2024-08-23 01:00,0.520
2024-08-23 02:00,0.658
2024-08-23 03:00,0.795
2024-08-23 04:00,0.916
2024-08-23 05:00,0.983
2024-08-23 06:00,0.993
2024-08-23 07:00,0.991
2024-08-23 08:00,0.984
2024-08-23 09:00,0.974
2024-08-23 10:00,0.954
2024-08-23 11:00,0.913
2024-08-23 12:00,0.856
2024-08-23 13:00,0.801
2024-08-23 14:00,0.746
2024-08-23 15:00,0.702
2024-08-23 16:00,0.651
2024-08-23 17:00,0.567
2024-08-23 18:00,0.562
2024-08-23 19:00,0.565
2024-08-23 20:00,0.569
2024-08-23 21:00,0.516
2024-08-23 22:00,0.483
2024-08-23 23:00,0.483
2024-08-24 00:00,0.459
2024-08-24 01:00,0.433
2024-08-24 02:00,0.416
2024-08-24 03:00,0.406
2024-08-24 04:00,0.433
2024-08-24 05:00,0.423
2024-08-24 06:00,0.400
2024-08-24 07:00,0.348
2024-08-24 08:00,0.337
2024-08-24 09:00,0.280
2024-08-24 10:00,0.321
2024-08-24 11:00,0.271
2024-08-24 12:00,0.233
2024-08-24 13:00,0.272
2024-08-24 14:00,0.347
2024-08-24 15:00,0.506
2024-08-24 16:00,0.622
2024-08-24 17:00,0.625
2024-08-24 18:00,0.609
2024-08-24 19:00,0.576
2024-08-24 20:00,0.558
2024-08-24 21:00,0.556
2024-08-24 22:00,0.541
2024-08-24 23:00,0.527
2024-08-25 00:00,0.525
2024-08-25 01:00,0.533
2024-08-25 02:00,0.546
2024-08-25 03:00,0.548
2024-08-25 04:00,0.513
2024-08-25 05:00,0.486
2024-08-25 06:00,0.396
2024-08-25 07:00,0.524
2024-08-25 08:00,0.723
2024-08-25 09:00,0.801
2024-08-25 10:00,0.858
2024-08-25 11:00,0.896
2024-08-25 12:00,0.913
2024-08-25 13:00,0.920
2024-08-25 14:00,0.922
2024-08-25 15:00,0.912
2024-08-25 16:00,0.898
2024-08-25 17:00,0.873
2024-08-25 18:00,0.858
2024-08-25 19:00,0.825
2024-08-25 20:00,0.710
2024-08-25 21:00,0.679
2024-08-25 22:00,0.675
2024-08-25 23:00,0.649
2024-08-26 00:00,0.619
2024-08-26 01:00,0.570
2024-08-26 02:00,0.574
2024-08-26 03:00,0.551
2024-08-26 04:00,0.510
2024-08-26 05:00,0.486
2024-08-26 06:00,0.381
2024-08-26 07:00,0.396
2024-08-26 08:00,0.495
2024-08-26 09:00,0.474
2024-08-26 10:00,0.453
2024-08-26 11:00,0.463
2024-08-26 12:00,0.443
2024-08-26 13:00,0.420
2024-08-26 14:00,0.420
2024-08-26 15:00,0.387
2024-08-26 16:00,0.339
2024-08-26 17:00,0.287
2024-08-26 18:00,0.309
2024-08-26 19:00,0.380
2024-08-26 20:00,0.449
2024-08-26 21:00,0.479
2024-08-26 22:00,0.505
2024-08-26 23:00,0.520
2024-08-27 00:00,0.559
2024-08-27 01:00,0.556
2024-08-27 02:00,0.571
2024-08-27 03:00,0.557
2024-08-27 04:00,0.565
2024-08-27 05:00,0.591
2024-08-27 06:00,0.563
2024-08-27 07:00,0.582
2024-08-27 08:00,0.784
2024-08-27 09:00,0.806
2024-08-27 10:00,0.791
2024-08-27 11:00,0.723
2024-08-27 12:00,0.657
2024-08-27 13:00,0.651
2024-08-27 14:00,0.656
2024-08-27 15:00,0.585
2024-08-27 16:00,0.492
2024-08-27 17:00,0.436
2024-08-27 18:00,0.395
2024-08-27 19:00,0.359
2024-08-27 20:00,0.356
2024-08-27 21:00,0.370
2024-08-27 22:00,0.383
2024-08-27 23:00,0.395
2024-08-28 00:00,0.410
2024-08-28 01:00,0.366
2024-08-28 02:00,0.343
2024-08-28 03:00,0.357
2024-08-28 04:00,0.374
2024-08-28 05:00,0.374
2024-08-28 06:00,0.247
2024-08-28 07:00,0.138
2024-08-28 08:00,0.106
2024-08-28 09:00,0.167
2024-08-28 10:00,0.229
2024-08-28 11:00,0.295
2024-08-28 12:00,0.303
2024-08-28 13:00,0.255
2024-08-28 14:00,0.250
2024-08-28 15:00,0.224
2024-08-28 16:00,0.194
2024-08-28 17:00,0.182
2024-08-28 18:00,0.257
2024-08-28 19:00,0.354
2024-08-28 20:00,0.412
2024-08-28 21:00,0.445
2024-08-28 22:00,0.452
2024-08-28 23:00,0.443
2024-08-29 00:00,0.430
2024-08-29 01:00,0.423
2024-08-29 02:00,0.424
2024-08-29 03:00,0.410
2024-08-29 04:00,0.395
2024-08-29 05:00,0.393
2024-08-29 06:00,0.288
2024-08-29 07:00,0.232
2024-08-29 08:00,0.372
2024-08-29 09:00,0.416
2024-08-29 10:00,0.438
2024-08-29 11:00,0.450
2024-08-29 12:00,0.447
2024-08-29 13:00,0.413
2024-08-29 14:00,0.374
2024-08-29 15:00,0.361
2024-08-29 16:00,0.345
2024-08-29 17:00,0.293
2024-08-29 18:00,0.271
2024-08-29 19:00,0.273
2024-08-29 20:00,0.273
2024-08-29 21:00,0.291
2024-08-29 22:00,0.299
2024-08-29 23:00,0.279
2024-08-30 00:00,0.250
2024-08-30 01:00,0.215
2024-08-30 02:00,0.183
2024-08-30 03:00,0.154
2024-08-30 04:00,0.131
2024-08-30 05:00,0.113
2024-08-30 06:00,0.085
2024-08-30 07:00,0.045
2024-08-30 08:00,0.040
2024-08-30 09:00,0.041
2024-08-30 10:00,0.037
2024-08-30 11:00,0.029
2024-08-30 12:00,0.023
2024-08-30 13:00,0.019
2024-08-30 14:00,0.019
2024-08-30 15:00,0.024
2024-08-30 16:00,0.043
2024-08-30 17:00,0.102
2024-08-30 18:00,0.234
2024-08-30 19:00,0.378
2024-08-30 20:00,0.424
2024-08-30 21:00,0.400
2024-08-30 22:00,0.340
2024-08-30 23:00,0.298
2024-08-31 00:00,0.257
2024-08-31 01:00,0.224
2024-08-31 02:00,0.225
2024-08-31 03:00,0.252
2024-08-31 04:00,0.279
2024-08-31 05:00,0.297
2024-08-31 06:00,0.225
2024-08-31 07:00,0.211
2024-08-31 08:00,0.257
2024-08-31 09:00,0.293
2024-08-31 10:00,0.325
2024-08-31 11:00,0.348
2024-08-31 12:00,0.362
2024-08-31 13:00,0.387
2024-08-31 14:00,0.429
2024-08-31 15:00,0.473
2024-08-31 16:00,0.505
2024-08-31 17:00,0.499
2024-08-31 18:00,0.493
2024-08-31 19:00,0.502
2024-08-31 20:00,0.511
2024-08-31 21:00,0.479
2024-08-31 22:00,0.410
2024-08-31 23:00,0.400
2024-09-01 00:00,0.432
2024-09-01 01:00,0.459
2024-09-01 02:00,0.457
2024-09-01 03:00,0.496
2024-09-01 04:00,0.475
2024-09-01 05:00,0.446
2024-09-01 06:00,0.381
2024-09-01 07:00,0.325
2024-09-01 08:00,0.410
2024-09-01 09:00,0.452
2024-09-01 10:00,0.442
2024-09-01 11:00,0.413
2024-09-01 12:00,0.385
2024-09-01 13:00,0.359
2024-09-01 14:00,0.324
2024-09-01 15:00,0.305
2024-09-01 16:00,0.330
2024-09-01 17:00,0.344
2024-09-01 18:00,0.336
2024-09-01 19:00,0.340
2024-09-01 20:00,0.325
2024-09-01 21:00,0.326
2024-09-01 22:00,0.340
2024-09-01 23:00,0.340
2024-09-02 00:00,0.309
2024-09-02 01:00,0.265
2024-09-02 02:00,0.218
2024-09-02 03:00,0.150
2024-09-02 04:00,0.090
2024-09-02 05:00,0.053
2024-09-02 06:00,0.034
2024-09-02 07:00,0.022
2024-09-02 08:00,0.049
2024-09-02 09:00,0.088
2024-09-02 10:00,0.112
2024-09-02 11:00,0.138
2024-09-02 12:00,0.181
2024-09-02 13:00,0.240
2024-09-02 14:00,0.302
2024-09-02 15:00,0.338
2024-09-02 16:00,0.328
2024-09-02 17:00,0.273
2024-09-02 18:00,0.279
2024-09-02 19:00,0.314
2024-09-02 20:00,0.311
2024-09-02 21:00,0.304
2024-09-02 22:00,0.286
2024-09-02 23:00,0.260
2024-09-03 00:00,0.237
2024-09-03 01:00,0.235
2024-09-03 02:00,0.238
2024-09-03 03:00,0.248
2024-09-03 04:00,0.242
2024-09-03 05:00,0.211
2024-09-03 06:00,0.139
2024-09-03 07:00,0.099
2024-09-03 08:00,0.093
2024-09-03 09:00,0.102
2024-09-03 10:00,0.115
2024-09-03 11:00,0.131
2024-09-03 12:00,0.149
2024-09-03 13:00,0.178
2024-09-03 14:00,0.218
2024-09-03 15:00,0.261
2024-09-03 16:00,0.284
2024-09-03 17:00,0.267
2024-09-03 18:00,0.270
2024-09-03 19:00,0.270
2024-09-03 20:00,0.257
2024-09-03 21:00,0.265
2024-09-03 22:00,0.286
2024-09-03 23:00,0.284
2024-09-04 00:00,0.283
2024-09-04 01:00,0.276
2024-09-04 02:00,0.278
2024-09-04 03:00,0.289
2024-09-04 04:00,0.297
2024-09-04 05:00,0.292
2024-09-04 06:00,0.219
2024-09-04 07:00,0.132
2024-09-04 08:00,0.115
2024-09-04 09:00,0.083
2024-09-04 10:00,0.062
2024-09-04 11:00,0.046
2024-09-04 12:00,0.030
2024-09-04 13:00,0.019
2024-09-04 14:00,0.011
2024-09-04 15:00,0.013
2024-09-04 16:00,0.027
2024-09-04 17:00,0.069
2024-09-04 18:00,0.150
2024-09-04 19:00,0.246
2024-09-04 20:00,0.299
2024-09-04 21:00,0.311
2024-09-04 22:00,0.331
2024-09-04 23:00,0.378
2024-09-05 00:00,0.410
2024-09-05 01:00,0.421
2024-09-05 02:00,0.432
2024-09-05 03:00,0.515
2024-09-05 04:00,0.590
2024-09-05 05:00,0.661
2024-09-05 06:00,0.692
2024-09-05 07:00,0.648
2024-09-05 08:00,0.687
2024-09-05 09:00,0.752
2024-09-05 10:00,0.801
2024-09-05 11:00,0.837
2024-09-05 12:00,0.864
2024-09-05 13:00,0.887
2024-09-05 14:00,0.897
2024-09-05 15:00,0.898
2024-09-05 16:00,0.898
2024-09-05 17:00,0.891
2024-09-05 18:00,0.884
2024-09-05 19:00,0.854
2024-09-05 20:00,0.802
2024-09-05 21:00,0.756
2024-09-05 22:00,0.746
2024-09-05 23:00,0.721
2024-09-06 00:00,0.714
2024-09-06 01:00,0.663
2024-09-06 02:00,0.622
2024-09-06 03:00,0.619
2024-09-06 04:00,0.637
2024-09-06 05:00,0.645
2024-09-06 06:00,0.601
2024-09-06 07:00,0.517
2024-09-06 08:00,0.605
2024-09-06 09:00,0.653
2024-09-06 10:00,0.689
2024-09-06 11:00,0.696
2024-09-06 12:00,0.689
2024-09-06 13:00,0.678
2024-09-06 14:00,0.647
2024-09-06 15:00,0.604
2024-09-06 16:00,0.554
2024-09-06 17:00,0.499
2024-09-06 18:00,0.502
2024-09-06 19:00,0.499
2024-09-06 20:00,0.473
2024-09-06 21:00,0.463
2024-09-06 22:00,0.459
2024-09-06 23:00,0.455
2024-09-07 00:00,0.457
2024-09-07 01:00,0.467
2024-09-07 02:00,0.473
2024-09-07 03:00,0.452
2024-09-07 04:00,0.427
2024-09-07 05:00,0.397
2024-09-07 06:00,0.304
2024-09-07 07:00,0.179
2024-09-07 08:00,0.209
2024-09-07 09:00,0.251
2024-09-07 10:00,0.281
2024-09-07 11:00,0.291
2024-09-07 12:00,0.279
2024-09-07 13:00,0.253
2024-09-07 14:00,0.224
2024-09-07 15:00,0.214
2024-09-07 16:00,0.238
2024-09-07 17:00,0.252
2024-09-07 18:00,0.299
2024-09-07 19:00,0.327
2024-09-07 20:00,0.305
2024-09-07 21:00,0.277
2024-09-07 22:00,0.242
2024-09-07 23:00,0.202
2024-09-08 00:00,0.180
2024-09-08 01:00,0.177
2024-09-08 02:00,0.172
2024-09-08 03:00,0.172
2024-09-08 04:00,0.180
2024-09-08 05:00,0.221
2024-09-08 06:00,0.218
2024-09-08 07:00,0.143
2024-09-08 08:00,0.116
2024-09-08 09:00,0.137
2024-09-08 10:00,0.158
2024-09-08 11:00,0.156
2024-09-08 12:00,0.126
2024-09-08 13:00,0.093
2024-09-08 14:00,0.078
2024-09-08 15:00,0.085
2024-09-08 16:00,0.096
2024-09-08 17:00,0.124
2024-09-08 18:00,0.190
2024-09-08 19:00,0.248
2024-09-08 20:00,0.285
2024-09-08 21:00,0.318
2024-09-08 22:00,0.345
2024-09-08 23:00,0.397
2024-09-09 00:00,0.431
2024-09-09 01:00,0.462
2024-09-09 02:00,0.466
2024-09-09 03:00,0.467
2024-09-09 04:00,0.451
2024-09-09 05:00,0.415
2024-09-09 06:00,0.359
2024-09-09 07:00,0.348
2024-09-09 08:00,0.379
2024-09-09 09:00,0.353
2024-09-09 10:00,0.344
2024-09-09 11:00,0.401
2024-09-09 12:00,0.485
2024-09-09 13:00,0.577
2024-09-09 14:00,0.667
2024-09-09 15:00,0.713
2024-09-09 16:00,0.701
2024-09-09 17:00,0.597
2024-09-09 18:00,0.488
2024-09-09 19:00,0.427
2024-09-09 20:00,0.463
2024-09-09 21:00,0.523
2024-09-09 22:00,0.559
2024-09-09 23:00,0.579
2024-09-10 00:00,0.600
2024-09-10 01:00,0.664
2024-09-10 02:00,0.696
2024-09-10 03:00,0.712
2024-09-10 04:00,0.744
2024-09-10 05:00,0.823
2024-09-10 06:00,0.840
2024-09-10 07:00,0.871
2024-09-10 08:00,0.903
2024-09-10 09:00,0.918
2024-09-10 10:00,0.909
2024-09-10 11:00,0.893
2024-09-10 12:00,0.886
2024-09-10 13:00,0.883
2024-09-10 14:00,0.875
2024-09-10 15:00,0.859
2024-09-10 16:00,0.827
2024-09-10 17:00,0.752
2024-09-10 18:00,0.710
2024-09-10 19:00,0.683
2024-09-10 20:00,0.643
2024-09-10 21:00,0.583
2024-09-10 22:00,0.593
2024-09-10 23:00,0.619
2024-09-11 00:00,0.645
2024-09-11 01:00,0.684
2024-09-11 02:00,0.723
2024-09-11 03:00,0.731
2024-09-11 04:00,0.721
2024-09-11 05:00,0.710
2024-09-11 06:00,0.685
2024-09-11 07:00,0.676
2024-09-11 08:00,0.767
2024-09-11 09:00,0.792
2024-09-11 10:00,0.799
2024-09-11 11:00,0.811
2024-09-11 12:00,0.817
2024-09-11 13:00,0.807
2024-09-11 14:00,0.782
2024-09-11 15:00,0.741
2024-09-11 16:00,0.663
2024-09-11 17:00,0.572
2024-09-11 18:00,0.573
2024-09-11 19:00,0.577
2024-09-11 20:00,0.559
2024-09-11 21:00,0.556
2024-09-11 22:00,0.558
2024-09-11 23:00,0.553
2024-09-12 00:00,0.545
2024-09-12 01:00,0.517
2024-09-12 02:00,0.473
2024-09-12 03:00,0.416
2024-09-12 04:00,0.377
2024-09-12 05:00,0.336
2024-09-12 06:00,0.263
2024-09-12 07:00,0.204
2024-09-12 08:00,0.232
2024-09-12 09:00,0.227
2024-09-12 10:00,0.210
2024-09-12 11:00,0.206
2024-09-12 12:00,0.205
2024-09-12 13:00,0.194
2024-09-12 14:00,0.176
2024-09-12 15:00,0.170
2024-09-12 16:00,0.162
2024-09-12 17:00,0.155
2024-09-12 18:00,0.168
2024-09-12 19:00,0.160
2024-09-12 20:00,0.124
2024-09-12 21:00,0.083
2024-09-12 22:00,0.046
2024-09-12 23:00,0.020
2024-09-13 00:00,0.011
2024-09-13 01:00,0.028
2024-09-13 02:00,0.055
2024-09-13 03:00,0.078
2024-09-13 04:00,0.116
2024-09-13 05:00,0.165
2024-09-13 06:00,0.197
2024-09-13 07:00,0.126
2024-09-13 08:00,0.104
2024-09-13 09:00,0.103
2024-09-13 10:00,0.095
2024-09-13 11:00,0.084
2024-09-13 12:00,0.085
2024-09-13 13:00,0.097
2024-09-13 14:00,0.124
2024-09-13 15:00,0.160
2024-09-13 16:00,0.155
2024-09-13 17:00,0.132
2024-09-13 18:00,0.102
2024-09-13 19:00,0.084
2024-09-13 20:00,0.112
2024-09-13 21:00,0.186
2024-09-13 22:00,0.314
2024-09-13 23:00,0.466
2024-09-14 00:00,0.516
2024-09-14 01:00,0.479
2024-09-14 02:00,0.454
2024-09-14 03:00,0.429
2024-09-14 04:00,0.431
2024-09-14 05:00,0.439
2024-09-14 06:00,0.410
2024-09-14 07:00,0.352
2024-09-14 08:00,0.400
2024-09-14 09:00,0.486
2024-09-14 10:00,0.498
2024-09-14 11:00,0.492
2024-09-14 12:00,0.489
2024-09-14 13:00,0.516
2024-09-14 14:00,0.559
2024-09-14 15:00,0.574
2024-09-14 16:00,0.529
2024-09-14 17:00,0.486
2024-09-14 18:00,0.518
2024-09-14 19:00,0.539
2024-09-14 20:00,0.516
2024-09-14 21:00,0.516
2024-09-14 22:00,0.525
2024-09-14 23:00,0.519
2024-09-15 00:00,0.502
2024-09-15 01:00,0.482
2024-09-15 02:00,0.460
2024-09-15 03:00,0.423
2024-09-15 04:00,0.391
2024-09-15 05:00,0.370
2024-09-15 06:00,0.330
2024-09-15 07:00,0.281
2024-09-15 08:00,0.302
2024-09-15 09:00,0.403
2024-09-15 10:00,0.499
2024-09-15 11:00,0.556
2024-09-15 12:00,0.594
2024-09-15 13:00,0.609
2024-09-15 14:00,0.625
2024-09-15 15:00,0.556
2024-09-15 16:00,0.437
2024-09-15 17:00,0.357
2024-09-15 18:00,0.390
2024-09-15 19:00,0.393
2024-09-15 20:00,0.339
2024-09-15 21:00,0.316
2024-09-15 22:00,0.299
2024-09-15 23:00,0.294
2024-09-16 00:00,0.328
2024-09-16 01:00,0.338
2024-09-16 02:00,0.324
2024-09-16 03:00,0.287
2024-09-16 04:00,0.251
2024-09-16 05:00,0.222
2024-09-16 06:00,0.185
2024-09-16 07:00,0.087
2024-09-16 08:00,0.039
2024-09-16 09:00,0.029
2024-09-16 10:00,0.019
2024-09-16 11:00,0.017
2024-09-16 12:00,0.018
2024-09-16 13:00,0.017
2024-09-16 14:00,0.014
2024-09-16 15:00,0.012
2024-09-16 16:00,0.015
2024-09-16 17:00,0.030
2024-09-16 18:00,0.070
2024-09-16 19:00,0.138
2024-09-16 20:00,0.211
2024-09-16 21:00,0.232
2024-09-16 22:00,0.204
2024-09-16 23:00,0.165
2024-09-17 00:00,0.132
2024-09-17 01:00,0.100
2024-09-17 02:00,0.069
2024-09-17 03:00,0.043
2024-09-17 04:00,0.028
2024-09-17 05:00,0.019
2024-09-17 06:00,0.017
2024-09-17 07:00,0.011
2024-09-17 08:00,0.009
2024-09-17 09:00,0.021
2024-09-17 10:00,0.025
2024-09-17 11:00,0.028
2024-09-17 12:00,0.036
2024-09-17 13:00,0.046
2024-09-17 14:00,0.059
2024-09-17 15:00,0.078
2024-09-17 16:00,0.113
2024-09-17 17:00,0.198
2024-09-17 18:00,0.330
2024-09-17 19:00,0.410
2024-09-17 20:00,0.423
2024-09-17 21:00,0.396
2024-09-17 22:00,0.356
2024-09-17 23:00,0.322
2024-09-18 00:00,0.297
2024-09-18 01:00,0.277
2024-09-18 02:00,0.270
2024-09-18 03:00,0.278
2024-09-18 04:00,0.303
2024-09-18 05:00,0.345
2024-09-18 06:00,0.361
2024-09-18 07:00,0.268
2024-09-18 08:00,0.288
2024-09-18 09:00,0.271
2024-09-18 10:00,0.254
2024-09-18 11:00,0.249
2024-09-18 12:00,0.248
2024-09-18 13:00,0.242
2024-09-18 14:00,0.248
2024-09-18 15:00,0.270
2024-09-18 16:00,0.289
2024-09-18 17:00,0.369
2024-09-18 18:00,0.503
2024-09-18 19:00,0.523
2024-09-18 20:00,0.495
2024-09-18 21:00,0.493
2024-09-18 22:00,0.491
2024-09-18 23:00,0.475
2024-09-19 00:00,0.468
2024-09-19 01:00,0.480
2024-09-19 02:00,0.505
2024-09-19 03:00,0.513
2024-09-19 04:00,0.505
2024-09-19 05:00,0.506
2024-09-19 06:00,0.486
2024-09-19 07:00,0.340
2024-09-19 08:00,0.288
2024-09-19 09:00,0.312
2024-09-19 10:00,0.304
2024-09-19 11:00,0.301
2024-09-19 12:00,0.299
2024-09-19 13:00,0.292
2024-09-19 14:00,0.275
2024-09-19 15:00,0.252
2024-09-19 16:00,0.259
2024-09-19 17:00,0.319
2024-09-19 18:00,0.393
2024-09-19 19:00,0.404
2024-09-19 20:00,0.416
2024-09-19 21:00,0.445
2024-09-19 22:00,0.469
2024-09-19 23:00,0.473
2024-09-20 00:00,0.466
2024-09-20 01:00,0.473
2024-09-20 02:00,0.493
2024-09-20 03:00,0.520
2024-09-20 04:00,0.539
2024-09-20 05:00,0.556
2024-09-20 06:00,0.533
2024-09-20 07:00,0.392
2024-09-20 08:00,0.393
2024-09-20 09:00,0.520
2024-09-20 10:00,0.541
2024-09-20 11:00,0.552
2024-09-20 12:00,0.550
2024-09-20 13:00,0.542
2024-09-20 14:00,0.530
2024-09-20 15:00,0.538
2024-09-20 16:00,0.529
2024-09-20 17:00,0.505
2024-09-20 18:00,0.551
2024-09-20 19:00,0.565
2024-09-20 20:00,0.569
2024-09-20 21:00,0.566
2024-09-20 22:00,0.556
2024-09-20 23:00,0.549
2024-09-21 00:00,0.553
2024-09-21 01:00,0.546
2024-09-21 02:00,0.552
2024-09-21 03:00,0.545
2024-09-21 04:00,0.563
2024-09-21 05:00,0.567
2024-09-21 06:00,0.546
2024-09-21 07:00,0.447
2024-09-21 08:00,0.442
2024-09-21 09:00,0.554
2024-09-21 10:00,0.549
2024-09-21 11:00,0.516
2024-09-21 12:00,0.483
2024-09-21 13:00,0.450
2024-09-21 14:00,0.431
2024-09-21 15:00,0.426
2024-09-21 16:00,0.429
2024-09-21 17:00,0.450
2024-09-21 18:00,0.480
2024-09-21 19:00,0.449
2024-09-21 20:00,0.433
2024-09-21 21:00,0.451
2024-09-21 22:00,0.466
2024-09-21 23:00,0.468
2024-09-22 00:00,0.479
2024-09-22 01:00,0.467
2024-09-22 02:00,0.478
2024-09-22 03:00,0.479
2024-09-22 04:00,0.479
2024-09-22 05:00,0.507
2024-09-22 06:00,0.510
2024-09-22 07:00,0.426
2024-09-22 08:00,0.467
2024-09-22 09:00,0.533
2024-09-22 10:00,0.562
2024-09-22 11:00,0.578
2024-09-22 12:00,0.581
2024-09-22 13:00,0.591
2024-09-22 14:00,0.599
2024-09-22 15:00,0.577
2024-09-22 16:00,0.525
2024-09-22 17:00,0.513
2024-09-22 18:00,0.500
2024-09-22 19:00,0.480
2024-09-22 20:00,0.464
2024-09-22 21:00,0.468
2024-09-22 22:00,0.477
2024-09-22 23:00,0.497
2024-09-23 00:00,0.497
2024-09-23 01:00,0.483
2024-09-23 02:00,0.480
2024-09-23 03:00,0.499
2024-09-23 04:00,0.516
2024-09-23 05:00,0.526
2024-09-23 06:00,0.542
2024-09-23 07:00,0.527
2024-09-23 08:00,0.499
2024-09-23 09:00,0.486
2024-09-23 10:00,0.529
2024-09-23 11:00,0.516
2024-09-23 12:00,0.497
2024-09-23 13:00,0.477
2024-09-23 14:00,0.460
2024-09-23 15:00,0.420
2024-09-23 16:00,0.389
2024-09-23 17:00,0.410
2024-09-23 18:00,0.450
2024-09-23 19:00,0.469
2024-09-23 20:00,0.476
2024-09-23 21:00,0.456
2024-09-23 22:00,0.442
2024-09-23 23:00,0.447
2024-09-24 00:00,0.415
2024-09-24 01:00,0.365
2024-09-24 02:00,0.359
2024-09-24 03:00,0.335
2024-09-24 04:00,0.326
2024-09-24 05:00,0.335
2024-09-24 06:00,0.325
2024-09-24 07:00,0.246
2024-09-24 08:00,0.225
2024-09-24 09:00,0.243
2024-09-24 10:00,0.269
2024-09-24 11:00,0.304
2024-09-24 12:00,0.367
2024-09-24 13:00,0.442
2024-09-24 14:00,0.505
2024-09-24 15:00,0.537
2024-09-24 16:00,0.486
2024-09-24 17:00,0.441
2024-09-24 18:00,0.487
2024-09-24 19:00,0.497
2024-09-24 20:00,0.476
2024-09-24 21:00,0.432
2024-09-24 22:00,0.363
2024-09-24 23:00,0.297
2024-09-25 00:00,0.241
2024-09-25 01:00,0.183
2024-09-25 02:00,0.125
2024-09-25 03:00,0.078
2024-09-25 04:00,0.045
2024-09-25 05:00,0.024
2024-09-25 06:00,0.015
2024-09-25 07:00,0.015
2024-09-25 08:00,0.028
2024-09-25 09:00,0.050
2024-09-25 10:00,0.070
2024-09-25 11:00,0.093
2024-09-25 12:00,0.124
2024-09-25 13:00,0.170
2024-09-25 14:00,0.232
2024-09-25 15:00,0.282
2024-09-25 16:00,0.338
2024-09-25 17:00,0.439
2024-09-25 18:00,0.514
2024-09-25 19:00,0.533
2024-09-25 20:00,0.552
2024-09-25 21:00,0.464
2024-09-25 22:00,0.424
2024-09-25 23:00,0.342
2024-09-26 00:00,0.257
2024-09-26 01:00,0.169
2024-09-26 02:00,0.106
2024-09-26 03:00,0.064
2024-09-26 04:00,0.034
2024-09-26 05:00,0.020
2024-09-26 06:00,0.028
2024-09-26 07:00,0.049
2024-09-26 08:00,0.073
2024-09-26 09:00,0.117
2024-09-26 10:00,0.166
2024-09-26 11:00,0.238
2024-09-26 12:00,0.330
2024-09-26 13:00,0.431
2024-09-26 14:00,0.550
2024-09-26 15:00,0.681
2024-09-26 16:00,0.803
2024-09-26 17:00,0.861
2024-09-26 18:00,0.889
2024-09-26 19:00,0.896
2024-09-26 20:00,0.895
2024-09-26 21:00,0.890
2024-09-26 22:00,0.886
2024-09-26 23:00,0.890
2024-09-27 00:00,0.893
2024-09-27 01:00,0.900
2024-09-27 02:00,0.901
2024-09-27 03:00,0.900
2024-09-27 04:00,0.888
2024-09-27 05:00,0.881
2024-09-27 06:00,0.884
2024-09-27 07:00,0.881
2024-09-27 08:00,0.878
2024-09-27 09:00,0.900
2024-09-27 10:00,0.895
2024-09-27 11:00,0.859
2024-09-27 12:00,0.806
2024-09-27 13:00,0.755
2024-09-27 14:00,0.706
2024-09-27 15:00,0.649
2024-09-27 16:00,0.517
2024-09-27 17:00,0.416
2024-09-27 18:00,0.391
2024-09-27 19:00,0.393
2024-09-27 20:00,0.424
2024-09-27 21:00,0.467
2024-09-27 22:00,0.493
2024-09-27 23:00,0.489
2024-09-28 00:00,0.460
2024-09-28 01:00,0.416
2024-09-28 02:00,0.365
2024-09-28 03:00,0.309
2024-09-28 04:00,0.246
2024-09-28 05:00,0.196
2024-09-28 06:00,0.156
2024-09-28 07:00,0.118
2024-09-28 08:00,0.108
2024-09-28 09:00,0.156
2024-09-28 10:00,0.166
2024-09-28 11:00,0.161
2024-09-28 12:00,0.180
2024-09-28 13:00,0.235
2024-09-28 14:00,0.290
2024-09-28 15:00,0.291
2024-09-28 16:00,0.252
2024-09-28 17:00,0.263
2024-09-28 18:00,0.275
2024-09-28 19:00,0.290
2024-09-28 20:00,0.255
2024-09-28 21:00,0.226
2024-09-28 22:00,0.193
2024-09-28 23:00,0.174
2024-09-29 00:00,0.192
2024-09-29 01:00,0.211
2024-09-29 02:00,0.244
2024-09-29 03:00,0.271
2024-09-29 04:00,0.279
2024-09-29 05:00,0.277
2024-09-29 06:00,0.276
2024-09-29 07:00,0.247
2024-09-29 08:00,0.188
2024-09-29 09:00,0.254
2024-09-29 10:00,0.390
2024-09-29 11:00,0.410
2024-09-29 12:00,0.426
2024-09-29 13:00,0.505
2024-09-29 14:00,0.610
2024-09-29 15:00,0.658
2024-09-29 16:00,0.694
2024-09-29 17:00,0.746
2024-09-29 18:00,0.777
2024-09-29 19:00,0.797
2024-09-29 20:00,0.845
2024-09-29 21:00,0.887
2024-09-29 22:00,0.909
2024-09-29 23:00,0.911
2024-09-30 00:00,0.902
2024-09-30 01:00,0.880
2024-09-30 02:00,0.846
2024-09-30 03:00,0.820
2024-09-30 04:00,0.799
2024-09-30 05:00,0.772
2024-09-30 06:00,0.745
2024-09-30 07:00,0.702
2024-09-30 08:00,0.639
2024-09-30 09:00,0.574
2024-09-30 10:00,0.553
2024-09-30 11:00,0.546
2024-09-30 12:00,0.483
2024-09-30 13:00,0.446
2024-09-30 14:00,0.454
2024-09-30 15:00,0.495
2024-09-30 16:00,0.574
2024-09-30 17:00,0.611
2024-09-30 18:00,0.611
2024-09-30 19:00,0.596
2024-09-30 20:00,0.621
2024-09-30 21:00,0.600
2024-09-30 22:00,0.587
2024-09-30 23:00,0.596
2024-10-01 00:00,0.601
2024-10-01 01:00,0.604
2024-10-01 02:00,0.616
2024-10-01 03:00,0.644
2024-10-01 04:00,0.671
2024-10-01 05:00,0.674
2024-10-01 06:00,0.695
2024-10-01 07:00,0.702
2024-10-01 08:00,0.700
2024-10-01 09:00,0.713
2024-10-01 10:00,0.819
2024-10-01 11:00,0.865
2024-10-01 12:00,0.885
2024-10-01 13:00,0.892
2024-10-01 14:00,0.885
2024-10-01 15:00,0.868
2024-10-01 16:00,0.855
2024-10-01 17:00,0.837
2024-10-01 18:00,0.822
2024-10-01 19:00,0.808
2024-10-01 20:00,0.788
2024-10-01 21:00,0.773
2024-10-01 22:00,0.761
2024-10-01 23:00,0.749
2024-10-02 00:00,0.740
2024-10-02 01:00,0.732
2024-10-02 02:00,0.726
2024-10-02 03:00,0.731
2024-10-02 04:00,0.751
2024-10-02 05:00,0.750
2024-10-02 06:00,0.736
2024-10-02 07:00,0.710
2024-10-02 08:00,0.679
2024-10-02 09:00,0.772
2024-10-02 10:00,0.824
2024-10-02 11:00,0.813
2024-10-02 12:00,0.782
2024-10-02 13:00,0.742
2024-10-02 14:00,0.708
2024-10-02 15:00,0.674
2024-10-02 16:00,0.619
2024-10-02 17:00,0.591
2024-10-02 18:00,0.569
2024-10-02 19:00,0.548
2024-10-02 20:00,0.534
2024-10-02 21:00,0.526
2024-10-02 22:00,0.542
2024-10-02 23:00,0.536
2024-10-03 00:00,0.528
2024-10-03 01:00,0.483
2024-10-03 02:00,0.426
2024-10-03 03:00,0.390
2024-10-03 04:00,0.376
2024-10-03 05:00,0.374
2024-10-03 06:00,0.387
2024-10-03 07:00,0.335
2024-10-03 08:00,0.238
2024-10-03 09:00,0.302
2024-10-03 10:00,0.302
2024-10-03 11:00,0.268
2024-10-03 12:00,0.240
2024-10-03 13:00,0.224
2024-10-03 14:00,0.214
2024-10-03 15:00,0.202
2024-10-03 16:00,0.207
2024-10-03 17:00,0.281
2024-10-03 18:00,0.342
2024-10-03 19:00,0.371
2024-10-03 20:00,0.395
2024-10-03 21:00,0.409
2024-10-03 22:00,0.406
2024-10-03 23:00,0.384
2024-10-04 00:00,0.354
2024-10-04 01:00,0.317
2024-10-04 02:00,0.277
2024-10-04 03:00,0.253
2024-10-04 04:00,0.248
2024-10-04 05:00,0.260
2024-10-04 06:00,0.259
2024-10-04 07:00,0.215
2024-10-04 08:00,0.204
2024-10-04 09:00,0.293
2024-10-04 10:00,0.410
2024-10-04 11:00,0.436
2024-10-04 12:00,0.443
2024-10-04 13:00,0.438
2024-10-04 14:00,0.418
2024-10-04 15:00,0.360
2024-10-04 16:00,0.333
2024-10-04 17:00,0.406
2024-10-04 18:00,0.480
2024-10-04 19:00,0.500
2024-10-04 20:00,0.484
2024-10-04 21:00,0.449
2024-10-04 22:00,0.409
2024-10-04 23:00,0.380
2024-10-05 00:00,0.363
2024-10-05 01:00,0.360
2024-10-05 02:00,0.372
2024-10-05 03:00,0.381
2024-10-05 04:00,0.381
2024-10-05 05:00,0.365
2024-10-05 06:00,0.334
2024-10-05 07:00,0.314
2024-10-05 08:00,0.335
2024-10-05 09:00,0.401
2024-10-05 10:00,0.498
2024-10-05 11:00,0.564
2024-10-05 12:00,0.606
2024-10-05 13:00,0.646
2024-10-05 14:00,0.655
2024-10-05 15:00,0.600
2024-10-05 16:00,0.564
2024-10-05 17:00,0.644
2024-10-05 18:00,0.688
2024-10-05 19:00,0.625
2024-10-05 20:00,0.587
2024-10-05 21:00,0.542
2024-10-05 22:00,0.511
2024-10-05 23:00,0.516
2024-10-06 00:00,0.523
2024-10-06 01:00,0.510
2024-10-06 02:00,0.469
2024-10-06 03:00,0.423
2024-10-06 04:00,0.388
2024-10-06 05:00,0.374
2024-10-06 06:00,0.359
2024-10-06 07:00,0.341
2024-10-06 08:00,0.367
2024-10-06 09:00,0.433
2024-10-06 10:00,0.533
2024-10-06 11:00,0.572
2024-10-06 12:00,0.559
2024-10-06 13:00,0.494
2024-10-06 14:00,0.374
2024-10-06 15:00,0.240
2024-10-06 16:00,0.204
2024-10-06 17:00,0.250
2024-10-06 18:00,0.282
2024-10-06 19:00,0.268
2024-10-06 20:00,0.248
2024-10-06 21:00,0.204
2024-10-06 22:00,0.175
2024-10-06 23:00,0.223
2024-10-07 00:00,0.348
2024-10-07 01:00,0.442
2024-10-07 02:00,0.417
2024-10-07 03:00,0.356
2024-10-07 04:00,0.303
2024-10-07 05:00,0.305
2024-10-07 06:00,0.292
2024-10-07 07:00,0.254
2024-10-07 08:00,0.203
2024-10-07 09:00,0.244
2024-10-07 10:00,0.319
2024-10-07 11:00,0.339
2024-10-07 12:00,0.348
2024-10-07 13:00,0.354
2024-10-07 14:00,0.335
2024-10-07 15:00,0.255
2024-10-07 16:00,0.202
2024-10-07 17:00,0.235
2024-10-07 18:00,0.279
2024-10-07 19:00,0.312
2024-10-07 20:00,0.324
2024-10-07 21:00,0.314
2024-10-07 22:00,0.288
2024-10-07 23:00,0.278
2024-10-08 00:00,0.268
2024-10-08 01:00,0.280
2024-10-08 02:00,0.302
2024-10-08 03:00,0.320
2024-10-08 04:00,0.318
2024-10-08 05:00,0.295
2024-10-08 06:00,0.278
2024-10-08 07:00,0.233
2024-10-08 08:00,0.132
2024-10-08 09:00,0.106
2024-10-08 10:00,0.108
2024-10-08 11:00,0.101
2024-10-08 12:00,0.094
2024-10-08 13:00,0.103
2024-10-08 14:00,0.118
2024-10-08 15:00,0.118
2024-10-08 16:00,0.146
2024-10-08 17:00,0.211
2024-10-08 18:00,0.260
2024-10-08 19:00,0.259
2024-10-08 20:00,0.232
2024-10-08 21:00,0.213
2024-10-08 22:00,0.215
2024-10-08 23:00,0.238
2024-10-09 00:00,0.263
2024-10-09 01:00,0.282
2024-10-09 02:00,0.289
2024-10-09 03:00,0.299
2024-10-09 04:00,0.309
2024-10-09 05:00,0.353
2024-10-09 06:00,0.406
2024-10-09 07:00,0.462
2024-10-09 08:00,0.463
2024-10-09 09:00,0.646
2024-10-09 10:00,0.768
2024-10-09 11:00,0.811
2024-10-09 12:00,0.815
2024-10-09 13:00,0.815
2024-10-09 14:00,0.820
2024-10-09 15:00,0.811
2024-10-09 16:00,0.803
2024-10-09 17:00,0.827
2024-10-09 18:00,0.837
2024-10-09 19:00,0.842
2024-10-09 20:00,0.837
2024-10-09 21:00,0.812
2024-10-09 22:00,0.767
2024-10-09 23:00,0.714
2024-10-10 00:00,0.649
2024-10-10 01:00,0.588
2024-10-10 02:00,0.559
2024-10-10 03:00,0.487
2024-10-10 04:00,0.457
2024-10-10 05:00,0.439
2024-10-10 06:00,0.415
2024-10-10 07:00,0.370
2024-10-10 08:00,0.336
2024-10-10 09:00,0.355
2024-10-10 10:00,0.309
2024-10-10 11:00,0.260
2024-10-10 12:00,0.230
2024-10-10 13:00,0.209
2024-10-10 14:00,0.190
2024-10-10 15:00,0.177
2024-10-10 16:00,0.159
2024-10-10 17:00,0.162
2024-10-10 18:00,0.156
2024-10-10 19:00,0.160
2024-10-10 20:00,0.191
2024-10-10 21:00,0.243
2024-10-10 22:00,0.305
2024-10-10 23:00,0.359
2024-10-11 00:00,0.399
2024-10-11 01:00,0.433
2024-10-11 02:00,0.473
2024-10-11 03:00,0.490
2024-10-11 04:00,0.490
2024-10-11 05:00,0.502
2024-10-11 06:00,0.508
2024-10-11 07:00,0.449
2024-10-11 08:00,0.266
2024-10-11 09:00,0.259
2024-10-11 10:00,0.314
2024-10-11 11:00,0.315
2024-10-11 12:00,0.339
2024-10-11 13:00,0.348
2024-10-11 14:00,0.313
2024-10-11 15:00,0.226
2024-10-11 16:00,0.181
2024-10-11 17:00,0.194
2024-10-11 18:00,0.257
2024-10-11 19:00,0.344
2024-10-11 20:00,0.364
2024-10-11 21:00,0.342
2024-10-11 22:00,0.370
2024-10-11 23:00,0.440
2024-10-12 00:00,0.494
2024-10-12 01:00,0.502
2024-10-12 02:00,0.476
2024-10-12 03:00,0.400
2024-10-12 04:00,0.317
2024-10-12 05:00,0.296
2024-10-12 06:00,0.331
2024-10-12 07:00,0.359
2024-10-12 08:00,0.324
2024-10-12 09:00,0.276
2024-10-12 10:00,0.298
2024-10-12 11:00,0.398
2024-10-12 12:00,0.539
2024-10-12 13:00,0.678
2024-10-12 14:00,0.767
2024-10-12 15:00,0.756
2024-10-12 16:00,0.768
2024-10-12 17:00,0.811
2024-10-12 18:00,0.863
2024-10-12 19:00,0.899
2024-10-12 20:00,0.916
2024-10-12 21:00,0.926
2024-10-12 22:00,0.921
2024-10-12 23:00,0.893
2024-10-13 00:00,0.853
2024-10-13 01:00,0.759
2024-10-13 02:00,0.597
2024-10-13 03:00,0.515
2024-10-13 04:00,0.461
2024-10-13 05:00,0.436
2024-10-13 06:00,0.418
2024-10-13 07:00,0.361
2024-10-13 08:00,0.205
2024-10-13 09:00,0.134
2024-10-13 10:00,0.099
2024-10-13 11:00,0.059
2024-10-13 12:00,0.032
2024-10-13 13:00,0.019
2024-10-13 14:00,0.010
2024-10-13 15:00,0.015
2024-10-13 16:00,0.024
2024-10-13 17:00,0.038
2024-10-13 18:00,0.061
2024-10-13 19:00,0.110
2024-10-13 20:00,0.183
2024-10-13 21:00,0.238
2024-10-13 22:00,0.260
2024-10-13 23:00,0.261
2024-10-14 00:00,0.253
2024-10-14 01:00,0.268
2024-10-14 02:00,0.262
2024-10-14 03:00,0.232
2024-10-14 04:00,0.206
2024-10-14 05:00,0.184
2024-10-14 06:00,0.178
2024-10-14 07:00,0.169
2024-10-14 08:00,0.105
2024-10-14 09:00,0.127
2024-10-14 10:00,0.138
2024-10-14 11:00,0.138
2024-10-14 12:00,0.145
2024-10-14 13:00,0.154
2024-10-14 14:00,0.162
2024-10-14 15:00,0.157
2024-10-14 16:00,0.169
2024-10-14 17:00,0.232
2024-10-14 18:00,0.290
2024-10-14 19:00,0.335
2024-10-14 20:00,0.380
2024-10-14 21:00,0.422
2024-10-14 22:00,0.466
2024-10-14 23:00,0.479
2024-10-15 00:00,0.439
2024-10-15 01:00,0.355
2024-10-15 02:00,0.299
2024-10-15 03:00,0.288
2024-10-15 04:00,0.281
2024-10-15 05:00,0.323
2024-10-15 06:00,0.387
2024-10-15 07:00,0.460
2024-10-15 08:00,0.479
2024-10-15 09:00,0.454
2024-10-15 10:00,0.496
2024-10-15 11:00,0.516
2024-10-15 12:00,0.520
2024-10-15 13:00,0.500
2024-10-15 14:00,0.449
2024-10-15 15:00,0.440
2024-10-15 16:00,0.488
2024-10-15 17:00,0.527
2024-10-15 18:00,0.549
2024-10-15 19:00,0.567
2024-10-15 20:00,0.574
2024-10-15 21:00,0.581
2024-10-15 22:00,0.640
2024-10-15 23:00,0.692
2024-10-16 00:00,0.723
2024-10-16 01:00,0.670
2024-10-16 02:00,0.707
2024-10-16 03:00,0.655
2024-10-16 04:00,0.637
2024-10-16 05:00,0.589
2024-10-16 06:00,0.536
2024-10-16 07:00,0.496
2024-10-16 08:00,0.448
2024-10-16 09:00,0.349
2024-10-16 10:00,0.276
2024-10-16 11:00,0.251
2024-10-16 12:00,0.265
2024-10-16 13:00,0.285
2024-10-16 14:00,0.292
2024-10-16 15:00,0.278
2024-10-16 16:00,0.357
2024-10-16 17:00,0.546
2024-10-16 18:00,0.604
2024-10-16 19:00,0.550
2024-10-16 20:00,0.506
2024-10-16 21:00,0.456
2024-10-16 22:00,0.406
2024-10-16 23:00,0.377
2024-10-17 00:00,0.370
2024-10-17 01:00,0.373
2024-10-17 02:00,0.420
2024-10-17 03:00,0.447
2024-10-17 04:00,0.463
2024-10-17 05:00,0.504
2024-10-17 06:00,0.479
2024-10-17 07:00,0.420
2024-10-17 08:00,0.268
2024-10-17 09:00,0.257
2024-10-17 10:00,0.394
2024-10-17 11:00,0.463
2024-10-17 12:00,0.487
2024-10-17 13:00,0.503
2024-10-17 14:00,0.506
2024-10-17 15:00,0.427
2024-10-17 16:00,0.453
2024-10-17 17:00,0.526
2024-10-17 18:00,0.546
2024-10-17 19:00,0.534
2024-10-17 20:00,0.497
2024-10-17 21:00,0.473
2024-10-17 22:00,0.484
2024-10-17 23:00,0.491
2024-10-18 00:00,0.452
2024-10-18 01:00,0.345
2024-10-18 02:00,0.239
2024-10-18 03:00,0.221
2024-10-18 04:00,0.247
2024-10-18 05:00,0.304
2024-10-18 06:00,0.409
2024-10-18 07:00,0.395
2024-10-18 08:00,0.328
2024-10-18 09:00,0.337
2024-10-18 10:00,0.473
2024-10-18 11:00,0.565
2024-10-18 12:00,0.630
2024-10-18 13:00,0.672
2024-10-18 14:00,0.684
2024-10-18 15:00,0.677
2024-10-18 16:00,0.689
2024-10-18 17:00,0.721
2024-10-18 18:00,0.673
2024-10-18 19:00,0.655
2024-10-18 20:00,0.658
2024-10-18 21:00,0.668
2024-10-18 22:00,0.640
2024-10-18 23:00,0.597
2024-10-19 00:00,0.597
2024-10-19 01:00,0.682
2024-10-19 02:00,0.645
2024-10-19 03:00,0.539
2024-10-19 04:00,0.382
2024-10-19 05:00,0.248
2024-10-19 06:00,0.196
2024-10-19 07:00,0.180
2024-10-19 08:00,0.172
2024-10-19 09:00,0.165
2024-10-19 10:00,0.196
2024-10-19 11:00,0.265
2024-10-19 12:00,0.299
2024-10-19 13:00,0.305
2024-10-19 14:00,0.287
2024-10-19 15:00,0.211
2024-10-19 16:00,0.155
2024-10-19 17:00,0.137
2024-10-19 18:00,0.084
2024-10-19 19:00,0.086
2024-10-19 20:00,0.204
2024-10-19 21:00,0.320
2024-10-19 22:00,0.374
2024-10-19 23:00,0.390
2024-10-20 00:00,0.389
2024-10-20 01:00,0.463
2024-10-20 02:00,0.505
2024-10-20 03:00,0.514
2024-10-20 04:00,0.600
2024-10-20 05:00,0.774
2024-10-20 06:00,0.892
2024-10-20 07:00,0.935
2024-10-20 08:00,0.954
2024-10-20 09:00,0.962
2024-10-20 10:00,0.952
2024-10-20 11:00,0.911
2024-10-20 12:00,0.893
2024-10-20 13:00,0.935
2024-10-20 14:00,0.965
2024-10-20 15:00,0.977
2024-10-20 16:00,0.983
2024-10-20 17:00,0.986
2024-10-20 18:00,0.987
2024-10-20 19:00,0.989
2024-10-20 20:00,0.988
2024-10-20 21:00,0.986
2024-10-20 22:00,0.984
2024-10-20 23:00,0.979
2024-10-21 00:00,0.968
2024-10-21 01:00,0.948
2024-10-21 02:00,0.927
2024-10-21 03:00,0.912
2024-10-21 04:00,0.886
2024-10-21 05:00,0.850
2024-10-21 06:00,0.785
2024-10-21 07:00,0.696
2024-10-21 08:00,0.588
2024-10-21 09:00,0.539
2024-10-21 10:00,0.520
2024-10-21 11:00,0.479
2024-10-21 12:00,0.417
2024-10-21 13:00,0.374
2024-10-21 14:00,0.364
2024-10-21 15:00,0.369
2024-10-21 16:00,0.410
2024-10-21 17:00,0.512
2024-10-21 18:00,0.571
2024-10-21 19:00,0.556
2024-10-21 20:00,0.543
2024-10-21 21:00,0.515
2024-10-21 22:00,0.492
2024-10-21 23:00,0.498
2024-10-22 00:00,0.523
2024-10-22 01:00,0.559
2024-10-22 02:00,0.559
2024-10-22 03:00,0.572
2024-10-22 04:00,0.571
2024-10-22 05:00,0.559
2024-10-22 06:00,0.541
2024-10-22 07:00,0.476
2024-10-22 08:00,0.347
2024-10-22 09:00,0.302
2024-10-22 10:00,0.352
2024-10-22 11:00,0.348
2024-10-22 12:00,0.326
2024-10-22 13:00,0.301
2024-10-22 14:00,0.288
2024-10-22 15:00,0.235
2024-10-22 16:00,0.185
2024-10-22 17:00,0.134
2024-10-22 18:00,0.096
2024-10-22 19:00,0.065
2024-10-22 20:00,0.051
2024-10-22 21:00,0.099
2024-10-22 22:00,0.179
2024-10-22 23:00,0.268
2024-10-23 00:00,0.333
2024-10-23 01:00,0.359
2024-10-23 02:00,0.362
2024-10-23 03:00,0.358
2024-10-23 04:00,0.360
2024-10-23 05:00,0.351
2024-10-23 06:00,0.299
2024-10-23 07:00,0.224
2024-10-23 08:00,0.176
2024-10-23 09:00,0.157
2024-10-23 10:00,0.207
2024-10-23 11:00,0.303
2024-10-23 12:00,0.377
2024-10-23 13:00,0.442
2024-10-23 14:00,0.483
2024-10-23 15:00,0.461
2024-10-23 16:00,0.519
2024-10-23 17:00,0.581
2024-10-23 18:00,0.597
2024-10-23 19:00,0.574
2024-10-23 20:00,0.576
2024-10-23 21:00,0.570
2024-10-23 22:00,0.569
2024-10-23 23:00,0.576
2024-10-24 00:00,0.562
2024-10-24 01:00,0.536
2024-10-24 02:00,0.510
2024-10-24 03:00,0.472
2024-10-24 04:00,0.437
2024-10-24 05:00,0.412
2024-10-24 06:00,0.390
2024-10-24 07:00,0.406
2024-10-24 08:00,0.390
2024-10-24 09:00,0.448
2024-10-24 10:00,0.572
2024-10-24 11:00,0.635
2024-10-24 12:00,0.631
2024-10-24 13:00,0.600
2024-10-24 14:00,0.541
2024-10-24 15:00,0.460
2024-10-24 16:00,0.499
2024-10-24 17:00,0.559
2024-10-24 18:00,0.575
2024-10-24 19:00,0.556
2024-10-24 20:00,0.536
2024-10-24 21:00,0.523
2024-10-24 22:00,0.492
2024-10-24 23:00,0.456
2024-10-25 00:00,0.429
2024-10-25 01:00,0.390
2024-10-25 02:00,0.327
2024-10-25 03:00,0.270
2024-10-25 04:00,0.263
2024-10-25 05:00,0.288
2024-10-25 06:00,0.315
2024-10-25 07:00,0.334
2024-10-25 08:00,0.280
2024-10-25 09:00,0.230
2024-10-25 10:00,0.202
2024-10-25 11:00,0.219
2024-10-25 12:00,0.215
2024-10-25 13:00,0.197
2024-10-25 14:00,0.188
2024-10-25 15:00,0.213
2024-10-25 16:00,0.263
2024-10-25 17:00,0.300
2024-10-25 18:00,0.275
2024-10-25 19:00,0.210
2024-10-25 20:00,0.150
2024-10-25 21:00,0.150
2024-10-25 22:00,0.200
2024-10-25 23:00,0.255
2024-10-26 00:00,0.274
2024-10-26 01:00,0.278
2024-10-26 02:00,0.267
2024-10-26 03:00,0.270
2024-10-26 04:00,0.273
2024-10-26 05:00,0.268
2024-10-26 06:00,0.254
2024-10-26 07:00,0.239
2024-10-26 08:00,0.191
2024-10-26 09:00,0.131
2024-10-26 10:00,0.132
2024-10-26 11:00,0.174
2024-10-26 12:00,0.233
2024-10-26 13:00,0.270
2024-10-26 14:00,0.265
2024-10-26 15:00,0.286
2024-10-26 16:00,0.367
2024-10-26 17:00,0.456
2024-10-26 18:00,0.536
2024-10-26 19:00,0.601
2024-10-26 20:00,0.631
2024-10-26 21:00,0.628
2024-10-26 22:00,0.582
2024-10-26 23:00,0.530
2024-10-27 00:00,0.487
2024-10-27 01:00,0.479
2024-10-27 02:00,0.453
2024-10-27 03:00,0.419
2024-10-27 04:00,0.373
2024-10-27 05:00,0.332
2024-10-27 06:00,0.303
2024-10-27 07:00,0.279
2024-10-27 08:00,0.233
2024-10-27 09:00,0.132
2024-10-27 10:00,0.156
2024-10-27 11:00,0.211
2024-10-27 12:00,0.289
2024-10-27 13:00,0.356
2024-10-27 14:00,0.388
2024-10-27 15:00,0.372
2024-10-27 16:00,0.417
2024-10-27 17:00,0.498
2024-10-27 18:00,0.516
2024-10-27 19:00,0.551
2024-10-27 20:00,0.594
2024-10-27 21:00,0.639
2024-10-27 22:00,0.688
2024-10-27 23:00,0.705
2024-10-28 00:00,0.729
2024-10-28 01:00,0.734
2024-10-28 02:00,0.725
2024-10-28 03:00,0.700
2024-10-28 04:00,0.676
2024-10-28 05:00,0.655
2024-10-28 06:00,0.664
2024-10-28 07:00,0.606
2024-10-28 08:00,0.524
2024-10-28 09:00,0.435
2024-10-28 10:00,0.381
2024-10-28 11:00,0.393
2024-10-28 12:00,0.370
2024-10-28 13:00,0.312
2024-10-28 14:00,0.224
2024-10-28 15:00,0.207
2024-10-28 16:00,0.232
2024-10-28 17:00,0.241
2024-10-28 18:00,0.248
2024-10-28 19:00,0.257
2024-10-28 20:00,0.270
2024-10-28 21:00,0.285
2024-10-28 22:00,0.291
2024-10-28 23:00,0.302
2024-10-29 00:00,0.311
2024-10-29 01:00,0.317
2024-10-29 02:00,0.320
2024-10-29 03:00,0.324
2024-10-29 04:00,0.338
2024-10-29 05:00,0.349
2024-10-29 06:00,0.355
2024-10-29 07:00,0.354
2024-10-29 08:00,0.299
2024-10-29 09:00,0.224
2024-10-29 10:00,0.246
2024-10-29 11:00,0.246
2024-10-29 12:00,0.228
2024-10-29 13:00,0.205
2024-10-29 14:00,0.187
2024-10-29 15:00,0.195
2024-10-29 16:00,0.257
2024-10-29 17:00,0.304
2024-10-29 18:00,0.305
2024-10-29 19:00,0.304
2024-10-29 20:00,0.302
2024-10-29 21:00,0.269
2024-10-29 22:00,0.211
2024-10-29 23:00,0.195
2024-10-30 00:00,0.205
2024-10-30 01:00,0.200
2024-10-30 02:00,0.194
2024-10-30 03:00,0.179
2024-10-30 04:00,0.156
2024-10-30 05:00,0.152
2024-10-30 06:00,0.165
2024-10-30 07:00,0.180
2024-10-30 08:00,0.151
2024-10-30 09:00,0.093
2024-10-30 10:00,0.085
2024-10-30 11:00,0.077
2024-10-30 12:00,0.077
2024-10-30 13:00,0.072
2024-10-30 14:00,0.061
2024-10-30 15:00,0.051
2024-10-30 16:00,0.054
2024-10-30 17:00,0.073
2024-10-30 18:00,0.105
2024-10-30 19:00,0.147
2024-10-30 20:00,0.189
2024-10-30 21:00,0.229
2024-10-30 22:00,0.264
2024-10-30 23:00,0.281
2024-10-31 00:00,0.286
2024-10-31 01:00,0.306
2024-10-31 02:00,0.339
2024-10-31 03:00,0.348
2024-10-31 04:00,0.319
2024-10-31 05:00,0.291
2024-10-31 06:00,0.293
2024-10-31 07:00,0.332
2024-10-31 08:00,0.304
2024-10-31 09:00,0.313
2024-10-31 10:00,0.387
2024-10-31 11:00,0.399
2024-10-31 12:00,0.397
2024-10-31 13:00,0.387
2024-10-31 14:00,0.370
2024-10-31 15:00,0.317
2024-10-31 16:00,0.302
2024-10-31 17:00,0.317
2024-10-31 18:00,0.330
2024-10-31 19:00,0.345
2024-10-31 20:00,0.348
2024-10-31 21:00,0.367
2024-10-31 22:00,0.391
2024-10-31 23:00,0.416
2024-11-01 00:00,0.436
2024-11-01 01:00,0.457
2024-11-01 02:00,0.468
2024-11-01 03:00,0.469
2024-11-01 04:00,0.480
2024-11-01 05:00,0.484
2024-11-01 06:00,0.480
2024-11-01 07:00,0.477
2024-11-01 08:00,0.415
2024-11-01 09:00,0.443
2024-11-01 10:00,0.450
2024-11-01 11:00,0.380
2024-11-01 12:00,0.317
2024-11-01 13:00,0.265
2024-11-01 14:00,0.211
2024-11-01 15:00,0.159
2024-11-01 16:00,0.165
2024-11-01 17:00,0.189
2024-11-01 18:00,0.176
2024-11-01 19:00,0.127
2024-11-01 20:00,0.093
2024-11-01 21:00,0.087
2024-11-01 22:00,0.105
2024-11-01 23:00,0.139
2024-11-02 00:00,0.174
2024-11-02 01:00,0.191
2024-11-02 02:00,0.190
2024-11-02 03:00,0.186
2024-11-02 04:00,0.188
2024-11-02 05:00,0.195
2024-11-02 06:00,0.209
2024-11-02 07:00,0.229
2024-11-02 08:00,0.205
2024-11-02 09:00,0.169
2024-11-02 10:00,0.173
2024-11-02 11:00,0.142
2024-11-02 12:00,0.111
2024-11-02 13:00,0.086
2024-11-02 14:00,0.070
2024-11-02 15:00,0.068
2024-11-02 16:00,0.086
2024-11-02 17:00,0.108
2024-11-02 18:00,0.126
2024-11-02 19:00,0.141
2024-11-02 20:00,0.157
2024-11-02 21:00,0.171
2024-11-02 22:00,0.181
2024-11-02 23:00,0.187
2024-11-03 00:00,0.185
2024-11-03 01:00,0.181
2024-11-03 02:00,0.176
2024-11-03 03:00,0.154
2024-11-03 04:00,0.130
2024-11-03 05:00,0.103
2024-11-03 06:00,0.079
2024-11-03 07:00,0.069
2024-11-03 08:00,0.065
2024-11-03 09:00,0.051
2024-11-03 10:00,0.068
2024-11-03 11:00,0.077
2024-11-03 12:00,0.075
2024-11-03 13:00,0.071
2024-11-03 14:00,0.069
2024-11-03 15:00,0.074
2024-11-03 16:00,0.090
2024-11-03 17:00,0.109
2024-11-03 18:00,0.118
2024-11-03 19:00,0.124
2024-11-03 20:00,0.130
2024-11-03 21:00,0.136
2024-11-03 22:00,0.142
2024-11-03 23:00,0.145
2024-11-04 00:00,0.144
2024-11-04 01:00,0.133
2024-11-04 02:00,0.113
2024-11-04 03:00,0.091
2024-11-04 04:00,0.083
2024-11-04 05:00,0.087
2024-11-04 06:00,0.094
2024-11-04 07:00,0.101
2024-11-04 08:00,0.092
2024-11-04 09:00,0.069
2024-11-04 10:00,0.077
2024-11-04 11:00,0.073
2024-11-04 12:00,0.068
2024-11-04 13:00,0.063
2024-11-04 14:00,0.059
2024-11-04 15:00,0.059
2024-11-04 16:00,0.068
2024-11-04 17:00,0.069
2024-11-04 18:00,0.067
2024-11-04 19:00,0.066
2024-11-04 20:00,0.062
2024-11-04 21:00,0.054
2024-11-04 22:00,0.044
2024-11-04 23:00,0.034
2024-11-05 00:00,0.027
2024-11-05 01:00,0.020
2024-11-05 02:00,0.015
2024-11-05 03:00,0.013
2024-11-05 04:00,0.013
2024-11-05 05:00,0.018
2024-11-05 06:00,0.024
2024-11-05 07:00,0.032
2024-11-05 08:00,0.040
2024-11-05 09:00,0.033
2024-11-05 10:00,0.037
2024-11-05 11:00,0.037
2024-11-05 12:00,0.033
2024-11-05 13:00,0.028
2024-11-05 14:00,0.027
2024-11-05 15:00,0.030
2024-11-05 16:00,0.043
2024-11-05 17:00,0.069
2024-11-05 18:00,0.100
2024-11-05 19:00,0.124
2024-11-05 20:00,0.140
2024-11-05 21:00,0.161
2024-11-05 22:00,0.172
2024-11-05 23:00,0.172
2024-11-06 00:00,0.162
2024-11-06 01:00,0.146
2024-11-06 02:00,0.137
2024-11-06 03:00,0.131
2024-11-06 04:00,0.127
2024-11-06 05:00,0.131
2024-11-06 06:00,0.132
2024-11-06 07:00,0.144
2024-11-06 08:00,0.152
2024-11-06 09:00,0.105
2024-11-06 10:00,0.064
2024-11-06 11:00,0.039
2024-11-06 12:00,0.027
2024-11-06 13:00,0.033
2024-11-06 14:00,0.029
2024-11-06 15:00,0.033
2024-11-06 16:00,0.065
2024-11-06 17:00,0.114
2024-11-06 18:00,0.163
2024-11-06 19:00,0.194
2024-11-06 20:00,0.207
2024-11-06 21:00,0.215
2024-11-06 22:00,0.229
2024-11-06 23:00,0.240
2024-11-07 00:00,0.246
2024-11-07 01:00,0.243
2024-11-07 02:00,0.238
2024-11-07 03:00,0.239
2024-11-07 04:00,0.250
2024-11-07 05:00,0.260
2024-11-07 06:00,0.260
2024-11-07 07:00,0.239
2024-11-07 08:00,0.204
2024-11-07 09:00,0.189
2024-11-07 10:00,0.232
2024-11-07 11:00,0.223
2024-11-07 12:00,0.206
2024-11-07 13:00,0.204
2024-11-07 14:00,0.198
2024-11-07 15:00,0.204
2024-11-07 16:00,0.285
2024-11-07 17:00,0.357
2024-11-07 18:00,0.373
2024-11-07 19:00,0.351
2024-11-07 20:00,0.344
2024-11-07 21:00,0.335
2024-11-07 22:00,0.309
2024-11-07 23:00,0.289
2024-11-08 00:00,0.260
2024-11-08 01:00,0.235
2024-11-08 02:00,0.216
2024-11-08 03:00,0.204
2024-11-08 04:00,0.189
2024-11-08 05:00,0.185
2024-11-08 06:00,0.195
2024-11-08 07:00,0.197
2024-11-08 08:00,0.188
2024-11-08 09:00,0.179
2024-11-08 10:00,0.186
2024-11-08 11:00,0.198
2024-11-08 12:00,0.192
2024-11-08 13:00,0.176
2024-11-08 14:00,0.158
2024-11-08 15:00,0.150
2024-11-08 16:00,0.169
2024-11-08 17:00,0.164
2024-11-08 18:00,0.141
2024-11-08 19:00,0.115
2024-11-08 20:00,0.094
2024-11-08 21:00,0.093
2024-11-08 22:00,0.109
2024-11-08 23:00,0.118
2024-11-09 00:00,0.099
2024-11-09 01:00,0.054
2024-11-09 02:00,0.019
2024-11-09 03:00,0.008
2024-11-09 04:00,0.009
2024-11-09 05:00,0.019
2024-11-09 06:00,0.026
2024-11-09 07:00,0.023
2024-11-09 08:00,0.015
2024-11-09 09:00,0.014
2024-11-09 10:00,0.019
2024-11-09 11:00,0.019
2024-11-09 12:00,0.015
2024-11-09 13:00,0.011
2024-11-09 14:00,0.008
2024-11-09 15:00,0.009
2024-11-09 16:00,0.010
2024-11-09 17:00,0.010
2024-11-09 18:00,0.012
2024-11-09 19:00,0.021
2024-11-09 20:00,0.042
2024-11-09 21:00,0.078
2024-11-09 22:00,0.114
2024-11-09 23:00,0.138
2024-11-10 00:00,0.140
2024-11-10 01:00,0.119
2024-11-10 02:00,0.093
2024-11-10 03:00,0.083
2024-11-10 04:00,0.093
2024-11-10 05:00,0.113
2024-11-10 06:00,0.137
2024-11-10 07:00,0.166
2024-11-10 08:00,0.204
2024-11-10 09:00,0.185
2024-11-10 10:00,0.172
2024-11-10 11:00,0.185
2024-11-10 12:00,0.215
2024-11-10 13:00,0.251
2024-11-10 14:00,0.292
2024-11-10 15:00,0.406
2024-11-10 16:00,0.497
2024-11-10 17:00,0.591
2024-11-10 18:00,0.550
2024-11-10 19:00,0.472
2024-11-10 20:00,0.462
2024-11-10 21:00,0.446
2024-11-10 22:00,0.426
2024-11-10 23:00,0.441
2024-11-11 00:00,0.473
2024-11-11 01:00,0.499
2024-11-11 02:00,0.504
2024-11-11 03:00,0.463
2024-11-11 04:00,0.403
2024-11-11 05:00,0.359
2024-11-11 06:00,0.307
2024-11-11 07:00,0.261
2024-11-11 08:00,0.221
2024-11-11 09:00,0.182
2024-11-11 10:00,0.155
2024-11-11 11:00,0.154
2024-11-11 12:00,0.155
2024-11-11 13:00,0.161
2024-11-11 14:00,0.140
2024-11-11 15:00,0.165
2024-11-11 16:00,0.224
2024-11-11 17:00,0.289
2024-11-11 18:00,0.367
2024-11-11 19:00,0.423
2024-11-11 20:00,0.426
2024-11-11 21:00,0.401
2024-11-11 22:00,0.358
2024-11-11 23:00,0.327
2024-11-12 00:00,0.335
2024-11-12 01:00,0.285
2024-11-12 02:00,0.287
2024-11-12 03:00,0.297
2024-11-12 04:00,0.285
2024-11-12 05:00,0.279
2024-11-12 06:00,0.278
2024-11-12 07:00,0.260
2024-11-12 08:00,0.248
2024-11-12 09:00,0.214
2024-11-12 10:00,0.193
2024-11-12 11:00,0.241
2024-11-12 12:00,0.270
2024-11-12 13:00,0.248
2024-11-12 14:00,0.222
2024-11-12 15:00,0.224
2024-11-12 16:00,0.238
2024-11-12 17:00,0.211
2024-11-12 18:00,0.179
2024-11-12 19:00,0.148
2024-11-12 20:00,0.127
2024-11-12 21:00,0.100
2024-11-12 22:00,0.072
2024-11-12 23:00,0.056
2024-11-13 00:00,0.048
2024-11-13 01:00,0.061
2024-11-13 02:00,0.114
2024-11-13 03:00,0.174
2024-11-13 04:00,0.174
2024-11-13 05:00,0.155
2024-11-13 06:00,0.145
2024-11-13 07:00,0.137
2024-11-13 08:00,0.122
2024-11-13 09:00,0.106
2024-11-13 10:00,0.114
2024-11-13 11:00,0.132
2024-11-13 12:00,0.138
2024-11-13 13:00,0.169
2024-11-13 14:00,0.197
2024-11-13 15:00,0.226
2024-11-13 16:00,0.306
2024-11-13 17:00,0.374
2024-11-13 18:00,0.410
2024-11-13 19:00,0.420
2024-11-13 20:00,0.439
2024-11-13 21:00,0.455
2024-11-13 22:00,0.452
2024-11-13 23:00,0.420
2024-11-14 00:00,0.370
2024-11-14 01:00,0.354
2024-11-14 02:00,0.385
2024-11-14 03:00,0.367
2024-11-14 04:00,0.299
2024-11-14 05:00,0.232
2024-11-14 06:00,0.196
2024-11-14 07:00,0.145
2024-11-14 08:00,0.074
2024-11-14 09:00,0.032
2024-11-14 10:00,0.017
2024-11-14 11:00,0.015
2024-11-14 12:00,0.015
2024-11-14 13:00,0.019
2024-11-14 14:00,0.020
2024-11-14 15:00,0.027
2024-11-14 16:00,0.031
2024-11-14 17:00,0.033
2024-11-14 18:00,0.036
2024-11-14 19:00,0.044
2024-11-14 20:00,0.052
2024-11-14 21:00,0.067
2024-11-14 22:00,0.083
2024-11-14 23:00,0.098
2024-11-15 00:00,0.117
2024-11-15 01:00,0.128
2024-11-15 02:00,0.130
2024-11-15 03:00,0.129
2024-11-15 04:00,0.133
2024-11-15 05:00,0.139
2024-11-15 06:00,0.147
2024-11-15 07:00,0.159
2024-11-15 08:00,0.179
2024-11-15 09:00,0.189
2024-11-15 10:00,0.205
2024-11-15 11:00,0.214
2024-11-15 12:00,0.257
2024-11-15 13:00,0.285
2024-11-15 14:00,0.354
2024-11-15 15:00,0.450
2024-11-15 16:00,0.543
2024-11-15 17:00,0.588
2024-11-15 18:00,0.636
2024-11-15 19:00,0.649
2024-11-15 20:00,0.661
2024-11-15 21:00,0.660
2024-11-15 22:00,0.661
2024-11-15 23:00,0.638
2024-11-16 00:00,0.632
2024-11-16 01:00,0.622
2024-11-16 02:00,0.622
2024-11-16 03:00,0.637
2024-11-16 04:00,0.647
2024-11-16 05:00,0.607
2024-11-16 06:00,0.534
2024-11-16 07:00,0.539
2024-11-16 08:00,0.458
2024-11-16 09:00,0.324
2024-11-16 10:00,0.281
2024-11-16 11:00,0.325
2024-11-16 12:00,0.396
2024-11-16 13:00,0.442
2024-11-16 14:00,0.424
2024-11-16 15:00,0.461
2024-11-16 16:00,0.515
2024-11-16 17:00,0.527
2024-11-16 18:00,0.522
2024-11-16 19:00,0.540
2024-11-16 20:00,0.556
2024-11-16 21:00,0.550
2024-11-16 22:00,0.565
2024-11-16 23:00,0.562
2024-11-17 00:00,0.580
2024-11-17 01:00,0.527
2024-11-17 02:00,0.484
2024-11-17 03:00,0.473
2024-11-17 04:00,0.473
2024-11-17 05:00,0.482
2024-11-17 06:00,0.478
2024-11-17 07:00,0.486
2024-11-17 08:00,0.451
2024-11-17 09:00,0.348
2024-11-17 10:00,0.262
2024-11-17 11:00,0.365
2024-11-17 12:00,0.418
2024-11-17 13:00,0.358
2024-11-17 14:00,0.302
2024-11-17 15:00,0.328
2024-11-17 16:00,0.333
2024-11-17 17:00,0.327
2024-11-17 18:00,0.338
2024-11-17 19:00,0.321
2024-11-17 20:00,0.291
2024-11-17 21:00,0.267
2024-11-17 22:00,0.240
2024-11-17 23:00,0.199
2024-11-18 00:00,0.159
2024-11-18 01:00,0.134
2024-11-18 02:00,0.116
2024-11-18 03:00,0.117
2024-11-18 04:00,0.127
2024-11-18 05:00,0.147
2024-11-18 06:00,0.162
2024-11-18 07:00,0.160
2024-11-18 08:00,0.132
2024-11-18 09:00,0.070
2024-11-18 10:00,0.030
2024-11-18 11:00,0.018
2024-11-18 12:00,0.012
2024-11-18 13:00,0.008
2024-11-18 14:00,0.011
2024-11-18 15:00,0.033
2024-11-18 16:00,0.085
2024-11-18 17:00,0.156
2024-11-18 18:00,0.203
2024-11-18 19:00,0.231
2024-11-18 20:00,0.261
2024-11-18 21:00,0.321
2024-11-18 22:00,0.393
2024-11-18 23:00,0.448
2024-11-19 00:00,0.457
2024-11-19 01:00,0.419
2024-11-19 02:00,0.361
2024-11-19 03:00,0.349
2024-11-19 04:00,0.374
2024-11-19 05:00,0.393
2024-11-19 06:00,0.400
2024-11-19 07:00,0.403
2024-11-19 08:00,0.389
2024-11-19 09:00,0.373
2024-11-19 10:00,0.294
2024-11-19 11:00,0.238
2024-11-19 12:00,0.254
2024-11-19 13:00,0.299
2024-11-19 14:00,0.349
2024-11-19 15:00,0.403
2024-11-19 16:00,0.466
2024-11-19 17:00,0.490
2024-11-19 18:00,0.513
2024-11-19 19:00,0.548
2024-11-19 20:00,0.580
2024-11-19 21:00,0.597
2024-11-19 22:00,0.602
2024-11-19 23:00,0.596
2024-11-20 00:00,0.574
2024-11-20 01:00,0.543
2024-11-20 02:00,0.510
2024-11-20 03:00,0.488
2024-11-20 04:00,0.492
2024-11-20 05:00,0.516
2024-11-20 06:00,0.546
2024-11-20 07:00,0.562
2024-11-20 08:00,0.569
2024-11-20 09:00,0.497
2024-11-20 10:00,0.455
2024-11-20 11:00,0.525
2024-11-20 12:00,0.539
2024-11-20 13:00,0.518
2024-11-20 14:00,0.525
2024-11-20 15:00,0.536
2024-11-20 16:00,0.571
2024-11-20 17:00,0.580
2024-11-20 18:00,0.579
2024-11-20 19:00,0.571
2024-11-20 20:00,0.529
2024-11-20 21:00,0.488
2024-11-20 22:00,0.459
2024-11-20 23:00,0.430
2024-11-21 00:00,0.393
2024-11-21 01:00,0.353
2024-11-21 02:00,0.323
2024-11-21 03:00,0.286
2024-11-21 04:00,0.254
2024-11-21 05:00,0.220
2024-11-21 06:00,0.187
2024-11-21 07:00,0.161
2024-11-21 08:00,0.157
2024-11-21 09:00,0.149
2024-11-21 10:00,0.125
2024-11-21 11:00,0.178
2024-11-21 12:00,0.262
2024-11-21 13:00,0.311
2024-11-21 14:00,0.393
2024-11-21 15:00,0.515
2024-11-21 16:00,0.601
2024-11-21 17:00,0.605
2024-11-21 18:00,0.632
2024-11-21 19:00,0.661
2024-11-21 20:00,0.702
2024-11-21 21:00,0.705
2024-11-21 22:00,0.711
2024-11-21 23:00,0.695
2024-11-22 00:00,0.743
2024-11-22 01:00,0.746
2024-11-22 02:00,0.752
2024-11-22 03:00,0.704
2024-11-22 04:00,0.663
2024-11-22 05:00,0.643
2024-11-22 06:00,0.630
2024-11-22 07:00,0.577
2024-11-22 08:00,0.519
2024-11-22 09:00,0.416
2024-11-22 10:00,0.331
2024-11-22 11:00,0.274
2024-11-22 12:00,0.251
2024-11-22 13:00,0.246
2024-11-22 14:00,0.283
2024-11-22 15:00,0.369
2024-11-22 16:00,0.456
2024-11-22 17:00,0.466
2024-11-22 18:00,0.409
2024-11-22 19:00,0.349
2024-11-22 20:00,0.315
2024-11-22 21:00,0.286
2024-11-22 22:00,0.268
2024-11-22 23:00,0.274
2024-11-23 00:00,0.257
2024-11-23 01:00,0.238
2024-11-23 02:00,0.242
2024-11-23 03:00,0.266
2024-11-23 04:00,0.334
2024-11-23 05:00,0.474
2024-11-23 06:00,0.645
2024-11-23 07:00,0.785
2024-11-23 08:00,0.861
2024-11-23 09:00,0.941
2024-11-23 10:00,0.941
2024-11-23 11:00,0.974
2024-11-23 12:00,0.987
2024-11-23 13:00,0.989
2024-11-23 14:00,0.982
2024-11-23 15:00,0.949
2024-11-23 16:00,0.915
2024-11-23 17:00,0.869
2024-11-23 18:00,0.886
2024-11-23 19:00,0.893
2024-11-23 20:00,0.895
2024-11-23 21:00,0.910
2024-11-23 22:00,0.913
2024-11-23 23:00,0.931
2024-11-24 00:00,0.953
2024-11-24 01:00,0.960
2024-11-24 02:00,0.963
2024-11-24 03:00,0.965
2024-11-24 04:00,0.970
2024-11-24 05:00,0.969
2024-11-24 06:00,0.954
2024-11-24 07:00,0.922
2024-11-24 08:00,0.873
2024-11-24 09:00,0.789
2024-11-24 10:00,0.778
2024-11-24 11:00,0.856
2024-11-24 12:00,0.857
2024-11-24 13:00,0.840
2024-11-24 14:00,0.850
2024-11-24 15:00,0.864
2024-11-24 16:00,0.876
2024-11-24 17:00,0.870
2024-11-24 18:00,0.867
2024-11-24 19:00,0.867
2024-11-24 20:00,0.864
2024-11-24 21:00,0.875
2024-11-24 22:00,0.873
2024-11-24 23:00,0.872
2024-11-25 00:00,0.868
2024-11-25 01:00,0.874
2024-11-25 02:00,0.874
2024-11-25 03:00,0.870
2024-11-25 04:00,0.843
2024-11-25 05:00,0.826
2024-11-25 06:00,0.799
2024-11-25 07:00,0.772
2024-11-25 08:00,0.783
2024-11-25 09:00,0.772
2024-11-25 10:00,0.784
2024-11-25 11:00,0.833
2024-11-25 12:00,0.875
2024-11-25 13:00,0.873
2024-11-25 14:00,0.857
2024-11-25 15:00,0.838
2024-11-25 16:00,0.819
2024-11-25 17:00,0.767
2024-11-25 18:00,0.729
2024-11-25 19:00,0.711
2024-11-25 20:00,0.675
2024-11-25 21:00,0.674
2024-11-25 22:00,0.662
2024-11-25 23:00,0.612
2024-11-26 00:00,0.586
2024-11-26 01:00,0.555
2024-11-26 02:00,0.536
2024-11-26 03:00,0.517
2024-11-26 04:00,0.482
2024-11-26 05:00,0.474
2024-11-26 06:00,0.450
2024-11-26 07:00,0.435
2024-11-26 08:00,0.423
2024-11-26 09:00,0.390
2024-11-26 10:00,0.326
2024-11-26 11:00,0.305
2024-11-26 12:00,0.309
2024-11-26 13:00,0.297
2024-11-26 14:00,0.276
2024-11-26 15:00,0.287
2024-11-26 16:00,0.283
2024-11-26 17:00,0.262
2024-11-26 18:00,0.232
2024-11-26 19:00,0.191
2024-11-26 20:00,0.143
2024-11-26 21:00,0.090
2024-11-26 22:00,0.045
2024-11-26 23:00,0.021
2024-11-27 00:00,0.026
2024-11-27 01:00,0.058
2024-11-27 02:00,0.107
2024-11-27 03:00,0.156
2024-11-27 04:00,0.176
2024-11-27 05:00,0.197
2024-11-27 06:00,0.207
2024-11-27 07:00,0.215
2024-11-27 08:00,0.228
2024-11-27 09:00,0.227
2024-11-27 10:00,0.235
2024-11-27 11:00,0.265
2024-11-27 12:00,0.319
2024-11-27 13:00,0.363
2024-11-27 14:00,0.388
2024-11-27 15:00,0.436
2024-11-27 16:00,0.461
2024-11-27 17:00,0.448
2024-11-27 18:00,0.430
2024-11-27 19:00,0.408
2024-11-27 20:00,0.374
2024-11-27 21:00,0.345
2024-11-27 22:00,0.302
2024-11-27 23:00,0.270
2024-11-28 00:00,0.245
2024-11-28 01:00,0.210
2024-11-28 02:00,0.158
2024-11-28 03:00,0.109
2024-11-28 04:00,0.077
2024-11-28 05:00,0.053
2024-11-28 06:00,0.038
2024-11-28 07:00,0.031
2024-11-28 08:00,0.026
2024-11-28 09:00,0.018
2024-11-28 10:00,0.013
2024-11-28 11:00,0.025
2024-11-28 12:00,0.059
2024-11-28 13:00,0.093
2024-11-28 14:00,0.136
2024-11-28 15:00,0.244
2024-11-28 16:00,0.347
2024-11-28 17:00,0.374
2024-11-28 18:00,0.366
2024-11-28 19:00,0.373
2024-11-28 20:00,0.370
2024-11-28 21:00,0.365
2024-11-28 22:00,0.387
2024-11-28 23:00,0.410
2024-11-29 00:00,0.416
2024-11-29 01:00,0.428
2024-11-29 02:00,0.423
2024-11-29 03:00,0.423
2024-11-29 04:00,0.441
2024-11-29 05:00,0.418
2024-11-29 06:00,0.387
2024-11-29 07:00,0.423
2024-11-29 08:00,0.416
2024-11-29 09:00,0.520
2024-11-29 10:00,0.523
2024-11-29 11:00,0.540
2024-11-29 12:00,0.576
2024-11-29 13:00,0.604
2024-11-29 14:00,0.648
2024-11-29 15:00,0.700
2024-11-29 16:00,0.715
2024-11-29 17:00,0.717
2024-11-29 18:00,0.710
2024-11-29 19:00,0.700
2024-11-29 20:00,0.667
2024-11-29 21:00,0.658
2024-11-29 22:00,0.619
2024-11-29 23:00,0.634
2024-11-30 00:00,0.633
2024-11-30 01:00,0.584
2024-11-30 02:00,0.597
2024-11-30 03:00,0.572
2024-11-30 04:00,0.551
2024-11-30 05:00,0.513
2024-11-30 06:00,0.495
2024-11-30 07:00,0.502
2024-11-30 08:00,0.479
2024-11-30 09:00,0.391
2024-11-30 10:00,0.371
2024-11-30 11:00,0.380
2024-11-30 12:00,0.390
2024-11-30 13:00,0.472
2024-11-30 14:00,0.533
2024-11-30 15:00,0.563
2024-11-30 16:00,0.617
2024-11-30 17:00,0.691
2024-11-30 18:00,0.711
2024-11-30 19:00,0.711
2024-11-30 20:00,0.714
2024-11-30 21:00,0.729
2024-11-30 22:00,0.759
2024-11-30 23:00,0.777
2024-12-01 00:00,0.821
2024-12-01 01:00,0.788
2024-12-01 02:00,0.785
2024-12-01 03:00,0.800
2024-12-01 04:00,0.811
2024-12-01 05:00,0.803
2024-12-01 06:00,0.818
2024-12-01 07:00,0.774
2024-12-01 08:00,0.655
2024-12-01 09:00,0.584
2024-12-01 10:00,0.491
2024-12-01 11:00,0.384
2024-12-01 12:00,0.319
2024-12-01 13:00,0.335
2024-12-01 14:00,0.410
2024-12-01 15:00,0.520
2024-12-01 16:00,0.604
2024-12-01 17:00,0.581
2024-12-01 18:00,0.551
2024-12-01 19:00,0.576
2024-12-01 20:00,0.575
2024-12-01 21:00,0.549
2024-12-01 22:00,0.517
2024-12-01 23:00,0.506
2024-12-02 00:00,0.520
2024-12-02 01:00,0.542
2024-12-02 02:00,0.556
2024-12-02 03:00,0.562
2024-12-02 04:00,0.567
2024-12-02 05:00,0.552
2024-12-02 06:00,0.516
2024-12-02 07:00,0.519
2024-12-02 08:00,0.497
2024-12-02 09:00,0.450
2024-12-02 10:00,0.439
2024-12-02 11:00,0.504
2024-12-02 12:00,0.599
2024-12-02 13:00,0.581
2024-12-02 14:00,0.581
2024-12-02 15:00,0.588
2024-12-02 16:00,0.539
2024-12-02 17:00,0.486
2024-12-02 18:00,0.409
2024-12-02 19:00,0.403
2024-12-02 20:00,0.390
2024-12-02 21:00,0.342
2024-12-02 22:00,0.283
2024-12-02 23:00,0.229
2024-12-03 00:00,0.183
2024-12-03 01:00,0.150
2024-12-03 02:00,0.125
2024-12-03 03:00,0.114
2024-12-03 04:00,0.102
2024-12-03 05:00,0.080
2024-12-03 06:00,0.058
2024-12-03 07:00,0.038
2024-12-03 08:00,0.022
2024-12-03 09:00,0.011
2024-12-03 10:00,0.007
2024-12-03 11:00,0.023
2024-12-03 12:00,0.056
2024-12-03 13:00,0.059
2024-12-03 14:00,0.062
2024-12-03 15:00,0.080
2024-12-03 16:00,0.132
2024-12-03 17:00,0.190
2024-12-03 18:00,0.239
2024-12-03 19:00,0.284
2024-12-03 20:00,0.328
2024-12-03 21:00,0.373
2024-12-03 22:00,0.415
2024-12-03 23:00,0.413
2024-12-04 00:00,0.403
2024-12-04 01:00,0.365
2024-12-04 02:00,0.340
2024-12-04 03:00,0.355
2024-12-04 04:00,0.355
2024-12-04 05:00,0.313
2024-12-04 06:00,0.291
2024-12-04 07:00,0.265
2024-12-04 08:00,0.174
2024-12-04 09:00,0.109
2024-12-04 10:00,0.102
2024-12-04 11:00,0.090
2024-12-04 12:00,0.113
2024-12-04 13:00,0.194
2024-12-04 14:00,0.308
2024-12-04 15:00,0.477
2024-12-04 16:00,0.612
2024-12-04 17:00,0.679
2024-12-04 18:00,0.743
2024-12-04 19:00,0.813
2024-12-04 20:00,0.871
2024-12-04 21:00,0.902
2024-12-04 22:00,0.917
2024-12-04 23:00,0.907
2024-12-05 00:00,0.854
2024-12-05 01:00,0.811
2024-12-05 02:00,0.785
2024-12-05 03:00,0.799
2024-12-05 04:00,0.780
2024-12-05 05:00,0.736
2024-12-05 06:00,0.739
2024-12-05 07:00,0.637
2024-12-05 08:00,0.637
2024-12-05 09:00,0.625
2024-12-05 10:00,0.550
2024-12-05 11:00,0.463
2024-12-05 12:00,0.397
2024-12-05 13:00,0.492
2024-12-05 14:00,0.625
2024-12-05 15:00,0.834
2024-12-05 16:00,0.946
2024-12-05 17:00,0.964
2024-12-05 18:00,0.959
2024-12-05 19:00,0.950
2024-12-05 20:00,0.955
2024-12-05 21:00,0.970
2024-12-05 22:00,0.982
2024-12-05 23:00,0.985
2024-12-06 00:00,0.982
2024-12-06 01:00,0.965
2024-12-06 02:00,0.929
2024-12-06 03:00,0.900
2024-12-06 04:00,0.878
2024-12-06 05:00,0.880
2024-12-06 06:00,0.834
2024-12-06 07:00,0.808
2024-12-06 08:00,0.710
2024-12-06 09:00,0.466
2024-12-06 10:00,0.291
2024-12-06 11:00,0.248
2024-12-06 12:00,0.210
2024-12-06 13:00,0.204
2024-12-06 14:00,0.271
2024-12-06 15:00,0.393
2024-12-06 16:00,0.520
2024-12-06 17:00,0.640
2024-12-06 18:00,0.796
2024-12-06 19:00,0.933
2024-12-06 20:00,0.972
2024-12-06 21:00,0.973
2024-12-06 22:00,0.970
2024-12-06 23:00,0.943
2024-12-07 00:00,0.935
2024-12-07 01:00,0.937
2024-12-07 02:00,0.919
2024-12-07 03:00,0.886
2024-12-07 04:00,0.814
2024-12-07 05:00,0.600
2024-12-07 06:00,0.329
2024-12-07 07:00,0.345
2024-12-07 08:00,0.688
2024-12-07 09:00,0.822
2024-12-07 10:00,0.923
2024-12-07 11:00,0.978
2024-12-07 12:00,0.993
2024-12-07 13:00,0.990
2024-12-07 14:00,0.986
2024-12-07 15:00,0.988
2024-12-07 16:00,0.992
2024-12-07 17:00,0.993
2024-12-07 18:00,0.993
2024-12-07 19:00,0.992
2024-12-07 20:00,0.989
2024-12-07 21:00,0.988
2024-12-07 22:00,0.988
2024-12-07 23:00,0.990
2024-12-08 00:00,0.991
2024-12-08 01:00,0.991
2024-12-08 02:00,0.991
2024-12-08 03:00,0.990
2024-12-08 04:00,0.987
2024-12-08 05:00,0.986
2024-12-08 06:00,0.984
2024-12-08 07:00,0.981
2024-12-08 08:00,0.978
2024-12-08 09:00,0.976
2024-12-08 10:00,0.976
2024-12-08 11:00,0.977
2024-12-08 12:00,0.973
2024-12-08 13:00,0.964
2024-12-08 14:00,0.951
2024-12-08 15:00,0.934
2024-12-08 16:00,0.920
2024-12-08 17:00,0.903
2024-12-08 18:00,0.889
2024-12-08 19:00,0.879
2024-12-08 20:00,0.867
2024-12-08 21:00,0.850
2024-12-08 22:00,0.828
2024-12-08 23:00,0.801
2024-12-09 00:00,0.755
2024-12-09 01:00,0.739
2024-12-09 02:00,0.704
2024-12-09 03:00,0.738
2024-12-09 04:00,0.754
2024-12-09 05:00,0.778
2024-12-09 06:00,0.773
2024-12-09 07:00,0.769
2024-12-09 08:00,0.791
2024-12-09 09:00,0.760
2024-12-09 10:00,0.737
2024-12-09 11:00,0.738
2024-12-09 12:00,0.759
2024-12-09 13:00,0.748
2024-12-09 14:00,0.700
2024-12-09 15:00,0.697
2024-12-09 16:00,0.663
2024-12-09 17:00,0.672
2024-12-09 18:00,0.696
2024-12-09 19:00,0.719
2024-12-09 20:00,0.729
2024-12-09 21:00,0.721
2024-12-09 22:00,0.685
2024-12-09 23:00,0.634
2024-12-10 00:00,0.613
2024-12-10 01:00,0.618
2024-12-10 02:00,0.609
2024-12-10 03:00,0.603
2024-12-10 04:00,0.608
2024-12-10 05:00,0.607
2024-12-10 06:00,0.605
2024-12-10 07:00,0.601
2024-12-10 08:00,0.588
2024-12-10 09:00,0.523
2024-12-10 10:00,0.417
2024-12-10 11:00,0.365
2024-12-10 12:00,0.414
2024-12-10 13:00,0.449
2024-12-10 14:00,0.459
2024-12-10 15:00,0.499
2024-12-10 16:00,0.523
2024-12-10 17:00,0.513
2024-12-10 18:00,0.499
2024-12-10 19:00,0.487
2024-12-10 20:00,0.471
2024-12-10 21:00,0.456
2024-12-10 22:00,0.431
2024-12-10 23:00,0.396
2024-12-11 00:00,0.357
2024-12-11 01:00,0.327
2024-12-11 02:00,0.306
2024-12-11 03:00,0.295
2024-12-11 04:00,0.292
2024-12-11 05:00,0.287
2024-12-11 06:00,0.269
2024-12-11 07:00,0.238
2024-12-11 08:00,0.204
2024-12-11 09:00,0.174
2024-12-11 10:00,0.127
2024-12-11 11:00,0.113
2024-12-11 12:00,0.113
2024-12-11 13:00,0.099
2024-12-11 14:00,0.099
2024-12-11 15:00,0.113
2024-12-11 16:00,0.123
2024-12-11 17:00,0.144
2024-12-11 18:00,0.169
2024-12-11 19:00,0.181
2024-12-11 20:00,0.169
2024-12-11 21:00,0.145
2024-12-11 22:00,0.124
2024-12-11 23:00,0.110
2024-12-12 00:00,0.107
2024-12-12 01:00,0.115
2024-12-12 02:00,0.134
2024-12-12 03:00,0.147
2024-12-12 04:00,0.158
2024-12-12 05:00,0.166
2024-12-12 06:00,0.170
2024-12-12 07:00,0.179
2024-12-12 08:00,0.196
2024-12-12 09:00,0.194
2024-12-12 10:00,0.169
2024-12-12 11:00,0.150
2024-12-12 12:00,0.136
2024-12-12 13:00,0.133
2024-12-12 14:00,0.146
2024-12-12 15:00,0.167
2024-12-12 16:00,0.183
2024-12-12 17:00,0.187
2024-12-12 18:00,0.181
2024-12-12 19:00,0.171
2024-12-12 20:00,0.156
2024-12-12 21:00,0.150
2024-12-12 22:00,0.155
2024-12-12 23:00,0.152
2024-12-13 00:00,0.151
2024-12-13 01:00,0.154
2024-12-13 02:00,0.149
2024-12-13 03:00,0.144
2024-12-13 04:00,0.139
2024-12-13 05:00,0.129
2024-12-13 06:00,0.108
2024-12-13 07:00,0.082
2024-12-13 08:00,0.062
2024-12-13 09:00,0.048
2024-12-13 10:00,0.029
2024-12-13 11:00,0.020
2024-12-13 12:00,0.013
2024-12-13 13:00,0.010
2024-12-13 14:00,0.013
2024-12-13 15:00,0.023
2024-12-13 16:00,0.038
2024-12-13 17:00,0.059
2024-12-13 18:00,0.093
2024-12-13 19:00,0.149
2024-12-13 20:00,0.199
2024-12-13 21:00,0.232
2024-12-13 22:00,0.257
2024-12-13 23:00,0.274
2024-12-14 00:00,0.349
2024-12-14 01:00,0.386
2024-12-14 02:00,0.403
2024-12-14 03:00,0.435
2024-12-14 04:00,0.479
2024-12-14 05:00,0.447
2024-12-14 06:00,0.429
2024-12-14 07:00,0.448
2024-12-14 08:00,0.468
2024-12-14 09:00,0.439
2024-12-14 10:00,0.423
2024-12-14 11:00,0.380
2024-12-14 12:00,0.423
2024-12-14 13:00,0.516
2024-12-14 14:00,0.574
2024-12-14 15:00,0.600
2024-12-14 16:00,0.604
2024-12-14 17:00,0.612
2024-12-14 18:00,0.628
2024-12-14 19:00,0.637
2024-12-14 20:00,0.643
2024-12-14 21:00,0.669
2024-12-14 22:00,0.672
2024-12-14 23:00,0.630
2024-12-15 00:00,0.672
2024-12-15 01:00,0.687
2024-12-15 02:00,0.673
2024-12-15 03:00,0.677
2024-12-15 04:00,0.697
2024-12-15 05:00,0.723
2024-12-15 06:00,0.723
2024-12-15 07:00,0.713
2024-12-15 08:00,0.760
2024-12-15 09:00,0.818
2024-12-15 10:00,0.815
2024-12-15 11:00,0.813
2024-12-15 12:00,0.806
2024-12-15 13:00,0.824
2024-12-15 14:00,0.849
2024-12-15 15:00,0.865
2024-12-15 16:00,0.878
2024-12-15 17:00,0.883
2024-12-15 18:00,0.899
2024-12-15 19:00,0.914
2024-12-15 20:00,0.924
2024-12-15 21:00,0.929
2024-12-15 22:00,0.928
2024-12-15 23:00,0.917
2024-12-16 00:00,0.905
2024-12-16 01:00,0.896
2024-12-16 02:00,0.891
2024-12-16 03:00,0.886
2024-12-16 04:00,0.881
2024-12-16 05:00,0.883
2024-12-16 06:00,0.882
2024-12-16 07:00,0.868
2024-12-16 08:00,0.850
2024-12-16 09:00,0.813
2024-12-16 10:00,0.805
2024-12-16 11:00,0.828
2024-12-16 12:00,0.839
2024-12-16 13:00,0.837
2024-12-16 14:00,0.831
2024-12-16 15:00,0.813
2024-12-16 16:00,0.788
2024-12-16 17:00,0.781
2024-12-16 18:00,0.758
2024-12-16 19:00,0.731
2024-12-16 20:00,0.682
2024-12-16 21:00,0.629
2024-12-16 22:00,0.609
2024-12-16 23:00,0.552
2024-12-17 00:00,0.496
2024-12-17 01:00,0.439
2024-12-17 02:00,0.397
2024-12-17 03:00,0.362
2024-12-17 04:00,0.326
2024-12-17 05:00,0.305
2024-12-17 06:00,0.271
2024-12-17 07:00,0.259
2024-12-17 08:00,0.275
2024-12-17 09:00,0.290
2024-12-17 10:00,0.330
2024-12-17 11:00,0.382
2024-12-17 12:00,0.449
2024-12-17 13:00,0.546
2024-12-17 14:00,0.725
2024-12-17 15:00,0.796
2024-12-17 16:00,0.777
2024-12-17 17:00,0.789
2024-12-17 18:00,0.850
2024-12-17 19:00,0.888
2024-12-17 20:00,0.909
2024-12-17 21:00,0.930
2024-12-17 22:00,0.947
2024-12-17 23:00,0.951
2024-12-18 00:00,0.931
2024-12-18 01:00,0.923
2024-12-18 02:00,0.924
2024-12-18 03:00,0.935
2024-12-18 04:00,0.956
2024-12-18 05:00,0.966
2024-12-18 06:00,0.976
2024-12-18 07:00,0.985
2024-12-18 08:00,0.985
2024-12-18 09:00,0.983
2024-12-18 10:00,0.974
2024-12-18 11:00,0.954
2024-12-18 12:00,0.929
2024-12-18 13:00,0.887
2024-12-18 14:00,0.826
2024-12-18 15:00,0.713
2024-12-18 16:00,0.594
2024-12-18 17:00,0.402
2024-12-18 18:00,0.212
2024-12-18 19:00,0.067
2024-12-18 20:00,0.045
2024-12-18 21:00,0.216
2024-12-18 22:00,0.376
2024-12-18 23:00,0.442
2024-12-19 00:00,0.516
2024-12-19 01:00,0.559
2024-12-19 02:00,0.623
2024-12-19 03:00,0.683
2024-12-19 04:00,0.707
2024-12-19 05:00,0.700
2024-12-19 06:00,0.681
2024-12-19 07:00,0.673
2024-12-19 08:00,0.667
2024-12-19 09:00,0.707
2024-12-19 10:00,0.730
2024-12-19 11:00,0.780
2024-12-19 12:00,0.811
2024-12-19 13:00,0.809
2024-12-19 14:00,0.794
2024-12-19 15:00,0.781
2024-12-19 16:00,0.703
2024-12-19 17:00,0.619
2024-12-19 18:00,0.612
2024-12-19 19:00,0.591
2024-12-19 20:00,0.572
2024-12-19 21:00,0.564
2024-12-19 22:00,0.572
2024-12-19 23:00,0.581
2024-12-20 00:00,0.567
2024-12-20 01:00,0.564
2024-12-20 02:00,0.572
2024-12-20 03:00,0.555
2024-12-20 04:00,0.523
2024-12-20 05:00,0.507
2024-12-20 06:00,0.522
2024-12-20 07:00,0.553
2024-12-20 08:00,0.561
2024-12-20 09:00,0.611
2024-12-20 10:00,0.581
2024-12-20 11:00,0.661
2024-12-20 12:00,0.666
2024-12-20 13:00,0.661
2024-12-20 14:00,0.657
2024-12-20 15:00,0.665
2024-12-20 16:00,0.647
2024-12-20 17:00,0.683
2024-12-20 18:00,0.681
2024-12-20 19:00,0.655
2024-12-20 20:00,0.646
2024-12-20 21:00,0.647
2024-12-20 22:00,0.628
2024-12-20 23:00,0.645
2024-12-21 00:00,0.651
2024-12-21 01:00,0.643
2024-12-21 02:00,0.653
2024-12-21 03:00,0.685
2024-12-21 04:00,0.728
2024-12-21 05:00,0.780
2024-12-21 06:00,0.868
2024-12-21 07:00,0.958
2024-12-21 08:00,0.961
2024-12-21 09:00,0.968
2024-12-21 10:00,0.973
2024-12-21 11:00,0.972
2024-12-21 12:00,0.975
2024-12-21 13:00,0.981
2024-12-21 14:00,0.977
2024-12-21 15:00,0.973
2024-12-21 16:00,0.968
2024-12-21 17:00,0.966
2024-12-21 18:00,0.964
2024-12-21 19:00,0.966
2024-12-21 20:00,0.969
2024-12-21 21:00,0.968
2024-12-21 22:00,0.964
2024-12-21 23:00,0.971
2024-12-22 00:00,0.975
2024-12-22 01:00,0.976
2024-12-22 02:00,0.973
2024-12-22 03:00,0.966
2024-12-22 04:00,0.964
2024-12-22 05:00,0.963
2024-12-22 06:00,0.957
2024-12-22 07:00,0.945
2024-12-22 08:00,0.930
2024-12-22 09:00,0.929
2024-12-22 10:00,0.938
2024-12-22 11:00,0.952
2024-12-22 12:00,0.972
2024-12-22 13:00,0.983
2024-12-22 14:00,0.989
2024-12-22 15:00,0.992
2024-12-22 16:00,0.993
2024-12-22 17:00,0.992
2024-12-22 18:00,0.987
2024-12-22 19:00,0.976
2024-12-22 20:00,0.969
2024-12-22 21:00,0.963
2024-12-22 22:00,0.955
2024-12-22 23:00,0.939
2024-12-23 00:00,0.913
2024-12-23 01:00,0.887
2024-12-23 02:00,0.860
2024-12-23 03:00,0.831
2024-12-23 04:00,0.768
2024-12-23 05:00,0.728
2024-12-23 06:00,0.658
2024-12-23 07:00,0.606
2024-12-23 08:00,0.550
2024-12-23 09:00,0.466
2024-12-23 10:00,0.361
2024-12-23 11:00,0.279
2024-12-23 12:00,0.240
2024-12-23 13:00,0.237
2024-12-23 14:00,0.279
2024-12-23 15:00,0.291
2024-12-23 16:00,0.268
2024-12-23 17:00,0.252
2024-12-23 18:00,0.267
2024-12-23 19:00,0.279
2024-12-23 20:00,0.302
2024-12-23 21:00,0.380
2024-12-23 22:00,0.455
2024-12-23 23:00,0.525
2024-12-24 00:00,0.615
2024-12-24 01:00,0.643
2024-12-24 02:00,0.628
2024-12-24 03:00,0.587
2024-12-24 04:00,0.608
2024-12-24 05:00,0.636
2024-12-24 06:00,0.676
2024-12-24 07:00,0.718
2024-12-24 08:00,0.692
2024-12-24 09:00,0.609
2024-12-24 10:00,0.546
2024-12-24 11:00,0.505
2024-12-24 12:00,0.501
2024-12-24 13:00,0.505
2024-12-24 14:00,0.516
2024-12-24 15:00,0.541
2024-12-24 16:00,0.552
2024-12-24 17:00,0.545
2024-12-24 18:00,0.501
2024-12-24 19:00,0.476
2024-12-24 20:00,0.469
2024-12-24 21:00,0.508
2024-12-24 22:00,0.539
2024-12-24 23:00,0.533
2024-12-25 00:00,0.533
2024-12-25 01:00,0.521
2024-12-25 02:00,0.525
2024-12-25 03:00,0.545
2024-12-25 04:00,0.556
2024-12-25 05:00,0.549
2024-12-25 06:00,0.536
2024-12-25 07:00,0.493
2024-12-25 08:00,0.450
2024-12-25 09:00,0.374
2024-12-25 10:00,0.294
2024-12-25 11:00,0.245
2024-12-25 12:00,0.253
2024-12-25 13:00,0.292
2024-12-25 14:00,0.345
2024-12-25 15:00,0.395
2024-12-25 16:00,0.403
2024-12-25 17:00,0.387
2024-12-25 18:00,0.380
2024-12-25 19:00,0.358
2024-12-25 20:00,0.330
2024-12-25 21:00,0.318
2024-12-25 22:00,0.335
2024-12-25 23:00,0.345
2024-12-26 00:00,0.334
2024-12-26 01:00,0.303
2024-12-26 02:00,0.260
2024-12-26 03:00,0.198
2024-12-26 04:00,0.145
2024-12-26 05:00,0.112
2024-12-26 06:00,0.084
2024-12-26 07:00,0.059
2024-12-26 08:00,0.039
2024-12-26 09:00,0.026
2024-12-26 10:00,0.019
2024-12-26 11:00,0.016
2024-12-26 12:00,0.016
2024-12-26 13:00,0.018
2024-12-26 14:00,0.019
2024-12-26 15:00,0.019
2024-12-26 16:00,0.021
2024-12-26 17:00,0.024
2024-12-26 18:00,0.030
2024-12-26 19:00,0.039
2024-12-26 20:00,0.054
2024-12-26 21:00,0.061
2024-12-26 22:00,0.062
2024-12-26 23:00,0.070
2024-12-27 00:00,0.080
2024-12-27 01:00,0.081
2024-12-27 02:00,0.074
2024-12-27 03:00,0.070
2024-12-27 04:00,0.070
2024-12-27 05:00,0.067
2024-12-27 06:00,0.063
2024-12-27 07:00,0.058
2024-12-27 08:00,0.053
2024-12-27 09:00,0.047
2024-12-27 10:00,0.043
2024-12-27 11:00,0.043
2024-12-27 12:00,0.039
2024-12-27 13:00,0.038
2024-12-27 14:00,0.033
2024-12-27 15:00,0.029
2024-12-27 16:00,0.029
2024-12-27 17:00,0.032
2024-12-27 18:00,0.037
2024-12-27 19:00,0.040
2024-12-27 20:00,0.041
2024-12-27 21:00,0.043
2024-12-27 22:00,0.049
2024-12-27 23:00,0.054
2024-12-28 00:00,0.057
2024-12-28 01:00,0.060
2024-12-28 02:00,0.067
2024-12-28 03:00,0.073
2024-12-28 04:00,0.078
2024-12-28 05:00,0.085
2024-12-28 06:00,0.088
2024-12-28 07:00,0.093
2024-12-28 08:00,0.097
2024-12-28 09:00,0.093
2024-12-28 10:00,0.084
2024-12-28 11:00,0.084
2024-12-28 12:00,0.097
2024-12-28 13:00,0.113
2024-12-28 14:00,0.138
2024-12-28 15:00,0.189
2024-12-28 16:00,0.249
2024-12-28 17:00,0.279
2024-12-28 18:00,0.292
2024-12-28 19:00,0.321
2024-12-28 20:00,0.330
2024-12-28 21:00,0.360
2024-12-28 22:00,0.396
2024-12-28 23:00,0.420
2024-12-29 00:00,0.435
2024-12-29 01:00,0.486
2024-12-29 02:00,0.539
2024-12-29 03:00,0.542
2024-12-29 04:00,0.539
2024-12-29 05:00,0.523
2024-12-29 06:00,0.516
2024-12-29 07:00,0.517
2024-12-29 08:00,0.511
2024-12-29 09:00,0.536
2024-12-29 10:00,0.592
2024-12-29 11:00,0.613
2024-12-29 12:00,0.689
2024-12-29 13:00,0.721
2024-12-29 14:00,0.799
2024-12-29 15:00,0.826
2024-12-29 16:00,0.836
2024-12-29 17:00,0.824
2024-12-29 18:00,0.814
2024-12-29 19:00,0.813
2024-12-29 20:00,0.826
2024-12-29 21:00,0.817
2024-12-29 22:00,0.819
2024-12-29 23:00,0.828
2024-12-30 00:00,0.817
2024-12-30 01:00,0.799
2024-12-30 02:00,0.795
2024-12-30 03:00,0.770
2024-12-30 04:00,0.777
2024-12-30 05:00,0.791
2024-12-30 06:00,0.811
2024-12-30 07:00,0.835
2024-12-30 08:00,0.847
2024-12-30 09:00,0.854
2024-12-30 10:00,0.866
2024-12-30 11:00,0.868
2024-12-30 12:00,0.873
2024-12-30 13:00,0.871
2024-12-30 14:00,0.862
2024-12-30 15:00,0.838
2024-12-30 16:00,0.795
2024-12-30 17:00,0.739
2024-12-30 18:00,0.674
2024-12-30 19:00,0.652
2024-12-30 20:00,0.681
2024-12-30 21:00,0.674
2024-12-30 22:00,0.702
2024-12-30 23:00,0.715
2024-12-31 00:00,0.721
2024-12-31 01:00,0.745
2024-12-31 02:00,0.769
2024-12-31 03:00,0.768
2024-12-31 04:00,0.732
2024-12-31 05:00,0.760
2024-12-31 06:00,0.803
2024-12-31 07:00,0.843
2024-12-31 08:00,0.904
2024-12-31 09:00,0.925
2024-12-31 10:00,0.941
2024-12-31 11:00,0.958
2024-12-31 12:00,0.968
2024-12-31 13:00,0.973
2024-12-31 14:00,0.975
2024-12-31 15:00,0.977
2024-12-31 16:00,0.975
2024-12-31 17:00,0.974
2024-12-31 18:00,0.973
2024-12-31 19:00,0.968
2024-12-31 20:00,0.960
2024-12-31 21:00,0.942
2024-12-31 22:00,0.922
2024-12-31 23:00,0.900
